iso3,country,value,indicator,scenario,period,statistic,value_type,unit,variable_long_name,ensemble_percentile,models_in_ensemble,source,source_doi,reference_period,aggregation_method,scenario_label,indicator_label
ABW,ABW,6.900000095367432,hd30,ssp245,2040-2059,median,climatology,days,annual climatology of ensemble of hd30: hot days with 30 degC and higher,50.0,"access-cm2,access-esm1-5,bcc-csm2-mr,canesm5,cmcc-esm2,cnrm-cm6-1,cnrm-esm2-1,ec-earth3,ec-earth3-veg-lr,fgoals-g3,gfdl-cm4,gfdl-esm4,giss-e2-1-g,hadgem3-gc31-ll,inm-cm4-8,inm-cm5-0,ipsl-cm6a-lr,kace-1-0-g,kiost-esm,miroc6,miroc-es2l,mpi-esm1-2-hr,mpi-esm1-2-lr,mri-esm2-0,nesm3,noresm2-lm,noresm2-mm,ukesm1-0-ll",World Bank Climate Change Knowledge Portal (CMIP6-x0.25),,,country polygon mask; latitude-area weighted mean using cos(latitude),SSP2-4.5,Hot days above 30°C
ABW,ABW,1.1299999952316284,tas,ssp245,2040-2059,median,anomaly,degC,ensemble of anomaly of Daily Near-Surface Air Temperature with reference period 1995-2014,50.0,"access-cm2,access-esm1-5,bcc-csm2-mr,canesm5,cmcc-esm2,cnrm-cm6-1,cnrm-esm2-1,ec-earth3,ec-earth3-veg-lr,fgoals-g3,gfdl-cm4,gfdl-esm4,giss-e2-1-g,hadgem3-gc31-ll,inm-cm4-8,inm-cm5-0,ipsl-cm6a-lr,kace-1-0-g,miroc6,miroc-es2l,mpi-esm1-2-hr,mpi-esm1-2-lr,mri-esm2-0,nesm3,noresm2-lm,noresm2-mm,ukesm1-0-ll",World Bank Climate Change Knowledge Portal (CMIP6-x0.25),,1995-2014,country polygon mask; latitude-area weighted mean using cos(latitude),SSP2-4.5,Mean temperature
ABW,ABW,27.773000717163086,tas,ssp245,2040-2059,median,climatology,degC,ensemble of Daily Near-Surface Air Temperature,50.0,"access-cm2,access-esm1-5,bcc-csm2-mr,canesm5,cmcc-esm2,cnrm-cm6-1,cnrm-esm2-1,ec-earth3,ec-earth3-veg-lr,fgoals-g3,gfdl-cm4,gfdl-esm4,giss-e2-1-g,hadgem3-gc31-ll,inm-cm4-8,inm-cm5-0,ipsl-cm6a-lr,kace-1-0-g,miroc6,miroc-es2l,mpi-esm1-2-hr,mpi-esm1-2-lr,mri-esm2-0,nesm3,noresm2-lm,noresm2-mm,ukesm1-0-ll",World Bank Climate Change Knowledge Portal (CMIP6-x0.25),,,country polygon mask; latitude-area weighted mean using cos(latitude),SSP2-4.5,Mean temperature
AFG,AFG,101.8952389353669,hd30,ssp245,2040-2059,median,climatology,days,annual climatology of ensemble of hd30: hot days with 30 degC and higher,50.0,"access-cm2,access-esm1-5,bcc-csm2-mr,canesm5,cmcc-esm2,cnrm-cm6-1,cnrm-esm2-1,ec-earth3,ec-earth3-veg-lr,fgoals-g3,gfdl-cm4,gfdl-esm4,giss-e2-1-g,hadgem3-gc31-ll,inm-cm4-8,inm-cm5-0,ipsl-cm6a-lr,kace-1-0-g,kiost-esm,miroc6,miroc-es2l,mpi-esm1-2-hr,mpi-esm1-2-lr,mri-esm2-0,nesm3,noresm2-lm,noresm2-mm,ukesm1-0-ll",World Bank Climate Change Knowledge Portal (CMIP6-x0.25),,,country polygon mask; latitude-area weighted mean using cos(latitude),SSP2-4.5,Hot days above 30°C
AFG,AFG,1.9432268294380708,tas,ssp245,2040-2059,median,anomaly,degC,ensemble of anomaly of Daily Near-Surface Air Temperature with reference period 1995-2014,50.0,"access-cm2,access-esm1-5,bcc-csm2-mr,canesm5,cmcc-esm2,cnrm-cm6-1,cnrm-esm2-1,ec-earth3,ec-earth3-veg-lr,fgoals-g3,gfdl-cm4,gfdl-esm4,giss-e2-1-g,hadgem3-gc31-ll,inm-cm4-8,inm-cm5-0,ipsl-cm6a-lr,kace-1-0-g,miroc6,miroc-es2l,mpi-esm1-2-hr,mpi-esm1-2-lr,mri-esm2-0,nesm3,noresm2-lm,noresm2-mm,ukesm1-0-ll",World Bank Climate Change Knowledge Portal (CMIP6-x0.25),,1995-2014,country polygon mask; latitude-area weighted mean using cos(latitude),SSP2-4.5,Mean temperature
AFG,AFG,14.20207642406992,tas,ssp245,2040-2059,median,climatology,degC,ensemble of Daily Near-Surface Air Temperature,50.0,"access-cm2,access-esm1-5,bcc-csm2-mr,canesm5,cmcc-esm2,cnrm-cm6-1,cnrm-esm2-1,ec-earth3,ec-earth3-veg-lr,fgoals-g3,gfdl-cm4,gfdl-esm4,giss-e2-1-g,hadgem3-gc31-ll,inm-cm4-8,inm-cm5-0,ipsl-cm6a-lr,kace-1-0-g,miroc6,miroc-es2l,mpi-esm1-2-hr,mpi-esm1-2-lr,mri-esm2-0,nesm3,noresm2-lm,noresm2-mm,ukesm1-0-ll",World Bank Climate Change Knowledge Portal (CMIP6-x0.25),,,country polygon mask; latitude-area weighted mean using cos(latitude),SSP2-4.5,Mean temperature
AGO,AGO,165.24554413932216,hd30,ssp245,2040-2059,median,climatology,days,annual climatology of ensemble of hd30: hot days with 30 degC and higher,50.0,"access-cm2,access-esm1-5,bcc-csm2-mr,canesm5,cmcc-esm2,cnrm-cm6-1,cnrm-esm2-1,ec-earth3,ec-earth3-veg-lr,fgoals-g3,gfdl-cm4,gfdl-esm4,giss-e2-1-g,hadgem3-gc31-ll,inm-cm4-8,inm-cm5-0,ipsl-cm6a-lr,kace-1-0-g,kiost-esm,miroc6,miroc-es2l,mpi-esm1-2-hr,mpi-esm1-2-lr,mri-esm2-0,nesm3,noresm2-lm,noresm2-mm,ukesm1-0-ll",World Bank Climate Change Knowledge Portal (CMIP6-x0.25),,,country polygon mask; latitude-area weighted mean using cos(latitude),SSP2-4.5,Hot days above 30°C
AGO,AGO,1.4123002774106628,tas,ssp245,2040-2059,median,anomaly,degC,ensemble of anomaly of Daily Near-Surface Air Temperature with reference period 1995-2014,50.0,"access-cm2,access-esm1-5,bcc-csm2-mr,canesm5,cmcc-esm2,cnrm-cm6-1,cnrm-esm2-1,ec-earth3,ec-earth3-veg-lr,fgoals-g3,gfdl-cm4,gfdl-esm4,giss-e2-1-g,hadgem3-gc31-ll,inm-cm4-8,inm-cm5-0,ipsl-cm6a-lr,kace-1-0-g,miroc6,miroc-es2l,mpi-esm1-2-hr,mpi-esm1-2-lr,mri-esm2-0,nesm3,noresm2-lm,noresm2-mm,ukesm1-0-ll",World Bank Climate Change Knowledge Portal (CMIP6-x0.25),,1995-2014,country polygon mask; latitude-area weighted mean using cos(latitude),SSP2-4.5,Mean temperature
AGO,AGO,24.123353455072515,tas,ssp245,2040-2059,median,climatology,degC,ensemble of Daily Near-Surface Air Temperature,50.0,"access-cm2,access-esm1-5,bcc-csm2-mr,canesm5,cmcc-esm2,cnrm-cm6-1,cnrm-esm2-1,ec-earth3,ec-earth3-veg-lr,fgoals-g3,gfdl-cm4,gfdl-esm4,giss-e2-1-g,hadgem3-gc31-ll,inm-cm4-8,inm-cm5-0,ipsl-cm6a-lr,kace-1-0-g,miroc6,miroc-es2l,mpi-esm1-2-hr,mpi-esm1-2-lr,mri-esm2-0,nesm3,noresm2-lm,noresm2-mm,ukesm1-0-ll",World Bank Climate Change Knowledge Portal (CMIP6-x0.25),,,country polygon mask; latitude-area weighted mean using cos(latitude),SSP2-4.5,Mean temperature
AIA,AIA,0.699999988079071,hd30,ssp245,2040-2059,median,climatology,days,annual climatology of ensemble of hd30: hot days with 30 degC and higher,50.0,"access-cm2,access-esm1-5,bcc-csm2-mr,canesm5,cmcc-esm2,cnrm-cm6-1,cnrm-esm2-1,ec-earth3,ec-earth3-veg-lr,fgoals-g3,gfdl-cm4,gfdl-esm4,giss-e2-1-g,hadgem3-gc31-ll,inm-cm4-8,inm-cm5-0,ipsl-cm6a-lr,kace-1-0-g,kiost-esm,miroc6,miroc-es2l,mpi-esm1-2-hr,mpi-esm1-2-lr,mri-esm2-0,nesm3,noresm2-lm,noresm2-mm,ukesm1-0-ll",World Bank Climate Change Knowledge Portal (CMIP6-x0.25),,,country polygon mask; latitude-area weighted mean using cos(latitude),SSP2-4.5,Hot days above 30°C
AIA,AIA,1.0829999446868896,tas,ssp245,2040-2059,median,anomaly,degC,ensemble of anomaly of Daily Near-Surface Air Temperature with reference period 1995-2014,50.0,"access-cm2,access-esm1-5,bcc-csm2-mr,canesm5,cmcc-esm2,cnrm-cm6-1,cnrm-esm2-1,ec-earth3,ec-earth3-veg-lr,fgoals-g3,gfdl-cm4,gfdl-esm4,giss-e2-1-g,hadgem3-gc31-ll,inm-cm4-8,inm-cm5-0,ipsl-cm6a-lr,kace-1-0-g,miroc6,miroc-es2l,mpi-esm1-2-hr,mpi-esm1-2-lr,mri-esm2-0,nesm3,noresm2-lm,noresm2-mm,ukesm1-0-ll",World Bank Climate Change Knowledge Portal (CMIP6-x0.25),,1995-2014,country polygon mask; latitude-area weighted mean using cos(latitude),SSP2-4.5,Mean temperature
AIA,AIA,27.163999557495117,tas,ssp245,2040-2059,median,climatology,degC,ensemble of Daily Near-Surface Air Temperature,50.0,"access-cm2,access-esm1-5,bcc-csm2-mr,canesm5,cmcc-esm2,cnrm-cm6-1,cnrm-esm2-1,ec-earth3,ec-earth3-veg-lr,fgoals-g3,gfdl-cm4,gfdl-esm4,giss-e2-1-g,hadgem3-gc31-ll,inm-cm4-8,inm-cm5-0,ipsl-cm6a-lr,kace-1-0-g,miroc6,miroc-es2l,mpi-esm1-2-hr,mpi-esm1-2-lr,mri-esm2-0,nesm3,noresm2-lm,noresm2-mm,ukesm1-0-ll",World Bank Climate Change Knowledge Portal (CMIP6-x0.25),,,country polygon mask; latitude-area weighted mean using cos(latitude),SSP2-4.5,Mean temperature
ALA,ALA,0.0,hd30,ssp245,2040-2059,median,climatology,days,annual climatology of ensemble of hd30: hot days with 30 degC and higher,50.0,"access-cm2,access-esm1-5,bcc-csm2-mr,canesm5,cmcc-esm2,cnrm-cm6-1,cnrm-esm2-1,ec-earth3,ec-earth3-veg-lr,fgoals-g3,gfdl-cm4,gfdl-esm4,giss-e2-1-g,hadgem3-gc31-ll,inm-cm4-8,inm-cm5-0,ipsl-cm6a-lr,kace-1-0-g,kiost-esm,miroc6,miroc-es2l,mpi-esm1-2-hr,mpi-esm1-2-lr,mri-esm2-0,nesm3,noresm2-lm,noresm2-mm,ukesm1-0-ll",World Bank Climate Change Knowledge Portal (CMIP6-x0.25),,,country polygon mask; latitude-area weighted mean using cos(latitude),SSP2-4.5,Hot days above 30°C
ALA,ALA,1.8027896340297325,tas,ssp245,2040-2059,median,anomaly,degC,ensemble of anomaly of Daily Near-Surface Air Temperature with reference period 1995-2014,50.0,"access-cm2,access-esm1-5,bcc-csm2-mr,canesm5,cmcc-esm2,cnrm-cm6-1,cnrm-esm2-1,ec-earth3,ec-earth3-veg-lr,fgoals-g3,gfdl-cm4,gfdl-esm4,giss-e2-1-g,hadgem3-gc31-ll,inm-cm4-8,inm-cm5-0,ipsl-cm6a-lr,kace-1-0-g,miroc6,miroc-es2l,mpi-esm1-2-hr,mpi-esm1-2-lr,mri-esm2-0,nesm3,noresm2-lm,noresm2-mm,ukesm1-0-ll",World Bank Climate Change Knowledge Portal (CMIP6-x0.25),,1995-2014,country polygon mask; latitude-area weighted mean using cos(latitude),SSP2-4.5,Mean temperature
ALA,ALA,8.530207190576894,tas,ssp245,2040-2059,median,climatology,degC,ensemble of Daily Near-Surface Air Temperature,50.0,"access-cm2,access-esm1-5,bcc-csm2-mr,canesm5,cmcc-esm2,cnrm-cm6-1,cnrm-esm2-1,ec-earth3,ec-earth3-veg-lr,fgoals-g3,gfdl-cm4,gfdl-esm4,giss-e2-1-g,hadgem3-gc31-ll,inm-cm4-8,inm-cm5-0,ipsl-cm6a-lr,kace-1-0-g,miroc6,miroc-es2l,mpi-esm1-2-hr,mpi-esm1-2-lr,mri-esm2-0,nesm3,noresm2-lm,noresm2-mm,ukesm1-0-ll",World Bank Climate Change Knowledge Portal (CMIP6-x0.25),,,country polygon mask; latitude-area weighted mean using cos(latitude),SSP2-4.5,Mean temperature
ALB,ALB,41.27693147615074,hd30,ssp245,2040-2059,median,climatology,days,annual climatology of ensemble of hd30: hot days with 30 degC and higher,50.0,"access-cm2,access-esm1-5,bcc-csm2-mr,canesm5,cmcc-esm2,cnrm-cm6-1,cnrm-esm2-1,ec-earth3,ec-earth3-veg-lr,fgoals-g3,gfdl-cm4,gfdl-esm4,giss-e2-1-g,hadgem3-gc31-ll,inm-cm4-8,inm-cm5-0,ipsl-cm6a-lr,kace-1-0-g,kiost-esm,miroc6,miroc-es2l,mpi-esm1-2-hr,mpi-esm1-2-lr,mri-esm2-0,nesm3,noresm2-lm,noresm2-mm,ukesm1-0-ll",World Bank Climate Change Knowledge Portal (CMIP6-x0.25),,,country polygon mask; latitude-area weighted mean using cos(latitude),SSP2-4.5,Hot days above 30°C
ALB,ALB,1.677646262111942,tas,ssp245,2040-2059,median,anomaly,degC,ensemble of anomaly of Daily Near-Surface Air Temperature with reference period 1995-2014,50.0,"access-cm2,access-esm1-5,bcc-csm2-mr,canesm5,cmcc-esm2,cnrm-cm6-1,cnrm-esm2-1,ec-earth3,ec-earth3-veg-lr,fgoals-g3,gfdl-cm4,gfdl-esm4,giss-e2-1-g,hadgem3-gc31-ll,inm-cm4-8,inm-cm5-0,ipsl-cm6a-lr,kace-1-0-g,miroc6,miroc-es2l,mpi-esm1-2-hr,mpi-esm1-2-lr,mri-esm2-0,nesm3,noresm2-lm,noresm2-mm,ukesm1-0-ll",World Bank Climate Change Knowledge Portal (CMIP6-x0.25),,1995-2014,country polygon mask; latitude-area weighted mean using cos(latitude),SSP2-4.5,Mean temperature
ALB,ALB,14.154097127721915,tas,ssp245,2040-2059,median,climatology,degC,ensemble of Daily Near-Surface Air Temperature,50.0,"access-cm2,access-esm1-5,bcc-csm2-mr,canesm5,cmcc-esm2,cnrm-cm6-1,cnrm-esm2-1,ec-earth3,ec-earth3-veg-lr,fgoals-g3,gfdl-cm4,gfdl-esm4,giss-e2-1-g,hadgem3-gc31-ll,inm-cm4-8,inm-cm5-0,ipsl-cm6a-lr,kace-1-0-g,miroc6,miroc-es2l,mpi-esm1-2-hr,mpi-esm1-2-lr,mri-esm2-0,nesm3,noresm2-lm,noresm2-mm,ukesm1-0-ll",World Bank Climate Change Knowledge Portal (CMIP6-x0.25),,,country polygon mask; latitude-area weighted mean using cos(latitude),SSP2-4.5,Mean temperature
AND,AND,0.05000000074505806,hd30,ssp245,2040-2059,median,climatology,days,annual climatology of ensemble of hd30: hot days with 30 degC and higher,50.0,"access-cm2,access-esm1-5,bcc-csm2-mr,canesm5,cmcc-esm2,cnrm-cm6-1,cnrm-esm2-1,ec-earth3,ec-earth3-veg-lr,fgoals-g3,gfdl-cm4,gfdl-esm4,giss-e2-1-g,hadgem3-gc31-ll,inm-cm4-8,inm-cm5-0,ipsl-cm6a-lr,kace-1-0-g,kiost-esm,miroc6,miroc-es2l,mpi-esm1-2-hr,mpi-esm1-2-lr,mri-esm2-0,nesm3,noresm2-lm,noresm2-mm,ukesm1-0-ll",World Bank Climate Change Knowledge Portal (CMIP6-x0.25),,,country polygon mask; latitude-area weighted mean using cos(latitude),SSP2-4.5,Hot days above 30°C
AND,AND,1.6089999675750732,tas,ssp245,2040-2059,median,anomaly,degC,ensemble of anomaly of Daily Near-Surface Air Temperature with reference period 1995-2014,50.0,"access-cm2,access-esm1-5,bcc-csm2-mr,canesm5,cmcc-esm2,cnrm-cm6-1,cnrm-esm2-1,ec-earth3,ec-earth3-veg-lr,fgoals-g3,gfdl-cm4,gfdl-esm4,giss-e2-1-g,hadgem3-gc31-ll,inm-cm4-8,inm-cm5-0,ipsl-cm6a-lr,kace-1-0-g,miroc6,miroc-es2l,mpi-esm1-2-hr,mpi-esm1-2-lr,mri-esm2-0,nesm3,noresm2-lm,noresm2-mm,ukesm1-0-ll",World Bank Climate Change Knowledge Portal (CMIP6-x0.25),,1995-2014,country polygon mask; latitude-area weighted mean using cos(latitude),SSP2-4.5,Mean temperature
AND,AND,6.738999843597413,tas,ssp245,2040-2059,median,climatology,degC,ensemble of Daily Near-Surface Air Temperature,50.0,"access-cm2,access-esm1-5,bcc-csm2-mr,canesm5,cmcc-esm2,cnrm-cm6-1,cnrm-esm2-1,ec-earth3,ec-earth3-veg-lr,fgoals-g3,gfdl-cm4,gfdl-esm4,giss-e2-1-g,hadgem3-gc31-ll,inm-cm4-8,inm-cm5-0,ipsl-cm6a-lr,kace-1-0-g,miroc6,miroc-es2l,mpi-esm1-2-hr,mpi-esm1-2-lr,mri-esm2-0,nesm3,noresm2-lm,noresm2-mm,ukesm1-0-ll",World Bank Climate Change Knowledge Portal (CMIP6-x0.25),,,country polygon mask; latitude-area weighted mean using cos(latitude),SSP2-4.5,Mean temperature
ARE,ARE,262.58213876023154,hd30,ssp245,2040-2059,median,climatology,days,annual climatology of ensemble of hd30: hot days with 30 degC and higher,50.0,"access-cm2,access-esm1-5,bcc-csm2-mr,canesm5,cmcc-esm2,cnrm-cm6-1,cnrm-esm2-1,ec-earth3,ec-earth3-veg-lr,fgoals-g3,gfdl-cm4,gfdl-esm4,giss-e2-1-g,hadgem3-gc31-ll,inm-cm4-8,inm-cm5-0,ipsl-cm6a-lr,kace-1-0-g,kiost-esm,miroc6,miroc-es2l,mpi-esm1-2-hr,mpi-esm1-2-lr,mri-esm2-0,nesm3,noresm2-lm,noresm2-mm,ukesm1-0-ll",World Bank Climate Change Knowledge Portal (CMIP6-x0.25),,,country polygon mask; latitude-area weighted mean using cos(latitude),SSP2-4.5,Hot days above 30°C
ARE,ARE,1.7158621546874422,tas,ssp245,2040-2059,median,anomaly,degC,ensemble of anomaly of Daily Near-Surface Air Temperature with reference period 1995-2014,50.0,"access-cm2,access-esm1-5,bcc-csm2-mr,canesm5,cmcc-esm2,cnrm-cm6-1,cnrm-esm2-1,ec-earth3,ec-earth3-veg-lr,fgoals-g3,gfdl-cm4,gfdl-esm4,giss-e2-1-g,hadgem3-gc31-ll,inm-cm4-8,inm-cm5-0,ipsl-cm6a-lr,kace-1-0-g,miroc6,miroc-es2l,mpi-esm1-2-hr,mpi-esm1-2-lr,mri-esm2-0,nesm3,noresm2-lm,noresm2-mm,ukesm1-0-ll",World Bank Climate Change Knowledge Portal (CMIP6-x0.25),,1995-2014,country polygon mask; latitude-area weighted mean using cos(latitude),SSP2-4.5,Mean temperature
ARE,ARE,29.4945455109331,tas,ssp245,2040-2059,median,climatology,degC,ensemble of Daily Near-Surface Air Temperature,50.0,"access-cm2,access-esm1-5,bcc-csm2-mr,canesm5,cmcc-esm2,cnrm-cm6-1,cnrm-esm2-1,ec-earth3,ec-earth3-veg-lr,fgoals-g3,gfdl-cm4,gfdl-esm4,giss-e2-1-g,hadgem3-gc31-ll,inm-cm4-8,inm-cm5-0,ipsl-cm6a-lr,kace-1-0-g,miroc6,miroc-es2l,mpi-esm1-2-hr,mpi-esm1-2-lr,mri-esm2-0,nesm3,noresm2-lm,noresm2-mm,ukesm1-0-ll",World Bank Climate Change Knowledge Portal (CMIP6-x0.25),,,country polygon mask; latitude-area weighted mean using cos(latitude),SSP2-4.5,Mean temperature
ARG,ARG,71.8428755191604,hd30,ssp245,2040-2059,median,climatology,days,annual climatology of ensemble of hd30: hot days with 30 degC and higher,50.0,"access-cm2,access-esm1-5,bcc-csm2-mr,canesm5,cmcc-esm2,cnrm-cm6-1,cnrm-esm2-1,ec-earth3,ec-earth3-veg-lr,fgoals-g3,gfdl-cm4,gfdl-esm4,giss-e2-1-g,hadgem3-gc31-ll,inm-cm4-8,inm-cm5-0,ipsl-cm6a-lr,kace-1-0-g,kiost-esm,miroc6,miroc-es2l,mpi-esm1-2-hr,mpi-esm1-2-lr,mri-esm2-0,nesm3,noresm2-lm,noresm2-mm,ukesm1-0-ll",World Bank Climate Change Knowledge Portal (CMIP6-x0.25),,,country polygon mask; latitude-area weighted mean using cos(latitude),SSP2-4.5,Hot days above 30°C
ARG,ARG,1.1234793605808375,tas,ssp245,2040-2059,median,anomaly,degC,ensemble of anomaly of Daily Near-Surface Air Temperature with reference period 1995-2014,50.0,"access-cm2,access-esm1-5,bcc-csm2-mr,canesm5,cmcc-esm2,cnrm-cm6-1,cnrm-esm2-1,ec-earth3,ec-earth3-veg-lr,fgoals-g3,gfdl-cm4,gfdl-esm4,giss-e2-1-g,hadgem3-gc31-ll,inm-cm4-8,inm-cm5-0,ipsl-cm6a-lr,kace-1-0-g,miroc6,miroc-es2l,mpi-esm1-2-hr,mpi-esm1-2-lr,mri-esm2-0,nesm3,noresm2-lm,noresm2-mm,ukesm1-0-ll",World Bank Climate Change Knowledge Portal (CMIP6-x0.25),,1995-2014,country polygon mask; latitude-area weighted mean using cos(latitude),SSP2-4.5,Mean temperature
ARG,ARG,16.259877791694816,tas,ssp245,2040-2059,median,climatology,degC,ensemble of Daily Near-Surface Air Temperature,50.0,"access-cm2,access-esm1-5,bcc-csm2-mr,canesm5,cmcc-esm2,cnrm-cm6-1,cnrm-esm2-1,ec-earth3,ec-earth3-veg-lr,fgoals-g3,gfdl-cm4,gfdl-esm4,giss-e2-1-g,hadgem3-gc31-ll,inm-cm4-8,inm-cm5-0,ipsl-cm6a-lr,kace-1-0-g,miroc6,miroc-es2l,mpi-esm1-2-hr,mpi-esm1-2-lr,mri-esm2-0,nesm3,noresm2-lm,noresm2-mm,ukesm1-0-ll",World Bank Climate Change Knowledge Portal (CMIP6-x0.25),,,country polygon mask; latitude-area weighted mean using cos(latitude),SSP2-4.5,Mean temperature
ARM,ARM,19.498744996965762,hd30,ssp245,2040-2059,median,climatology,days,annual climatology of ensemble of hd30: hot days with 30 degC and higher,50.0,"access-cm2,access-esm1-5,bcc-csm2-mr,canesm5,cmcc-esm2,cnrm-cm6-1,cnrm-esm2-1,ec-earth3,ec-earth3-veg-lr,fgoals-g3,gfdl-cm4,gfdl-esm4,giss-e2-1-g,hadgem3-gc31-ll,inm-cm4-8,inm-cm5-0,ipsl-cm6a-lr,kace-1-0-g,kiost-esm,miroc6,miroc-es2l,mpi-esm1-2-hr,mpi-esm1-2-lr,mri-esm2-0,nesm3,noresm2-lm,noresm2-mm,ukesm1-0-ll",World Bank Climate Change Knowledge Portal (CMIP6-x0.25),,,country polygon mask; latitude-area weighted mean using cos(latitude),SSP2-4.5,Hot days above 30°C
ARM,ARM,1.9168436463398442,tas,ssp245,2040-2059,median,anomaly,degC,ensemble of anomaly of Daily Near-Surface Air Temperature with reference period 1995-2014,50.0,"access-cm2,access-esm1-5,bcc-csm2-mr,canesm5,cmcc-esm2,cnrm-cm6-1,cnrm-esm2-1,ec-earth3,ec-earth3-veg-lr,fgoals-g3,gfdl-cm4,gfdl-esm4,giss-e2-1-g,hadgem3-gc31-ll,inm-cm4-8,inm-cm5-0,ipsl-cm6a-lr,kace-1-0-g,miroc6,miroc-es2l,mpi-esm1-2-hr,mpi-esm1-2-lr,mri-esm2-0,nesm3,noresm2-lm,noresm2-mm,ukesm1-0-ll",World Bank Climate Change Knowledge Portal (CMIP6-x0.25),,1995-2014,country polygon mask; latitude-area weighted mean using cos(latitude),SSP2-4.5,Mean temperature
ARM,ARM,8.823663358455418,tas,ssp245,2040-2059,median,climatology,degC,ensemble of Daily Near-Surface Air Temperature,50.0,"access-cm2,access-esm1-5,bcc-csm2-mr,canesm5,cmcc-esm2,cnrm-cm6-1,cnrm-esm2-1,ec-earth3,ec-earth3-veg-lr,fgoals-g3,gfdl-cm4,gfdl-esm4,giss-e2-1-g,hadgem3-gc31-ll,inm-cm4-8,inm-cm5-0,ipsl-cm6a-lr,kace-1-0-g,miroc6,miroc-es2l,mpi-esm1-2-hr,mpi-esm1-2-lr,mri-esm2-0,nesm3,noresm2-lm,noresm2-mm,ukesm1-0-ll",World Bank Climate Change Knowledge Portal (CMIP6-x0.25),,,country polygon mask; latitude-area weighted mean using cos(latitude),SSP2-4.5,Mean temperature
ASM,ASM,0.949999988079071,hd30,ssp245,2040-2059,median,climatology,days,annual climatology of ensemble of hd30: hot days with 30 degC and higher,50.0,"access-cm2,access-esm1-5,bcc-csm2-mr,canesm5,cmcc-esm2,cnrm-cm6-1,cnrm-esm2-1,ec-earth3,ec-earth3-veg-lr,fgoals-g3,gfdl-cm4,gfdl-esm4,giss-e2-1-g,hadgem3-gc31-ll,inm-cm4-8,inm-cm5-0,ipsl-cm6a-lr,kace-1-0-g,kiost-esm,miroc6,miroc-es2l,mpi-esm1-2-hr,mpi-esm1-2-lr,mri-esm2-0,nesm3,noresm2-lm,noresm2-mm,ukesm1-0-ll",World Bank Climate Change Knowledge Portal (CMIP6-x0.25),,,country polygon mask; latitude-area weighted mean using cos(latitude),SSP2-4.5,Hot days above 30°C
ASM,ASM,0.953000009059906,tas,ssp245,2040-2059,median,anomaly,degC,ensemble of anomaly of Daily Near-Surface Air Temperature with reference period 1995-2014,50.0,"access-cm2,access-esm1-5,bcc-csm2-mr,canesm5,cmcc-esm2,cnrm-cm6-1,cnrm-esm2-1,ec-earth3,ec-earth3-veg-lr,fgoals-g3,gfdl-cm4,gfdl-esm4,giss-e2-1-g,hadgem3-gc31-ll,inm-cm4-8,inm-cm5-0,ipsl-cm6a-lr,kace-1-0-g,miroc6,miroc-es2l,mpi-esm1-2-hr,mpi-esm1-2-lr,mri-esm2-0,nesm3,noresm2-lm,noresm2-mm,ukesm1-0-ll",World Bank Climate Change Knowledge Portal (CMIP6-x0.25),,1995-2014,country polygon mask; latitude-area weighted mean using cos(latitude),SSP2-4.5,Mean temperature
ASM,ASM,27.59000015258789,tas,ssp245,2040-2059,median,climatology,degC,ensemble of Daily Near-Surface Air Temperature,50.0,"access-cm2,access-esm1-5,bcc-csm2-mr,canesm5,cmcc-esm2,cnrm-cm6-1,cnrm-esm2-1,ec-earth3,ec-earth3-veg-lr,fgoals-g3,gfdl-cm4,gfdl-esm4,giss-e2-1-g,hadgem3-gc31-ll,inm-cm4-8,inm-cm5-0,ipsl-cm6a-lr,kace-1-0-g,miroc6,miroc-es2l,mpi-esm1-2-hr,mpi-esm1-2-lr,mri-esm2-0,nesm3,noresm2-lm,noresm2-mm,ukesm1-0-ll",World Bank Climate Change Knowledge Portal (CMIP6-x0.25),,,country polygon mask; latitude-area weighted mean using cos(latitude),SSP2-4.5,Mean temperature
ATF,ATF,0.0,hd30,ssp245,2040-2059,median,climatology,days,annual climatology of ensemble of hd30: hot days with 30 degC and higher,50.0,"access-cm2,access-esm1-5,bcc-csm2-mr,canesm5,cmcc-esm2,cnrm-cm6-1,cnrm-esm2-1,ec-earth3,ec-earth3-veg-lr,fgoals-g3,gfdl-cm4,gfdl-esm4,giss-e2-1-g,hadgem3-gc31-ll,inm-cm4-8,inm-cm5-0,ipsl-cm6a-lr,kace-1-0-g,kiost-esm,miroc6,miroc-es2l,mpi-esm1-2-hr,mpi-esm1-2-lr,mri-esm2-0,nesm3,noresm2-lm,noresm2-mm,ukesm1-0-ll",World Bank Climate Change Knowledge Portal (CMIP6-x0.25),,,country polygon mask; latitude-area weighted mean using cos(latitude),SSP2-4.5,Hot days above 30°C
ATF,ATF,0.6004089699944075,tas,ssp245,2040-2059,median,anomaly,degC,ensemble of anomaly of Daily Near-Surface Air Temperature with reference period 1995-2014,50.0,"access-cm2,access-esm1-5,bcc-csm2-mr,canesm5,cmcc-esm2,cnrm-cm6-1,cnrm-esm2-1,ec-earth3,ec-earth3-veg-lr,fgoals-g3,gfdl-cm4,gfdl-esm4,giss-e2-1-g,hadgem3-gc31-ll,inm-cm4-8,inm-cm5-0,ipsl-cm6a-lr,kace-1-0-g,miroc6,miroc-es2l,mpi-esm1-2-hr,mpi-esm1-2-lr,mri-esm2-0,nesm3,noresm2-lm,noresm2-mm,ukesm1-0-ll",World Bank Climate Change Knowledge Portal (CMIP6-x0.25),,1995-2014,country polygon mask; latitude-area weighted mean using cos(latitude),SSP2-4.5,Mean temperature
ATF,ATF,3.424604245939656,tas,ssp245,2040-2059,median,climatology,degC,ensemble of Daily Near-Surface Air Temperature,50.0,"access-cm2,access-esm1-5,bcc-csm2-mr,canesm5,cmcc-esm2,cnrm-cm6-1,cnrm-esm2-1,ec-earth3,ec-earth3-veg-lr,fgoals-g3,gfdl-cm4,gfdl-esm4,giss-e2-1-g,hadgem3-gc31-ll,inm-cm4-8,inm-cm5-0,ipsl-cm6a-lr,kace-1-0-g,miroc6,miroc-es2l,mpi-esm1-2-hr,mpi-esm1-2-lr,mri-esm2-0,nesm3,noresm2-lm,noresm2-mm,ukesm1-0-ll",World Bank Climate Change Knowledge Portal (CMIP6-x0.25),,,country polygon mask; latitude-area weighted mean using cos(latitude),SSP2-4.5,Mean temperature
ATG,ATG,0.4000000059604644,hd30,ssp245,2040-2059,median,climatology,days,annual climatology of ensemble of hd30: hot days with 30 degC and higher,50.0,"access-cm2,access-esm1-5,bcc-csm2-mr,canesm5,cmcc-esm2,cnrm-cm6-1,cnrm-esm2-1,ec-earth3,ec-earth3-veg-lr,fgoals-g3,gfdl-cm4,gfdl-esm4,giss-e2-1-g,hadgem3-gc31-ll,inm-cm4-8,inm-cm5-0,ipsl-cm6a-lr,kace-1-0-g,kiost-esm,miroc6,miroc-es2l,mpi-esm1-2-hr,mpi-esm1-2-lr,mri-esm2-0,nesm3,noresm2-lm,noresm2-mm,ukesm1-0-ll",World Bank Climate Change Knowledge Portal (CMIP6-x0.25),,,country polygon mask; latitude-area weighted mean using cos(latitude),SSP2-4.5,Hot days above 30°C
ATG,ATG,1.0609999895095825,tas,ssp245,2040-2059,median,anomaly,degC,ensemble of anomaly of Daily Near-Surface Air Temperature with reference period 1995-2014,50.0,"access-cm2,access-esm1-5,bcc-csm2-mr,canesm5,cmcc-esm2,cnrm-cm6-1,cnrm-esm2-1,ec-earth3,ec-earth3-veg-lr,fgoals-g3,gfdl-cm4,gfdl-esm4,giss-e2-1-g,hadgem3-gc31-ll,inm-cm4-8,inm-cm5-0,ipsl-cm6a-lr,kace-1-0-g,miroc6,miroc-es2l,mpi-esm1-2-hr,mpi-esm1-2-lr,mri-esm2-0,nesm3,noresm2-lm,noresm2-mm,ukesm1-0-ll",World Bank Climate Change Knowledge Portal (CMIP6-x0.25),,1995-2014,country polygon mask; latitude-area weighted mean using cos(latitude),SSP2-4.5,Mean temperature
ATG,ATG,27.15399932861328,tas,ssp245,2040-2059,median,climatology,degC,ensemble of Daily Near-Surface Air Temperature,50.0,"access-cm2,access-esm1-5,bcc-csm2-mr,canesm5,cmcc-esm2,cnrm-cm6-1,cnrm-esm2-1,ec-earth3,ec-earth3-veg-lr,fgoals-g3,gfdl-cm4,gfdl-esm4,giss-e2-1-g,hadgem3-gc31-ll,inm-cm4-8,inm-cm5-0,ipsl-cm6a-lr,kace-1-0-g,miroc6,miroc-es2l,mpi-esm1-2-hr,mpi-esm1-2-lr,mri-esm2-0,nesm3,noresm2-lm,noresm2-mm,ukesm1-0-ll",World Bank Climate Change Knowledge Portal (CMIP6-x0.25),,,country polygon mask; latitude-area weighted mean using cos(latitude),SSP2-4.5,Mean temperature
AUS,AUS,192.22951092496132,hd30,ssp245,2040-2059,median,climatology,days,annual climatology of ensemble of hd30: hot days with 30 degC and higher,50.0,"access-cm2,access-esm1-5,bcc-csm2-mr,canesm5,cmcc-esm2,cnrm-cm6-1,cnrm-esm2-1,ec-earth3,ec-earth3-veg-lr,fgoals-g3,gfdl-cm4,gfdl-esm4,giss-e2-1-g,hadgem3-gc31-ll,inm-cm4-8,inm-cm5-0,ipsl-cm6a-lr,kace-1-0-g,kiost-esm,miroc6,miroc-es2l,mpi-esm1-2-hr,mpi-esm1-2-lr,mri-esm2-0,nesm3,noresm2-lm,noresm2-mm,ukesm1-0-ll",World Bank Climate Change Knowledge Portal (CMIP6-x0.25),,,country polygon mask; latitude-area weighted mean using cos(latitude),SSP2-4.5,Hot days above 30°C
AUS,AUS,1.3348851304418536,tas,ssp245,2040-2059,median,anomaly,degC,ensemble of anomaly of Daily Near-Surface Air Temperature with reference period 1995-2014,50.0,"access-cm2,access-esm1-5,bcc-csm2-mr,canesm5,cmcc-esm2,cnrm-cm6-1,cnrm-esm2-1,ec-earth3,ec-earth3-veg-lr,fgoals-g3,gfdl-cm4,gfdl-esm4,giss-e2-1-g,hadgem3-gc31-ll,inm-cm4-8,inm-cm5-0,ipsl-cm6a-lr,kace-1-0-g,miroc6,miroc-es2l,mpi-esm1-2-hr,mpi-esm1-2-lr,mri-esm2-0,nesm3,noresm2-lm,noresm2-mm,ukesm1-0-ll",World Bank Climate Change Knowledge Portal (CMIP6-x0.25),,1995-2014,country polygon mask; latitude-area weighted mean using cos(latitude),SSP2-4.5,Mean temperature
AUS,AUS,23.747935087505933,tas,ssp245,2040-2059,median,climatology,degC,ensemble of Daily Near-Surface Air Temperature,50.0,"access-cm2,access-esm1-5,bcc-csm2-mr,canesm5,cmcc-esm2,cnrm-cm6-1,cnrm-esm2-1,ec-earth3,ec-earth3-veg-lr,fgoals-g3,gfdl-cm4,gfdl-esm4,giss-e2-1-g,hadgem3-gc31-ll,inm-cm4-8,inm-cm5-0,ipsl-cm6a-lr,kace-1-0-g,miroc6,miroc-es2l,mpi-esm1-2-hr,mpi-esm1-2-lr,mri-esm2-0,nesm3,noresm2-lm,noresm2-mm,ukesm1-0-ll",World Bank Climate Change Knowledge Portal (CMIP6-x0.25),,,country polygon mask; latitude-area weighted mean using cos(latitude),SSP2-4.5,Mean temperature
AUT,AUT,8.979225291005811,hd30,ssp245,2040-2059,median,climatology,days,annual climatology of ensemble of hd30: hot days with 30 degC and higher,50.0,"access-cm2,access-esm1-5,bcc-csm2-mr,canesm5,cmcc-esm2,cnrm-cm6-1,cnrm-esm2-1,ec-earth3,ec-earth3-veg-lr,fgoals-g3,gfdl-cm4,gfdl-esm4,giss-e2-1-g,hadgem3-gc31-ll,inm-cm4-8,inm-cm5-0,ipsl-cm6a-lr,kace-1-0-g,kiost-esm,miroc6,miroc-es2l,mpi-esm1-2-hr,mpi-esm1-2-lr,mri-esm2-0,nesm3,noresm2-lm,noresm2-mm,ukesm1-0-ll",World Bank Climate Change Knowledge Portal (CMIP6-x0.25),,,country polygon mask; latitude-area weighted mean using cos(latitude),SSP2-4.5,Hot days above 30°C
AUT,AUT,1.6112271024423297,tas,ssp245,2040-2059,median,anomaly,degC,ensemble of anomaly of Daily Near-Surface Air Temperature with reference period 1995-2014,50.0,"access-cm2,access-esm1-5,bcc-csm2-mr,canesm5,cmcc-esm2,cnrm-cm6-1,cnrm-esm2-1,ec-earth3,ec-earth3-veg-lr,fgoals-g3,gfdl-cm4,gfdl-esm4,giss-e2-1-g,hadgem3-gc31-ll,inm-cm4-8,inm-cm5-0,ipsl-cm6a-lr,kace-1-0-g,miroc6,miroc-es2l,mpi-esm1-2-hr,mpi-esm1-2-lr,mri-esm2-0,nesm3,noresm2-lm,noresm2-mm,ukesm1-0-ll",World Bank Climate Change Knowledge Portal (CMIP6-x0.25),,1995-2014,country polygon mask; latitude-area weighted mean using cos(latitude),SSP2-4.5,Mean temperature
AUT,AUT,8.3647594765086,tas,ssp245,2040-2059,median,climatology,degC,ensemble of Daily Near-Surface Air Temperature,50.0,"access-cm2,access-esm1-5,bcc-csm2-mr,canesm5,cmcc-esm2,cnrm-cm6-1,cnrm-esm2-1,ec-earth3,ec-earth3-veg-lr,fgoals-g3,gfdl-cm4,gfdl-esm4,giss-e2-1-g,hadgem3-gc31-ll,inm-cm4-8,inm-cm5-0,ipsl-cm6a-lr,kace-1-0-g,miroc6,miroc-es2l,mpi-esm1-2-hr,mpi-esm1-2-lr,mri-esm2-0,nesm3,noresm2-lm,noresm2-mm,ukesm1-0-ll",World Bank Climate Change Knowledge Portal (CMIP6-x0.25),,,country polygon mask; latitude-area weighted mean using cos(latitude),SSP2-4.5,Mean temperature
AZE,AZE,65.30644194367392,hd30,ssp245,2040-2059,median,climatology,days,annual climatology of ensemble of hd30: hot days with 30 degC and higher,50.0,"access-cm2,access-esm1-5,bcc-csm2-mr,canesm5,cmcc-esm2,cnrm-cm6-1,cnrm-esm2-1,ec-earth3,ec-earth3-veg-lr,fgoals-g3,gfdl-cm4,gfdl-esm4,giss-e2-1-g,hadgem3-gc31-ll,inm-cm4-8,inm-cm5-0,ipsl-cm6a-lr,kace-1-0-g,kiost-esm,miroc6,miroc-es2l,mpi-esm1-2-hr,mpi-esm1-2-lr,mri-esm2-0,nesm3,noresm2-lm,noresm2-mm,ukesm1-0-ll",World Bank Climate Change Knowledge Portal (CMIP6-x0.25),,,country polygon mask; latitude-area weighted mean using cos(latitude),SSP2-4.5,Hot days above 30°C
AZE,AZE,1.759319270148952,tas,ssp245,2040-2059,median,anomaly,degC,ensemble of anomaly of Daily Near-Surface Air Temperature with reference period 1995-2014,50.0,"access-cm2,access-esm1-5,bcc-csm2-mr,canesm5,cmcc-esm2,cnrm-cm6-1,cnrm-esm2-1,ec-earth3,ec-earth3-veg-lr,fgoals-g3,gfdl-cm4,gfdl-esm4,giss-e2-1-g,hadgem3-gc31-ll,inm-cm4-8,inm-cm5-0,ipsl-cm6a-lr,kace-1-0-g,miroc6,miroc-es2l,mpi-esm1-2-hr,mpi-esm1-2-lr,mri-esm2-0,nesm3,noresm2-lm,noresm2-mm,ukesm1-0-ll",World Bank Climate Change Knowledge Portal (CMIP6-x0.25),,1995-2014,country polygon mask; latitude-area weighted mean using cos(latitude),SSP2-4.5,Mean temperature
AZE,AZE,14.028667348726723,tas,ssp245,2040-2059,median,climatology,degC,ensemble of Daily Near-Surface Air Temperature,50.0,"access-cm2,access-esm1-5,bcc-csm2-mr,canesm5,cmcc-esm2,cnrm-cm6-1,cnrm-esm2-1,ec-earth3,ec-earth3-veg-lr,fgoals-g3,gfdl-cm4,gfdl-esm4,giss-e2-1-g,hadgem3-gc31-ll,inm-cm4-8,inm-cm5-0,ipsl-cm6a-lr,kace-1-0-g,miroc6,miroc-es2l,mpi-esm1-2-hr,mpi-esm1-2-lr,mri-esm2-0,nesm3,noresm2-lm,noresm2-mm,ukesm1-0-ll",World Bank Climate Change Knowledge Portal (CMIP6-x0.25),,,country polygon mask; latitude-area weighted mean using cos(latitude),SSP2-4.5,Mean temperature
BDI,BDI,22.24328979918247,hd30,ssp245,2040-2059,median,climatology,days,annual climatology of ensemble of hd30: hot days with 30 degC and higher,50.0,"access-cm2,access-esm1-5,bcc-csm2-mr,canesm5,cmcc-esm2,cnrm-cm6-1,cnrm-esm2-1,ec-earth3,ec-earth3-veg-lr,fgoals-g3,gfdl-cm4,gfdl-esm4,giss-e2-1-g,hadgem3-gc31-ll,inm-cm4-8,inm-cm5-0,ipsl-cm6a-lr,kace-1-0-g,kiost-esm,miroc6,miroc-es2l,mpi-esm1-2-hr,mpi-esm1-2-lr,mri-esm2-0,nesm3,noresm2-lm,noresm2-mm,ukesm1-0-ll",World Bank Climate Change Knowledge Portal (CMIP6-x0.25),,,country polygon mask; latitude-area weighted mean using cos(latitude),SSP2-4.5,Hot days above 30°C
BDI,BDI,1.3454329040410538,tas,ssp245,2040-2059,median,anomaly,degC,ensemble of anomaly of Daily Near-Surface Air Temperature with reference period 1995-2014,50.0,"access-cm2,access-esm1-5,bcc-csm2-mr,canesm5,cmcc-esm2,cnrm-cm6-1,cnrm-esm2-1,ec-earth3,ec-earth3-veg-lr,fgoals-g3,gfdl-cm4,gfdl-esm4,giss-e2-1-g,hadgem3-gc31-ll,inm-cm4-8,inm-cm5-0,ipsl-cm6a-lr,kace-1-0-g,miroc6,miroc-es2l,mpi-esm1-2-hr,mpi-esm1-2-lr,mri-esm2-0,nesm3,noresm2-lm,noresm2-mm,ukesm1-0-ll",World Bank Climate Change Knowledge Portal (CMIP6-x0.25),,1995-2014,country polygon mask; latitude-area weighted mean using cos(latitude),SSP2-4.5,Mean temperature
BDI,BDI,22.09203000943147,tas,ssp245,2040-2059,median,climatology,degC,ensemble of Daily Near-Surface Air Temperature,50.0,"access-cm2,access-esm1-5,bcc-csm2-mr,canesm5,cmcc-esm2,cnrm-cm6-1,cnrm-esm2-1,ec-earth3,ec-earth3-veg-lr,fgoals-g3,gfdl-cm4,gfdl-esm4,giss-e2-1-g,hadgem3-gc31-ll,inm-cm4-8,inm-cm5-0,ipsl-cm6a-lr,kace-1-0-g,miroc6,miroc-es2l,mpi-esm1-2-hr,mpi-esm1-2-lr,mri-esm2-0,nesm3,noresm2-lm,noresm2-mm,ukesm1-0-ll",World Bank Climate Change Knowledge Portal (CMIP6-x0.25),,,country polygon mask; latitude-area weighted mean using cos(latitude),SSP2-4.5,Mean temperature
BEL,BEL,5.70455153577428,hd30,ssp245,2040-2059,median,climatology,days,annual climatology of ensemble of hd30: hot days with 30 degC and higher,50.0,"access-cm2,access-esm1-5,bcc-csm2-mr,canesm5,cmcc-esm2,cnrm-cm6-1,cnrm-esm2-1,ec-earth3,ec-earth3-veg-lr,fgoals-g3,gfdl-cm4,gfdl-esm4,giss-e2-1-g,hadgem3-gc31-ll,inm-cm4-8,inm-cm5-0,ipsl-cm6a-lr,kace-1-0-g,kiost-esm,miroc6,miroc-es2l,mpi-esm1-2-hr,mpi-esm1-2-lr,mri-esm2-0,nesm3,noresm2-lm,noresm2-mm,ukesm1-0-ll",World Bank Climate Change Knowledge Portal (CMIP6-x0.25),,,country polygon mask; latitude-area weighted mean using cos(latitude),SSP2-4.5,Hot days above 30°C
BEL,BEL,1.228638981911937,tas,ssp245,2040-2059,median,anomaly,degC,ensemble of anomaly of Daily Near-Surface Air Temperature with reference period 1995-2014,50.0,"access-cm2,access-esm1-5,bcc-csm2-mr,canesm5,cmcc-esm2,cnrm-cm6-1,cnrm-esm2-1,ec-earth3,ec-earth3-veg-lr,fgoals-g3,gfdl-cm4,gfdl-esm4,giss-e2-1-g,hadgem3-gc31-ll,inm-cm4-8,inm-cm5-0,ipsl-cm6a-lr,kace-1-0-g,miroc6,miroc-es2l,mpi-esm1-2-hr,mpi-esm1-2-lr,mri-esm2-0,nesm3,noresm2-lm,noresm2-mm,ukesm1-0-ll",World Bank Climate Change Knowledge Portal (CMIP6-x0.25),,1995-2014,country polygon mask; latitude-area weighted mean using cos(latitude),SSP2-4.5,Mean temperature
BEL,BEL,11.241547713847174,tas,ssp245,2040-2059,median,climatology,degC,ensemble of Daily Near-Surface Air Temperature,50.0,"access-cm2,access-esm1-5,bcc-csm2-mr,canesm5,cmcc-esm2,cnrm-cm6-1,cnrm-esm2-1,ec-earth3,ec-earth3-veg-lr,fgoals-g3,gfdl-cm4,gfdl-esm4,giss-e2-1-g,hadgem3-gc31-ll,inm-cm4-8,inm-cm5-0,ipsl-cm6a-lr,kace-1-0-g,miroc6,miroc-es2l,mpi-esm1-2-hr,mpi-esm1-2-lr,mri-esm2-0,nesm3,noresm2-lm,noresm2-mm,ukesm1-0-ll",World Bank Climate Change Knowledge Portal (CMIP6-x0.25),,,country polygon mask; latitude-area weighted mean using cos(latitude),SSP2-4.5,Mean temperature
BEN,BEN,323.61152970674823,hd30,ssp245,2040-2059,median,climatology,days,annual climatology of ensemble of hd30: hot days with 30 degC and higher,50.0,"access-cm2,access-esm1-5,bcc-csm2-mr,canesm5,cmcc-esm2,cnrm-cm6-1,cnrm-esm2-1,ec-earth3,ec-earth3-veg-lr,fgoals-g3,gfdl-cm4,gfdl-esm4,giss-e2-1-g,hadgem3-gc31-ll,inm-cm4-8,inm-cm5-0,ipsl-cm6a-lr,kace-1-0-g,kiost-esm,miroc6,miroc-es2l,mpi-esm1-2-hr,mpi-esm1-2-lr,mri-esm2-0,nesm3,noresm2-lm,noresm2-mm,ukesm1-0-ll",World Bank Climate Change Knowledge Portal (CMIP6-x0.25),,,country polygon mask; latitude-area weighted mean using cos(latitude),SSP2-4.5,Hot days above 30°C
BEN,BEN,1.2547111157926807,tas,ssp245,2040-2059,median,anomaly,degC,ensemble of anomaly of Daily Near-Surface Air Temperature with reference period 1995-2014,50.0,"access-cm2,access-esm1-5,bcc-csm2-mr,canesm5,cmcc-esm2,cnrm-cm6-1,cnrm-esm2-1,ec-earth3,ec-earth3-veg-lr,fgoals-g3,gfdl-cm4,gfdl-esm4,giss-e2-1-g,hadgem3-gc31-ll,inm-cm4-8,inm-cm5-0,ipsl-cm6a-lr,kace-1-0-g,miroc6,miroc-es2l,mpi-esm1-2-hr,mpi-esm1-2-lr,mri-esm2-0,nesm3,noresm2-lm,noresm2-mm,ukesm1-0-ll",World Bank Climate Change Knowledge Portal (CMIP6-x0.25),,1995-2014,country polygon mask; latitude-area weighted mean using cos(latitude),SSP2-4.5,Mean temperature
BEN,BEN,29.108625653079528,tas,ssp245,2040-2059,median,climatology,degC,ensemble of Daily Near-Surface Air Temperature,50.0,"access-cm2,access-esm1-5,bcc-csm2-mr,canesm5,cmcc-esm2,cnrm-cm6-1,cnrm-esm2-1,ec-earth3,ec-earth3-veg-lr,fgoals-g3,gfdl-cm4,gfdl-esm4,giss-e2-1-g,hadgem3-gc31-ll,inm-cm4-8,inm-cm5-0,ipsl-cm6a-lr,kace-1-0-g,miroc6,miroc-es2l,mpi-esm1-2-hr,mpi-esm1-2-lr,mri-esm2-0,nesm3,noresm2-lm,noresm2-mm,ukesm1-0-ll",World Bank Climate Change Knowledge Portal (CMIP6-x0.25),,,country polygon mask; latitude-area weighted mean using cos(latitude),SSP2-4.5,Mean temperature
BES,BES,0.9500000476837158,hd30,ssp245,2040-2059,median,climatology,days,annual climatology of ensemble of hd30: hot days with 30 degC and higher,50.0,"access-cm2,access-esm1-5,bcc-csm2-mr,canesm5,cmcc-esm2,cnrm-cm6-1,cnrm-esm2-1,ec-earth3,ec-earth3-veg-lr,fgoals-g3,gfdl-cm4,gfdl-esm4,giss-e2-1-g,hadgem3-gc31-ll,inm-cm4-8,inm-cm5-0,ipsl-cm6a-lr,kace-1-0-g,kiost-esm,miroc6,miroc-es2l,mpi-esm1-2-hr,mpi-esm1-2-lr,mri-esm2-0,nesm3,noresm2-lm,noresm2-mm,ukesm1-0-ll",World Bank Climate Change Knowledge Portal (CMIP6-x0.25),,,country polygon mask; latitude-area weighted mean using cos(latitude),SSP2-4.5,Hot days above 30°C
BES,BES,1.0670000314712524,tas,ssp245,2040-2059,median,anomaly,degC,ensemble of anomaly of Daily Near-Surface Air Temperature with reference period 1995-2014,50.0,"access-cm2,access-esm1-5,bcc-csm2-mr,canesm5,cmcc-esm2,cnrm-cm6-1,cnrm-esm2-1,ec-earth3,ec-earth3-veg-lr,fgoals-g3,gfdl-cm4,gfdl-esm4,giss-e2-1-g,hadgem3-gc31-ll,inm-cm4-8,inm-cm5-0,ipsl-cm6a-lr,kace-1-0-g,miroc6,miroc-es2l,mpi-esm1-2-hr,mpi-esm1-2-lr,mri-esm2-0,nesm3,noresm2-lm,noresm2-mm,ukesm1-0-ll",World Bank Climate Change Knowledge Portal (CMIP6-x0.25),,1995-2014,country polygon mask; latitude-area weighted mean using cos(latitude),SSP2-4.5,Mean temperature
BES,BES,27.283000946044922,tas,ssp245,2040-2059,median,climatology,degC,ensemble of Daily Near-Surface Air Temperature,50.0,"access-cm2,access-esm1-5,bcc-csm2-mr,canesm5,cmcc-esm2,cnrm-cm6-1,cnrm-esm2-1,ec-earth3,ec-earth3-veg-lr,fgoals-g3,gfdl-cm4,gfdl-esm4,giss-e2-1-g,hadgem3-gc31-ll,inm-cm4-8,inm-cm5-0,ipsl-cm6a-lr,kace-1-0-g,miroc6,miroc-es2l,mpi-esm1-2-hr,mpi-esm1-2-lr,mri-esm2-0,nesm3,noresm2-lm,noresm2-mm,ukesm1-0-ll",World Bank Climate Change Knowledge Portal (CMIP6-x0.25),,,country polygon mask; latitude-area weighted mean using cos(latitude),SSP2-4.5,Mean temperature
BFA,BFA,340.42954316631534,hd30,ssp245,2040-2059,median,climatology,days,annual climatology of ensemble of hd30: hot days with 30 degC and higher,50.0,"access-cm2,access-esm1-5,bcc-csm2-mr,canesm5,cmcc-esm2,cnrm-cm6-1,cnrm-esm2-1,ec-earth3,ec-earth3-veg-lr,fgoals-g3,gfdl-cm4,gfdl-esm4,giss-e2-1-g,hadgem3-gc31-ll,inm-cm4-8,inm-cm5-0,ipsl-cm6a-lr,kace-1-0-g,kiost-esm,miroc6,miroc-es2l,mpi-esm1-2-hr,mpi-esm1-2-lr,mri-esm2-0,nesm3,noresm2-lm,noresm2-mm,ukesm1-0-ll",World Bank Climate Change Knowledge Portal (CMIP6-x0.25),,,country polygon mask; latitude-area weighted mean using cos(latitude),SSP2-4.5,Hot days above 30°C
BFA,BFA,1.3867027283279214,tas,ssp245,2040-2059,median,anomaly,degC,ensemble of anomaly of Daily Near-Surface Air Temperature with reference period 1995-2014,50.0,"access-cm2,access-esm1-5,bcc-csm2-mr,canesm5,cmcc-esm2,cnrm-cm6-1,cnrm-esm2-1,ec-earth3,ec-earth3-veg-lr,fgoals-g3,gfdl-cm4,gfdl-esm4,giss-e2-1-g,hadgem3-gc31-ll,inm-cm4-8,inm-cm5-0,ipsl-cm6a-lr,kace-1-0-g,miroc6,miroc-es2l,mpi-esm1-2-hr,mpi-esm1-2-lr,mri-esm2-0,nesm3,noresm2-lm,noresm2-mm,ukesm1-0-ll",World Bank Climate Change Knowledge Portal (CMIP6-x0.25),,1995-2014,country polygon mask; latitude-area weighted mean using cos(latitude),SSP2-4.5,Mean temperature
BFA,BFA,30.06058053166857,tas,ssp245,2040-2059,median,climatology,degC,ensemble of Daily Near-Surface Air Temperature,50.0,"access-cm2,access-esm1-5,bcc-csm2-mr,canesm5,cmcc-esm2,cnrm-cm6-1,cnrm-esm2-1,ec-earth3,ec-earth3-veg-lr,fgoals-g3,gfdl-cm4,gfdl-esm4,giss-e2-1-g,hadgem3-gc31-ll,inm-cm4-8,inm-cm5-0,ipsl-cm6a-lr,kace-1-0-g,miroc6,miroc-es2l,mpi-esm1-2-hr,mpi-esm1-2-lr,mri-esm2-0,nesm3,noresm2-lm,noresm2-mm,ukesm1-0-ll",World Bank Climate Change Knowledge Portal (CMIP6-x0.25),,,country polygon mask; latitude-area weighted mean using cos(latitude),SSP2-4.5,Mean temperature
BGD,BGD,233.62621593155998,hd30,ssp245,2040-2059,median,climatology,days,annual climatology of ensemble of hd30: hot days with 30 degC and higher,50.0,"access-cm2,access-esm1-5,bcc-csm2-mr,canesm5,cmcc-esm2,cnrm-cm6-1,cnrm-esm2-1,ec-earth3,ec-earth3-veg-lr,fgoals-g3,gfdl-cm4,gfdl-esm4,giss-e2-1-g,hadgem3-gc31-ll,inm-cm4-8,inm-cm5-0,ipsl-cm6a-lr,kace-1-0-g,kiost-esm,miroc6,miroc-es2l,mpi-esm1-2-hr,mpi-esm1-2-lr,mri-esm2-0,nesm3,noresm2-lm,noresm2-mm,ukesm1-0-ll",World Bank Climate Change Knowledge Portal (CMIP6-x0.25),,,country polygon mask; latitude-area weighted mean using cos(latitude),SSP2-4.5,Hot days above 30°C
BGD,BGD,1.0710556693453777,tas,ssp245,2040-2059,median,anomaly,degC,ensemble of anomaly of Daily Near-Surface Air Temperature with reference period 1995-2014,50.0,"access-cm2,access-esm1-5,bcc-csm2-mr,canesm5,cmcc-esm2,cnrm-cm6-1,cnrm-esm2-1,ec-earth3,ec-earth3-veg-lr,fgoals-g3,gfdl-cm4,gfdl-esm4,giss-e2-1-g,hadgem3-gc31-ll,inm-cm4-8,inm-cm5-0,ipsl-cm6a-lr,kace-1-0-g,miroc6,miroc-es2l,mpi-esm1-2-hr,mpi-esm1-2-lr,mri-esm2-0,nesm3,noresm2-lm,noresm2-mm,ukesm1-0-ll",World Bank Climate Change Knowledge Portal (CMIP6-x0.25),,1995-2014,country polygon mask; latitude-area weighted mean using cos(latitude),SSP2-4.5,Mean temperature
BGD,BGD,26.68001898972528,tas,ssp245,2040-2059,median,climatology,degC,ensemble of Daily Near-Surface Air Temperature,50.0,"access-cm2,access-esm1-5,bcc-csm2-mr,canesm5,cmcc-esm2,cnrm-cm6-1,cnrm-esm2-1,ec-earth3,ec-earth3-veg-lr,fgoals-g3,gfdl-cm4,gfdl-esm4,giss-e2-1-g,hadgem3-gc31-ll,inm-cm4-8,inm-cm5-0,ipsl-cm6a-lr,kace-1-0-g,miroc6,miroc-es2l,mpi-esm1-2-hr,mpi-esm1-2-lr,mri-esm2-0,nesm3,noresm2-lm,noresm2-mm,ukesm1-0-ll",World Bank Climate Change Knowledge Portal (CMIP6-x0.25),,,country polygon mask; latitude-area weighted mean using cos(latitude),SSP2-4.5,Mean temperature
BGR,BGR,42.16795318531043,hd30,ssp245,2040-2059,median,climatology,days,annual climatology of ensemble of hd30: hot days with 30 degC and higher,50.0,"access-cm2,access-esm1-5,bcc-csm2-mr,canesm5,cmcc-esm2,cnrm-cm6-1,cnrm-esm2-1,ec-earth3,ec-earth3-veg-lr,fgoals-g3,gfdl-cm4,gfdl-esm4,giss-e2-1-g,hadgem3-gc31-ll,inm-cm4-8,inm-cm5-0,ipsl-cm6a-lr,kace-1-0-g,kiost-esm,miroc6,miroc-es2l,mpi-esm1-2-hr,mpi-esm1-2-lr,mri-esm2-0,nesm3,noresm2-lm,noresm2-mm,ukesm1-0-ll",World Bank Climate Change Knowledge Portal (CMIP6-x0.25),,,country polygon mask; latitude-area weighted mean using cos(latitude),SSP2-4.5,Hot days above 30°C
BGR,BGR,1.6783229988712256,tas,ssp245,2040-2059,median,anomaly,degC,ensemble of anomaly of Daily Near-Surface Air Temperature with reference period 1995-2014,50.0,"access-cm2,access-esm1-5,bcc-csm2-mr,canesm5,cmcc-esm2,cnrm-cm6-1,cnrm-esm2-1,ec-earth3,ec-earth3-veg-lr,fgoals-g3,gfdl-cm4,gfdl-esm4,giss-e2-1-g,hadgem3-gc31-ll,inm-cm4-8,inm-cm5-0,ipsl-cm6a-lr,kace-1-0-g,miroc6,miroc-es2l,mpi-esm1-2-hr,mpi-esm1-2-lr,mri-esm2-0,nesm3,noresm2-lm,noresm2-mm,ukesm1-0-ll",World Bank Climate Change Knowledge Portal (CMIP6-x0.25),,1995-2014,country polygon mask; latitude-area weighted mean using cos(latitude),SSP2-4.5,Mean temperature
BGR,BGR,13.211208448265747,tas,ssp245,2040-2059,median,climatology,degC,ensemble of Daily Near-Surface Air Temperature,50.0,"access-cm2,access-esm1-5,bcc-csm2-mr,canesm5,cmcc-esm2,cnrm-cm6-1,cnrm-esm2-1,ec-earth3,ec-earth3-veg-lr,fgoals-g3,gfdl-cm4,gfdl-esm4,giss-e2-1-g,hadgem3-gc31-ll,inm-cm4-8,inm-cm5-0,ipsl-cm6a-lr,kace-1-0-g,miroc6,miroc-es2l,mpi-esm1-2-hr,mpi-esm1-2-lr,mri-esm2-0,nesm3,noresm2-lm,noresm2-mm,ukesm1-0-ll",World Bank Climate Change Knowledge Portal (CMIP6-x0.25),,,country polygon mask; latitude-area weighted mean using cos(latitude),SSP2-4.5,Mean temperature
BHR,BHR,181.39999389648438,hd30,ssp245,2040-2059,median,climatology,days,annual climatology of ensemble of hd30: hot days with 30 degC and higher,50.0,"access-cm2,access-esm1-5,bcc-csm2-mr,canesm5,cmcc-esm2,cnrm-cm6-1,cnrm-esm2-1,ec-earth3,ec-earth3-veg-lr,fgoals-g3,gfdl-cm4,gfdl-esm4,giss-e2-1-g,hadgem3-gc31-ll,inm-cm4-8,inm-cm5-0,ipsl-cm6a-lr,kace-1-0-g,kiost-esm,miroc6,miroc-es2l,mpi-esm1-2-hr,mpi-esm1-2-lr,mri-esm2-0,nesm3,noresm2-lm,noresm2-mm,ukesm1-0-ll",World Bank Climate Change Knowledge Portal (CMIP6-x0.25),,,country polygon mask; latitude-area weighted mean using cos(latitude),SSP2-4.5,Hot days above 30°C
BHR,BHR,1.715000033378601,tas,ssp245,2040-2059,median,anomaly,degC,ensemble of anomaly of Daily Near-Surface Air Temperature with reference period 1995-2014,50.0,"access-cm2,access-esm1-5,bcc-csm2-mr,canesm5,cmcc-esm2,cnrm-cm6-1,cnrm-esm2-1,ec-earth3,ec-earth3-veg-lr,fgoals-g3,gfdl-cm4,gfdl-esm4,giss-e2-1-g,hadgem3-gc31-ll,inm-cm4-8,inm-cm5-0,ipsl-cm6a-lr,kace-1-0-g,miroc6,miroc-es2l,mpi-esm1-2-hr,mpi-esm1-2-lr,mri-esm2-0,nesm3,noresm2-lm,noresm2-mm,ukesm1-0-ll",World Bank Climate Change Knowledge Portal (CMIP6-x0.25),,1995-2014,country polygon mask; latitude-area weighted mean using cos(latitude),SSP2-4.5,Mean temperature
BHR,BHR,27.917999267578125,tas,ssp245,2040-2059,median,climatology,degC,ensemble of Daily Near-Surface Air Temperature,50.0,"access-cm2,access-esm1-5,bcc-csm2-mr,canesm5,cmcc-esm2,cnrm-cm6-1,cnrm-esm2-1,ec-earth3,ec-earth3-veg-lr,fgoals-g3,gfdl-cm4,gfdl-esm4,giss-e2-1-g,hadgem3-gc31-ll,inm-cm4-8,inm-cm5-0,ipsl-cm6a-lr,kace-1-0-g,miroc6,miroc-es2l,mpi-esm1-2-hr,mpi-esm1-2-lr,mri-esm2-0,nesm3,noresm2-lm,noresm2-mm,ukesm1-0-ll",World Bank Climate Change Knowledge Portal (CMIP6-x0.25),,,country polygon mask; latitude-area weighted mean using cos(latitude),SSP2-4.5,Mean temperature
BHS,BHS,56.17492118149937,hd30,ssp245,2040-2059,median,climatology,days,annual climatology of ensemble of hd30: hot days with 30 degC and higher,50.0,"access-cm2,access-esm1-5,bcc-csm2-mr,canesm5,cmcc-esm2,cnrm-cm6-1,cnrm-esm2-1,ec-earth3,ec-earth3-veg-lr,fgoals-g3,gfdl-cm4,gfdl-esm4,giss-e2-1-g,hadgem3-gc31-ll,inm-cm4-8,inm-cm5-0,ipsl-cm6a-lr,kace-1-0-g,kiost-esm,miroc6,miroc-es2l,mpi-esm1-2-hr,mpi-esm1-2-lr,mri-esm2-0,nesm3,noresm2-lm,noresm2-mm,ukesm1-0-ll",World Bank Climate Change Knowledge Portal (CMIP6-x0.25),,,country polygon mask; latitude-area weighted mean using cos(latitude),SSP2-4.5,Hot days above 30°C
BHS,BHS,1.121474434682611,tas,ssp245,2040-2059,median,anomaly,degC,ensemble of anomaly of Daily Near-Surface Air Temperature with reference period 1995-2014,50.0,"access-cm2,access-esm1-5,bcc-csm2-mr,canesm5,cmcc-esm2,cnrm-cm6-1,cnrm-esm2-1,ec-earth3,ec-earth3-veg-lr,fgoals-g3,gfdl-cm4,gfdl-esm4,giss-e2-1-g,hadgem3-gc31-ll,inm-cm4-8,inm-cm5-0,ipsl-cm6a-lr,kace-1-0-g,miroc6,miroc-es2l,mpi-esm1-2-hr,mpi-esm1-2-lr,mri-esm2-0,nesm3,noresm2-lm,noresm2-mm,ukesm1-0-ll",World Bank Climate Change Knowledge Portal (CMIP6-x0.25),,1995-2014,country polygon mask; latitude-area weighted mean using cos(latitude),SSP2-4.5,Mean temperature
BHS,BHS,26.721221623235714,tas,ssp245,2040-2059,median,climatology,degC,ensemble of Daily Near-Surface Air Temperature,50.0,"access-cm2,access-esm1-5,bcc-csm2-mr,canesm5,cmcc-esm2,cnrm-cm6-1,cnrm-esm2-1,ec-earth3,ec-earth3-veg-lr,fgoals-g3,gfdl-cm4,gfdl-esm4,giss-e2-1-g,hadgem3-gc31-ll,inm-cm4-8,inm-cm5-0,ipsl-cm6a-lr,kace-1-0-g,miroc6,miroc-es2l,mpi-esm1-2-hr,mpi-esm1-2-lr,mri-esm2-0,nesm3,noresm2-lm,noresm2-mm,ukesm1-0-ll",World Bank Climate Change Knowledge Portal (CMIP6-x0.25),,,country polygon mask; latitude-area weighted mean using cos(latitude),SSP2-4.5,Mean temperature
BIH,BIH,25.13131442347401,hd30,ssp245,2040-2059,median,climatology,days,annual climatology of ensemble of hd30: hot days with 30 degC and higher,50.0,"access-cm2,access-esm1-5,bcc-csm2-mr,canesm5,cmcc-esm2,cnrm-cm6-1,cnrm-esm2-1,ec-earth3,ec-earth3-veg-lr,fgoals-g3,gfdl-cm4,gfdl-esm4,giss-e2-1-g,hadgem3-gc31-ll,inm-cm4-8,inm-cm5-0,ipsl-cm6a-lr,kace-1-0-g,kiost-esm,miroc6,miroc-es2l,mpi-esm1-2-hr,mpi-esm1-2-lr,mri-esm2-0,nesm3,noresm2-lm,noresm2-mm,ukesm1-0-ll",World Bank Climate Change Knowledge Portal (CMIP6-x0.25),,,country polygon mask; latitude-area weighted mean using cos(latitude),SSP2-4.5,Hot days above 30°C
BIH,BIH,1.6703889993655958,tas,ssp245,2040-2059,median,anomaly,degC,ensemble of anomaly of Daily Near-Surface Air Temperature with reference period 1995-2014,50.0,"access-cm2,access-esm1-5,bcc-csm2-mr,canesm5,cmcc-esm2,cnrm-cm6-1,cnrm-esm2-1,ec-earth3,ec-earth3-veg-lr,fgoals-g3,gfdl-cm4,gfdl-esm4,giss-e2-1-g,hadgem3-gc31-ll,inm-cm4-8,inm-cm5-0,ipsl-cm6a-lr,kace-1-0-g,miroc6,miroc-es2l,mpi-esm1-2-hr,mpi-esm1-2-lr,mri-esm2-0,nesm3,noresm2-lm,noresm2-mm,ukesm1-0-ll",World Bank Climate Change Knowledge Portal (CMIP6-x0.25),,1995-2014,country polygon mask; latitude-area weighted mean using cos(latitude),SSP2-4.5,Mean temperature
BIH,BIH,11.703482143989696,tas,ssp245,2040-2059,median,climatology,degC,ensemble of Daily Near-Surface Air Temperature,50.0,"access-cm2,access-esm1-5,bcc-csm2-mr,canesm5,cmcc-esm2,cnrm-cm6-1,cnrm-esm2-1,ec-earth3,ec-earth3-veg-lr,fgoals-g3,gfdl-cm4,gfdl-esm4,giss-e2-1-g,hadgem3-gc31-ll,inm-cm4-8,inm-cm5-0,ipsl-cm6a-lr,kace-1-0-g,miroc6,miroc-es2l,mpi-esm1-2-hr,mpi-esm1-2-lr,mri-esm2-0,nesm3,noresm2-lm,noresm2-mm,ukesm1-0-ll",World Bank Climate Change Knowledge Portal (CMIP6-x0.25),,,country polygon mask; latitude-area weighted mean using cos(latitude),SSP2-4.5,Mean temperature
BLR,BLR,10.87062221015852,hd30,ssp245,2040-2059,median,climatology,days,annual climatology of ensemble of hd30: hot days with 30 degC and higher,50.0,"access-cm2,access-esm1-5,bcc-csm2-mr,canesm5,cmcc-esm2,cnrm-cm6-1,cnrm-esm2-1,ec-earth3,ec-earth3-veg-lr,fgoals-g3,gfdl-cm4,gfdl-esm4,giss-e2-1-g,hadgem3-gc31-ll,inm-cm4-8,inm-cm5-0,ipsl-cm6a-lr,kace-1-0-g,kiost-esm,miroc6,miroc-es2l,mpi-esm1-2-hr,mpi-esm1-2-lr,mri-esm2-0,nesm3,noresm2-lm,noresm2-mm,ukesm1-0-ll",World Bank Climate Change Knowledge Portal (CMIP6-x0.25),,,country polygon mask; latitude-area weighted mean using cos(latitude),SSP2-4.5,Hot days above 30°C
BLR,BLR,1.7693502482825212,tas,ssp245,2040-2059,median,anomaly,degC,ensemble of anomaly of Daily Near-Surface Air Temperature with reference period 1995-2014,50.0,"access-cm2,access-esm1-5,bcc-csm2-mr,canesm5,cmcc-esm2,cnrm-cm6-1,cnrm-esm2-1,ec-earth3,ec-earth3-veg-lr,fgoals-g3,gfdl-cm4,gfdl-esm4,giss-e2-1-g,hadgem3-gc31-ll,inm-cm4-8,inm-cm5-0,ipsl-cm6a-lr,kace-1-0-g,miroc6,miroc-es2l,mpi-esm1-2-hr,mpi-esm1-2-lr,mri-esm2-0,nesm3,noresm2-lm,noresm2-mm,ukesm1-0-ll",World Bank Climate Change Knowledge Portal (CMIP6-x0.25),,1995-2014,country polygon mask; latitude-area weighted mean using cos(latitude),SSP2-4.5,Mean temperature
BLR,BLR,8.766799552310033,tas,ssp245,2040-2059,median,climatology,degC,ensemble of Daily Near-Surface Air Temperature,50.0,"access-cm2,access-esm1-5,bcc-csm2-mr,canesm5,cmcc-esm2,cnrm-cm6-1,cnrm-esm2-1,ec-earth3,ec-earth3-veg-lr,fgoals-g3,gfdl-cm4,gfdl-esm4,giss-e2-1-g,hadgem3-gc31-ll,inm-cm4-8,inm-cm5-0,ipsl-cm6a-lr,kace-1-0-g,miroc6,miroc-es2l,mpi-esm1-2-hr,mpi-esm1-2-lr,mri-esm2-0,nesm3,noresm2-lm,noresm2-mm,ukesm1-0-ll",World Bank Climate Change Knowledge Portal (CMIP6-x0.25),,,country polygon mask; latitude-area weighted mean using cos(latitude),SSP2-4.5,Mean temperature
BLZ,BLZ,220.91871211278914,hd30,ssp245,2040-2059,median,climatology,days,annual climatology of ensemble of hd30: hot days with 30 degC and higher,50.0,"access-cm2,access-esm1-5,bcc-csm2-mr,canesm5,cmcc-esm2,cnrm-cm6-1,cnrm-esm2-1,ec-earth3,ec-earth3-veg-lr,fgoals-g3,gfdl-cm4,gfdl-esm4,giss-e2-1-g,hadgem3-gc31-ll,inm-cm4-8,inm-cm5-0,ipsl-cm6a-lr,kace-1-0-g,kiost-esm,miroc6,miroc-es2l,mpi-esm1-2-hr,mpi-esm1-2-lr,mri-esm2-0,nesm3,noresm2-lm,noresm2-mm,ukesm1-0-ll",World Bank Climate Change Knowledge Portal (CMIP6-x0.25),,,country polygon mask; latitude-area weighted mean using cos(latitude),SSP2-4.5,Hot days above 30°C
BLZ,BLZ,1.2917848410547654,tas,ssp245,2040-2059,median,anomaly,degC,ensemble of anomaly of Daily Near-Surface Air Temperature with reference period 1995-2014,50.0,"access-cm2,access-esm1-5,bcc-csm2-mr,canesm5,cmcc-esm2,cnrm-cm6-1,cnrm-esm2-1,ec-earth3,ec-earth3-veg-lr,fgoals-g3,gfdl-cm4,gfdl-esm4,giss-e2-1-g,hadgem3-gc31-ll,inm-cm4-8,inm-cm5-0,ipsl-cm6a-lr,kace-1-0-g,miroc6,miroc-es2l,mpi-esm1-2-hr,mpi-esm1-2-lr,mri-esm2-0,nesm3,noresm2-lm,noresm2-mm,ukesm1-0-ll",World Bank Climate Change Knowledge Portal (CMIP6-x0.25),,1995-2014,country polygon mask; latitude-area weighted mean using cos(latitude),SSP2-4.5,Mean temperature
BLZ,BLZ,27.059729628480063,tas,ssp245,2040-2059,median,climatology,degC,ensemble of Daily Near-Surface Air Temperature,50.0,"access-cm2,access-esm1-5,bcc-csm2-mr,canesm5,cmcc-esm2,cnrm-cm6-1,cnrm-esm2-1,ec-earth3,ec-earth3-veg-lr,fgoals-g3,gfdl-cm4,gfdl-esm4,giss-e2-1-g,hadgem3-gc31-ll,inm-cm4-8,inm-cm5-0,ipsl-cm6a-lr,kace-1-0-g,miroc6,miroc-es2l,mpi-esm1-2-hr,mpi-esm1-2-lr,mri-esm2-0,nesm3,noresm2-lm,noresm2-mm,ukesm1-0-ll",World Bank Climate Change Knowledge Portal (CMIP6-x0.25),,,country polygon mask; latitude-area weighted mean using cos(latitude),SSP2-4.5,Mean temperature
BOL,BOL,178.71496791027687,hd30,ssp245,2040-2059,median,climatology,days,annual climatology of ensemble of hd30: hot days with 30 degC and higher,50.0,"access-cm2,access-esm1-5,bcc-csm2-mr,canesm5,cmcc-esm2,cnrm-cm6-1,cnrm-esm2-1,ec-earth3,ec-earth3-veg-lr,fgoals-g3,gfdl-cm4,gfdl-esm4,giss-e2-1-g,hadgem3-gc31-ll,inm-cm4-8,inm-cm5-0,ipsl-cm6a-lr,kace-1-0-g,kiost-esm,miroc6,miroc-es2l,mpi-esm1-2-hr,mpi-esm1-2-lr,mri-esm2-0,nesm3,noresm2-lm,noresm2-mm,ukesm1-0-ll",World Bank Climate Change Knowledge Portal (CMIP6-x0.25),,,country polygon mask; latitude-area weighted mean using cos(latitude),SSP2-4.5,Hot days above 30°C
BOL,BOL,1.5709824049311096,tas,ssp245,2040-2059,median,anomaly,degC,ensemble of anomaly of Daily Near-Surface Air Temperature with reference period 1995-2014,50.0,"access-cm2,access-esm1-5,bcc-csm2-mr,canesm5,cmcc-esm2,cnrm-cm6-1,cnrm-esm2-1,ec-earth3,ec-earth3-veg-lr,fgoals-g3,gfdl-cm4,gfdl-esm4,giss-e2-1-g,hadgem3-gc31-ll,inm-cm4-8,inm-cm5-0,ipsl-cm6a-lr,kace-1-0-g,miroc6,miroc-es2l,mpi-esm1-2-hr,mpi-esm1-2-lr,mri-esm2-0,nesm3,noresm2-lm,noresm2-mm,ukesm1-0-ll",World Bank Climate Change Knowledge Portal (CMIP6-x0.25),,1995-2014,country polygon mask; latitude-area weighted mean using cos(latitude),SSP2-4.5,Mean temperature
BOL,BOL,22.43382883466369,tas,ssp245,2040-2059,median,climatology,degC,ensemble of Daily Near-Surface Air Temperature,50.0,"access-cm2,access-esm1-5,bcc-csm2-mr,canesm5,cmcc-esm2,cnrm-cm6-1,cnrm-esm2-1,ec-earth3,ec-earth3-veg-lr,fgoals-g3,gfdl-cm4,gfdl-esm4,giss-e2-1-g,hadgem3-gc31-ll,inm-cm4-8,inm-cm5-0,ipsl-cm6a-lr,kace-1-0-g,miroc6,miroc-es2l,mpi-esm1-2-hr,mpi-esm1-2-lr,mri-esm2-0,nesm3,noresm2-lm,noresm2-mm,ukesm1-0-ll",World Bank Climate Change Knowledge Portal (CMIP6-x0.25),,,country polygon mask; latitude-area weighted mean using cos(latitude),SSP2-4.5,Mean temperature
BRA,BRA,258.6561418058412,hd30,ssp245,2040-2059,median,climatology,days,annual climatology of ensemble of hd30: hot days with 30 degC and higher,50.0,"access-cm2,access-esm1-5,bcc-csm2-mr,canesm5,cmcc-esm2,cnrm-cm6-1,cnrm-esm2-1,ec-earth3,ec-earth3-veg-lr,fgoals-g3,gfdl-cm4,gfdl-esm4,giss-e2-1-g,hadgem3-gc31-ll,inm-cm4-8,inm-cm5-0,ipsl-cm6a-lr,kace-1-0-g,kiost-esm,miroc6,miroc-es2l,mpi-esm1-2-hr,mpi-esm1-2-lr,mri-esm2-0,nesm3,noresm2-lm,noresm2-mm,ukesm1-0-ll",World Bank Climate Change Knowledge Portal (CMIP6-x0.25),,,country polygon mask; latitude-area weighted mean using cos(latitude),SSP2-4.5,Hot days above 30°C
BRA,BRA,1.3741686812393585,tas,ssp245,2040-2059,median,anomaly,degC,ensemble of anomaly of Daily Near-Surface Air Temperature with reference period 1995-2014,50.0,"access-cm2,access-esm1-5,bcc-csm2-mr,canesm5,cmcc-esm2,cnrm-cm6-1,cnrm-esm2-1,ec-earth3,ec-earth3-veg-lr,fgoals-g3,gfdl-cm4,gfdl-esm4,giss-e2-1-g,hadgem3-gc31-ll,inm-cm4-8,inm-cm5-0,ipsl-cm6a-lr,kace-1-0-g,miroc6,miroc-es2l,mpi-esm1-2-hr,mpi-esm1-2-lr,mri-esm2-0,nesm3,noresm2-lm,noresm2-mm,ukesm1-0-ll",World Bank Climate Change Knowledge Portal (CMIP6-x0.25),,1995-2014,country polygon mask; latitude-area weighted mean using cos(latitude),SSP2-4.5,Mean temperature
BRA,BRA,26.94067953191355,tas,ssp245,2040-2059,median,climatology,degC,ensemble of Daily Near-Surface Air Temperature,50.0,"access-cm2,access-esm1-5,bcc-csm2-mr,canesm5,cmcc-esm2,cnrm-cm6-1,cnrm-esm2-1,ec-earth3,ec-earth3-veg-lr,fgoals-g3,gfdl-cm4,gfdl-esm4,giss-e2-1-g,hadgem3-gc31-ll,inm-cm4-8,inm-cm5-0,ipsl-cm6a-lr,kace-1-0-g,miroc6,miroc-es2l,mpi-esm1-2-hr,mpi-esm1-2-lr,mri-esm2-0,nesm3,noresm2-lm,noresm2-mm,ukesm1-0-ll",World Bank Climate Change Knowledge Portal (CMIP6-x0.25),,,country polygon mask; latitude-area weighted mean using cos(latitude),SSP2-4.5,Mean temperature
BRN,BRN,300.4107675018073,hd30,ssp245,2040-2059,median,climatology,days,annual climatology of ensemble of hd30: hot days with 30 degC and higher,50.0,"access-cm2,access-esm1-5,bcc-csm2-mr,canesm5,cmcc-esm2,cnrm-cm6-1,cnrm-esm2-1,ec-earth3,ec-earth3-veg-lr,fgoals-g3,gfdl-cm4,gfdl-esm4,giss-e2-1-g,hadgem3-gc31-ll,inm-cm4-8,inm-cm5-0,ipsl-cm6a-lr,kace-1-0-g,kiost-esm,miroc6,miroc-es2l,mpi-esm1-2-hr,mpi-esm1-2-lr,mri-esm2-0,nesm3,noresm2-lm,noresm2-mm,ukesm1-0-ll",World Bank Climate Change Knowledge Portal (CMIP6-x0.25),,,country polygon mask; latitude-area weighted mean using cos(latitude),SSP2-4.5,Hot days above 30°C
BRN,BRN,1.078144063775077,tas,ssp245,2040-2059,median,anomaly,degC,ensemble of anomaly of Daily Near-Surface Air Temperature with reference period 1995-2014,50.0,"access-cm2,access-esm1-5,bcc-csm2-mr,canesm5,cmcc-esm2,cnrm-cm6-1,cnrm-esm2-1,ec-earth3,ec-earth3-veg-lr,fgoals-g3,gfdl-cm4,gfdl-esm4,giss-e2-1-g,hadgem3-gc31-ll,inm-cm4-8,inm-cm5-0,ipsl-cm6a-lr,kace-1-0-g,miroc6,miroc-es2l,mpi-esm1-2-hr,mpi-esm1-2-lr,mri-esm2-0,nesm3,noresm2-lm,noresm2-mm,ukesm1-0-ll",World Bank Climate Change Knowledge Portal (CMIP6-x0.25),,1995-2014,country polygon mask; latitude-area weighted mean using cos(latitude),SSP2-4.5,Mean temperature
BRN,BRN,27.851354987922953,tas,ssp245,2040-2059,median,climatology,degC,ensemble of Daily Near-Surface Air Temperature,50.0,"access-cm2,access-esm1-5,bcc-csm2-mr,canesm5,cmcc-esm2,cnrm-cm6-1,cnrm-esm2-1,ec-earth3,ec-earth3-veg-lr,fgoals-g3,gfdl-cm4,gfdl-esm4,giss-e2-1-g,hadgem3-gc31-ll,inm-cm4-8,inm-cm5-0,ipsl-cm6a-lr,kace-1-0-g,miroc6,miroc-es2l,mpi-esm1-2-hr,mpi-esm1-2-lr,mri-esm2-0,nesm3,noresm2-lm,noresm2-mm,ukesm1-0-ll",World Bank Climate Change Knowledge Portal (CMIP6-x0.25),,,country polygon mask; latitude-area weighted mean using cos(latitude),SSP2-4.5,Mean temperature
BTN,BTN,1.2362670947682552,hd30,ssp245,2040-2059,median,climatology,days,annual climatology of ensemble of hd30: hot days with 30 degC and higher,50.0,"access-cm2,access-esm1-5,bcc-csm2-mr,canesm5,cmcc-esm2,cnrm-cm6-1,cnrm-esm2-1,ec-earth3,ec-earth3-veg-lr,fgoals-g3,gfdl-cm4,gfdl-esm4,giss-e2-1-g,hadgem3-gc31-ll,inm-cm4-8,inm-cm5-0,ipsl-cm6a-lr,kace-1-0-g,kiost-esm,miroc6,miroc-es2l,mpi-esm1-2-hr,mpi-esm1-2-lr,mri-esm2-0,nesm3,noresm2-lm,noresm2-mm,ukesm1-0-ll",World Bank Climate Change Knowledge Portal (CMIP6-x0.25),,,country polygon mask; latitude-area weighted mean using cos(latitude),SSP2-4.5,Hot days above 30°C
BTN,BTN,1.4503051349071066,tas,ssp245,2040-2059,median,anomaly,degC,ensemble of anomaly of Daily Near-Surface Air Temperature with reference period 1995-2014,50.0,"access-cm2,access-esm1-5,bcc-csm2-mr,canesm5,cmcc-esm2,cnrm-cm6-1,cnrm-esm2-1,ec-earth3,ec-earth3-veg-lr,fgoals-g3,gfdl-cm4,gfdl-esm4,giss-e2-1-g,hadgem3-gc31-ll,inm-cm4-8,inm-cm5-0,ipsl-cm6a-lr,kace-1-0-g,miroc6,miroc-es2l,mpi-esm1-2-hr,mpi-esm1-2-lr,mri-esm2-0,nesm3,noresm2-lm,noresm2-mm,ukesm1-0-ll",World Bank Climate Change Knowledge Portal (CMIP6-x0.25),,1995-2014,country polygon mask; latitude-area weighted mean using cos(latitude),SSP2-4.5,Mean temperature
BTN,BTN,10.855420343095949,tas,ssp245,2040-2059,median,climatology,degC,ensemble of Daily Near-Surface Air Temperature,50.0,"access-cm2,access-esm1-5,bcc-csm2-mr,canesm5,cmcc-esm2,cnrm-cm6-1,cnrm-esm2-1,ec-earth3,ec-earth3-veg-lr,fgoals-g3,gfdl-cm4,gfdl-esm4,giss-e2-1-g,hadgem3-gc31-ll,inm-cm4-8,inm-cm5-0,ipsl-cm6a-lr,kace-1-0-g,miroc6,miroc-es2l,mpi-esm1-2-hr,mpi-esm1-2-lr,mri-esm2-0,nesm3,noresm2-lm,noresm2-mm,ukesm1-0-ll",World Bank Climate Change Knowledge Portal (CMIP6-x0.25),,,country polygon mask; latitude-area weighted mean using cos(latitude),SSP2-4.5,Mean temperature
BWA,BWA,213.98716491835285,hd30,ssp245,2040-2059,median,climatology,days,annual climatology of ensemble of hd30: hot days with 30 degC and higher,50.0,"access-cm2,access-esm1-5,bcc-csm2-mr,canesm5,cmcc-esm2,cnrm-cm6-1,cnrm-esm2-1,ec-earth3,ec-earth3-veg-lr,fgoals-g3,gfdl-cm4,gfdl-esm4,giss-e2-1-g,hadgem3-gc31-ll,inm-cm4-8,inm-cm5-0,ipsl-cm6a-lr,kace-1-0-g,kiost-esm,miroc6,miroc-es2l,mpi-esm1-2-hr,mpi-esm1-2-lr,mri-esm2-0,nesm3,noresm2-lm,noresm2-mm,ukesm1-0-ll",World Bank Climate Change Knowledge Portal (CMIP6-x0.25),,,country polygon mask; latitude-area weighted mean using cos(latitude),SSP2-4.5,Hot days above 30°C
BWA,BWA,1.7101425539926494,tas,ssp245,2040-2059,median,anomaly,degC,ensemble of anomaly of Daily Near-Surface Air Temperature with reference period 1995-2014,50.0,"access-cm2,access-esm1-5,bcc-csm2-mr,canesm5,cmcc-esm2,cnrm-cm6-1,cnrm-esm2-1,ec-earth3,ec-earth3-veg-lr,fgoals-g3,gfdl-cm4,gfdl-esm4,giss-e2-1-g,hadgem3-gc31-ll,inm-cm4-8,inm-cm5-0,ipsl-cm6a-lr,kace-1-0-g,miroc6,miroc-es2l,mpi-esm1-2-hr,mpi-esm1-2-lr,mri-esm2-0,nesm3,noresm2-lm,noresm2-mm,ukesm1-0-ll",World Bank Climate Change Knowledge Portal (CMIP6-x0.25),,1995-2014,country polygon mask; latitude-area weighted mean using cos(latitude),SSP2-4.5,Mean temperature
BWA,BWA,24.091630934259356,tas,ssp245,2040-2059,median,climatology,degC,ensemble of Daily Near-Surface Air Temperature,50.0,"access-cm2,access-esm1-5,bcc-csm2-mr,canesm5,cmcc-esm2,cnrm-cm6-1,cnrm-esm2-1,ec-earth3,ec-earth3-veg-lr,fgoals-g3,gfdl-cm4,gfdl-esm4,giss-e2-1-g,hadgem3-gc31-ll,inm-cm4-8,inm-cm5-0,ipsl-cm6a-lr,kace-1-0-g,miroc6,miroc-es2l,mpi-esm1-2-hr,mpi-esm1-2-lr,mri-esm2-0,nesm3,noresm2-lm,noresm2-mm,ukesm1-0-ll",World Bank Climate Change Knowledge Portal (CMIP6-x0.25),,,country polygon mask; latitude-area weighted mean using cos(latitude),SSP2-4.5,Mean temperature
CAF,CAF,286.99171433641595,hd30,ssp245,2040-2059,median,climatology,days,annual climatology of ensemble of hd30: hot days with 30 degC and higher,50.0,"access-cm2,access-esm1-5,bcc-csm2-mr,canesm5,cmcc-esm2,cnrm-cm6-1,cnrm-esm2-1,ec-earth3,ec-earth3-veg-lr,fgoals-g3,gfdl-cm4,gfdl-esm4,giss-e2-1-g,hadgem3-gc31-ll,inm-cm4-8,inm-cm5-0,ipsl-cm6a-lr,kace-1-0-g,kiost-esm,miroc6,miroc-es2l,mpi-esm1-2-hr,mpi-esm1-2-lr,mri-esm2-0,nesm3,noresm2-lm,noresm2-mm,ukesm1-0-ll",World Bank Climate Change Knowledge Portal (CMIP6-x0.25),,,country polygon mask; latitude-area weighted mean using cos(latitude),SSP2-4.5,Hot days above 30°C
CAF,CAF,1.196642251403739,tas,ssp245,2040-2059,median,anomaly,degC,ensemble of anomaly of Daily Near-Surface Air Temperature with reference period 1995-2014,50.0,"access-cm2,access-esm1-5,bcc-csm2-mr,canesm5,cmcc-esm2,cnrm-cm6-1,cnrm-esm2-1,ec-earth3,ec-earth3-veg-lr,fgoals-g3,gfdl-cm4,gfdl-esm4,giss-e2-1-g,hadgem3-gc31-ll,inm-cm4-8,inm-cm5-0,ipsl-cm6a-lr,kace-1-0-g,miroc6,miroc-es2l,mpi-esm1-2-hr,mpi-esm1-2-lr,mri-esm2-0,nesm3,noresm2-lm,noresm2-mm,ukesm1-0-ll",World Bank Climate Change Knowledge Portal (CMIP6-x0.25),,1995-2014,country polygon mask; latitude-area weighted mean using cos(latitude),SSP2-4.5,Mean temperature
CAF,CAF,27.549213667453945,tas,ssp245,2040-2059,median,climatology,degC,ensemble of Daily Near-Surface Air Temperature,50.0,"access-cm2,access-esm1-5,bcc-csm2-mr,canesm5,cmcc-esm2,cnrm-cm6-1,cnrm-esm2-1,ec-earth3,ec-earth3-veg-lr,fgoals-g3,gfdl-cm4,gfdl-esm4,giss-e2-1-g,hadgem3-gc31-ll,inm-cm4-8,inm-cm5-0,ipsl-cm6a-lr,kace-1-0-g,miroc6,miroc-es2l,mpi-esm1-2-hr,mpi-esm1-2-lr,mri-esm2-0,nesm3,noresm2-lm,noresm2-mm,ukesm1-0-ll",World Bank Climate Change Knowledge Portal (CMIP6-x0.25),,,country polygon mask; latitude-area weighted mean using cos(latitude),SSP2-4.5,Mean temperature
CAN,CAN,4.152432674027677,hd30,ssp245,2040-2059,median,climatology,days,annual climatology of ensemble of hd30: hot days with 30 degC and higher,50.0,"access-cm2,access-esm1-5,bcc-csm2-mr,canesm5,cmcc-esm2,cnrm-cm6-1,cnrm-esm2-1,ec-earth3,ec-earth3-veg-lr,fgoals-g3,gfdl-cm4,gfdl-esm4,giss-e2-1-g,hadgem3-gc31-ll,inm-cm4-8,inm-cm5-0,ipsl-cm6a-lr,kace-1-0-g,kiost-esm,miroc6,miroc-es2l,mpi-esm1-2-hr,mpi-esm1-2-lr,mri-esm2-0,nesm3,noresm2-lm,noresm2-mm,ukesm1-0-ll",World Bank Climate Change Knowledge Portal (CMIP6-x0.25),,,country polygon mask; latitude-area weighted mean using cos(latitude),SSP2-4.5,Hot days above 30°C
CAN,CAN,2.2695593944036347,tas,ssp245,2040-2059,median,anomaly,degC,ensemble of anomaly of Daily Near-Surface Air Temperature with reference period 1995-2014,50.0,"access-cm2,access-esm1-5,bcc-csm2-mr,canesm5,cmcc-esm2,cnrm-cm6-1,cnrm-esm2-1,ec-earth3,ec-earth3-veg-lr,fgoals-g3,gfdl-cm4,gfdl-esm4,giss-e2-1-g,hadgem3-gc31-ll,inm-cm4-8,inm-cm5-0,ipsl-cm6a-lr,kace-1-0-g,miroc6,miroc-es2l,mpi-esm1-2-hr,mpi-esm1-2-lr,mri-esm2-0,nesm3,noresm2-lm,noresm2-mm,ukesm1-0-ll",World Bank Climate Change Knowledge Portal (CMIP6-x0.25),,1995-2014,country polygon mask; latitude-area weighted mean using cos(latitude),SSP2-4.5,Mean temperature
CAN,CAN,-1.0328994943509973,tas,ssp245,2040-2059,median,climatology,degC,ensemble of Daily Near-Surface Air Temperature,50.0,"access-cm2,access-esm1-5,bcc-csm2-mr,canesm5,cmcc-esm2,cnrm-cm6-1,cnrm-esm2-1,ec-earth3,ec-earth3-veg-lr,fgoals-g3,gfdl-cm4,gfdl-esm4,giss-e2-1-g,hadgem3-gc31-ll,inm-cm4-8,inm-cm5-0,ipsl-cm6a-lr,kace-1-0-g,miroc6,miroc-es2l,mpi-esm1-2-hr,mpi-esm1-2-lr,mri-esm2-0,nesm3,noresm2-lm,noresm2-mm,ukesm1-0-ll",World Bank Climate Change Knowledge Portal (CMIP6-x0.25),,,country polygon mask; latitude-area weighted mean using cos(latitude),SSP2-4.5,Mean temperature
CHE,CHE,3.0979990319610438,hd30,ssp245,2040-2059,median,climatology,days,annual climatology of ensemble of hd30: hot days with 30 degC and higher,50.0,"access-cm2,access-esm1-5,bcc-csm2-mr,canesm5,cmcc-esm2,cnrm-cm6-1,cnrm-esm2-1,ec-earth3,ec-earth3-veg-lr,fgoals-g3,gfdl-cm4,gfdl-esm4,giss-e2-1-g,hadgem3-gc31-ll,inm-cm4-8,inm-cm5-0,ipsl-cm6a-lr,kace-1-0-g,kiost-esm,miroc6,miroc-es2l,mpi-esm1-2-hr,mpi-esm1-2-lr,mri-esm2-0,nesm3,noresm2-lm,noresm2-mm,ukesm1-0-ll",World Bank Climate Change Knowledge Portal (CMIP6-x0.25),,,country polygon mask; latitude-area weighted mean using cos(latitude),SSP2-4.5,Hot days above 30°C
CHE,CHE,1.5900798980737274,tas,ssp245,2040-2059,median,anomaly,degC,ensemble of anomaly of Daily Near-Surface Air Temperature with reference period 1995-2014,50.0,"access-cm2,access-esm1-5,bcc-csm2-mr,canesm5,cmcc-esm2,cnrm-cm6-1,cnrm-esm2-1,ec-earth3,ec-earth3-veg-lr,fgoals-g3,gfdl-cm4,gfdl-esm4,giss-e2-1-g,hadgem3-gc31-ll,inm-cm4-8,inm-cm5-0,ipsl-cm6a-lr,kace-1-0-g,miroc6,miroc-es2l,mpi-esm1-2-hr,mpi-esm1-2-lr,mri-esm2-0,nesm3,noresm2-lm,noresm2-mm,ukesm1-0-ll",World Bank Climate Change Knowledge Portal (CMIP6-x0.25),,1995-2014,country polygon mask; latitude-area weighted mean using cos(latitude),SSP2-4.5,Mean temperature
CHE,CHE,6.867251536912765,tas,ssp245,2040-2059,median,climatology,degC,ensemble of Daily Near-Surface Air Temperature,50.0,"access-cm2,access-esm1-5,bcc-csm2-mr,canesm5,cmcc-esm2,cnrm-cm6-1,cnrm-esm2-1,ec-earth3,ec-earth3-veg-lr,fgoals-g3,gfdl-cm4,gfdl-esm4,giss-e2-1-g,hadgem3-gc31-ll,inm-cm4-8,inm-cm5-0,ipsl-cm6a-lr,kace-1-0-g,miroc6,miroc-es2l,mpi-esm1-2-hr,mpi-esm1-2-lr,mri-esm2-0,nesm3,noresm2-lm,noresm2-mm,ukesm1-0-ll",World Bank Climate Change Knowledge Portal (CMIP6-x0.25),,,country polygon mask; latitude-area weighted mean using cos(latitude),SSP2-4.5,Mean temperature
CHL,CHL,4.1447823252360525,hd30,ssp245,2040-2059,median,climatology,days,annual climatology of ensemble of hd30: hot days with 30 degC and higher,50.0,"access-cm2,access-esm1-5,bcc-csm2-mr,canesm5,cmcc-esm2,cnrm-cm6-1,cnrm-esm2-1,ec-earth3,ec-earth3-veg-lr,fgoals-g3,gfdl-cm4,gfdl-esm4,giss-e2-1-g,hadgem3-gc31-ll,inm-cm4-8,inm-cm5-0,ipsl-cm6a-lr,kace-1-0-g,kiost-esm,miroc6,miroc-es2l,mpi-esm1-2-hr,mpi-esm1-2-lr,mri-esm2-0,nesm3,noresm2-lm,noresm2-mm,ukesm1-0-ll",World Bank Climate Change Knowledge Portal (CMIP6-x0.25),,,country polygon mask; latitude-area weighted mean using cos(latitude),SSP2-4.5,Hot days above 30°C
CHL,CHL,1.2117650373731936,tas,ssp245,2040-2059,median,anomaly,degC,ensemble of anomaly of Daily Near-Surface Air Temperature with reference period 1995-2014,50.0,"access-cm2,access-esm1-5,bcc-csm2-mr,canesm5,cmcc-esm2,cnrm-cm6-1,cnrm-esm2-1,ec-earth3,ec-earth3-veg-lr,fgoals-g3,gfdl-cm4,gfdl-esm4,giss-e2-1-g,hadgem3-gc31-ll,inm-cm4-8,inm-cm5-0,ipsl-cm6a-lr,kace-1-0-g,miroc6,miroc-es2l,mpi-esm1-2-hr,mpi-esm1-2-lr,mri-esm2-0,nesm3,noresm2-lm,noresm2-mm,ukesm1-0-ll",World Bank Climate Change Knowledge Portal (CMIP6-x0.25),,1995-2014,country polygon mask; latitude-area weighted mean using cos(latitude),SSP2-4.5,Mean temperature
CHL,CHL,10.318910587767077,tas,ssp245,2040-2059,median,climatology,degC,ensemble of Daily Near-Surface Air Temperature,50.0,"access-cm2,access-esm1-5,bcc-csm2-mr,canesm5,cmcc-esm2,cnrm-cm6-1,cnrm-esm2-1,ec-earth3,ec-earth3-veg-lr,fgoals-g3,gfdl-cm4,gfdl-esm4,giss-e2-1-g,hadgem3-gc31-ll,inm-cm4-8,inm-cm5-0,ipsl-cm6a-lr,kace-1-0-g,miroc6,miroc-es2l,mpi-esm1-2-hr,mpi-esm1-2-lr,mri-esm2-0,nesm3,noresm2-lm,noresm2-mm,ukesm1-0-ll",World Bank Climate Change Knowledge Portal (CMIP6-x0.25),,,country polygon mask; latitude-area weighted mean using cos(latitude),SSP2-4.5,Mean temperature
CHN,CHN,46.169779562395505,hd30,ssp245,2040-2059,median,climatology,days,annual climatology of ensemble of hd30: hot days with 30 degC and higher,50.0,"access-cm2,access-esm1-5,bcc-csm2-mr,canesm5,cmcc-esm2,cnrm-cm6-1,cnrm-esm2-1,ec-earth3,ec-earth3-veg-lr,fgoals-g3,gfdl-cm4,gfdl-esm4,giss-e2-1-g,hadgem3-gc31-ll,inm-cm4-8,inm-cm5-0,ipsl-cm6a-lr,kace-1-0-g,kiost-esm,miroc6,miroc-es2l,mpi-esm1-2-hr,mpi-esm1-2-lr,mri-esm2-0,nesm3,noresm2-lm,noresm2-mm,ukesm1-0-ll",World Bank Climate Change Knowledge Portal (CMIP6-x0.25),,,country polygon mask; latitude-area weighted mean using cos(latitude),SSP2-4.5,Hot days above 30°C
CHN,CHN,1.8070883482476503,tas,ssp245,2040-2059,median,anomaly,degC,ensemble of anomaly of Daily Near-Surface Air Temperature with reference period 1995-2014,50.0,"access-cm2,access-esm1-5,bcc-csm2-mr,canesm5,cmcc-esm2,cnrm-cm6-1,cnrm-esm2-1,ec-earth3,ec-earth3-veg-lr,fgoals-g3,gfdl-cm4,gfdl-esm4,giss-e2-1-g,hadgem3-gc31-ll,inm-cm4-8,inm-cm5-0,ipsl-cm6a-lr,kace-1-0-g,miroc6,miroc-es2l,mpi-esm1-2-hr,mpi-esm1-2-lr,mri-esm2-0,nesm3,noresm2-lm,noresm2-mm,ukesm1-0-ll",World Bank Climate Change Knowledge Portal (CMIP6-x0.25),,1995-2014,country polygon mask; latitude-area weighted mean using cos(latitude),SSP2-4.5,Mean temperature
CHN,CHN,8.871565987357979,tas,ssp245,2040-2059,median,climatology,degC,ensemble of Daily Near-Surface Air Temperature,50.0,"access-cm2,access-esm1-5,bcc-csm2-mr,canesm5,cmcc-esm2,cnrm-cm6-1,cnrm-esm2-1,ec-earth3,ec-earth3-veg-lr,fgoals-g3,gfdl-cm4,gfdl-esm4,giss-e2-1-g,hadgem3-gc31-ll,inm-cm4-8,inm-cm5-0,ipsl-cm6a-lr,kace-1-0-g,miroc6,miroc-es2l,mpi-esm1-2-hr,mpi-esm1-2-lr,mri-esm2-0,nesm3,noresm2-lm,noresm2-mm,ukesm1-0-ll",World Bank Climate Change Knowledge Portal (CMIP6-x0.25),,,country polygon mask; latitude-area weighted mean using cos(latitude),SSP2-4.5,Mean temperature
CIV,CIV,296.1621781621452,hd30,ssp245,2040-2059,median,climatology,days,annual climatology of ensemble of hd30: hot days with 30 degC and higher,50.0,"access-cm2,access-esm1-5,bcc-csm2-mr,canesm5,cmcc-esm2,cnrm-cm6-1,cnrm-esm2-1,ec-earth3,ec-earth3-veg-lr,fgoals-g3,gfdl-cm4,gfdl-esm4,giss-e2-1-g,hadgem3-gc31-ll,inm-cm4-8,inm-cm5-0,ipsl-cm6a-lr,kace-1-0-g,kiost-esm,miroc6,miroc-es2l,mpi-esm1-2-hr,mpi-esm1-2-lr,mri-esm2-0,nesm3,noresm2-lm,noresm2-mm,ukesm1-0-ll",World Bank Climate Change Knowledge Portal (CMIP6-x0.25),,,country polygon mask; latitude-area weighted mean using cos(latitude),SSP2-4.5,Hot days above 30°C
CIV,CIV,1.278355451343906,tas,ssp245,2040-2059,median,anomaly,degC,ensemble of anomaly of Daily Near-Surface Air Temperature with reference period 1995-2014,50.0,"access-cm2,access-esm1-5,bcc-csm2-mr,canesm5,cmcc-esm2,cnrm-cm6-1,cnrm-esm2-1,ec-earth3,ec-earth3-veg-lr,fgoals-g3,gfdl-cm4,gfdl-esm4,giss-e2-1-g,hadgem3-gc31-ll,inm-cm4-8,inm-cm5-0,ipsl-cm6a-lr,kace-1-0-g,miroc6,miroc-es2l,mpi-esm1-2-hr,mpi-esm1-2-lr,mri-esm2-0,nesm3,noresm2-lm,noresm2-mm,ukesm1-0-ll",World Bank Climate Change Knowledge Portal (CMIP6-x0.25),,1995-2014,country polygon mask; latitude-area weighted mean using cos(latitude),SSP2-4.5,Mean temperature
CIV,CIV,28.06903934783654,tas,ssp245,2040-2059,median,climatology,degC,ensemble of Daily Near-Surface Air Temperature,50.0,"access-cm2,access-esm1-5,bcc-csm2-mr,canesm5,cmcc-esm2,cnrm-cm6-1,cnrm-esm2-1,ec-earth3,ec-earth3-veg-lr,fgoals-g3,gfdl-cm4,gfdl-esm4,giss-e2-1-g,hadgem3-gc31-ll,inm-cm4-8,inm-cm5-0,ipsl-cm6a-lr,kace-1-0-g,miroc6,miroc-es2l,mpi-esm1-2-hr,mpi-esm1-2-lr,mri-esm2-0,nesm3,noresm2-lm,noresm2-mm,ukesm1-0-ll",World Bank Climate Change Knowledge Portal (CMIP6-x0.25),,,country polygon mask; latitude-area weighted mean using cos(latitude),SSP2-4.5,Mean temperature
CMR,CMR,200.41621476896748,hd30,ssp245,2040-2059,median,climatology,days,annual climatology of ensemble of hd30: hot days with 30 degC and higher,50.0,"access-cm2,access-esm1-5,bcc-csm2-mr,canesm5,cmcc-esm2,cnrm-cm6-1,cnrm-esm2-1,ec-earth3,ec-earth3-veg-lr,fgoals-g3,gfdl-cm4,gfdl-esm4,giss-e2-1-g,hadgem3-gc31-ll,inm-cm4-8,inm-cm5-0,ipsl-cm6a-lr,kace-1-0-g,kiost-esm,miroc6,miroc-es2l,mpi-esm1-2-hr,mpi-esm1-2-lr,mri-esm2-0,nesm3,noresm2-lm,noresm2-mm,ukesm1-0-ll",World Bank Climate Change Knowledge Portal (CMIP6-x0.25),,,country polygon mask; latitude-area weighted mean using cos(latitude),SSP2-4.5,Hot days above 30°C
CMR,CMR,1.2140966912771995,tas,ssp245,2040-2059,median,anomaly,degC,ensemble of anomaly of Daily Near-Surface Air Temperature with reference period 1995-2014,50.0,"access-cm2,access-esm1-5,bcc-csm2-mr,canesm5,cmcc-esm2,cnrm-cm6-1,cnrm-esm2-1,ec-earth3,ec-earth3-veg-lr,fgoals-g3,gfdl-cm4,gfdl-esm4,giss-e2-1-g,hadgem3-gc31-ll,inm-cm4-8,inm-cm5-0,ipsl-cm6a-lr,kace-1-0-g,miroc6,miroc-es2l,mpi-esm1-2-hr,mpi-esm1-2-lr,mri-esm2-0,nesm3,noresm2-lm,noresm2-mm,ukesm1-0-ll",World Bank Climate Change Knowledge Portal (CMIP6-x0.25),,1995-2014,country polygon mask; latitude-area weighted mean using cos(latitude),SSP2-4.5,Mean temperature
CMR,CMR,26.28711499170816,tas,ssp245,2040-2059,median,climatology,degC,ensemble of Daily Near-Surface Air Temperature,50.0,"access-cm2,access-esm1-5,bcc-csm2-mr,canesm5,cmcc-esm2,cnrm-cm6-1,cnrm-esm2-1,ec-earth3,ec-earth3-veg-lr,fgoals-g3,gfdl-cm4,gfdl-esm4,giss-e2-1-g,hadgem3-gc31-ll,inm-cm4-8,inm-cm5-0,ipsl-cm6a-lr,kace-1-0-g,miroc6,miroc-es2l,mpi-esm1-2-hr,mpi-esm1-2-lr,mri-esm2-0,nesm3,noresm2-lm,noresm2-mm,ukesm1-0-ll",World Bank Climate Change Knowledge Portal (CMIP6-x0.25),,,country polygon mask; latitude-area weighted mean using cos(latitude),SSP2-4.5,Mean temperature
COD,COD,195.3904157938937,hd30,ssp245,2040-2059,median,climatology,days,annual climatology of ensemble of hd30: hot days with 30 degC and higher,50.0,"access-cm2,access-esm1-5,bcc-csm2-mr,canesm5,cmcc-esm2,cnrm-cm6-1,cnrm-esm2-1,ec-earth3,ec-earth3-veg-lr,fgoals-g3,gfdl-cm4,gfdl-esm4,giss-e2-1-g,hadgem3-gc31-ll,inm-cm4-8,inm-cm5-0,ipsl-cm6a-lr,kace-1-0-g,kiost-esm,miroc6,miroc-es2l,mpi-esm1-2-hr,mpi-esm1-2-lr,mri-esm2-0,nesm3,noresm2-lm,noresm2-mm,ukesm1-0-ll",World Bank Climate Change Knowledge Portal (CMIP6-x0.25),,,country polygon mask; latitude-area weighted mean using cos(latitude),SSP2-4.5,Hot days above 30°C
COD,COD,1.2222988302955664,tas,ssp245,2040-2059,median,anomaly,degC,ensemble of anomaly of Daily Near-Surface Air Temperature with reference period 1995-2014,50.0,"access-cm2,access-esm1-5,bcc-csm2-mr,canesm5,cmcc-esm2,cnrm-cm6-1,cnrm-esm2-1,ec-earth3,ec-earth3-veg-lr,fgoals-g3,gfdl-cm4,gfdl-esm4,giss-e2-1-g,hadgem3-gc31-ll,inm-cm4-8,inm-cm5-0,ipsl-cm6a-lr,kace-1-0-g,miroc6,miroc-es2l,mpi-esm1-2-hr,mpi-esm1-2-lr,mri-esm2-0,nesm3,noresm2-lm,noresm2-mm,ukesm1-0-ll",World Bank Climate Change Knowledge Portal (CMIP6-x0.25),,1995-2014,country polygon mask; latitude-area weighted mean using cos(latitude),SSP2-4.5,Mean temperature
COD,COD,25.863708626895395,tas,ssp245,2040-2059,median,climatology,degC,ensemble of Daily Near-Surface Air Temperature,50.0,"access-cm2,access-esm1-5,bcc-csm2-mr,canesm5,cmcc-esm2,cnrm-cm6-1,cnrm-esm2-1,ec-earth3,ec-earth3-veg-lr,fgoals-g3,gfdl-cm4,gfdl-esm4,giss-e2-1-g,hadgem3-gc31-ll,inm-cm4-8,inm-cm5-0,ipsl-cm6a-lr,kace-1-0-g,miroc6,miroc-es2l,mpi-esm1-2-hr,mpi-esm1-2-lr,mri-esm2-0,nesm3,noresm2-lm,noresm2-mm,ukesm1-0-ll",World Bank Climate Change Knowledge Portal (CMIP6-x0.25),,,country polygon mask; latitude-area weighted mean using cos(latitude),SSP2-4.5,Mean temperature
COG,COG,215.2109493541775,hd30,ssp245,2040-2059,median,climatology,days,annual climatology of ensemble of hd30: hot days with 30 degC and higher,50.0,"access-cm2,access-esm1-5,bcc-csm2-mr,canesm5,cmcc-esm2,cnrm-cm6-1,cnrm-esm2-1,ec-earth3,ec-earth3-veg-lr,fgoals-g3,gfdl-cm4,gfdl-esm4,giss-e2-1-g,hadgem3-gc31-ll,inm-cm4-8,inm-cm5-0,ipsl-cm6a-lr,kace-1-0-g,kiost-esm,miroc6,miroc-es2l,mpi-esm1-2-hr,mpi-esm1-2-lr,mri-esm2-0,nesm3,noresm2-lm,noresm2-mm,ukesm1-0-ll",World Bank Climate Change Knowledge Portal (CMIP6-x0.25),,,country polygon mask; latitude-area weighted mean using cos(latitude),SSP2-4.5,Hot days above 30°C
COG,COG,1.1379314637297835,tas,ssp245,2040-2059,median,anomaly,degC,ensemble of anomaly of Daily Near-Surface Air Temperature with reference period 1995-2014,50.0,"access-cm2,access-esm1-5,bcc-csm2-mr,canesm5,cmcc-esm2,cnrm-cm6-1,cnrm-esm2-1,ec-earth3,ec-earth3-veg-lr,fgoals-g3,gfdl-cm4,gfdl-esm4,giss-e2-1-g,hadgem3-gc31-ll,inm-cm4-8,inm-cm5-0,ipsl-cm6a-lr,kace-1-0-g,miroc6,miroc-es2l,mpi-esm1-2-hr,mpi-esm1-2-lr,mri-esm2-0,nesm3,noresm2-lm,noresm2-mm,ukesm1-0-ll",World Bank Climate Change Knowledge Portal (CMIP6-x0.25),,1995-2014,country polygon mask; latitude-area weighted mean using cos(latitude),SSP2-4.5,Mean temperature
COG,COG,26.491895763349895,tas,ssp245,2040-2059,median,climatology,degC,ensemble of Daily Near-Surface Air Temperature,50.0,"access-cm2,access-esm1-5,bcc-csm2-mr,canesm5,cmcc-esm2,cnrm-cm6-1,cnrm-esm2-1,ec-earth3,ec-earth3-veg-lr,fgoals-g3,gfdl-cm4,gfdl-esm4,giss-e2-1-g,hadgem3-gc31-ll,inm-cm4-8,inm-cm5-0,ipsl-cm6a-lr,kace-1-0-g,miroc6,miroc-es2l,mpi-esm1-2-hr,mpi-esm1-2-lr,mri-esm2-0,nesm3,noresm2-lm,noresm2-mm,ukesm1-0-ll",World Bank Climate Change Knowledge Portal (CMIP6-x0.25),,,country polygon mask; latitude-area weighted mean using cos(latitude),SSP2-4.5,Mean temperature
COK,COK,0.0,hd30,ssp245,2040-2059,median,climatology,days,annual climatology of ensemble of hd30: hot days with 30 degC and higher,50.0,"access-cm2,access-esm1-5,bcc-csm2-mr,canesm5,cmcc-esm2,cnrm-cm6-1,cnrm-esm2-1,ec-earth3,ec-earth3-veg-lr,fgoals-g3,gfdl-cm4,gfdl-esm4,giss-e2-1-g,hadgem3-gc31-ll,inm-cm4-8,inm-cm5-0,ipsl-cm6a-lr,kace-1-0-g,kiost-esm,miroc6,miroc-es2l,mpi-esm1-2-hr,mpi-esm1-2-lr,mri-esm2-0,nesm3,noresm2-lm,noresm2-mm,ukesm1-0-ll",World Bank Climate Change Knowledge Portal (CMIP6-x0.25),,,country polygon mask; latitude-area weighted mean using cos(latitude),SSP2-4.5,Hot days above 30°C
COK,COK,0.7620000243186951,tas,ssp245,2040-2059,median,anomaly,degC,ensemble of anomaly of Daily Near-Surface Air Temperature with reference period 1995-2014,50.0,"access-cm2,access-esm1-5,bcc-csm2-mr,canesm5,cmcc-esm2,cnrm-cm6-1,cnrm-esm2-1,ec-earth3,ec-earth3-veg-lr,fgoals-g3,gfdl-cm4,gfdl-esm4,giss-e2-1-g,hadgem3-gc31-ll,inm-cm4-8,inm-cm5-0,ipsl-cm6a-lr,kace-1-0-g,miroc6,miroc-es2l,mpi-esm1-2-hr,mpi-esm1-2-lr,mri-esm2-0,nesm3,noresm2-lm,noresm2-mm,ukesm1-0-ll",World Bank Climate Change Knowledge Portal (CMIP6-x0.25),,1995-2014,country polygon mask; latitude-area weighted mean using cos(latitude),SSP2-4.5,Mean temperature
COK,COK,25.106000900268555,tas,ssp245,2040-2059,median,climatology,degC,ensemble of Daily Near-Surface Air Temperature,50.0,"access-cm2,access-esm1-5,bcc-csm2-mr,canesm5,cmcc-esm2,cnrm-cm6-1,cnrm-esm2-1,ec-earth3,ec-earth3-veg-lr,fgoals-g3,gfdl-cm4,gfdl-esm4,giss-e2-1-g,hadgem3-gc31-ll,inm-cm4-8,inm-cm5-0,ipsl-cm6a-lr,kace-1-0-g,miroc6,miroc-es2l,mpi-esm1-2-hr,mpi-esm1-2-lr,mri-esm2-0,nesm3,noresm2-lm,noresm2-mm,ukesm1-0-ll",World Bank Climate Change Knowledge Portal (CMIP6-x0.25),,,country polygon mask; latitude-area weighted mean using cos(latitude),SSP2-4.5,Mean temperature
COL,COL,201.02178149883892,hd30,ssp245,2040-2059,median,climatology,days,annual climatology of ensemble of hd30: hot days with 30 degC and higher,50.0,"access-cm2,access-esm1-5,bcc-csm2-mr,canesm5,cmcc-esm2,cnrm-cm6-1,cnrm-esm2-1,ec-earth3,ec-earth3-veg-lr,fgoals-g3,gfdl-cm4,gfdl-esm4,giss-e2-1-g,hadgem3-gc31-ll,inm-cm4-8,inm-cm5-0,ipsl-cm6a-lr,kace-1-0-g,kiost-esm,miroc6,miroc-es2l,mpi-esm1-2-hr,mpi-esm1-2-lr,mri-esm2-0,nesm3,noresm2-lm,noresm2-mm,ukesm1-0-ll",World Bank Climate Change Knowledge Portal (CMIP6-x0.25),,,country polygon mask; latitude-area weighted mean using cos(latitude),SSP2-4.5,Hot days above 30°C
COL,COL,1.2756893432066785,tas,ssp245,2040-2059,median,anomaly,degC,ensemble of anomaly of Daily Near-Surface Air Temperature with reference period 1995-2014,50.0,"access-cm2,access-esm1-5,bcc-csm2-mr,canesm5,cmcc-esm2,cnrm-cm6-1,cnrm-esm2-1,ec-earth3,ec-earth3-veg-lr,fgoals-g3,gfdl-cm4,gfdl-esm4,giss-e2-1-g,hadgem3-gc31-ll,inm-cm4-8,inm-cm5-0,ipsl-cm6a-lr,kace-1-0-g,miroc6,miroc-es2l,mpi-esm1-2-hr,mpi-esm1-2-lr,mri-esm2-0,nesm3,noresm2-lm,noresm2-mm,ukesm1-0-ll",World Bank Climate Change Knowledge Portal (CMIP6-x0.25),,1995-2014,country polygon mask; latitude-area weighted mean using cos(latitude),SSP2-4.5,Mean temperature
COL,COL,25.78244784170596,tas,ssp245,2040-2059,median,climatology,degC,ensemble of Daily Near-Surface Air Temperature,50.0,"access-cm2,access-esm1-5,bcc-csm2-mr,canesm5,cmcc-esm2,cnrm-cm6-1,cnrm-esm2-1,ec-earth3,ec-earth3-veg-lr,fgoals-g3,gfdl-cm4,gfdl-esm4,giss-e2-1-g,hadgem3-gc31-ll,inm-cm4-8,inm-cm5-0,ipsl-cm6a-lr,kace-1-0-g,miroc6,miroc-es2l,mpi-esm1-2-hr,mpi-esm1-2-lr,mri-esm2-0,nesm3,noresm2-lm,noresm2-mm,ukesm1-0-ll",World Bank Climate Change Knowledge Portal (CMIP6-x0.25),,,country polygon mask; latitude-area weighted mean using cos(latitude),SSP2-4.5,Mean temperature
COM,COM,41.38658306615697,hd30,ssp245,2040-2059,median,climatology,days,annual climatology of ensemble of hd30: hot days with 30 degC and higher,50.0,"access-cm2,access-esm1-5,bcc-csm2-mr,canesm5,cmcc-esm2,cnrm-cm6-1,cnrm-esm2-1,ec-earth3,ec-earth3-veg-lr,fgoals-g3,gfdl-cm4,gfdl-esm4,giss-e2-1-g,hadgem3-gc31-ll,inm-cm4-8,inm-cm5-0,ipsl-cm6a-lr,kace-1-0-g,kiost-esm,miroc6,miroc-es2l,mpi-esm1-2-hr,mpi-esm1-2-lr,mri-esm2-0,nesm3,noresm2-lm,noresm2-mm,ukesm1-0-ll",World Bank Climate Change Knowledge Portal (CMIP6-x0.25),,,country polygon mask; latitude-area weighted mean using cos(latitude),SSP2-4.5,Hot days above 30°C
COM,COM,0.9815051007748515,tas,ssp245,2040-2059,median,anomaly,degC,ensemble of anomaly of Daily Near-Surface Air Temperature with reference period 1995-2014,50.0,"access-cm2,access-esm1-5,bcc-csm2-mr,canesm5,cmcc-esm2,cnrm-cm6-1,cnrm-esm2-1,ec-earth3,ec-earth3-veg-lr,fgoals-g3,gfdl-cm4,gfdl-esm4,giss-e2-1-g,hadgem3-gc31-ll,inm-cm4-8,inm-cm5-0,ipsl-cm6a-lr,kace-1-0-g,miroc6,miroc-es2l,mpi-esm1-2-hr,mpi-esm1-2-lr,mri-esm2-0,nesm3,noresm2-lm,noresm2-mm,ukesm1-0-ll",World Bank Climate Change Knowledge Portal (CMIP6-x0.25),,1995-2014,country polygon mask; latitude-area weighted mean using cos(latitude),SSP2-4.5,Mean temperature
COM,COM,26.154554552264305,tas,ssp245,2040-2059,median,climatology,degC,ensemble of Daily Near-Surface Air Temperature,50.0,"access-cm2,access-esm1-5,bcc-csm2-mr,canesm5,cmcc-esm2,cnrm-cm6-1,cnrm-esm2-1,ec-earth3,ec-earth3-veg-lr,fgoals-g3,gfdl-cm4,gfdl-esm4,giss-e2-1-g,hadgem3-gc31-ll,inm-cm4-8,inm-cm5-0,ipsl-cm6a-lr,kace-1-0-g,miroc6,miroc-es2l,mpi-esm1-2-hr,mpi-esm1-2-lr,mri-esm2-0,nesm3,noresm2-lm,noresm2-mm,ukesm1-0-ll",World Bank Climate Change Knowledge Portal (CMIP6-x0.25),,,country polygon mask; latitude-area weighted mean using cos(latitude),SSP2-4.5,Mean temperature
CPV,CPV,2.1607609487843753,hd30,ssp245,2040-2059,median,climatology,days,annual climatology of ensemble of hd30: hot days with 30 degC and higher,50.0,"access-cm2,access-esm1-5,bcc-csm2-mr,canesm5,cmcc-esm2,cnrm-cm6-1,cnrm-esm2-1,ec-earth3,ec-earth3-veg-lr,fgoals-g3,gfdl-cm4,gfdl-esm4,giss-e2-1-g,hadgem3-gc31-ll,inm-cm4-8,inm-cm5-0,ipsl-cm6a-lr,kace-1-0-g,kiost-esm,miroc6,miroc-es2l,mpi-esm1-2-hr,mpi-esm1-2-lr,mri-esm2-0,nesm3,noresm2-lm,noresm2-mm,ukesm1-0-ll",World Bank Climate Change Knowledge Portal (CMIP6-x0.25),,,country polygon mask; latitude-area weighted mean using cos(latitude),SSP2-4.5,Hot days above 30°C
CPV,CPV,0.9287277313136334,tas,ssp245,2040-2059,median,anomaly,degC,ensemble of anomaly of Daily Near-Surface Air Temperature with reference period 1995-2014,50.0,"access-cm2,access-esm1-5,bcc-csm2-mr,canesm5,cmcc-esm2,cnrm-cm6-1,cnrm-esm2-1,ec-earth3,ec-earth3-veg-lr,fgoals-g3,gfdl-cm4,gfdl-esm4,giss-e2-1-g,hadgem3-gc31-ll,inm-cm4-8,inm-cm5-0,ipsl-cm6a-lr,kace-1-0-g,miroc6,miroc-es2l,mpi-esm1-2-hr,mpi-esm1-2-lr,mri-esm2-0,nesm3,noresm2-lm,noresm2-mm,ukesm1-0-ll",World Bank Climate Change Knowledge Portal (CMIP6-x0.25),,1995-2014,country polygon mask; latitude-area weighted mean using cos(latitude),SSP2-4.5,Mean temperature
CPV,CPV,23.631203102713904,tas,ssp245,2040-2059,median,climatology,degC,ensemble of Daily Near-Surface Air Temperature,50.0,"access-cm2,access-esm1-5,bcc-csm2-mr,canesm5,cmcc-esm2,cnrm-cm6-1,cnrm-esm2-1,ec-earth3,ec-earth3-veg-lr,fgoals-g3,gfdl-cm4,gfdl-esm4,giss-e2-1-g,hadgem3-gc31-ll,inm-cm4-8,inm-cm5-0,ipsl-cm6a-lr,kace-1-0-g,miroc6,miroc-es2l,mpi-esm1-2-hr,mpi-esm1-2-lr,mri-esm2-0,nesm3,noresm2-lm,noresm2-mm,ukesm1-0-ll",World Bank Climate Change Knowledge Portal (CMIP6-x0.25),,,country polygon mask; latitude-area weighted mean using cos(latitude),SSP2-4.5,Mean temperature
CRI,CRI,96.50389729550994,hd30,ssp245,2040-2059,median,climatology,days,annual climatology of ensemble of hd30: hot days with 30 degC and higher,50.0,"access-cm2,access-esm1-5,bcc-csm2-mr,canesm5,cmcc-esm2,cnrm-cm6-1,cnrm-esm2-1,ec-earth3,ec-earth3-veg-lr,fgoals-g3,gfdl-cm4,gfdl-esm4,giss-e2-1-g,hadgem3-gc31-ll,inm-cm4-8,inm-cm5-0,ipsl-cm6a-lr,kace-1-0-g,kiost-esm,miroc6,miroc-es2l,mpi-esm1-2-hr,mpi-esm1-2-lr,mri-esm2-0,nesm3,noresm2-lm,noresm2-mm,ukesm1-0-ll",World Bank Climate Change Knowledge Portal (CMIP6-x0.25),,,country polygon mask; latitude-area weighted mean using cos(latitude),SSP2-4.5,Hot days above 30°C
CRI,CRI,1.2156407196946293,tas,ssp245,2040-2059,median,anomaly,degC,ensemble of anomaly of Daily Near-Surface Air Temperature with reference period 1995-2014,50.0,"access-cm2,access-esm1-5,bcc-csm2-mr,canesm5,cmcc-esm2,cnrm-cm6-1,cnrm-esm2-1,ec-earth3,ec-earth3-veg-lr,fgoals-g3,gfdl-cm4,gfdl-esm4,giss-e2-1-g,hadgem3-gc31-ll,inm-cm4-8,inm-cm5-0,ipsl-cm6a-lr,kace-1-0-g,miroc6,miroc-es2l,mpi-esm1-2-hr,mpi-esm1-2-lr,mri-esm2-0,nesm3,noresm2-lm,noresm2-mm,ukesm1-0-ll",World Bank Climate Change Knowledge Portal (CMIP6-x0.25),,1995-2014,country polygon mask; latitude-area weighted mean using cos(latitude),SSP2-4.5,Mean temperature
CRI,CRI,24.74953691985919,tas,ssp245,2040-2059,median,climatology,degC,ensemble of Daily Near-Surface Air Temperature,50.0,"access-cm2,access-esm1-5,bcc-csm2-mr,canesm5,cmcc-esm2,cnrm-cm6-1,cnrm-esm2-1,ec-earth3,ec-earth3-veg-lr,fgoals-g3,gfdl-cm4,gfdl-esm4,giss-e2-1-g,hadgem3-gc31-ll,inm-cm4-8,inm-cm5-0,ipsl-cm6a-lr,kace-1-0-g,miroc6,miroc-es2l,mpi-esm1-2-hr,mpi-esm1-2-lr,mri-esm2-0,nesm3,noresm2-lm,noresm2-mm,ukesm1-0-ll",World Bank Climate Change Knowledge Portal (CMIP6-x0.25),,,country polygon mask; latitude-area weighted mean using cos(latitude),SSP2-4.5,Mean temperature
CUB,CUB,227.27315263939866,hd30,ssp245,2040-2059,median,climatology,days,annual climatology of ensemble of hd30: hot days with 30 degC and higher,50.0,"access-cm2,access-esm1-5,bcc-csm2-mr,canesm5,cmcc-esm2,cnrm-cm6-1,cnrm-esm2-1,ec-earth3,ec-earth3-veg-lr,fgoals-g3,gfdl-cm4,gfdl-esm4,giss-e2-1-g,hadgem3-gc31-ll,inm-cm4-8,inm-cm5-0,ipsl-cm6a-lr,kace-1-0-g,kiost-esm,miroc6,miroc-es2l,mpi-esm1-2-hr,mpi-esm1-2-lr,mri-esm2-0,nesm3,noresm2-lm,noresm2-mm,ukesm1-0-ll",World Bank Climate Change Knowledge Portal (CMIP6-x0.25),,,country polygon mask; latitude-area weighted mean using cos(latitude),SSP2-4.5,Hot days above 30°C
CUB,CUB,1.2123076018784533,tas,ssp245,2040-2059,median,anomaly,degC,ensemble of anomaly of Daily Near-Surface Air Temperature with reference period 1995-2014,50.0,"access-cm2,access-esm1-5,bcc-csm2-mr,canesm5,cmcc-esm2,cnrm-cm6-1,cnrm-esm2-1,ec-earth3,ec-earth3-veg-lr,fgoals-g3,gfdl-cm4,gfdl-esm4,giss-e2-1-g,hadgem3-gc31-ll,inm-cm4-8,inm-cm5-0,ipsl-cm6a-lr,kace-1-0-g,miroc6,miroc-es2l,mpi-esm1-2-hr,mpi-esm1-2-lr,mri-esm2-0,nesm3,noresm2-lm,noresm2-mm,ukesm1-0-ll",World Bank Climate Change Knowledge Portal (CMIP6-x0.25),,1995-2014,country polygon mask; latitude-area weighted mean using cos(latitude),SSP2-4.5,Mean temperature
CUB,CUB,27.144956642592128,tas,ssp245,2040-2059,median,climatology,degC,ensemble of Daily Near-Surface Air Temperature,50.0,"access-cm2,access-esm1-5,bcc-csm2-mr,canesm5,cmcc-esm2,cnrm-cm6-1,cnrm-esm2-1,ec-earth3,ec-earth3-veg-lr,fgoals-g3,gfdl-cm4,gfdl-esm4,giss-e2-1-g,hadgem3-gc31-ll,inm-cm4-8,inm-cm5-0,ipsl-cm6a-lr,kace-1-0-g,miroc6,miroc-es2l,mpi-esm1-2-hr,mpi-esm1-2-lr,mri-esm2-0,nesm3,noresm2-lm,noresm2-mm,ukesm1-0-ll",World Bank Climate Change Knowledge Portal (CMIP6-x0.25),,,country polygon mask; latitude-area weighted mean using cos(latitude),SSP2-4.5,Mean temperature
CYM,CYM,78.6500015258789,hd30,ssp245,2040-2059,median,climatology,days,annual climatology of ensemble of hd30: hot days with 30 degC and higher,50.0,"access-cm2,access-esm1-5,bcc-csm2-mr,canesm5,cmcc-esm2,cnrm-cm6-1,cnrm-esm2-1,ec-earth3,ec-earth3-veg-lr,fgoals-g3,gfdl-cm4,gfdl-esm4,giss-e2-1-g,hadgem3-gc31-ll,inm-cm4-8,inm-cm5-0,ipsl-cm6a-lr,kace-1-0-g,kiost-esm,miroc6,miroc-es2l,mpi-esm1-2-hr,mpi-esm1-2-lr,mri-esm2-0,nesm3,noresm2-lm,noresm2-mm,ukesm1-0-ll",World Bank Climate Change Knowledge Portal (CMIP6-x0.25),,,country polygon mask; latitude-area weighted mean using cos(latitude),SSP2-4.5,Hot days above 30°C
CYM,CYM,1.2050000429153442,tas,ssp245,2040-2059,median,anomaly,degC,ensemble of anomaly of Daily Near-Surface Air Temperature with reference period 1995-2014,50.0,"access-cm2,access-esm1-5,bcc-csm2-mr,canesm5,cmcc-esm2,cnrm-cm6-1,cnrm-esm2-1,ec-earth3,ec-earth3-veg-lr,fgoals-g3,gfdl-cm4,gfdl-esm4,giss-e2-1-g,hadgem3-gc31-ll,inm-cm4-8,inm-cm5-0,ipsl-cm6a-lr,kace-1-0-g,miroc6,miroc-es2l,mpi-esm1-2-hr,mpi-esm1-2-lr,mri-esm2-0,nesm3,noresm2-lm,noresm2-mm,ukesm1-0-ll",World Bank Climate Change Knowledge Portal (CMIP6-x0.25),,1995-2014,country polygon mask; latitude-area weighted mean using cos(latitude),SSP2-4.5,Mean temperature
CYM,CYM,27.954999923706055,tas,ssp245,2040-2059,median,climatology,degC,ensemble of Daily Near-Surface Air Temperature,50.0,"access-cm2,access-esm1-5,bcc-csm2-mr,canesm5,cmcc-esm2,cnrm-cm6-1,cnrm-esm2-1,ec-earth3,ec-earth3-veg-lr,fgoals-g3,gfdl-cm4,gfdl-esm4,giss-e2-1-g,hadgem3-gc31-ll,inm-cm4-8,inm-cm5-0,ipsl-cm6a-lr,kace-1-0-g,miroc6,miroc-es2l,mpi-esm1-2-hr,mpi-esm1-2-lr,mri-esm2-0,nesm3,noresm2-lm,noresm2-mm,ukesm1-0-ll",World Bank Climate Change Knowledge Portal (CMIP6-x0.25),,,country polygon mask; latitude-area weighted mean using cos(latitude),SSP2-4.5,Mean temperature
CYP,CYP,95.36167864457093,hd30,ssp245,2040-2059,median,climatology,days,annual climatology of ensemble of hd30: hot days with 30 degC and higher,50.0,"access-cm2,access-esm1-5,bcc-csm2-mr,canesm5,cmcc-esm2,cnrm-cm6-1,cnrm-esm2-1,ec-earth3,ec-earth3-veg-lr,fgoals-g3,gfdl-cm4,gfdl-esm4,giss-e2-1-g,hadgem3-gc31-ll,inm-cm4-8,inm-cm5-0,ipsl-cm6a-lr,kace-1-0-g,kiost-esm,miroc6,miroc-es2l,mpi-esm1-2-hr,mpi-esm1-2-lr,mri-esm2-0,nesm3,noresm2-lm,noresm2-mm,ukesm1-0-ll",World Bank Climate Change Knowledge Portal (CMIP6-x0.25),,,country polygon mask; latitude-area weighted mean using cos(latitude),SSP2-4.5,Hot days above 30°C
CYP,CYP,1.4693557488734597,tas,ssp245,2040-2059,median,anomaly,degC,ensemble of anomaly of Daily Near-Surface Air Temperature with reference period 1995-2014,50.0,"access-cm2,access-esm1-5,bcc-csm2-mr,canesm5,cmcc-esm2,cnrm-cm6-1,cnrm-esm2-1,ec-earth3,ec-earth3-veg-lr,fgoals-g3,gfdl-cm4,gfdl-esm4,giss-e2-1-g,hadgem3-gc31-ll,inm-cm4-8,inm-cm5-0,ipsl-cm6a-lr,kace-1-0-g,miroc6,miroc-es2l,mpi-esm1-2-hr,mpi-esm1-2-lr,mri-esm2-0,nesm3,noresm2-lm,noresm2-mm,ukesm1-0-ll",World Bank Climate Change Knowledge Portal (CMIP6-x0.25),,1995-2014,country polygon mask; latitude-area weighted mean using cos(latitude),SSP2-4.5,Mean temperature
CYP,CYP,21.086102040041432,tas,ssp245,2040-2059,median,climatology,degC,ensemble of Daily Near-Surface Air Temperature,50.0,"access-cm2,access-esm1-5,bcc-csm2-mr,canesm5,cmcc-esm2,cnrm-cm6-1,cnrm-esm2-1,ec-earth3,ec-earth3-veg-lr,fgoals-g3,gfdl-cm4,gfdl-esm4,giss-e2-1-g,hadgem3-gc31-ll,inm-cm4-8,inm-cm5-0,ipsl-cm6a-lr,kace-1-0-g,miroc6,miroc-es2l,mpi-esm1-2-hr,mpi-esm1-2-lr,mri-esm2-0,nesm3,noresm2-lm,noresm2-mm,ukesm1-0-ll",World Bank Climate Change Knowledge Portal (CMIP6-x0.25),,,country polygon mask; latitude-area weighted mean using cos(latitude),SSP2-4.5,Mean temperature
CZE,CZE,12.33993755955529,hd30,ssp245,2040-2059,median,climatology,days,annual climatology of ensemble of hd30: hot days with 30 degC and higher,50.0,"access-cm2,access-esm1-5,bcc-csm2-mr,canesm5,cmcc-esm2,cnrm-cm6-1,cnrm-esm2-1,ec-earth3,ec-earth3-veg-lr,fgoals-g3,gfdl-cm4,gfdl-esm4,giss-e2-1-g,hadgem3-gc31-ll,inm-cm4-8,inm-cm5-0,ipsl-cm6a-lr,kace-1-0-g,kiost-esm,miroc6,miroc-es2l,mpi-esm1-2-hr,mpi-esm1-2-lr,mri-esm2-0,nesm3,noresm2-lm,noresm2-mm,ukesm1-0-ll",World Bank Climate Change Knowledge Portal (CMIP6-x0.25),,,country polygon mask; latitude-area weighted mean using cos(latitude),SSP2-4.5,Hot days above 30°C
CZE,CZE,1.5785392514666687,tas,ssp245,2040-2059,median,anomaly,degC,ensemble of anomaly of Daily Near-Surface Air Temperature with reference period 1995-2014,50.0,"access-cm2,access-esm1-5,bcc-csm2-mr,canesm5,cmcc-esm2,cnrm-cm6-1,cnrm-esm2-1,ec-earth3,ec-earth3-veg-lr,fgoals-g3,gfdl-cm4,gfdl-esm4,giss-e2-1-g,hadgem3-gc31-ll,inm-cm4-8,inm-cm5-0,ipsl-cm6a-lr,kace-1-0-g,miroc6,miroc-es2l,mpi-esm1-2-hr,mpi-esm1-2-lr,mri-esm2-0,nesm3,noresm2-lm,noresm2-mm,ukesm1-0-ll",World Bank Climate Change Knowledge Portal (CMIP6-x0.25),,1995-2014,country polygon mask; latitude-area weighted mean using cos(latitude),SSP2-4.5,Mean temperature
CZE,CZE,10.037657009524303,tas,ssp245,2040-2059,median,climatology,degC,ensemble of Daily Near-Surface Air Temperature,50.0,"access-cm2,access-esm1-5,bcc-csm2-mr,canesm5,cmcc-esm2,cnrm-cm6-1,cnrm-esm2-1,ec-earth3,ec-earth3-veg-lr,fgoals-g3,gfdl-cm4,gfdl-esm4,giss-e2-1-g,hadgem3-gc31-ll,inm-cm4-8,inm-cm5-0,ipsl-cm6a-lr,kace-1-0-g,miroc6,miroc-es2l,mpi-esm1-2-hr,mpi-esm1-2-lr,mri-esm2-0,nesm3,noresm2-lm,noresm2-mm,ukesm1-0-ll",World Bank Climate Change Knowledge Portal (CMIP6-x0.25),,,country polygon mask; latitude-area weighted mean using cos(latitude),SSP2-4.5,Mean temperature
DEU,DEU,10.349056077008797,hd30,ssp245,2040-2059,median,climatology,days,annual climatology of ensemble of hd30: hot days with 30 degC and higher,50.0,"access-cm2,access-esm1-5,bcc-csm2-mr,canesm5,cmcc-esm2,cnrm-cm6-1,cnrm-esm2-1,ec-earth3,ec-earth3-veg-lr,fgoals-g3,gfdl-cm4,gfdl-esm4,giss-e2-1-g,hadgem3-gc31-ll,inm-cm4-8,inm-cm5-0,ipsl-cm6a-lr,kace-1-0-g,kiost-esm,miroc6,miroc-es2l,mpi-esm1-2-hr,mpi-esm1-2-lr,mri-esm2-0,nesm3,noresm2-lm,noresm2-mm,ukesm1-0-ll",World Bank Climate Change Knowledge Portal (CMIP6-x0.25),,,country polygon mask; latitude-area weighted mean using cos(latitude),SSP2-4.5,Hot days above 30°C
DEU,DEU,1.365885186608766,tas,ssp245,2040-2059,median,anomaly,degC,ensemble of anomaly of Daily Near-Surface Air Temperature with reference period 1995-2014,50.0,"access-cm2,access-esm1-5,bcc-csm2-mr,canesm5,cmcc-esm2,cnrm-cm6-1,cnrm-esm2-1,ec-earth3,ec-earth3-veg-lr,fgoals-g3,gfdl-cm4,gfdl-esm4,giss-e2-1-g,hadgem3-gc31-ll,inm-cm4-8,inm-cm5-0,ipsl-cm6a-lr,kace-1-0-g,miroc6,miroc-es2l,mpi-esm1-2-hr,mpi-esm1-2-lr,mri-esm2-0,nesm3,noresm2-lm,noresm2-mm,ukesm1-0-ll",World Bank Climate Change Knowledge Portal (CMIP6-x0.25),,1995-2014,country polygon mask; latitude-area weighted mean using cos(latitude),SSP2-4.5,Mean temperature
DEU,DEU,10.70983558798475,tas,ssp245,2040-2059,median,climatology,degC,ensemble of Daily Near-Surface Air Temperature,50.0,"access-cm2,access-esm1-5,bcc-csm2-mr,canesm5,cmcc-esm2,cnrm-cm6-1,cnrm-esm2-1,ec-earth3,ec-earth3-veg-lr,fgoals-g3,gfdl-cm4,gfdl-esm4,giss-e2-1-g,hadgem3-gc31-ll,inm-cm4-8,inm-cm5-0,ipsl-cm6a-lr,kace-1-0-g,miroc6,miroc-es2l,mpi-esm1-2-hr,mpi-esm1-2-lr,mri-esm2-0,nesm3,noresm2-lm,noresm2-mm,ukesm1-0-ll",World Bank Climate Change Knowledge Portal (CMIP6-x0.25),,,country polygon mask; latitude-area weighted mean using cos(latitude),SSP2-4.5,Mean temperature
DJI,DJI,306.22065787428244,hd30,ssp245,2040-2059,median,climatology,days,annual climatology of ensemble of hd30: hot days with 30 degC and higher,50.0,"access-cm2,access-esm1-5,bcc-csm2-mr,canesm5,cmcc-esm2,cnrm-cm6-1,cnrm-esm2-1,ec-earth3,ec-earth3-veg-lr,fgoals-g3,gfdl-cm4,gfdl-esm4,giss-e2-1-g,hadgem3-gc31-ll,inm-cm4-8,inm-cm5-0,ipsl-cm6a-lr,kace-1-0-g,kiost-esm,miroc6,miroc-es2l,mpi-esm1-2-hr,mpi-esm1-2-lr,mri-esm2-0,nesm3,noresm2-lm,noresm2-mm,ukesm1-0-ll",World Bank Climate Change Knowledge Portal (CMIP6-x0.25),,,country polygon mask; latitude-area weighted mean using cos(latitude),SSP2-4.5,Hot days above 30°C
DJI,DJI,1.3162273772746167,tas,ssp245,2040-2059,median,anomaly,degC,ensemble of anomaly of Daily Near-Surface Air Temperature with reference period 1995-2014,50.0,"access-cm2,access-esm1-5,bcc-csm2-mr,canesm5,cmcc-esm2,cnrm-cm6-1,cnrm-esm2-1,ec-earth3,ec-earth3-veg-lr,fgoals-g3,gfdl-cm4,gfdl-esm4,giss-e2-1-g,hadgem3-gc31-ll,inm-cm4-8,inm-cm5-0,ipsl-cm6a-lr,kace-1-0-g,miroc6,miroc-es2l,mpi-esm1-2-hr,mpi-esm1-2-lr,mri-esm2-0,nesm3,noresm2-lm,noresm2-mm,ukesm1-0-ll",World Bank Climate Change Knowledge Portal (CMIP6-x0.25),,1995-2014,country polygon mask; latitude-area weighted mean using cos(latitude),SSP2-4.5,Mean temperature
DJI,DJI,30.09551256657664,tas,ssp245,2040-2059,median,climatology,degC,ensemble of Daily Near-Surface Air Temperature,50.0,"access-cm2,access-esm1-5,bcc-csm2-mr,canesm5,cmcc-esm2,cnrm-cm6-1,cnrm-esm2-1,ec-earth3,ec-earth3-veg-lr,fgoals-g3,gfdl-cm4,gfdl-esm4,giss-e2-1-g,hadgem3-gc31-ll,inm-cm4-8,inm-cm5-0,ipsl-cm6a-lr,kace-1-0-g,miroc6,miroc-es2l,mpi-esm1-2-hr,mpi-esm1-2-lr,mri-esm2-0,nesm3,noresm2-lm,noresm2-mm,ukesm1-0-ll",World Bank Climate Change Knowledge Portal (CMIP6-x0.25),,,country polygon mask; latitude-area weighted mean using cos(latitude),SSP2-4.5,Mean temperature
DNK,DNK,0.14922935688642566,hd30,ssp245,2040-2059,median,climatology,days,annual climatology of ensemble of hd30: hot days with 30 degC and higher,50.0,"access-cm2,access-esm1-5,bcc-csm2-mr,canesm5,cmcc-esm2,cnrm-cm6-1,cnrm-esm2-1,ec-earth3,ec-earth3-veg-lr,fgoals-g3,gfdl-cm4,gfdl-esm4,giss-e2-1-g,hadgem3-gc31-ll,inm-cm4-8,inm-cm5-0,ipsl-cm6a-lr,kace-1-0-g,kiost-esm,miroc6,miroc-es2l,mpi-esm1-2-hr,mpi-esm1-2-lr,mri-esm2-0,nesm3,noresm2-lm,noresm2-mm,ukesm1-0-ll",World Bank Climate Change Knowledge Portal (CMIP6-x0.25),,,country polygon mask; latitude-area weighted mean using cos(latitude),SSP2-4.5,Hot days above 30°C
DNK,DNK,1.226899049458659,tas,ssp245,2040-2059,median,anomaly,degC,ensemble of anomaly of Daily Near-Surface Air Temperature with reference period 1995-2014,50.0,"access-cm2,access-esm1-5,bcc-csm2-mr,canesm5,cmcc-esm2,cnrm-cm6-1,cnrm-esm2-1,ec-earth3,ec-earth3-veg-lr,fgoals-g3,gfdl-cm4,gfdl-esm4,giss-e2-1-g,hadgem3-gc31-ll,inm-cm4-8,inm-cm5-0,ipsl-cm6a-lr,kace-1-0-g,miroc6,miroc-es2l,mpi-esm1-2-hr,mpi-esm1-2-lr,mri-esm2-0,nesm3,noresm2-lm,noresm2-mm,ukesm1-0-ll",World Bank Climate Change Knowledge Portal (CMIP6-x0.25),,1995-2014,country polygon mask; latitude-area weighted mean using cos(latitude),SSP2-4.5,Mean temperature
DNK,DNK,10.063805337840279,tas,ssp245,2040-2059,median,climatology,degC,ensemble of Daily Near-Surface Air Temperature,50.0,"access-cm2,access-esm1-5,bcc-csm2-mr,canesm5,cmcc-esm2,cnrm-cm6-1,cnrm-esm2-1,ec-earth3,ec-earth3-veg-lr,fgoals-g3,gfdl-cm4,gfdl-esm4,giss-e2-1-g,hadgem3-gc31-ll,inm-cm4-8,inm-cm5-0,ipsl-cm6a-lr,kace-1-0-g,miroc6,miroc-es2l,mpi-esm1-2-hr,mpi-esm1-2-lr,mri-esm2-0,nesm3,noresm2-lm,noresm2-mm,ukesm1-0-ll",World Bank Climate Change Knowledge Portal (CMIP6-x0.25),,,country polygon mask; latitude-area weighted mean using cos(latitude),SSP2-4.5,Mean temperature
DOM,DOM,151.30196692630926,hd30,ssp245,2040-2059,median,climatology,days,annual climatology of ensemble of hd30: hot days with 30 degC and higher,50.0,"access-cm2,access-esm1-5,bcc-csm2-mr,canesm5,cmcc-esm2,cnrm-cm6-1,cnrm-esm2-1,ec-earth3,ec-earth3-veg-lr,fgoals-g3,gfdl-cm4,gfdl-esm4,giss-e2-1-g,hadgem3-gc31-ll,inm-cm4-8,inm-cm5-0,ipsl-cm6a-lr,kace-1-0-g,kiost-esm,miroc6,miroc-es2l,mpi-esm1-2-hr,mpi-esm1-2-lr,mri-esm2-0,nesm3,noresm2-lm,noresm2-mm,ukesm1-0-ll",World Bank Climate Change Knowledge Portal (CMIP6-x0.25),,,country polygon mask; latitude-area weighted mean using cos(latitude),SSP2-4.5,Hot days above 30°C
DOM,DOM,1.2911715205327492,tas,ssp245,2040-2059,median,anomaly,degC,ensemble of anomaly of Daily Near-Surface Air Temperature with reference period 1995-2014,50.0,"access-cm2,access-esm1-5,bcc-csm2-mr,canesm5,cmcc-esm2,cnrm-cm6-1,cnrm-esm2-1,ec-earth3,ec-earth3-veg-lr,fgoals-g3,gfdl-cm4,gfdl-esm4,giss-e2-1-g,hadgem3-gc31-ll,inm-cm4-8,inm-cm5-0,ipsl-cm6a-lr,kace-1-0-g,miroc6,miroc-es2l,mpi-esm1-2-hr,mpi-esm1-2-lr,mri-esm2-0,nesm3,noresm2-lm,noresm2-mm,ukesm1-0-ll",World Bank Climate Change Knowledge Portal (CMIP6-x0.25),,1995-2014,country polygon mask; latitude-area weighted mean using cos(latitude),SSP2-4.5,Mean temperature
DOM,DOM,25.845619303929364,tas,ssp245,2040-2059,median,climatology,degC,ensemble of Daily Near-Surface Air Temperature,50.0,"access-cm2,access-esm1-5,bcc-csm2-mr,canesm5,cmcc-esm2,cnrm-cm6-1,cnrm-esm2-1,ec-earth3,ec-earth3-veg-lr,fgoals-g3,gfdl-cm4,gfdl-esm4,giss-e2-1-g,hadgem3-gc31-ll,inm-cm4-8,inm-cm5-0,ipsl-cm6a-lr,kace-1-0-g,miroc6,miroc-es2l,mpi-esm1-2-hr,mpi-esm1-2-lr,mri-esm2-0,nesm3,noresm2-lm,noresm2-mm,ukesm1-0-ll",World Bank Climate Change Knowledge Portal (CMIP6-x0.25),,,country polygon mask; latitude-area weighted mean using cos(latitude),SSP2-4.5,Mean temperature
DZA,DZA,207.2793287171418,hd30,ssp245,2040-2059,median,climatology,days,annual climatology of ensemble of hd30: hot days with 30 degC and higher,50.0,"access-cm2,access-esm1-5,bcc-csm2-mr,canesm5,cmcc-esm2,cnrm-cm6-1,cnrm-esm2-1,ec-earth3,ec-earth3-veg-lr,fgoals-g3,gfdl-cm4,gfdl-esm4,giss-e2-1-g,hadgem3-gc31-ll,inm-cm4-8,inm-cm5-0,ipsl-cm6a-lr,kace-1-0-g,kiost-esm,miroc6,miroc-es2l,mpi-esm1-2-hr,mpi-esm1-2-lr,mri-esm2-0,nesm3,noresm2-lm,noresm2-mm,ukesm1-0-ll",World Bank Climate Change Knowledge Portal (CMIP6-x0.25),,,country polygon mask; latitude-area weighted mean using cos(latitude),SSP2-4.5,Hot days above 30°C
DZA,DZA,1.7632686847814079,tas,ssp245,2040-2059,median,anomaly,degC,ensemble of anomaly of Daily Near-Surface Air Temperature with reference period 1995-2014,50.0,"access-cm2,access-esm1-5,bcc-csm2-mr,canesm5,cmcc-esm2,cnrm-cm6-1,cnrm-esm2-1,ec-earth3,ec-earth3-veg-lr,fgoals-g3,gfdl-cm4,gfdl-esm4,giss-e2-1-g,hadgem3-gc31-ll,inm-cm4-8,inm-cm5-0,ipsl-cm6a-lr,kace-1-0-g,miroc6,miroc-es2l,mpi-esm1-2-hr,mpi-esm1-2-lr,mri-esm2-0,nesm3,noresm2-lm,noresm2-mm,ukesm1-0-ll",World Bank Climate Change Knowledge Portal (CMIP6-x0.25),,1995-2014,country polygon mask; latitude-area weighted mean using cos(latitude),SSP2-4.5,Mean temperature
DZA,DZA,25.123158779008236,tas,ssp245,2040-2059,median,climatology,degC,ensemble of Daily Near-Surface Air Temperature,50.0,"access-cm2,access-esm1-5,bcc-csm2-mr,canesm5,cmcc-esm2,cnrm-cm6-1,cnrm-esm2-1,ec-earth3,ec-earth3-veg-lr,fgoals-g3,gfdl-cm4,gfdl-esm4,giss-e2-1-g,hadgem3-gc31-ll,inm-cm4-8,inm-cm5-0,ipsl-cm6a-lr,kace-1-0-g,miroc6,miroc-es2l,mpi-esm1-2-hr,mpi-esm1-2-lr,mri-esm2-0,nesm3,noresm2-lm,noresm2-mm,ukesm1-0-ll",World Bank Climate Change Knowledge Portal (CMIP6-x0.25),,,country polygon mask; latitude-area weighted mean using cos(latitude),SSP2-4.5,Mean temperature
ECU,ECU,94.05014643333595,hd30,ssp245,2040-2059,median,climatology,days,annual climatology of ensemble of hd30: hot days with 30 degC and higher,50.0,"access-cm2,access-esm1-5,bcc-csm2-mr,canesm5,cmcc-esm2,cnrm-cm6-1,cnrm-esm2-1,ec-earth3,ec-earth3-veg-lr,fgoals-g3,gfdl-cm4,gfdl-esm4,giss-e2-1-g,hadgem3-gc31-ll,inm-cm4-8,inm-cm5-0,ipsl-cm6a-lr,kace-1-0-g,kiost-esm,miroc6,miroc-es2l,mpi-esm1-2-hr,mpi-esm1-2-lr,mri-esm2-0,nesm3,noresm2-lm,noresm2-mm,ukesm1-0-ll",World Bank Climate Change Knowledge Portal (CMIP6-x0.25),,,country polygon mask; latitude-area weighted mean using cos(latitude),SSP2-4.5,Hot days above 30°C
ECU,ECU,1.2518156896940704,tas,ssp245,2040-2059,median,anomaly,degC,ensemble of anomaly of Daily Near-Surface Air Temperature with reference period 1995-2014,50.0,"access-cm2,access-esm1-5,bcc-csm2-mr,canesm5,cmcc-esm2,cnrm-cm6-1,cnrm-esm2-1,ec-earth3,ec-earth3-veg-lr,fgoals-g3,gfdl-cm4,gfdl-esm4,giss-e2-1-g,hadgem3-gc31-ll,inm-cm4-8,inm-cm5-0,ipsl-cm6a-lr,kace-1-0-g,miroc6,miroc-es2l,mpi-esm1-2-hr,mpi-esm1-2-lr,mri-esm2-0,nesm3,noresm2-lm,noresm2-mm,ukesm1-0-ll",World Bank Climate Change Knowledge Portal (CMIP6-x0.25),,1995-2014,country polygon mask; latitude-area weighted mean using cos(latitude),SSP2-4.5,Mean temperature
ECU,ECU,22.45576017607856,tas,ssp245,2040-2059,median,climatology,degC,ensemble of Daily Near-Surface Air Temperature,50.0,"access-cm2,access-esm1-5,bcc-csm2-mr,canesm5,cmcc-esm2,cnrm-cm6-1,cnrm-esm2-1,ec-earth3,ec-earth3-veg-lr,fgoals-g3,gfdl-cm4,gfdl-esm4,giss-e2-1-g,hadgem3-gc31-ll,inm-cm4-8,inm-cm5-0,ipsl-cm6a-lr,kace-1-0-g,miroc6,miroc-es2l,mpi-esm1-2-hr,mpi-esm1-2-lr,mri-esm2-0,nesm3,noresm2-lm,noresm2-mm,ukesm1-0-ll",World Bank Climate Change Knowledge Portal (CMIP6-x0.25),,,country polygon mask; latitude-area weighted mean using cos(latitude),SSP2-4.5,Mean temperature
EGY,EGY,202.75589599050693,hd30,ssp245,2040-2059,median,climatology,days,annual climatology of ensemble of hd30: hot days with 30 degC and higher,50.0,"access-cm2,access-esm1-5,bcc-csm2-mr,canesm5,cmcc-esm2,cnrm-cm6-1,cnrm-esm2-1,ec-earth3,ec-earth3-veg-lr,fgoals-g3,gfdl-cm4,gfdl-esm4,giss-e2-1-g,hadgem3-gc31-ll,inm-cm4-8,inm-cm5-0,ipsl-cm6a-lr,kace-1-0-g,kiost-esm,miroc6,miroc-es2l,mpi-esm1-2-hr,mpi-esm1-2-lr,mri-esm2-0,nesm3,noresm2-lm,noresm2-mm,ukesm1-0-ll",World Bank Climate Change Knowledge Portal (CMIP6-x0.25),,,country polygon mask; latitude-area weighted mean using cos(latitude),SSP2-4.5,Hot days above 30°C
EGY,EGY,1.6252040567777033,tas,ssp245,2040-2059,median,anomaly,degC,ensemble of anomaly of Daily Near-Surface Air Temperature with reference period 1995-2014,50.0,"access-cm2,access-esm1-5,bcc-csm2-mr,canesm5,cmcc-esm2,cnrm-cm6-1,cnrm-esm2-1,ec-earth3,ec-earth3-veg-lr,fgoals-g3,gfdl-cm4,gfdl-esm4,giss-e2-1-g,hadgem3-gc31-ll,inm-cm4-8,inm-cm5-0,ipsl-cm6a-lr,kace-1-0-g,miroc6,miroc-es2l,mpi-esm1-2-hr,mpi-esm1-2-lr,mri-esm2-0,nesm3,noresm2-lm,noresm2-mm,ukesm1-0-ll",World Bank Climate Change Knowledge Portal (CMIP6-x0.25),,1995-2014,country polygon mask; latitude-area weighted mean using cos(latitude),SSP2-4.5,Mean temperature
EGY,EGY,24.54776645733762,tas,ssp245,2040-2059,median,climatology,degC,ensemble of Daily Near-Surface Air Temperature,50.0,"access-cm2,access-esm1-5,bcc-csm2-mr,canesm5,cmcc-esm2,cnrm-cm6-1,cnrm-esm2-1,ec-earth3,ec-earth3-veg-lr,fgoals-g3,gfdl-cm4,gfdl-esm4,giss-e2-1-g,hadgem3-gc31-ll,inm-cm4-8,inm-cm5-0,ipsl-cm6a-lr,kace-1-0-g,miroc6,miroc-es2l,mpi-esm1-2-hr,mpi-esm1-2-lr,mri-esm2-0,nesm3,noresm2-lm,noresm2-mm,ukesm1-0-ll",World Bank Climate Change Knowledge Portal (CMIP6-x0.25),,,country polygon mask; latitude-area weighted mean using cos(latitude),SSP2-4.5,Mean temperature
ERI,ERI,286.5564555202611,hd30,ssp245,2040-2059,median,climatology,days,annual climatology of ensemble of hd30: hot days with 30 degC and higher,50.0,"access-cm2,access-esm1-5,bcc-csm2-mr,canesm5,cmcc-esm2,cnrm-cm6-1,cnrm-esm2-1,ec-earth3,ec-earth3-veg-lr,fgoals-g3,gfdl-cm4,gfdl-esm4,giss-e2-1-g,hadgem3-gc31-ll,inm-cm4-8,inm-cm5-0,ipsl-cm6a-lr,kace-1-0-g,kiost-esm,miroc6,miroc-es2l,mpi-esm1-2-hr,mpi-esm1-2-lr,mri-esm2-0,nesm3,noresm2-lm,noresm2-mm,ukesm1-0-ll",World Bank Climate Change Knowledge Portal (CMIP6-x0.25),,,country polygon mask; latitude-area weighted mean using cos(latitude),SSP2-4.5,Hot days above 30°C
ERI,ERI,1.4130191764915592,tas,ssp245,2040-2059,median,anomaly,degC,ensemble of anomaly of Daily Near-Surface Air Temperature with reference period 1995-2014,50.0,"access-cm2,access-esm1-5,bcc-csm2-mr,canesm5,cmcc-esm2,cnrm-cm6-1,cnrm-esm2-1,ec-earth3,ec-earth3-veg-lr,fgoals-g3,gfdl-cm4,gfdl-esm4,giss-e2-1-g,hadgem3-gc31-ll,inm-cm4-8,inm-cm5-0,ipsl-cm6a-lr,kace-1-0-g,miroc6,miroc-es2l,mpi-esm1-2-hr,mpi-esm1-2-lr,mri-esm2-0,nesm3,noresm2-lm,noresm2-mm,ukesm1-0-ll",World Bank Climate Change Knowledge Portal (CMIP6-x0.25),,1995-2014,country polygon mask; latitude-area weighted mean using cos(latitude),SSP2-4.5,Mean temperature
ERI,ERI,28.495486128378634,tas,ssp245,2040-2059,median,climatology,degC,ensemble of Daily Near-Surface Air Temperature,50.0,"access-cm2,access-esm1-5,bcc-csm2-mr,canesm5,cmcc-esm2,cnrm-cm6-1,cnrm-esm2-1,ec-earth3,ec-earth3-veg-lr,fgoals-g3,gfdl-cm4,gfdl-esm4,giss-e2-1-g,hadgem3-gc31-ll,inm-cm4-8,inm-cm5-0,ipsl-cm6a-lr,kace-1-0-g,miroc6,miroc-es2l,mpi-esm1-2-hr,mpi-esm1-2-lr,mri-esm2-0,nesm3,noresm2-lm,noresm2-mm,ukesm1-0-ll",World Bank Climate Change Knowledge Portal (CMIP6-x0.25),,,country polygon mask; latitude-area weighted mean using cos(latitude),SSP2-4.5,Mean temperature
ESP,ESP,61.07582199265679,hd30,ssp245,2040-2059,median,climatology,days,annual climatology of ensemble of hd30: hot days with 30 degC and higher,50.0,"access-cm2,access-esm1-5,bcc-csm2-mr,canesm5,cmcc-esm2,cnrm-cm6-1,cnrm-esm2-1,ec-earth3,ec-earth3-veg-lr,fgoals-g3,gfdl-cm4,gfdl-esm4,giss-e2-1-g,hadgem3-gc31-ll,inm-cm4-8,inm-cm5-0,ipsl-cm6a-lr,kace-1-0-g,kiost-esm,miroc6,miroc-es2l,mpi-esm1-2-hr,mpi-esm1-2-lr,mri-esm2-0,nesm3,noresm2-lm,noresm2-mm,ukesm1-0-ll",World Bank Climate Change Knowledge Portal (CMIP6-x0.25),,,country polygon mask; latitude-area weighted mean using cos(latitude),SSP2-4.5,Hot days above 30°C
ESP,ESP,1.5352214547362941,tas,ssp245,2040-2059,median,anomaly,degC,ensemble of anomaly of Daily Near-Surface Air Temperature with reference period 1995-2014,50.0,"access-cm2,access-esm1-5,bcc-csm2-mr,canesm5,cmcc-esm2,cnrm-cm6-1,cnrm-esm2-1,ec-earth3,ec-earth3-veg-lr,fgoals-g3,gfdl-cm4,gfdl-esm4,giss-e2-1-g,hadgem3-gc31-ll,inm-cm4-8,inm-cm5-0,ipsl-cm6a-lr,kace-1-0-g,miroc6,miroc-es2l,mpi-esm1-2-hr,mpi-esm1-2-lr,mri-esm2-0,nesm3,noresm2-lm,noresm2-mm,ukesm1-0-ll",World Bank Climate Change Knowledge Portal (CMIP6-x0.25),,1995-2014,country polygon mask; latitude-area weighted mean using cos(latitude),SSP2-4.5,Mean temperature
ESP,ESP,15.48028007204308,tas,ssp245,2040-2059,median,climatology,degC,ensemble of Daily Near-Surface Air Temperature,50.0,"access-cm2,access-esm1-5,bcc-csm2-mr,canesm5,cmcc-esm2,cnrm-cm6-1,cnrm-esm2-1,ec-earth3,ec-earth3-veg-lr,fgoals-g3,gfdl-cm4,gfdl-esm4,giss-e2-1-g,hadgem3-gc31-ll,inm-cm4-8,inm-cm5-0,ipsl-cm6a-lr,kace-1-0-g,miroc6,miroc-es2l,mpi-esm1-2-hr,mpi-esm1-2-lr,mri-esm2-0,nesm3,noresm2-lm,noresm2-mm,ukesm1-0-ll",World Bank Climate Change Knowledge Portal (CMIP6-x0.25),,,country polygon mask; latitude-area weighted mean using cos(latitude),SSP2-4.5,Mean temperature
EST,EST,1.5208680001021462,hd30,ssp245,2040-2059,median,climatology,days,annual climatology of ensemble of hd30: hot days with 30 degC and higher,50.0,"access-cm2,access-esm1-5,bcc-csm2-mr,canesm5,cmcc-esm2,cnrm-cm6-1,cnrm-esm2-1,ec-earth3,ec-earth3-veg-lr,fgoals-g3,gfdl-cm4,gfdl-esm4,giss-e2-1-g,hadgem3-gc31-ll,inm-cm4-8,inm-cm5-0,ipsl-cm6a-lr,kace-1-0-g,kiost-esm,miroc6,miroc-es2l,mpi-esm1-2-hr,mpi-esm1-2-lr,mri-esm2-0,nesm3,noresm2-lm,noresm2-mm,ukesm1-0-ll",World Bank Climate Change Knowledge Portal (CMIP6-x0.25),,,country polygon mask; latitude-area weighted mean using cos(latitude),SSP2-4.5,Hot days above 30°C
EST,EST,1.773022968960215,tas,ssp245,2040-2059,median,anomaly,degC,ensemble of anomaly of Daily Near-Surface Air Temperature with reference period 1995-2014,50.0,"access-cm2,access-esm1-5,bcc-csm2-mr,canesm5,cmcc-esm2,cnrm-cm6-1,cnrm-esm2-1,ec-earth3,ec-earth3-veg-lr,fgoals-g3,gfdl-cm4,gfdl-esm4,giss-e2-1-g,hadgem3-gc31-ll,inm-cm4-8,inm-cm5-0,ipsl-cm6a-lr,kace-1-0-g,miroc6,miroc-es2l,mpi-esm1-2-hr,mpi-esm1-2-lr,mri-esm2-0,nesm3,noresm2-lm,noresm2-mm,ukesm1-0-ll",World Bank Climate Change Knowledge Portal (CMIP6-x0.25),,1995-2014,country polygon mask; latitude-area weighted mean using cos(latitude),SSP2-4.5,Mean temperature
EST,EST,7.886436725964051,tas,ssp245,2040-2059,median,climatology,degC,ensemble of Daily Near-Surface Air Temperature,50.0,"access-cm2,access-esm1-5,bcc-csm2-mr,canesm5,cmcc-esm2,cnrm-cm6-1,cnrm-esm2-1,ec-earth3,ec-earth3-veg-lr,fgoals-g3,gfdl-cm4,gfdl-esm4,giss-e2-1-g,hadgem3-gc31-ll,inm-cm4-8,inm-cm5-0,ipsl-cm6a-lr,kace-1-0-g,miroc6,miroc-es2l,mpi-esm1-2-hr,mpi-esm1-2-lr,mri-esm2-0,nesm3,noresm2-lm,noresm2-mm,ukesm1-0-ll",World Bank Climate Change Knowledge Portal (CMIP6-x0.25),,,country polygon mask; latitude-area weighted mean using cos(latitude),SSP2-4.5,Mean temperature
ETH,ETH,188.82743260640018,hd30,ssp245,2040-2059,median,climatology,days,annual climatology of ensemble of hd30: hot days with 30 degC and higher,50.0,"access-cm2,access-esm1-5,bcc-csm2-mr,canesm5,cmcc-esm2,cnrm-cm6-1,cnrm-esm2-1,ec-earth3,ec-earth3-veg-lr,fgoals-g3,gfdl-cm4,gfdl-esm4,giss-e2-1-g,hadgem3-gc31-ll,inm-cm4-8,inm-cm5-0,ipsl-cm6a-lr,kace-1-0-g,kiost-esm,miroc6,miroc-es2l,mpi-esm1-2-hr,mpi-esm1-2-lr,mri-esm2-0,nesm3,noresm2-lm,noresm2-mm,ukesm1-0-ll",World Bank Climate Change Knowledge Portal (CMIP6-x0.25),,,country polygon mask; latitude-area weighted mean using cos(latitude),SSP2-4.5,Hot days above 30°C
ETH,ETH,1.3258031464861288,tas,ssp245,2040-2059,median,anomaly,degC,ensemble of anomaly of Daily Near-Surface Air Temperature with reference period 1995-2014,50.0,"access-cm2,access-esm1-5,bcc-csm2-mr,canesm5,cmcc-esm2,cnrm-cm6-1,cnrm-esm2-1,ec-earth3,ec-earth3-veg-lr,fgoals-g3,gfdl-cm4,gfdl-esm4,giss-e2-1-g,hadgem3-gc31-ll,inm-cm4-8,inm-cm5-0,ipsl-cm6a-lr,kace-1-0-g,miroc6,miroc-es2l,mpi-esm1-2-hr,mpi-esm1-2-lr,mri-esm2-0,nesm3,noresm2-lm,noresm2-mm,ukesm1-0-ll",World Bank Climate Change Knowledge Portal (CMIP6-x0.25),,1995-2014,country polygon mask; latitude-area weighted mean using cos(latitude),SSP2-4.5,Mean temperature
ETH,ETH,24.829695694093456,tas,ssp245,2040-2059,median,climatology,degC,ensemble of Daily Near-Surface Air Temperature,50.0,"access-cm2,access-esm1-5,bcc-csm2-mr,canesm5,cmcc-esm2,cnrm-cm6-1,cnrm-esm2-1,ec-earth3,ec-earth3-veg-lr,fgoals-g3,gfdl-cm4,gfdl-esm4,giss-e2-1-g,hadgem3-gc31-ll,inm-cm4-8,inm-cm5-0,ipsl-cm6a-lr,kace-1-0-g,miroc6,miroc-es2l,mpi-esm1-2-hr,mpi-esm1-2-lr,mri-esm2-0,nesm3,noresm2-lm,noresm2-mm,ukesm1-0-ll",World Bank Climate Change Knowledge Portal (CMIP6-x0.25),,,country polygon mask; latitude-area weighted mean using cos(latitude),SSP2-4.5,Mean temperature
FIN,FIN,0.9267101139858979,hd30,ssp245,2040-2059,median,climatology,days,annual climatology of ensemble of hd30: hot days with 30 degC and higher,50.0,"access-cm2,access-esm1-5,bcc-csm2-mr,canesm5,cmcc-esm2,cnrm-cm6-1,cnrm-esm2-1,ec-earth3,ec-earth3-veg-lr,fgoals-g3,gfdl-cm4,gfdl-esm4,giss-e2-1-g,hadgem3-gc31-ll,inm-cm4-8,inm-cm5-0,ipsl-cm6a-lr,kace-1-0-g,kiost-esm,miroc6,miroc-es2l,mpi-esm1-2-hr,mpi-esm1-2-lr,mri-esm2-0,nesm3,noresm2-lm,noresm2-mm,ukesm1-0-ll",World Bank Climate Change Knowledge Portal (CMIP6-x0.25),,,country polygon mask; latitude-area weighted mean using cos(latitude),SSP2-4.5,Hot days above 30°C
FIN,FIN,2.069405676358977,tas,ssp245,2040-2059,median,anomaly,degC,ensemble of anomaly of Daily Near-Surface Air Temperature with reference period 1995-2014,50.0,"access-cm2,access-esm1-5,bcc-csm2-mr,canesm5,cmcc-esm2,cnrm-cm6-1,cnrm-esm2-1,ec-earth3,ec-earth3-veg-lr,fgoals-g3,gfdl-cm4,gfdl-esm4,giss-e2-1-g,hadgem3-gc31-ll,inm-cm4-8,inm-cm5-0,ipsl-cm6a-lr,kace-1-0-g,miroc6,miroc-es2l,mpi-esm1-2-hr,mpi-esm1-2-lr,mri-esm2-0,nesm3,noresm2-lm,noresm2-mm,ukesm1-0-ll",World Bank Climate Change Knowledge Portal (CMIP6-x0.25),,1995-2014,country polygon mask; latitude-area weighted mean using cos(latitude),SSP2-4.5,Mean temperature
FIN,FIN,4.715906987789001,tas,ssp245,2040-2059,median,climatology,degC,ensemble of Daily Near-Surface Air Temperature,50.0,"access-cm2,access-esm1-5,bcc-csm2-mr,canesm5,cmcc-esm2,cnrm-cm6-1,cnrm-esm2-1,ec-earth3,ec-earth3-veg-lr,fgoals-g3,gfdl-cm4,gfdl-esm4,giss-e2-1-g,hadgem3-gc31-ll,inm-cm4-8,inm-cm5-0,ipsl-cm6a-lr,kace-1-0-g,miroc6,miroc-es2l,mpi-esm1-2-hr,mpi-esm1-2-lr,mri-esm2-0,nesm3,noresm2-lm,noresm2-mm,ukesm1-0-ll",World Bank Climate Change Knowledge Portal (CMIP6-x0.25),,,country polygon mask; latitude-area weighted mean using cos(latitude),SSP2-4.5,Mean temperature
FJI,FJI,43.82481544334604,hd30,ssp245,2040-2059,median,climatology,days,annual climatology of ensemble of hd30: hot days with 30 degC and higher,50.0,"access-cm2,access-esm1-5,bcc-csm2-mr,canesm5,cmcc-esm2,cnrm-cm6-1,cnrm-esm2-1,ec-earth3,ec-earth3-veg-lr,fgoals-g3,gfdl-cm4,gfdl-esm4,giss-e2-1-g,hadgem3-gc31-ll,inm-cm4-8,inm-cm5-0,ipsl-cm6a-lr,kace-1-0-g,kiost-esm,miroc6,miroc-es2l,mpi-esm1-2-hr,mpi-esm1-2-lr,mri-esm2-0,nesm3,noresm2-lm,noresm2-mm,ukesm1-0-ll",World Bank Climate Change Knowledge Portal (CMIP6-x0.25),,,country polygon mask; latitude-area weighted mean using cos(latitude),SSP2-4.5,Hot days above 30°C
FJI,FJI,0.9145191263824914,tas,ssp245,2040-2059,median,anomaly,degC,ensemble of anomaly of Daily Near-Surface Air Temperature with reference period 1995-2014,50.0,"access-cm2,access-esm1-5,bcc-csm2-mr,canesm5,cmcc-esm2,cnrm-cm6-1,cnrm-esm2-1,ec-earth3,ec-earth3-veg-lr,fgoals-g3,gfdl-cm4,gfdl-esm4,giss-e2-1-g,hadgem3-gc31-ll,inm-cm4-8,inm-cm5-0,ipsl-cm6a-lr,kace-1-0-g,miroc6,miroc-es2l,mpi-esm1-2-hr,mpi-esm1-2-lr,mri-esm2-0,nesm3,noresm2-lm,noresm2-mm,ukesm1-0-ll",World Bank Climate Change Knowledge Portal (CMIP6-x0.25),,1995-2014,country polygon mask; latitude-area weighted mean using cos(latitude),SSP2-4.5,Mean temperature
FJI,FJI,25.69057417789946,tas,ssp245,2040-2059,median,climatology,degC,ensemble of Daily Near-Surface Air Temperature,50.0,"access-cm2,access-esm1-5,bcc-csm2-mr,canesm5,cmcc-esm2,cnrm-cm6-1,cnrm-esm2-1,ec-earth3,ec-earth3-veg-lr,fgoals-g3,gfdl-cm4,gfdl-esm4,giss-e2-1-g,hadgem3-gc31-ll,inm-cm4-8,inm-cm5-0,ipsl-cm6a-lr,kace-1-0-g,miroc6,miroc-es2l,mpi-esm1-2-hr,mpi-esm1-2-lr,mri-esm2-0,nesm3,noresm2-lm,noresm2-mm,ukesm1-0-ll",World Bank Climate Change Knowledge Portal (CMIP6-x0.25),,,country polygon mask; latitude-area weighted mean using cos(latitude),SSP2-4.5,Mean temperature
FRA,FRA,18.25660697004868,hd30,ssp245,2040-2059,median,climatology,days,annual climatology of ensemble of hd30: hot days with 30 degC and higher,50.0,"access-cm2,access-esm1-5,bcc-csm2-mr,canesm5,cmcc-esm2,cnrm-cm6-1,cnrm-esm2-1,ec-earth3,ec-earth3-veg-lr,fgoals-g3,gfdl-cm4,gfdl-esm4,giss-e2-1-g,hadgem3-gc31-ll,inm-cm4-8,inm-cm5-0,ipsl-cm6a-lr,kace-1-0-g,kiost-esm,miroc6,miroc-es2l,mpi-esm1-2-hr,mpi-esm1-2-lr,mri-esm2-0,nesm3,noresm2-lm,noresm2-mm,ukesm1-0-ll",World Bank Climate Change Knowledge Portal (CMIP6-x0.25),,,country polygon mask; latitude-area weighted mean using cos(latitude),SSP2-4.5,Hot days above 30°C
FRA,FRA,1.3614783464381792,tas,ssp245,2040-2059,median,anomaly,degC,ensemble of anomaly of Daily Near-Surface Air Temperature with reference period 1995-2014,50.0,"access-cm2,access-esm1-5,bcc-csm2-mr,canesm5,cmcc-esm2,cnrm-cm6-1,cnrm-esm2-1,ec-earth3,ec-earth3-veg-lr,fgoals-g3,gfdl-cm4,gfdl-esm4,giss-e2-1-g,hadgem3-gc31-ll,inm-cm4-8,inm-cm5-0,ipsl-cm6a-lr,kace-1-0-g,miroc6,miroc-es2l,mpi-esm1-2-hr,mpi-esm1-2-lr,mri-esm2-0,nesm3,noresm2-lm,noresm2-mm,ukesm1-0-ll",World Bank Climate Change Knowledge Portal (CMIP6-x0.25),,1995-2014,country polygon mask; latitude-area weighted mean using cos(latitude),SSP2-4.5,Mean temperature
FRA,FRA,12.645851780921085,tas,ssp245,2040-2059,median,climatology,degC,ensemble of Daily Near-Surface Air Temperature,50.0,"access-cm2,access-esm1-5,bcc-csm2-mr,canesm5,cmcc-esm2,cnrm-cm6-1,cnrm-esm2-1,ec-earth3,ec-earth3-veg-lr,fgoals-g3,gfdl-cm4,gfdl-esm4,giss-e2-1-g,hadgem3-gc31-ll,inm-cm4-8,inm-cm5-0,ipsl-cm6a-lr,kace-1-0-g,miroc6,miroc-es2l,mpi-esm1-2-hr,mpi-esm1-2-lr,mri-esm2-0,nesm3,noresm2-lm,noresm2-mm,ukesm1-0-ll",World Bank Climate Change Knowledge Portal (CMIP6-x0.25),,,country polygon mask; latitude-area weighted mean using cos(latitude),SSP2-4.5,Mean temperature
FRO,FRO,0.0,hd30,ssp245,2040-2059,median,climatology,days,annual climatology of ensemble of hd30: hot days with 30 degC and higher,50.0,"access-cm2,access-esm1-5,bcc-csm2-mr,canesm5,cmcc-esm2,cnrm-cm6-1,cnrm-esm2-1,ec-earth3,ec-earth3-veg-lr,fgoals-g3,gfdl-cm4,gfdl-esm4,giss-e2-1-g,hadgem3-gc31-ll,inm-cm4-8,inm-cm5-0,ipsl-cm6a-lr,kace-1-0-g,kiost-esm,miroc6,miroc-es2l,mpi-esm1-2-hr,mpi-esm1-2-lr,mri-esm2-0,nesm3,noresm2-lm,noresm2-mm,ukesm1-0-ll",World Bank Climate Change Knowledge Portal (CMIP6-x0.25),,,country polygon mask; latitude-area weighted mean using cos(latitude),SSP2-4.5,Hot days above 30°C
FRO,FRO,0.8185000121593475,tas,ssp245,2040-2059,median,anomaly,degC,ensemble of anomaly of Daily Near-Surface Air Temperature with reference period 1995-2014,50.0,"access-cm2,access-esm1-5,bcc-csm2-mr,canesm5,cmcc-esm2,cnrm-cm6-1,cnrm-esm2-1,ec-earth3,ec-earth3-veg-lr,fgoals-g3,gfdl-cm4,gfdl-esm4,giss-e2-1-g,hadgem3-gc31-ll,inm-cm4-8,inm-cm5-0,ipsl-cm6a-lr,kace-1-0-g,miroc6,miroc-es2l,mpi-esm1-2-hr,mpi-esm1-2-lr,mri-esm2-0,nesm3,noresm2-lm,noresm2-mm,ukesm1-0-ll",World Bank Climate Change Knowledge Portal (CMIP6-x0.25),,1995-2014,country polygon mask; latitude-area weighted mean using cos(latitude),SSP2-4.5,Mean temperature
FRO,FRO,7.734999895095825,tas,ssp245,2040-2059,median,climatology,degC,ensemble of Daily Near-Surface Air Temperature,50.0,"access-cm2,access-esm1-5,bcc-csm2-mr,canesm5,cmcc-esm2,cnrm-cm6-1,cnrm-esm2-1,ec-earth3,ec-earth3-veg-lr,fgoals-g3,gfdl-cm4,gfdl-esm4,giss-e2-1-g,hadgem3-gc31-ll,inm-cm4-8,inm-cm5-0,ipsl-cm6a-lr,kace-1-0-g,miroc6,miroc-es2l,mpi-esm1-2-hr,mpi-esm1-2-lr,mri-esm2-0,nesm3,noresm2-lm,noresm2-mm,ukesm1-0-ll",World Bank Climate Change Knowledge Portal (CMIP6-x0.25),,,country polygon mask; latitude-area weighted mean using cos(latitude),SSP2-4.5,Mean temperature
FSM,FSM,0.75,hd30,ssp245,2040-2059,median,climatology,days,annual climatology of ensemble of hd30: hot days with 30 degC and higher,50.0,"access-cm2,access-esm1-5,bcc-csm2-mr,canesm5,cmcc-esm2,cnrm-cm6-1,cnrm-esm2-1,ec-earth3,ec-earth3-veg-lr,fgoals-g3,gfdl-cm4,gfdl-esm4,giss-e2-1-g,hadgem3-gc31-ll,inm-cm4-8,inm-cm5-0,ipsl-cm6a-lr,kace-1-0-g,kiost-esm,miroc6,miroc-es2l,mpi-esm1-2-hr,mpi-esm1-2-lr,mri-esm2-0,nesm3,noresm2-lm,noresm2-mm,ukesm1-0-ll",World Bank Climate Change Knowledge Portal (CMIP6-x0.25),,,country polygon mask; latitude-area weighted mean using cos(latitude),SSP2-4.5,Hot days above 30°C
FSM,FSM,1.031000018119812,tas,ssp245,2040-2059,median,anomaly,degC,ensemble of anomaly of Daily Near-Surface Air Temperature with reference period 1995-2014,50.0,"access-cm2,access-esm1-5,bcc-csm2-mr,canesm5,cmcc-esm2,cnrm-cm6-1,cnrm-esm2-1,ec-earth3,ec-earth3-veg-lr,fgoals-g3,gfdl-cm4,gfdl-esm4,giss-e2-1-g,hadgem3-gc31-ll,inm-cm4-8,inm-cm5-0,ipsl-cm6a-lr,kace-1-0-g,miroc6,miroc-es2l,mpi-esm1-2-hr,mpi-esm1-2-lr,mri-esm2-0,nesm3,noresm2-lm,noresm2-mm,ukesm1-0-ll",World Bank Climate Change Knowledge Portal (CMIP6-x0.25),,1995-2014,country polygon mask; latitude-area weighted mean using cos(latitude),SSP2-4.5,Mean temperature
FSM,FSM,28.02899932861328,tas,ssp245,2040-2059,median,climatology,degC,ensemble of Daily Near-Surface Air Temperature,50.0,"access-cm2,access-esm1-5,bcc-csm2-mr,canesm5,cmcc-esm2,cnrm-cm6-1,cnrm-esm2-1,ec-earth3,ec-earth3-veg-lr,fgoals-g3,gfdl-cm4,gfdl-esm4,giss-e2-1-g,hadgem3-gc31-ll,inm-cm4-8,inm-cm5-0,ipsl-cm6a-lr,kace-1-0-g,miroc6,miroc-es2l,mpi-esm1-2-hr,mpi-esm1-2-lr,mri-esm2-0,nesm3,noresm2-lm,noresm2-mm,ukesm1-0-ll",World Bank Climate Change Knowledge Portal (CMIP6-x0.25),,,country polygon mask; latitude-area weighted mean using cos(latitude),SSP2-4.5,Mean temperature
GAB,GAB,181.71106347935086,hd30,ssp245,2040-2059,median,climatology,days,annual climatology of ensemble of hd30: hot days with 30 degC and higher,50.0,"access-cm2,access-esm1-5,bcc-csm2-mr,canesm5,cmcc-esm2,cnrm-cm6-1,cnrm-esm2-1,ec-earth3,ec-earth3-veg-lr,fgoals-g3,gfdl-cm4,gfdl-esm4,giss-e2-1-g,hadgem3-gc31-ll,inm-cm4-8,inm-cm5-0,ipsl-cm6a-lr,kace-1-0-g,kiost-esm,miroc6,miroc-es2l,mpi-esm1-2-hr,mpi-esm1-2-lr,mri-esm2-0,nesm3,noresm2-lm,noresm2-mm,ukesm1-0-ll",World Bank Climate Change Knowledge Portal (CMIP6-x0.25),,,country polygon mask; latitude-area weighted mean using cos(latitude),SSP2-4.5,Hot days above 30°C
GAB,GAB,1.1454266322094522,tas,ssp245,2040-2059,median,anomaly,degC,ensemble of anomaly of Daily Near-Surface Air Temperature with reference period 1995-2014,50.0,"access-cm2,access-esm1-5,bcc-csm2-mr,canesm5,cmcc-esm2,cnrm-cm6-1,cnrm-esm2-1,ec-earth3,ec-earth3-veg-lr,fgoals-g3,gfdl-cm4,gfdl-esm4,giss-e2-1-g,hadgem3-gc31-ll,inm-cm4-8,inm-cm5-0,ipsl-cm6a-lr,kace-1-0-g,miroc6,miroc-es2l,mpi-esm1-2-hr,mpi-esm1-2-lr,mri-esm2-0,nesm3,noresm2-lm,noresm2-mm,ukesm1-0-ll",World Bank Climate Change Knowledge Portal (CMIP6-x0.25),,1995-2014,country polygon mask; latitude-area weighted mean using cos(latitude),SSP2-4.5,Mean temperature
GAB,GAB,26.27908892430772,tas,ssp245,2040-2059,median,climatology,degC,ensemble of Daily Near-Surface Air Temperature,50.0,"access-cm2,access-esm1-5,bcc-csm2-mr,canesm5,cmcc-esm2,cnrm-cm6-1,cnrm-esm2-1,ec-earth3,ec-earth3-veg-lr,fgoals-g3,gfdl-cm4,gfdl-esm4,giss-e2-1-g,hadgem3-gc31-ll,inm-cm4-8,inm-cm5-0,ipsl-cm6a-lr,kace-1-0-g,miroc6,miroc-es2l,mpi-esm1-2-hr,mpi-esm1-2-lr,mri-esm2-0,nesm3,noresm2-lm,noresm2-mm,ukesm1-0-ll",World Bank Climate Change Knowledge Portal (CMIP6-x0.25),,,country polygon mask; latitude-area weighted mean using cos(latitude),SSP2-4.5,Mean temperature
GBR,GBR,0.4802191856605543,hd30,ssp245,2040-2059,median,climatology,days,annual climatology of ensemble of hd30: hot days with 30 degC and higher,50.0,"access-cm2,access-esm1-5,bcc-csm2-mr,canesm5,cmcc-esm2,cnrm-cm6-1,cnrm-esm2-1,ec-earth3,ec-earth3-veg-lr,fgoals-g3,gfdl-cm4,gfdl-esm4,giss-e2-1-g,hadgem3-gc31-ll,inm-cm4-8,inm-cm5-0,ipsl-cm6a-lr,kace-1-0-g,kiost-esm,miroc6,miroc-es2l,mpi-esm1-2-hr,mpi-esm1-2-lr,mri-esm2-0,nesm3,noresm2-lm,noresm2-mm,ukesm1-0-ll",World Bank Climate Change Knowledge Portal (CMIP6-x0.25),,,country polygon mask; latitude-area weighted mean using cos(latitude),SSP2-4.5,Hot days above 30°C
GBR,GBR,0.9957989569228062,tas,ssp245,2040-2059,median,anomaly,degC,ensemble of anomaly of Daily Near-Surface Air Temperature with reference period 1995-2014,50.0,"access-cm2,access-esm1-5,bcc-csm2-mr,canesm5,cmcc-esm2,cnrm-cm6-1,cnrm-esm2-1,ec-earth3,ec-earth3-veg-lr,fgoals-g3,gfdl-cm4,gfdl-esm4,giss-e2-1-g,hadgem3-gc31-ll,inm-cm4-8,inm-cm5-0,ipsl-cm6a-lr,kace-1-0-g,miroc6,miroc-es2l,mpi-esm1-2-hr,mpi-esm1-2-lr,mri-esm2-0,nesm3,noresm2-lm,noresm2-mm,ukesm1-0-ll",World Bank Climate Change Knowledge Portal (CMIP6-x0.25),,1995-2014,country polygon mask; latitude-area weighted mean using cos(latitude),SSP2-4.5,Mean temperature
GBR,GBR,10.290168239992271,tas,ssp245,2040-2059,median,climatology,degC,ensemble of Daily Near-Surface Air Temperature,50.0,"access-cm2,access-esm1-5,bcc-csm2-mr,canesm5,cmcc-esm2,cnrm-cm6-1,cnrm-esm2-1,ec-earth3,ec-earth3-veg-lr,fgoals-g3,gfdl-cm4,gfdl-esm4,giss-e2-1-g,hadgem3-gc31-ll,inm-cm4-8,inm-cm5-0,ipsl-cm6a-lr,kace-1-0-g,miroc6,miroc-es2l,mpi-esm1-2-hr,mpi-esm1-2-lr,mri-esm2-0,nesm3,noresm2-lm,noresm2-mm,ukesm1-0-ll",World Bank Climate Change Knowledge Portal (CMIP6-x0.25),,,country polygon mask; latitude-area weighted mean using cos(latitude),SSP2-4.5,Mean temperature
GEO,GEO,19.569178886447567,hd30,ssp245,2040-2059,median,climatology,days,annual climatology of ensemble of hd30: hot days with 30 degC and higher,50.0,"access-cm2,access-esm1-5,bcc-csm2-mr,canesm5,cmcc-esm2,cnrm-cm6-1,cnrm-esm2-1,ec-earth3,ec-earth3-veg-lr,fgoals-g3,gfdl-cm4,gfdl-esm4,giss-e2-1-g,hadgem3-gc31-ll,inm-cm4-8,inm-cm5-0,ipsl-cm6a-lr,kace-1-0-g,kiost-esm,miroc6,miroc-es2l,mpi-esm1-2-hr,mpi-esm1-2-lr,mri-esm2-0,nesm3,noresm2-lm,noresm2-mm,ukesm1-0-ll",World Bank Climate Change Knowledge Portal (CMIP6-x0.25),,,country polygon mask; latitude-area weighted mean using cos(latitude),SSP2-4.5,Hot days above 30°C
GEO,GEO,1.7480606395968408,tas,ssp245,2040-2059,median,anomaly,degC,ensemble of anomaly of Daily Near-Surface Air Temperature with reference period 1995-2014,50.0,"access-cm2,access-esm1-5,bcc-csm2-mr,canesm5,cmcc-esm2,cnrm-cm6-1,cnrm-esm2-1,ec-earth3,ec-earth3-veg-lr,fgoals-g3,gfdl-cm4,gfdl-esm4,giss-e2-1-g,hadgem3-gc31-ll,inm-cm4-8,inm-cm5-0,ipsl-cm6a-lr,kace-1-0-g,miroc6,miroc-es2l,mpi-esm1-2-hr,mpi-esm1-2-lr,mri-esm2-0,nesm3,noresm2-lm,noresm2-mm,ukesm1-0-ll",World Bank Climate Change Knowledge Portal (CMIP6-x0.25),,1995-2014,country polygon mask; latitude-area weighted mean using cos(latitude),SSP2-4.5,Mean temperature
GEO,GEO,9.914942697340928,tas,ssp245,2040-2059,median,climatology,degC,ensemble of Daily Near-Surface Air Temperature,50.0,"access-cm2,access-esm1-5,bcc-csm2-mr,canesm5,cmcc-esm2,cnrm-cm6-1,cnrm-esm2-1,ec-earth3,ec-earth3-veg-lr,fgoals-g3,gfdl-cm4,gfdl-esm4,giss-e2-1-g,hadgem3-gc31-ll,inm-cm4-8,inm-cm5-0,ipsl-cm6a-lr,kace-1-0-g,miroc6,miroc-es2l,mpi-esm1-2-hr,mpi-esm1-2-lr,mri-esm2-0,nesm3,noresm2-lm,noresm2-mm,ukesm1-0-ll",World Bank Climate Change Knowledge Portal (CMIP6-x0.25),,,country polygon mask; latitude-area weighted mean using cos(latitude),SSP2-4.5,Mean temperature
GHA,GHA,303.25164829841435,hd30,ssp245,2040-2059,median,climatology,days,annual climatology of ensemble of hd30: hot days with 30 degC and higher,50.0,"access-cm2,access-esm1-5,bcc-csm2-mr,canesm5,cmcc-esm2,cnrm-cm6-1,cnrm-esm2-1,ec-earth3,ec-earth3-veg-lr,fgoals-g3,gfdl-cm4,gfdl-esm4,giss-e2-1-g,hadgem3-gc31-ll,inm-cm4-8,inm-cm5-0,ipsl-cm6a-lr,kace-1-0-g,kiost-esm,miroc6,miroc-es2l,mpi-esm1-2-hr,mpi-esm1-2-lr,mri-esm2-0,nesm3,noresm2-lm,noresm2-mm,ukesm1-0-ll",World Bank Climate Change Knowledge Portal (CMIP6-x0.25),,,country polygon mask; latitude-area weighted mean using cos(latitude),SSP2-4.5,Hot days above 30°C
GHA,GHA,1.2475199670015464,tas,ssp245,2040-2059,median,anomaly,degC,ensemble of anomaly of Daily Near-Surface Air Temperature with reference period 1995-2014,50.0,"access-cm2,access-esm1-5,bcc-csm2-mr,canesm5,cmcc-esm2,cnrm-cm6-1,cnrm-esm2-1,ec-earth3,ec-earth3-veg-lr,fgoals-g3,gfdl-cm4,gfdl-esm4,giss-e2-1-g,hadgem3-gc31-ll,inm-cm4-8,inm-cm5-0,ipsl-cm6a-lr,kace-1-0-g,miroc6,miroc-es2l,mpi-esm1-2-hr,mpi-esm1-2-lr,mri-esm2-0,nesm3,noresm2-lm,noresm2-mm,ukesm1-0-ll",World Bank Climate Change Knowledge Portal (CMIP6-x0.25),,1995-2014,country polygon mask; latitude-area weighted mean using cos(latitude),SSP2-4.5,Mean temperature
GHA,GHA,28.85399017779772,tas,ssp245,2040-2059,median,climatology,degC,ensemble of Daily Near-Surface Air Temperature,50.0,"access-cm2,access-esm1-5,bcc-csm2-mr,canesm5,cmcc-esm2,cnrm-cm6-1,cnrm-esm2-1,ec-earth3,ec-earth3-veg-lr,fgoals-g3,gfdl-cm4,gfdl-esm4,giss-e2-1-g,hadgem3-gc31-ll,inm-cm4-8,inm-cm5-0,ipsl-cm6a-lr,kace-1-0-g,miroc6,miroc-es2l,mpi-esm1-2-hr,mpi-esm1-2-lr,mri-esm2-0,nesm3,noresm2-lm,noresm2-mm,ukesm1-0-ll",World Bank Climate Change Knowledge Portal (CMIP6-x0.25),,,country polygon mask; latitude-area weighted mean using cos(latitude),SSP2-4.5,Mean temperature
GIN,GIN,290.1194165371466,hd30,ssp245,2040-2059,median,climatology,days,annual climatology of ensemble of hd30: hot days with 30 degC and higher,50.0,"access-cm2,access-esm1-5,bcc-csm2-mr,canesm5,cmcc-esm2,cnrm-cm6-1,cnrm-esm2-1,ec-earth3,ec-earth3-veg-lr,fgoals-g3,gfdl-cm4,gfdl-esm4,giss-e2-1-g,hadgem3-gc31-ll,inm-cm4-8,inm-cm5-0,ipsl-cm6a-lr,kace-1-0-g,kiost-esm,miroc6,miroc-es2l,mpi-esm1-2-hr,mpi-esm1-2-lr,mri-esm2-0,nesm3,noresm2-lm,noresm2-mm,ukesm1-0-ll",World Bank Climate Change Knowledge Portal (CMIP6-x0.25),,,country polygon mask; latitude-area weighted mean using cos(latitude),SSP2-4.5,Hot days above 30°C
GIN,GIN,1.3680908861955163,tas,ssp245,2040-2059,median,anomaly,degC,ensemble of anomaly of Daily Near-Surface Air Temperature with reference period 1995-2014,50.0,"access-cm2,access-esm1-5,bcc-csm2-mr,canesm5,cmcc-esm2,cnrm-cm6-1,cnrm-esm2-1,ec-earth3,ec-earth3-veg-lr,fgoals-g3,gfdl-cm4,gfdl-esm4,giss-e2-1-g,hadgem3-gc31-ll,inm-cm4-8,inm-cm5-0,ipsl-cm6a-lr,kace-1-0-g,miroc6,miroc-es2l,mpi-esm1-2-hr,mpi-esm1-2-lr,mri-esm2-0,nesm3,noresm2-lm,noresm2-mm,ukesm1-0-ll",World Bank Climate Change Knowledge Portal (CMIP6-x0.25),,1995-2014,country polygon mask; latitude-area weighted mean using cos(latitude),SSP2-4.5,Mean temperature
GIN,GIN,27.80703767123762,tas,ssp245,2040-2059,median,climatology,degC,ensemble of Daily Near-Surface Air Temperature,50.0,"access-cm2,access-esm1-5,bcc-csm2-mr,canesm5,cmcc-esm2,cnrm-cm6-1,cnrm-esm2-1,ec-earth3,ec-earth3-veg-lr,fgoals-g3,gfdl-cm4,gfdl-esm4,giss-e2-1-g,hadgem3-gc31-ll,inm-cm4-8,inm-cm5-0,ipsl-cm6a-lr,kace-1-0-g,miroc6,miroc-es2l,mpi-esm1-2-hr,mpi-esm1-2-lr,mri-esm2-0,nesm3,noresm2-lm,noresm2-mm,ukesm1-0-ll",World Bank Climate Change Knowledge Portal (CMIP6-x0.25),,,country polygon mask; latitude-area weighted mean using cos(latitude),SSP2-4.5,Mean temperature
GLP,GLP,0.400000000372529,hd30,ssp245,2040-2059,median,climatology,days,annual climatology of ensemble of hd30: hot days with 30 degC and higher,50.0,"access-cm2,access-esm1-5,bcc-csm2-mr,canesm5,cmcc-esm2,cnrm-cm6-1,cnrm-esm2-1,ec-earth3,ec-earth3-veg-lr,fgoals-g3,gfdl-cm4,gfdl-esm4,giss-e2-1-g,hadgem3-gc31-ll,inm-cm4-8,inm-cm5-0,ipsl-cm6a-lr,kace-1-0-g,kiost-esm,miroc6,miroc-es2l,mpi-esm1-2-hr,mpi-esm1-2-lr,mri-esm2-0,nesm3,noresm2-lm,noresm2-mm,ukesm1-0-ll",World Bank Climate Change Knowledge Portal (CMIP6-x0.25),,,country polygon mask; latitude-area weighted mean using cos(latitude),SSP2-4.5,Hot days above 30°C
GLP,GLP,1.0605000257492065,tas,ssp245,2040-2059,median,anomaly,degC,ensemble of anomaly of Daily Near-Surface Air Temperature with reference period 1995-2014,50.0,"access-cm2,access-esm1-5,bcc-csm2-mr,canesm5,cmcc-esm2,cnrm-cm6-1,cnrm-esm2-1,ec-earth3,ec-earth3-veg-lr,fgoals-g3,gfdl-cm4,gfdl-esm4,giss-e2-1-g,hadgem3-gc31-ll,inm-cm4-8,inm-cm5-0,ipsl-cm6a-lr,kace-1-0-g,miroc6,miroc-es2l,mpi-esm1-2-hr,mpi-esm1-2-lr,mri-esm2-0,nesm3,noresm2-lm,noresm2-mm,ukesm1-0-ll",World Bank Climate Change Knowledge Portal (CMIP6-x0.25),,1995-2014,country polygon mask; latitude-area weighted mean using cos(latitude),SSP2-4.5,Mean temperature
GLP,GLP,26.777999877929688,tas,ssp245,2040-2059,median,climatology,degC,ensemble of Daily Near-Surface Air Temperature,50.0,"access-cm2,access-esm1-5,bcc-csm2-mr,canesm5,cmcc-esm2,cnrm-cm6-1,cnrm-esm2-1,ec-earth3,ec-earth3-veg-lr,fgoals-g3,gfdl-cm4,gfdl-esm4,giss-e2-1-g,hadgem3-gc31-ll,inm-cm4-8,inm-cm5-0,ipsl-cm6a-lr,kace-1-0-g,miroc6,miroc-es2l,mpi-esm1-2-hr,mpi-esm1-2-lr,mri-esm2-0,nesm3,noresm2-lm,noresm2-mm,ukesm1-0-ll",World Bank Climate Change Knowledge Portal (CMIP6-x0.25),,,country polygon mask; latitude-area weighted mean using cos(latitude),SSP2-4.5,Mean temperature
GMB,GMB,332.3899436255717,hd30,ssp245,2040-2059,median,climatology,days,annual climatology of ensemble of hd30: hot days with 30 degC and higher,50.0,"access-cm2,access-esm1-5,bcc-csm2-mr,canesm5,cmcc-esm2,cnrm-cm6-1,cnrm-esm2-1,ec-earth3,ec-earth3-veg-lr,fgoals-g3,gfdl-cm4,gfdl-esm4,giss-e2-1-g,hadgem3-gc31-ll,inm-cm4-8,inm-cm5-0,ipsl-cm6a-lr,kace-1-0-g,kiost-esm,miroc6,miroc-es2l,mpi-esm1-2-hr,mpi-esm1-2-lr,mri-esm2-0,nesm3,noresm2-lm,noresm2-mm,ukesm1-0-ll",World Bank Climate Change Knowledge Portal (CMIP6-x0.25),,,country polygon mask; latitude-area weighted mean using cos(latitude),SSP2-4.5,Hot days above 30°C
GMB,GMB,1.3066432608189709,tas,ssp245,2040-2059,median,anomaly,degC,ensemble of anomaly of Daily Near-Surface Air Temperature with reference period 1995-2014,50.0,"access-cm2,access-esm1-5,bcc-csm2-mr,canesm5,cmcc-esm2,cnrm-cm6-1,cnrm-esm2-1,ec-earth3,ec-earth3-veg-lr,fgoals-g3,gfdl-cm4,gfdl-esm4,giss-e2-1-g,hadgem3-gc31-ll,inm-cm4-8,inm-cm5-0,ipsl-cm6a-lr,kace-1-0-g,miroc6,miroc-es2l,mpi-esm1-2-hr,mpi-esm1-2-lr,mri-esm2-0,nesm3,noresm2-lm,noresm2-mm,ukesm1-0-ll",World Bank Climate Change Knowledge Portal (CMIP6-x0.25),,1995-2014,country polygon mask; latitude-area weighted mean using cos(latitude),SSP2-4.5,Mean temperature
GMB,GMB,29.54996162327364,tas,ssp245,2040-2059,median,climatology,degC,ensemble of Daily Near-Surface Air Temperature,50.0,"access-cm2,access-esm1-5,bcc-csm2-mr,canesm5,cmcc-esm2,cnrm-cm6-1,cnrm-esm2-1,ec-earth3,ec-earth3-veg-lr,fgoals-g3,gfdl-cm4,gfdl-esm4,giss-e2-1-g,hadgem3-gc31-ll,inm-cm4-8,inm-cm5-0,ipsl-cm6a-lr,kace-1-0-g,miroc6,miroc-es2l,mpi-esm1-2-hr,mpi-esm1-2-lr,mri-esm2-0,nesm3,noresm2-lm,noresm2-mm,ukesm1-0-ll",World Bank Climate Change Knowledge Portal (CMIP6-x0.25),,,country polygon mask; latitude-area weighted mean using cos(latitude),SSP2-4.5,Mean temperature
GNB,GNB,324.00205794380884,hd30,ssp245,2040-2059,median,climatology,days,annual climatology of ensemble of hd30: hot days with 30 degC and higher,50.0,"access-cm2,access-esm1-5,bcc-csm2-mr,canesm5,cmcc-esm2,cnrm-cm6-1,cnrm-esm2-1,ec-earth3,ec-earth3-veg-lr,fgoals-g3,gfdl-cm4,gfdl-esm4,giss-e2-1-g,hadgem3-gc31-ll,inm-cm4-8,inm-cm5-0,ipsl-cm6a-lr,kace-1-0-g,kiost-esm,miroc6,miroc-es2l,mpi-esm1-2-hr,mpi-esm1-2-lr,mri-esm2-0,nesm3,noresm2-lm,noresm2-mm,ukesm1-0-ll",World Bank Climate Change Knowledge Portal (CMIP6-x0.25),,,country polygon mask; latitude-area weighted mean using cos(latitude),SSP2-4.5,Hot days above 30°C
GNB,GNB,1.265738457757524,tas,ssp245,2040-2059,median,anomaly,degC,ensemble of anomaly of Daily Near-Surface Air Temperature with reference period 1995-2014,50.0,"access-cm2,access-esm1-5,bcc-csm2-mr,canesm5,cmcc-esm2,cnrm-cm6-1,cnrm-esm2-1,ec-earth3,ec-earth3-veg-lr,fgoals-g3,gfdl-cm4,gfdl-esm4,giss-e2-1-g,hadgem3-gc31-ll,inm-cm4-8,inm-cm5-0,ipsl-cm6a-lr,kace-1-0-g,miroc6,miroc-es2l,mpi-esm1-2-hr,mpi-esm1-2-lr,mri-esm2-0,nesm3,noresm2-lm,noresm2-mm,ukesm1-0-ll",World Bank Climate Change Knowledge Portal (CMIP6-x0.25),,1995-2014,country polygon mask; latitude-area weighted mean using cos(latitude),SSP2-4.5,Mean temperature
GNB,GNB,29.33545311956696,tas,ssp245,2040-2059,median,climatology,degC,ensemble of Daily Near-Surface Air Temperature,50.0,"access-cm2,access-esm1-5,bcc-csm2-mr,canesm5,cmcc-esm2,cnrm-cm6-1,cnrm-esm2-1,ec-earth3,ec-earth3-veg-lr,fgoals-g3,gfdl-cm4,gfdl-esm4,giss-e2-1-g,hadgem3-gc31-ll,inm-cm4-8,inm-cm5-0,ipsl-cm6a-lr,kace-1-0-g,miroc6,miroc-es2l,mpi-esm1-2-hr,mpi-esm1-2-lr,mri-esm2-0,nesm3,noresm2-lm,noresm2-mm,ukesm1-0-ll",World Bank Climate Change Knowledge Portal (CMIP6-x0.25),,,country polygon mask; latitude-area weighted mean using cos(latitude),SSP2-4.5,Mean temperature
GNQ,GNQ,99.46564599368645,hd30,ssp245,2040-2059,median,climatology,days,annual climatology of ensemble of hd30: hot days with 30 degC and higher,50.0,"access-cm2,access-esm1-5,bcc-csm2-mr,canesm5,cmcc-esm2,cnrm-cm6-1,cnrm-esm2-1,ec-earth3,ec-earth3-veg-lr,fgoals-g3,gfdl-cm4,gfdl-esm4,giss-e2-1-g,hadgem3-gc31-ll,inm-cm4-8,inm-cm5-0,ipsl-cm6a-lr,kace-1-0-g,kiost-esm,miroc6,miroc-es2l,mpi-esm1-2-hr,mpi-esm1-2-lr,mri-esm2-0,nesm3,noresm2-lm,noresm2-mm,ukesm1-0-ll",World Bank Climate Change Knowledge Portal (CMIP6-x0.25),,,country polygon mask; latitude-area weighted mean using cos(latitude),SSP2-4.5,Hot days above 30°C
GNQ,GNQ,1.149512817967343,tas,ssp245,2040-2059,median,anomaly,degC,ensemble of anomaly of Daily Near-Surface Air Temperature with reference period 1995-2014,50.0,"access-cm2,access-esm1-5,bcc-csm2-mr,canesm5,cmcc-esm2,cnrm-cm6-1,cnrm-esm2-1,ec-earth3,ec-earth3-veg-lr,fgoals-g3,gfdl-cm4,gfdl-esm4,giss-e2-1-g,hadgem3-gc31-ll,inm-cm4-8,inm-cm5-0,ipsl-cm6a-lr,kace-1-0-g,miroc6,miroc-es2l,mpi-esm1-2-hr,mpi-esm1-2-lr,mri-esm2-0,nesm3,noresm2-lm,noresm2-mm,ukesm1-0-ll",World Bank Climate Change Knowledge Portal (CMIP6-x0.25),,1995-2014,country polygon mask; latitude-area weighted mean using cos(latitude),SSP2-4.5,Mean temperature
GNQ,GNQ,25.540291805357374,tas,ssp245,2040-2059,median,climatology,degC,ensemble of Daily Near-Surface Air Temperature,50.0,"access-cm2,access-esm1-5,bcc-csm2-mr,canesm5,cmcc-esm2,cnrm-cm6-1,cnrm-esm2-1,ec-earth3,ec-earth3-veg-lr,fgoals-g3,gfdl-cm4,gfdl-esm4,giss-e2-1-g,hadgem3-gc31-ll,inm-cm4-8,inm-cm5-0,ipsl-cm6a-lr,kace-1-0-g,miroc6,miroc-es2l,mpi-esm1-2-hr,mpi-esm1-2-lr,mri-esm2-0,nesm3,noresm2-lm,noresm2-mm,ukesm1-0-ll",World Bank Climate Change Knowledge Portal (CMIP6-x0.25),,,country polygon mask; latitude-area weighted mean using cos(latitude),SSP2-4.5,Mean temperature
GRC,GRC,62.198123989374835,hd30,ssp245,2040-2059,median,climatology,days,annual climatology of ensemble of hd30: hot days with 30 degC and higher,50.0,"access-cm2,access-esm1-5,bcc-csm2-mr,canesm5,cmcc-esm2,cnrm-cm6-1,cnrm-esm2-1,ec-earth3,ec-earth3-veg-lr,fgoals-g3,gfdl-cm4,gfdl-esm4,giss-e2-1-g,hadgem3-gc31-ll,inm-cm4-8,inm-cm5-0,ipsl-cm6a-lr,kace-1-0-g,kiost-esm,miroc6,miroc-es2l,mpi-esm1-2-hr,mpi-esm1-2-lr,mri-esm2-0,nesm3,noresm2-lm,noresm2-mm,ukesm1-0-ll",World Bank Climate Change Knowledge Portal (CMIP6-x0.25),,,country polygon mask; latitude-area weighted mean using cos(latitude),SSP2-4.5,Hot days above 30°C
GRC,GRC,1.5850960787641701,tas,ssp245,2040-2059,median,anomaly,degC,ensemble of anomaly of Daily Near-Surface Air Temperature with reference period 1995-2014,50.0,"access-cm2,access-esm1-5,bcc-csm2-mr,canesm5,cmcc-esm2,cnrm-cm6-1,cnrm-esm2-1,ec-earth3,ec-earth3-veg-lr,fgoals-g3,gfdl-cm4,gfdl-esm4,giss-e2-1-g,hadgem3-gc31-ll,inm-cm4-8,inm-cm5-0,ipsl-cm6a-lr,kace-1-0-g,miroc6,miroc-es2l,mpi-esm1-2-hr,mpi-esm1-2-lr,mri-esm2-0,nesm3,noresm2-lm,noresm2-mm,ukesm1-0-ll",World Bank Climate Change Knowledge Portal (CMIP6-x0.25),,1995-2014,country polygon mask; latitude-area weighted mean using cos(latitude),SSP2-4.5,Mean temperature
GRC,GRC,16.648837945477126,tas,ssp245,2040-2059,median,climatology,degC,ensemble of Daily Near-Surface Air Temperature,50.0,"access-cm2,access-esm1-5,bcc-csm2-mr,canesm5,cmcc-esm2,cnrm-cm6-1,cnrm-esm2-1,ec-earth3,ec-earth3-veg-lr,fgoals-g3,gfdl-cm4,gfdl-esm4,giss-e2-1-g,hadgem3-gc31-ll,inm-cm4-8,inm-cm5-0,ipsl-cm6a-lr,kace-1-0-g,miroc6,miroc-es2l,mpi-esm1-2-hr,mpi-esm1-2-lr,mri-esm2-0,nesm3,noresm2-lm,noresm2-mm,ukesm1-0-ll",World Bank Climate Change Knowledge Portal (CMIP6-x0.25),,,country polygon mask; latitude-area weighted mean using cos(latitude),SSP2-4.5,Mean temperature
GRL,GRL,0.0,hd30,ssp245,2040-2059,median,climatology,days,annual climatology of ensemble of hd30: hot days with 30 degC and higher,50.0,"access-cm2,access-esm1-5,bcc-csm2-mr,canesm5,cmcc-esm2,cnrm-cm6-1,cnrm-esm2-1,ec-earth3,ec-earth3-veg-lr,fgoals-g3,gfdl-cm4,gfdl-esm4,giss-e2-1-g,hadgem3-gc31-ll,inm-cm4-8,inm-cm5-0,ipsl-cm6a-lr,kace-1-0-g,kiost-esm,miroc6,miroc-es2l,mpi-esm1-2-hr,mpi-esm1-2-lr,mri-esm2-0,nesm3,noresm2-lm,noresm2-mm,ukesm1-0-ll",World Bank Climate Change Knowledge Portal (CMIP6-x0.25),,,country polygon mask; latitude-area weighted mean using cos(latitude),SSP2-4.5,Hot days above 30°C
GRL,GRL,1.7103637994741177,tas,ssp245,2040-2059,median,anomaly,degC,ensemble of anomaly of Daily Near-Surface Air Temperature with reference period 1995-2014,50.0,"access-cm2,access-esm1-5,bcc-csm2-mr,canesm5,cmcc-esm2,cnrm-cm6-1,cnrm-esm2-1,ec-earth3,ec-earth3-veg-lr,fgoals-g3,gfdl-cm4,gfdl-esm4,giss-e2-1-g,hadgem3-gc31-ll,inm-cm4-8,inm-cm5-0,ipsl-cm6a-lr,kace-1-0-g,miroc6,miroc-es2l,mpi-esm1-2-hr,mpi-esm1-2-lr,mri-esm2-0,nesm3,noresm2-lm,noresm2-mm,ukesm1-0-ll",World Bank Climate Change Knowledge Portal (CMIP6-x0.25),,1995-2014,country polygon mask; latitude-area weighted mean using cos(latitude),SSP2-4.5,Mean temperature
GRL,GRL,-16.510463966942343,tas,ssp245,2040-2059,median,climatology,degC,ensemble of Daily Near-Surface Air Temperature,50.0,"access-cm2,access-esm1-5,bcc-csm2-mr,canesm5,cmcc-esm2,cnrm-cm6-1,cnrm-esm2-1,ec-earth3,ec-earth3-veg-lr,fgoals-g3,gfdl-cm4,gfdl-esm4,giss-e2-1-g,hadgem3-gc31-ll,inm-cm4-8,inm-cm5-0,ipsl-cm6a-lr,kace-1-0-g,miroc6,miroc-es2l,mpi-esm1-2-hr,mpi-esm1-2-lr,mri-esm2-0,nesm3,noresm2-lm,noresm2-mm,ukesm1-0-ll",World Bank Climate Change Knowledge Portal (CMIP6-x0.25),,,country polygon mask; latitude-area weighted mean using cos(latitude),SSP2-4.5,Mean temperature
GTM,GTM,161.01148081754684,hd30,ssp245,2040-2059,median,climatology,days,annual climatology of ensemble of hd30: hot days with 30 degC and higher,50.0,"access-cm2,access-esm1-5,bcc-csm2-mr,canesm5,cmcc-esm2,cnrm-cm6-1,cnrm-esm2-1,ec-earth3,ec-earth3-veg-lr,fgoals-g3,gfdl-cm4,gfdl-esm4,giss-e2-1-g,hadgem3-gc31-ll,inm-cm4-8,inm-cm5-0,ipsl-cm6a-lr,kace-1-0-g,kiost-esm,miroc6,miroc-es2l,mpi-esm1-2-hr,mpi-esm1-2-lr,mri-esm2-0,nesm3,noresm2-lm,noresm2-mm,ukesm1-0-ll",World Bank Climate Change Knowledge Portal (CMIP6-x0.25),,,country polygon mask; latitude-area weighted mean using cos(latitude),SSP2-4.5,Hot days above 30°C
GTM,GTM,1.3591792306803225,tas,ssp245,2040-2059,median,anomaly,degC,ensemble of anomaly of Daily Near-Surface Air Temperature with reference period 1995-2014,50.0,"access-cm2,access-esm1-5,bcc-csm2-mr,canesm5,cmcc-esm2,cnrm-cm6-1,cnrm-esm2-1,ec-earth3,ec-earth3-veg-lr,fgoals-g3,gfdl-cm4,gfdl-esm4,giss-e2-1-g,hadgem3-gc31-ll,inm-cm4-8,inm-cm5-0,ipsl-cm6a-lr,kace-1-0-g,miroc6,miroc-es2l,mpi-esm1-2-hr,mpi-esm1-2-lr,mri-esm2-0,nesm3,noresm2-lm,noresm2-mm,ukesm1-0-ll",World Bank Climate Change Knowledge Portal (CMIP6-x0.25),,1995-2014,country polygon mask; latitude-area weighted mean using cos(latitude),SSP2-4.5,Mean temperature
GTM,GTM,24.666196202661162,tas,ssp245,2040-2059,median,climatology,degC,ensemble of Daily Near-Surface Air Temperature,50.0,"access-cm2,access-esm1-5,bcc-csm2-mr,canesm5,cmcc-esm2,cnrm-cm6-1,cnrm-esm2-1,ec-earth3,ec-earth3-veg-lr,fgoals-g3,gfdl-cm4,gfdl-esm4,giss-e2-1-g,hadgem3-gc31-ll,inm-cm4-8,inm-cm5-0,ipsl-cm6a-lr,kace-1-0-g,miroc6,miroc-es2l,mpi-esm1-2-hr,mpi-esm1-2-lr,mri-esm2-0,nesm3,noresm2-lm,noresm2-mm,ukesm1-0-ll",World Bank Climate Change Knowledge Portal (CMIP6-x0.25),,,country polygon mask; latitude-area weighted mean using cos(latitude),SSP2-4.5,Mean temperature
GUF,GUF,287.4909764276104,hd30,ssp245,2040-2059,median,climatology,days,annual climatology of ensemble of hd30: hot days with 30 degC and higher,50.0,"access-cm2,access-esm1-5,bcc-csm2-mr,canesm5,cmcc-esm2,cnrm-cm6-1,cnrm-esm2-1,ec-earth3,ec-earth3-veg-lr,fgoals-g3,gfdl-cm4,gfdl-esm4,giss-e2-1-g,hadgem3-gc31-ll,inm-cm4-8,inm-cm5-0,ipsl-cm6a-lr,kace-1-0-g,kiost-esm,miroc6,miroc-es2l,mpi-esm1-2-hr,mpi-esm1-2-lr,mri-esm2-0,nesm3,noresm2-lm,noresm2-mm,ukesm1-0-ll",World Bank Climate Change Knowledge Portal (CMIP6-x0.25),,,country polygon mask; latitude-area weighted mean using cos(latitude),SSP2-4.5,Hot days above 30°C
GUF,GUF,1.2888139729632724,tas,ssp245,2040-2059,median,anomaly,degC,ensemble of anomaly of Daily Near-Surface Air Temperature with reference period 1995-2014,50.0,"access-cm2,access-esm1-5,bcc-csm2-mr,canesm5,cmcc-esm2,cnrm-cm6-1,cnrm-esm2-1,ec-earth3,ec-earth3-veg-lr,fgoals-g3,gfdl-cm4,gfdl-esm4,giss-e2-1-g,hadgem3-gc31-ll,inm-cm4-8,inm-cm5-0,ipsl-cm6a-lr,kace-1-0-g,miroc6,miroc-es2l,mpi-esm1-2-hr,mpi-esm1-2-lr,mri-esm2-0,nesm3,noresm2-lm,noresm2-mm,ukesm1-0-ll",World Bank Climate Change Knowledge Portal (CMIP6-x0.25),,1995-2014,country polygon mask; latitude-area weighted mean using cos(latitude),SSP2-4.5,Mean temperature
GUF,GUF,27.745768786516834,tas,ssp245,2040-2059,median,climatology,degC,ensemble of Daily Near-Surface Air Temperature,50.0,"access-cm2,access-esm1-5,bcc-csm2-mr,canesm5,cmcc-esm2,cnrm-cm6-1,cnrm-esm2-1,ec-earth3,ec-earth3-veg-lr,fgoals-g3,gfdl-cm4,gfdl-esm4,giss-e2-1-g,hadgem3-gc31-ll,inm-cm4-8,inm-cm5-0,ipsl-cm6a-lr,kace-1-0-g,miroc6,miroc-es2l,mpi-esm1-2-hr,mpi-esm1-2-lr,mri-esm2-0,nesm3,noresm2-lm,noresm2-mm,ukesm1-0-ll",World Bank Climate Change Knowledge Portal (CMIP6-x0.25),,,country polygon mask; latitude-area weighted mean using cos(latitude),SSP2-4.5,Mean temperature
GUY,GUY,250.7511868710033,hd30,ssp245,2040-2059,median,climatology,days,annual climatology of ensemble of hd30: hot days with 30 degC and higher,50.0,"access-cm2,access-esm1-5,bcc-csm2-mr,canesm5,cmcc-esm2,cnrm-cm6-1,cnrm-esm2-1,ec-earth3,ec-earth3-veg-lr,fgoals-g3,gfdl-cm4,gfdl-esm4,giss-e2-1-g,hadgem3-gc31-ll,inm-cm4-8,inm-cm5-0,ipsl-cm6a-lr,kace-1-0-g,kiost-esm,miroc6,miroc-es2l,mpi-esm1-2-hr,mpi-esm1-2-lr,mri-esm2-0,nesm3,noresm2-lm,noresm2-mm,ukesm1-0-ll",World Bank Climate Change Knowledge Portal (CMIP6-x0.25),,,country polygon mask; latitude-area weighted mean using cos(latitude),SSP2-4.5,Hot days above 30°C
GUY,GUY,1.3563507411610964,tas,ssp245,2040-2059,median,anomaly,degC,ensemble of anomaly of Daily Near-Surface Air Temperature with reference period 1995-2014,50.0,"access-cm2,access-esm1-5,bcc-csm2-mr,canesm5,cmcc-esm2,cnrm-cm6-1,cnrm-esm2-1,ec-earth3,ec-earth3-veg-lr,fgoals-g3,gfdl-cm4,gfdl-esm4,giss-e2-1-g,hadgem3-gc31-ll,inm-cm4-8,inm-cm5-0,ipsl-cm6a-lr,kace-1-0-g,miroc6,miroc-es2l,mpi-esm1-2-hr,mpi-esm1-2-lr,mri-esm2-0,nesm3,noresm2-lm,noresm2-mm,ukesm1-0-ll",World Bank Climate Change Knowledge Portal (CMIP6-x0.25),,1995-2014,country polygon mask; latitude-area weighted mean using cos(latitude),SSP2-4.5,Mean temperature
GUY,GUY,27.28546054728124,tas,ssp245,2040-2059,median,climatology,degC,ensemble of Daily Near-Surface Air Temperature,50.0,"access-cm2,access-esm1-5,bcc-csm2-mr,canesm5,cmcc-esm2,cnrm-cm6-1,cnrm-esm2-1,ec-earth3,ec-earth3-veg-lr,fgoals-g3,gfdl-cm4,gfdl-esm4,giss-e2-1-g,hadgem3-gc31-ll,inm-cm4-8,inm-cm5-0,ipsl-cm6a-lr,kace-1-0-g,miroc6,miroc-es2l,mpi-esm1-2-hr,mpi-esm1-2-lr,mri-esm2-0,nesm3,noresm2-lm,noresm2-mm,ukesm1-0-ll",World Bank Climate Change Knowledge Portal (CMIP6-x0.25),,,country polygon mask; latitude-area weighted mean using cos(latitude),SSP2-4.5,Mean temperature
HKG,HKG,107.94329311388864,hd30,ssp245,2040-2059,median,climatology,days,annual climatology of ensemble of hd30: hot days with 30 degC and higher,50.0,"access-cm2,access-esm1-5,bcc-csm2-mr,canesm5,cmcc-esm2,cnrm-cm6-1,cnrm-esm2-1,ec-earth3,ec-earth3-veg-lr,fgoals-g3,gfdl-cm4,gfdl-esm4,giss-e2-1-g,hadgem3-gc31-ll,inm-cm4-8,inm-cm5-0,ipsl-cm6a-lr,kace-1-0-g,kiost-esm,miroc6,miroc-es2l,mpi-esm1-2-hr,mpi-esm1-2-lr,mri-esm2-0,nesm3,noresm2-lm,noresm2-mm,ukesm1-0-ll",World Bank Climate Change Knowledge Portal (CMIP6-x0.25),,,country polygon mask; latitude-area weighted mean using cos(latitude),SSP2-4.5,Hot days above 30°C
HKG,HKG,1.2569790597031987,tas,ssp245,2040-2059,median,anomaly,degC,ensemble of anomaly of Daily Near-Surface Air Temperature with reference period 1995-2014,50.0,"access-cm2,access-esm1-5,bcc-csm2-mr,canesm5,cmcc-esm2,cnrm-cm6-1,cnrm-esm2-1,ec-earth3,ec-earth3-veg-lr,fgoals-g3,gfdl-cm4,gfdl-esm4,giss-e2-1-g,hadgem3-gc31-ll,inm-cm4-8,inm-cm5-0,ipsl-cm6a-lr,kace-1-0-g,miroc6,miroc-es2l,mpi-esm1-2-hr,mpi-esm1-2-lr,mri-esm2-0,nesm3,noresm2-lm,noresm2-mm,ukesm1-0-ll",World Bank Climate Change Knowledge Portal (CMIP6-x0.25),,1995-2014,country polygon mask; latitude-area weighted mean using cos(latitude),SSP2-4.5,Mean temperature
HKG,HKG,24.394114658462893,tas,ssp245,2040-2059,median,climatology,degC,ensemble of Daily Near-Surface Air Temperature,50.0,"access-cm2,access-esm1-5,bcc-csm2-mr,canesm5,cmcc-esm2,cnrm-cm6-1,cnrm-esm2-1,ec-earth3,ec-earth3-veg-lr,fgoals-g3,gfdl-cm4,gfdl-esm4,giss-e2-1-g,hadgem3-gc31-ll,inm-cm4-8,inm-cm5-0,ipsl-cm6a-lr,kace-1-0-g,miroc6,miroc-es2l,mpi-esm1-2-hr,mpi-esm1-2-lr,mri-esm2-0,nesm3,noresm2-lm,noresm2-mm,ukesm1-0-ll",World Bank Climate Change Knowledge Portal (CMIP6-x0.25),,,country polygon mask; latitude-area weighted mean using cos(latitude),SSP2-4.5,Mean temperature
HND,HND,163.79508018692275,hd30,ssp245,2040-2059,median,climatology,days,annual climatology of ensemble of hd30: hot days with 30 degC and higher,50.0,"access-cm2,access-esm1-5,bcc-csm2-mr,canesm5,cmcc-esm2,cnrm-cm6-1,cnrm-esm2-1,ec-earth3,ec-earth3-veg-lr,fgoals-g3,gfdl-cm4,gfdl-esm4,giss-e2-1-g,hadgem3-gc31-ll,inm-cm4-8,inm-cm5-0,ipsl-cm6a-lr,kace-1-0-g,kiost-esm,miroc6,miroc-es2l,mpi-esm1-2-hr,mpi-esm1-2-lr,mri-esm2-0,nesm3,noresm2-lm,noresm2-mm,ukesm1-0-ll",World Bank Climate Change Knowledge Portal (CMIP6-x0.25),,,country polygon mask; latitude-area weighted mean using cos(latitude),SSP2-4.5,Hot days above 30°C
HND,HND,1.296731283241153,tas,ssp245,2040-2059,median,anomaly,degC,ensemble of anomaly of Daily Near-Surface Air Temperature with reference period 1995-2014,50.0,"access-cm2,access-esm1-5,bcc-csm2-mr,canesm5,cmcc-esm2,cnrm-cm6-1,cnrm-esm2-1,ec-earth3,ec-earth3-veg-lr,fgoals-g3,gfdl-cm4,gfdl-esm4,giss-e2-1-g,hadgem3-gc31-ll,inm-cm4-8,inm-cm5-0,ipsl-cm6a-lr,kace-1-0-g,miroc6,miroc-es2l,mpi-esm1-2-hr,mpi-esm1-2-lr,mri-esm2-0,nesm3,noresm2-lm,noresm2-mm,ukesm1-0-ll",World Bank Climate Change Knowledge Portal (CMIP6-x0.25),,1995-2014,country polygon mask; latitude-area weighted mean using cos(latitude),SSP2-4.5,Mean temperature
HND,HND,25.273915005379312,tas,ssp245,2040-2059,median,climatology,degC,ensemble of Daily Near-Surface Air Temperature,50.0,"access-cm2,access-esm1-5,bcc-csm2-mr,canesm5,cmcc-esm2,cnrm-cm6-1,cnrm-esm2-1,ec-earth3,ec-earth3-veg-lr,fgoals-g3,gfdl-cm4,gfdl-esm4,giss-e2-1-g,hadgem3-gc31-ll,inm-cm4-8,inm-cm5-0,ipsl-cm6a-lr,kace-1-0-g,miroc6,miroc-es2l,mpi-esm1-2-hr,mpi-esm1-2-lr,mri-esm2-0,nesm3,noresm2-lm,noresm2-mm,ukesm1-0-ll",World Bank Climate Change Knowledge Portal (CMIP6-x0.25),,,country polygon mask; latitude-area weighted mean using cos(latitude),SSP2-4.5,Mean temperature
HRV,HRV,38.940705906056884,hd30,ssp245,2040-2059,median,climatology,days,annual climatology of ensemble of hd30: hot days with 30 degC and higher,50.0,"access-cm2,access-esm1-5,bcc-csm2-mr,canesm5,cmcc-esm2,cnrm-cm6-1,cnrm-esm2-1,ec-earth3,ec-earth3-veg-lr,fgoals-g3,gfdl-cm4,gfdl-esm4,giss-e2-1-g,hadgem3-gc31-ll,inm-cm4-8,inm-cm5-0,ipsl-cm6a-lr,kace-1-0-g,kiost-esm,miroc6,miroc-es2l,mpi-esm1-2-hr,mpi-esm1-2-lr,mri-esm2-0,nesm3,noresm2-lm,noresm2-mm,ukesm1-0-ll",World Bank Climate Change Knowledge Portal (CMIP6-x0.25),,,country polygon mask; latitude-area weighted mean using cos(latitude),SSP2-4.5,Hot days above 30°C
HRV,HRV,1.7034455180334556,tas,ssp245,2040-2059,median,anomaly,degC,ensemble of anomaly of Daily Near-Surface Air Temperature with reference period 1995-2014,50.0,"access-cm2,access-esm1-5,bcc-csm2-mr,canesm5,cmcc-esm2,cnrm-cm6-1,cnrm-esm2-1,ec-earth3,ec-earth3-veg-lr,fgoals-g3,gfdl-cm4,gfdl-esm4,giss-e2-1-g,hadgem3-gc31-ll,inm-cm4-8,inm-cm5-0,ipsl-cm6a-lr,kace-1-0-g,miroc6,miroc-es2l,mpi-esm1-2-hr,mpi-esm1-2-lr,mri-esm2-0,nesm3,noresm2-lm,noresm2-mm,ukesm1-0-ll",World Bank Climate Change Knowledge Portal (CMIP6-x0.25),,1995-2014,country polygon mask; latitude-area weighted mean using cos(latitude),SSP2-4.5,Mean temperature
HRV,HRV,13.727116571551539,tas,ssp245,2040-2059,median,climatology,degC,ensemble of Daily Near-Surface Air Temperature,50.0,"access-cm2,access-esm1-5,bcc-csm2-mr,canesm5,cmcc-esm2,cnrm-cm6-1,cnrm-esm2-1,ec-earth3,ec-earth3-veg-lr,fgoals-g3,gfdl-cm4,gfdl-esm4,giss-e2-1-g,hadgem3-gc31-ll,inm-cm4-8,inm-cm5-0,ipsl-cm6a-lr,kace-1-0-g,miroc6,miroc-es2l,mpi-esm1-2-hr,mpi-esm1-2-lr,mri-esm2-0,nesm3,noresm2-lm,noresm2-mm,ukesm1-0-ll",World Bank Climate Change Knowledge Portal (CMIP6-x0.25),,,country polygon mask; latitude-area weighted mean using cos(latitude),SSP2-4.5,Mean temperature
HTI,HTI,152.8069500218337,hd30,ssp245,2040-2059,median,climatology,days,annual climatology of ensemble of hd30: hot days with 30 degC and higher,50.0,"access-cm2,access-esm1-5,bcc-csm2-mr,canesm5,cmcc-esm2,cnrm-cm6-1,cnrm-esm2-1,ec-earth3,ec-earth3-veg-lr,fgoals-g3,gfdl-cm4,gfdl-esm4,giss-e2-1-g,hadgem3-gc31-ll,inm-cm4-8,inm-cm5-0,ipsl-cm6a-lr,kace-1-0-g,kiost-esm,miroc6,miroc-es2l,mpi-esm1-2-hr,mpi-esm1-2-lr,mri-esm2-0,nesm3,noresm2-lm,noresm2-mm,ukesm1-0-ll",World Bank Climate Change Knowledge Portal (CMIP6-x0.25),,,country polygon mask; latitude-area weighted mean using cos(latitude),SSP2-4.5,Hot days above 30°C
HTI,HTI,1.3113312986405987,tas,ssp245,2040-2059,median,anomaly,degC,ensemble of anomaly of Daily Near-Surface Air Temperature with reference period 1995-2014,50.0,"access-cm2,access-esm1-5,bcc-csm2-mr,canesm5,cmcc-esm2,cnrm-cm6-1,cnrm-esm2-1,ec-earth3,ec-earth3-veg-lr,fgoals-g3,gfdl-cm4,gfdl-esm4,giss-e2-1-g,hadgem3-gc31-ll,inm-cm4-8,inm-cm5-0,ipsl-cm6a-lr,kace-1-0-g,miroc6,miroc-es2l,mpi-esm1-2-hr,mpi-esm1-2-lr,mri-esm2-0,nesm3,noresm2-lm,noresm2-mm,ukesm1-0-ll",World Bank Climate Change Knowledge Portal (CMIP6-x0.25),,1995-2014,country polygon mask; latitude-area weighted mean using cos(latitude),SSP2-4.5,Mean temperature
HTI,HTI,26.562329024672707,tas,ssp245,2040-2059,median,climatology,degC,ensemble of Daily Near-Surface Air Temperature,50.0,"access-cm2,access-esm1-5,bcc-csm2-mr,canesm5,cmcc-esm2,cnrm-cm6-1,cnrm-esm2-1,ec-earth3,ec-earth3-veg-lr,fgoals-g3,gfdl-cm4,gfdl-esm4,giss-e2-1-g,hadgem3-gc31-ll,inm-cm4-8,inm-cm5-0,ipsl-cm6a-lr,kace-1-0-g,miroc6,miroc-es2l,mpi-esm1-2-hr,mpi-esm1-2-lr,mri-esm2-0,nesm3,noresm2-lm,noresm2-mm,ukesm1-0-ll",World Bank Climate Change Knowledge Portal (CMIP6-x0.25),,,country polygon mask; latitude-area weighted mean using cos(latitude),SSP2-4.5,Mean temperature
HUN,HUN,45.917590109392634,hd30,ssp245,2040-2059,median,climatology,days,annual climatology of ensemble of hd30: hot days with 30 degC and higher,50.0,"access-cm2,access-esm1-5,bcc-csm2-mr,canesm5,cmcc-esm2,cnrm-cm6-1,cnrm-esm2-1,ec-earth3,ec-earth3-veg-lr,fgoals-g3,gfdl-cm4,gfdl-esm4,giss-e2-1-g,hadgem3-gc31-ll,inm-cm4-8,inm-cm5-0,ipsl-cm6a-lr,kace-1-0-g,kiost-esm,miroc6,miroc-es2l,mpi-esm1-2-hr,mpi-esm1-2-lr,mri-esm2-0,nesm3,noresm2-lm,noresm2-mm,ukesm1-0-ll",World Bank Climate Change Knowledge Portal (CMIP6-x0.25),,,country polygon mask; latitude-area weighted mean using cos(latitude),SSP2-4.5,Hot days above 30°C
HUN,HUN,1.7327038422957537,tas,ssp245,2040-2059,median,anomaly,degC,ensemble of anomaly of Daily Near-Surface Air Temperature with reference period 1995-2014,50.0,"access-cm2,access-esm1-5,bcc-csm2-mr,canesm5,cmcc-esm2,cnrm-cm6-1,cnrm-esm2-1,ec-earth3,ec-earth3-veg-lr,fgoals-g3,gfdl-cm4,gfdl-esm4,giss-e2-1-g,hadgem3-gc31-ll,inm-cm4-8,inm-cm5-0,ipsl-cm6a-lr,kace-1-0-g,miroc6,miroc-es2l,mpi-esm1-2-hr,mpi-esm1-2-lr,mri-esm2-0,nesm3,noresm2-lm,noresm2-mm,ukesm1-0-ll",World Bank Climate Change Knowledge Portal (CMIP6-x0.25),,1995-2014,country polygon mask; latitude-area weighted mean using cos(latitude),SSP2-4.5,Mean temperature
HUN,HUN,13.123912235239192,tas,ssp245,2040-2059,median,climatology,degC,ensemble of Daily Near-Surface Air Temperature,50.0,"access-cm2,access-esm1-5,bcc-csm2-mr,canesm5,cmcc-esm2,cnrm-cm6-1,cnrm-esm2-1,ec-earth3,ec-earth3-veg-lr,fgoals-g3,gfdl-cm4,gfdl-esm4,giss-e2-1-g,hadgem3-gc31-ll,inm-cm4-8,inm-cm5-0,ipsl-cm6a-lr,kace-1-0-g,miroc6,miroc-es2l,mpi-esm1-2-hr,mpi-esm1-2-lr,mri-esm2-0,nesm3,noresm2-lm,noresm2-mm,ukesm1-0-ll",World Bank Climate Change Knowledge Portal (CMIP6-x0.25),,,country polygon mask; latitude-area weighted mean using cos(latitude),SSP2-4.5,Mean temperature
IDN,IDN,200.06827282379467,hd30,ssp245,2040-2059,median,climatology,days,annual climatology of ensemble of hd30: hot days with 30 degC and higher,50.0,"access-cm2,access-esm1-5,bcc-csm2-mr,canesm5,cmcc-esm2,cnrm-cm6-1,cnrm-esm2-1,ec-earth3,ec-earth3-veg-lr,fgoals-g3,gfdl-cm4,gfdl-esm4,giss-e2-1-g,hadgem3-gc31-ll,inm-cm4-8,inm-cm5-0,ipsl-cm6a-lr,kace-1-0-g,kiost-esm,miroc6,miroc-es2l,mpi-esm1-2-hr,mpi-esm1-2-lr,mri-esm2-0,nesm3,noresm2-lm,noresm2-mm,ukesm1-0-ll",World Bank Climate Change Knowledge Portal (CMIP6-x0.25),,,country polygon mask; latitude-area weighted mean using cos(latitude),SSP2-4.5,Hot days above 30°C
IDN,IDN,1.0807961671159536,tas,ssp245,2040-2059,median,anomaly,degC,ensemble of anomaly of Daily Near-Surface Air Temperature with reference period 1995-2014,50.0,"access-cm2,access-esm1-5,bcc-csm2-mr,canesm5,cmcc-esm2,cnrm-cm6-1,cnrm-esm2-1,ec-earth3,ec-earth3-veg-lr,fgoals-g3,gfdl-cm4,gfdl-esm4,giss-e2-1-g,hadgem3-gc31-ll,inm-cm4-8,inm-cm5-0,ipsl-cm6a-lr,kace-1-0-g,miroc6,miroc-es2l,mpi-esm1-2-hr,mpi-esm1-2-lr,mri-esm2-0,nesm3,noresm2-lm,noresm2-mm,ukesm1-0-ll",World Bank Climate Change Knowledge Portal (CMIP6-x0.25),,1995-2014,country polygon mask; latitude-area weighted mean using cos(latitude),SSP2-4.5,Mean temperature
IDN,IDN,26.6237868792674,tas,ssp245,2040-2059,median,climatology,degC,ensemble of Daily Near-Surface Air Temperature,50.0,"access-cm2,access-esm1-5,bcc-csm2-mr,canesm5,cmcc-esm2,cnrm-cm6-1,cnrm-esm2-1,ec-earth3,ec-earth3-veg-lr,fgoals-g3,gfdl-cm4,gfdl-esm4,giss-e2-1-g,hadgem3-gc31-ll,inm-cm4-8,inm-cm5-0,ipsl-cm6a-lr,kace-1-0-g,miroc6,miroc-es2l,mpi-esm1-2-hr,mpi-esm1-2-lr,mri-esm2-0,nesm3,noresm2-lm,noresm2-mm,ukesm1-0-ll",World Bank Climate Change Knowledge Portal (CMIP6-x0.25),,,country polygon mask; latitude-area weighted mean using cos(latitude),SSP2-4.5,Mean temperature
IMN,IMN,0.0,hd30,ssp245,2040-2059,median,climatology,days,annual climatology of ensemble of hd30: hot days with 30 degC and higher,50.0,"access-cm2,access-esm1-5,bcc-csm2-mr,canesm5,cmcc-esm2,cnrm-cm6-1,cnrm-esm2-1,ec-earth3,ec-earth3-veg-lr,fgoals-g3,gfdl-cm4,gfdl-esm4,giss-e2-1-g,hadgem3-gc31-ll,inm-cm4-8,inm-cm5-0,ipsl-cm6a-lr,kace-1-0-g,kiost-esm,miroc6,miroc-es2l,mpi-esm1-2-hr,mpi-esm1-2-lr,mri-esm2-0,nesm3,noresm2-lm,noresm2-mm,ukesm1-0-ll",World Bank Climate Change Knowledge Portal (CMIP6-x0.25),,,country polygon mask; latitude-area weighted mean using cos(latitude),SSP2-4.5,Hot days above 30°C
IMN,IMN,0.8809999823570251,tas,ssp245,2040-2059,median,anomaly,degC,ensemble of anomaly of Daily Near-Surface Air Temperature with reference period 1995-2014,50.0,"access-cm2,access-esm1-5,bcc-csm2-mr,canesm5,cmcc-esm2,cnrm-cm6-1,cnrm-esm2-1,ec-earth3,ec-earth3-veg-lr,fgoals-g3,gfdl-cm4,gfdl-esm4,giss-e2-1-g,hadgem3-gc31-ll,inm-cm4-8,inm-cm5-0,ipsl-cm6a-lr,kace-1-0-g,miroc6,miroc-es2l,mpi-esm1-2-hr,mpi-esm1-2-lr,mri-esm2-0,nesm3,noresm2-lm,noresm2-mm,ukesm1-0-ll",World Bank Climate Change Knowledge Portal (CMIP6-x0.25),,1995-2014,country polygon mask; latitude-area weighted mean using cos(latitude),SSP2-4.5,Mean temperature
IMN,IMN,11.274999618530273,tas,ssp245,2040-2059,median,climatology,degC,ensemble of Daily Near-Surface Air Temperature,50.0,"access-cm2,access-esm1-5,bcc-csm2-mr,canesm5,cmcc-esm2,cnrm-cm6-1,cnrm-esm2-1,ec-earth3,ec-earth3-veg-lr,fgoals-g3,gfdl-cm4,gfdl-esm4,giss-e2-1-g,hadgem3-gc31-ll,inm-cm4-8,inm-cm5-0,ipsl-cm6a-lr,kace-1-0-g,miroc6,miroc-es2l,mpi-esm1-2-hr,mpi-esm1-2-lr,mri-esm2-0,nesm3,noresm2-lm,noresm2-mm,ukesm1-0-ll",World Bank Climate Change Knowledge Portal (CMIP6-x0.25),,,country polygon mask; latitude-area weighted mean using cos(latitude),SSP2-4.5,Mean temperature
IND,IND,235.12996455468758,hd30,ssp245,2040-2059,median,climatology,days,annual climatology of ensemble of hd30: hot days with 30 degC and higher,50.0,"access-cm2,access-esm1-5,bcc-csm2-mr,canesm5,cmcc-esm2,cnrm-cm6-1,cnrm-esm2-1,ec-earth3,ec-earth3-veg-lr,fgoals-g3,gfdl-cm4,gfdl-esm4,giss-e2-1-g,hadgem3-gc31-ll,inm-cm4-8,inm-cm5-0,ipsl-cm6a-lr,kace-1-0-g,kiost-esm,miroc6,miroc-es2l,mpi-esm1-2-hr,mpi-esm1-2-lr,mri-esm2-0,nesm3,noresm2-lm,noresm2-mm,ukesm1-0-ll",World Bank Climate Change Knowledge Portal (CMIP6-x0.25),,,country polygon mask; latitude-area weighted mean using cos(latitude),SSP2-4.5,Hot days above 30°C
IND,IND,1.191983179798962,tas,ssp245,2040-2059,median,anomaly,degC,ensemble of anomaly of Daily Near-Surface Air Temperature with reference period 1995-2014,50.0,"access-cm2,access-esm1-5,bcc-csm2-mr,canesm5,cmcc-esm2,cnrm-cm6-1,cnrm-esm2-1,ec-earth3,ec-earth3-veg-lr,fgoals-g3,gfdl-cm4,gfdl-esm4,giss-e2-1-g,hadgem3-gc31-ll,inm-cm4-8,inm-cm5-0,ipsl-cm6a-lr,kace-1-0-g,miroc6,miroc-es2l,mpi-esm1-2-hr,mpi-esm1-2-lr,mri-esm2-0,nesm3,noresm2-lm,noresm2-mm,ukesm1-0-ll",World Bank Climate Change Knowledge Portal (CMIP6-x0.25),,1995-2014,country polygon mask; latitude-area weighted mean using cos(latitude),SSP2-4.5,Mean temperature
IND,IND,26.515842177573212,tas,ssp245,2040-2059,median,climatology,degC,ensemble of Daily Near-Surface Air Temperature,50.0,"access-cm2,access-esm1-5,bcc-csm2-mr,canesm5,cmcc-esm2,cnrm-cm6-1,cnrm-esm2-1,ec-earth3,ec-earth3-veg-lr,fgoals-g3,gfdl-cm4,gfdl-esm4,giss-e2-1-g,hadgem3-gc31-ll,inm-cm4-8,inm-cm5-0,ipsl-cm6a-lr,kace-1-0-g,miroc6,miroc-es2l,mpi-esm1-2-hr,mpi-esm1-2-lr,mri-esm2-0,nesm3,noresm2-lm,noresm2-mm,ukesm1-0-ll",World Bank Climate Change Knowledge Portal (CMIP6-x0.25),,,country polygon mask; latitude-area weighted mean using cos(latitude),SSP2-4.5,Mean temperature
IRL,IRL,0.00031829728126739625,hd30,ssp245,2040-2059,median,climatology,days,annual climatology of ensemble of hd30: hot days with 30 degC and higher,50.0,"access-cm2,access-esm1-5,bcc-csm2-mr,canesm5,cmcc-esm2,cnrm-cm6-1,cnrm-esm2-1,ec-earth3,ec-earth3-veg-lr,fgoals-g3,gfdl-cm4,gfdl-esm4,giss-e2-1-g,hadgem3-gc31-ll,inm-cm4-8,inm-cm5-0,ipsl-cm6a-lr,kace-1-0-g,kiost-esm,miroc6,miroc-es2l,mpi-esm1-2-hr,mpi-esm1-2-lr,mri-esm2-0,nesm3,noresm2-lm,noresm2-mm,ukesm1-0-ll",World Bank Climate Change Knowledge Portal (CMIP6-x0.25),,,country polygon mask; latitude-area weighted mean using cos(latitude),SSP2-4.5,Hot days above 30°C
IRL,IRL,0.8801794125877266,tas,ssp245,2040-2059,median,anomaly,degC,ensemble of anomaly of Daily Near-Surface Air Temperature with reference period 1995-2014,50.0,"access-cm2,access-esm1-5,bcc-csm2-mr,canesm5,cmcc-esm2,cnrm-cm6-1,cnrm-esm2-1,ec-earth3,ec-earth3-veg-lr,fgoals-g3,gfdl-cm4,gfdl-esm4,giss-e2-1-g,hadgem3-gc31-ll,inm-cm4-8,inm-cm5-0,ipsl-cm6a-lr,kace-1-0-g,miroc6,miroc-es2l,mpi-esm1-2-hr,mpi-esm1-2-lr,mri-esm2-0,nesm3,noresm2-lm,noresm2-mm,ukesm1-0-ll",World Bank Climate Change Knowledge Portal (CMIP6-x0.25),,1995-2014,country polygon mask; latitude-area weighted mean using cos(latitude),SSP2-4.5,Mean temperature
IRL,IRL,10.769845324449202,tas,ssp245,2040-2059,median,climatology,degC,ensemble of Daily Near-Surface Air Temperature,50.0,"access-cm2,access-esm1-5,bcc-csm2-mr,canesm5,cmcc-esm2,cnrm-cm6-1,cnrm-esm2-1,ec-earth3,ec-earth3-veg-lr,fgoals-g3,gfdl-cm4,gfdl-esm4,giss-e2-1-g,hadgem3-gc31-ll,inm-cm4-8,inm-cm5-0,ipsl-cm6a-lr,kace-1-0-g,miroc6,miroc-es2l,mpi-esm1-2-hr,mpi-esm1-2-lr,mri-esm2-0,nesm3,noresm2-lm,noresm2-mm,ukesm1-0-ll",World Bank Climate Change Knowledge Portal (CMIP6-x0.25),,,country polygon mask; latitude-area weighted mean using cos(latitude),SSP2-4.5,Mean temperature
IRN,IRN,152.09069597210228,hd30,ssp245,2040-2059,median,climatology,days,annual climatology of ensemble of hd30: hot days with 30 degC and higher,50.0,"access-cm2,access-esm1-5,bcc-csm2-mr,canesm5,cmcc-esm2,cnrm-cm6-1,cnrm-esm2-1,ec-earth3,ec-earth3-veg-lr,fgoals-g3,gfdl-cm4,gfdl-esm4,giss-e2-1-g,hadgem3-gc31-ll,inm-cm4-8,inm-cm5-0,ipsl-cm6a-lr,kace-1-0-g,kiost-esm,miroc6,miroc-es2l,mpi-esm1-2-hr,mpi-esm1-2-lr,mri-esm2-0,nesm3,noresm2-lm,noresm2-mm,ukesm1-0-ll",World Bank Climate Change Knowledge Portal (CMIP6-x0.25),,,country polygon mask; latitude-area weighted mean using cos(latitude),SSP2-4.5,Hot days above 30°C
IRN,IRN,1.8977008899676668,tas,ssp245,2040-2059,median,anomaly,degC,ensemble of anomaly of Daily Near-Surface Air Temperature with reference period 1995-2014,50.0,"access-cm2,access-esm1-5,bcc-csm2-mr,canesm5,cmcc-esm2,cnrm-cm6-1,cnrm-esm2-1,ec-earth3,ec-earth3-veg-lr,fgoals-g3,gfdl-cm4,gfdl-esm4,giss-e2-1-g,hadgem3-gc31-ll,inm-cm4-8,inm-cm5-0,ipsl-cm6a-lr,kace-1-0-g,miroc6,miroc-es2l,mpi-esm1-2-hr,mpi-esm1-2-lr,mri-esm2-0,nesm3,noresm2-lm,noresm2-mm,ukesm1-0-ll",World Bank Climate Change Knowledge Portal (CMIP6-x0.25),,1995-2014,country polygon mask; latitude-area weighted mean using cos(latitude),SSP2-4.5,Mean temperature
IRN,IRN,19.747385727246133,tas,ssp245,2040-2059,median,climatology,degC,ensemble of Daily Near-Surface Air Temperature,50.0,"access-cm2,access-esm1-5,bcc-csm2-mr,canesm5,cmcc-esm2,cnrm-cm6-1,cnrm-esm2-1,ec-earth3,ec-earth3-veg-lr,fgoals-g3,gfdl-cm4,gfdl-esm4,giss-e2-1-g,hadgem3-gc31-ll,inm-cm4-8,inm-cm5-0,ipsl-cm6a-lr,kace-1-0-g,miroc6,miroc-es2l,mpi-esm1-2-hr,mpi-esm1-2-lr,mri-esm2-0,nesm3,noresm2-lm,noresm2-mm,ukesm1-0-ll",World Bank Climate Change Knowledge Portal (CMIP6-x0.25),,,country polygon mask; latitude-area weighted mean using cos(latitude),SSP2-4.5,Mean temperature
IRQ,IRQ,196.12034452684435,hd30,ssp245,2040-2059,median,climatology,days,annual climatology of ensemble of hd30: hot days with 30 degC and higher,50.0,"access-cm2,access-esm1-5,bcc-csm2-mr,canesm5,cmcc-esm2,cnrm-cm6-1,cnrm-esm2-1,ec-earth3,ec-earth3-veg-lr,fgoals-g3,gfdl-cm4,gfdl-esm4,giss-e2-1-g,hadgem3-gc31-ll,inm-cm4-8,inm-cm5-0,ipsl-cm6a-lr,kace-1-0-g,kiost-esm,miroc6,miroc-es2l,mpi-esm1-2-hr,mpi-esm1-2-lr,mri-esm2-0,nesm3,noresm2-lm,noresm2-mm,ukesm1-0-ll",World Bank Climate Change Knowledge Portal (CMIP6-x0.25),,,country polygon mask; latitude-area weighted mean using cos(latitude),SSP2-4.5,Hot days above 30°C
IRQ,IRQ,1.8971725402188102,tas,ssp245,2040-2059,median,anomaly,degC,ensemble of anomaly of Daily Near-Surface Air Temperature with reference period 1995-2014,50.0,"access-cm2,access-esm1-5,bcc-csm2-mr,canesm5,cmcc-esm2,cnrm-cm6-1,cnrm-esm2-1,ec-earth3,ec-earth3-veg-lr,fgoals-g3,gfdl-cm4,gfdl-esm4,giss-e2-1-g,hadgem3-gc31-ll,inm-cm4-8,inm-cm5-0,ipsl-cm6a-lr,kace-1-0-g,miroc6,miroc-es2l,mpi-esm1-2-hr,mpi-esm1-2-lr,mri-esm2-0,nesm3,noresm2-lm,noresm2-mm,ukesm1-0-ll",World Bank Climate Change Knowledge Portal (CMIP6-x0.25),,1995-2014,country polygon mask; latitude-area weighted mean using cos(latitude),SSP2-4.5,Mean temperature
IRQ,IRQ,24.624039300481293,tas,ssp245,2040-2059,median,climatology,degC,ensemble of Daily Near-Surface Air Temperature,50.0,"access-cm2,access-esm1-5,bcc-csm2-mr,canesm5,cmcc-esm2,cnrm-cm6-1,cnrm-esm2-1,ec-earth3,ec-earth3-veg-lr,fgoals-g3,gfdl-cm4,gfdl-esm4,giss-e2-1-g,hadgem3-gc31-ll,inm-cm4-8,inm-cm5-0,ipsl-cm6a-lr,kace-1-0-g,miroc6,miroc-es2l,mpi-esm1-2-hr,mpi-esm1-2-lr,mri-esm2-0,nesm3,noresm2-lm,noresm2-mm,ukesm1-0-ll",World Bank Climate Change Knowledge Portal (CMIP6-x0.25),,,country polygon mask; latitude-area weighted mean using cos(latitude),SSP2-4.5,Mean temperature
ISL,ISL,0.0,hd30,ssp245,2040-2059,median,climatology,days,annual climatology of ensemble of hd30: hot days with 30 degC and higher,50.0,"access-cm2,access-esm1-5,bcc-csm2-mr,canesm5,cmcc-esm2,cnrm-cm6-1,cnrm-esm2-1,ec-earth3,ec-earth3-veg-lr,fgoals-g3,gfdl-cm4,gfdl-esm4,giss-e2-1-g,hadgem3-gc31-ll,inm-cm4-8,inm-cm5-0,ipsl-cm6a-lr,kace-1-0-g,kiost-esm,miroc6,miroc-es2l,mpi-esm1-2-hr,mpi-esm1-2-lr,mri-esm2-0,nesm3,noresm2-lm,noresm2-mm,ukesm1-0-ll",World Bank Climate Change Knowledge Portal (CMIP6-x0.25),,,country polygon mask; latitude-area weighted mean using cos(latitude),SSP2-4.5,Hot days above 30°C
ISL,ISL,1.4035889286413252,tas,ssp245,2040-2059,median,anomaly,degC,ensemble of anomaly of Daily Near-Surface Air Temperature with reference period 1995-2014,50.0,"access-cm2,access-esm1-5,bcc-csm2-mr,canesm5,cmcc-esm2,cnrm-cm6-1,cnrm-esm2-1,ec-earth3,ec-earth3-veg-lr,fgoals-g3,gfdl-cm4,gfdl-esm4,giss-e2-1-g,hadgem3-gc31-ll,inm-cm4-8,inm-cm5-0,ipsl-cm6a-lr,kace-1-0-g,miroc6,miroc-es2l,mpi-esm1-2-hr,mpi-esm1-2-lr,mri-esm2-0,nesm3,noresm2-lm,noresm2-mm,ukesm1-0-ll",World Bank Climate Change Knowledge Portal (CMIP6-x0.25),,1995-2014,country polygon mask; latitude-area weighted mean using cos(latitude),SSP2-4.5,Mean temperature
ISL,ISL,2.4273991714027425,tas,ssp245,2040-2059,median,climatology,degC,ensemble of Daily Near-Surface Air Temperature,50.0,"access-cm2,access-esm1-5,bcc-csm2-mr,canesm5,cmcc-esm2,cnrm-cm6-1,cnrm-esm2-1,ec-earth3,ec-earth3-veg-lr,fgoals-g3,gfdl-cm4,gfdl-esm4,giss-e2-1-g,hadgem3-gc31-ll,inm-cm4-8,inm-cm5-0,ipsl-cm6a-lr,kace-1-0-g,miroc6,miroc-es2l,mpi-esm1-2-hr,mpi-esm1-2-lr,mri-esm2-0,nesm3,noresm2-lm,noresm2-mm,ukesm1-0-ll",World Bank Climate Change Knowledge Portal (CMIP6-x0.25),,,country polygon mask; latitude-area weighted mean using cos(latitude),SSP2-4.5,Mean temperature
ISR,ISR,159.85449728715977,hd30,ssp245,2040-2059,median,climatology,days,annual climatology of ensemble of hd30: hot days with 30 degC and higher,50.0,"access-cm2,access-esm1-5,bcc-csm2-mr,canesm5,cmcc-esm2,cnrm-cm6-1,cnrm-esm2-1,ec-earth3,ec-earth3-veg-lr,fgoals-g3,gfdl-cm4,gfdl-esm4,giss-e2-1-g,hadgem3-gc31-ll,inm-cm4-8,inm-cm5-0,ipsl-cm6a-lr,kace-1-0-g,kiost-esm,miroc6,miroc-es2l,mpi-esm1-2-hr,mpi-esm1-2-lr,mri-esm2-0,nesm3,noresm2-lm,noresm2-mm,ukesm1-0-ll",World Bank Climate Change Knowledge Portal (CMIP6-x0.25),,,country polygon mask; latitude-area weighted mean using cos(latitude),SSP2-4.5,Hot days above 30°C
ISR,ISR,1.6314105873364284,tas,ssp245,2040-2059,median,anomaly,degC,ensemble of anomaly of Daily Near-Surface Air Temperature with reference period 1995-2014,50.0,"access-cm2,access-esm1-5,bcc-csm2-mr,canesm5,cmcc-esm2,cnrm-cm6-1,cnrm-esm2-1,ec-earth3,ec-earth3-veg-lr,fgoals-g3,gfdl-cm4,gfdl-esm4,giss-e2-1-g,hadgem3-gc31-ll,inm-cm4-8,inm-cm5-0,ipsl-cm6a-lr,kace-1-0-g,miroc6,miroc-es2l,mpi-esm1-2-hr,mpi-esm1-2-lr,mri-esm2-0,nesm3,noresm2-lm,noresm2-mm,ukesm1-0-ll",World Bank Climate Change Knowledge Portal (CMIP6-x0.25),,1995-2014,country polygon mask; latitude-area weighted mean using cos(latitude),SSP2-4.5,Mean temperature
ISR,ISR,22.08859899534232,tas,ssp245,2040-2059,median,climatology,degC,ensemble of Daily Near-Surface Air Temperature,50.0,"access-cm2,access-esm1-5,bcc-csm2-mr,canesm5,cmcc-esm2,cnrm-cm6-1,cnrm-esm2-1,ec-earth3,ec-earth3-veg-lr,fgoals-g3,gfdl-cm4,gfdl-esm4,giss-e2-1-g,hadgem3-gc31-ll,inm-cm4-8,inm-cm5-0,ipsl-cm6a-lr,kace-1-0-g,miroc6,miroc-es2l,mpi-esm1-2-hr,mpi-esm1-2-lr,mri-esm2-0,nesm3,noresm2-lm,noresm2-mm,ukesm1-0-ll",World Bank Climate Change Knowledge Portal (CMIP6-x0.25),,,country polygon mask; latitude-area weighted mean using cos(latitude),SSP2-4.5,Mean temperature
ITA,ITA,39.861791103600474,hd30,ssp245,2040-2059,median,climatology,days,annual climatology of ensemble of hd30: hot days with 30 degC and higher,50.0,"access-cm2,access-esm1-5,bcc-csm2-mr,canesm5,cmcc-esm2,cnrm-cm6-1,cnrm-esm2-1,ec-earth3,ec-earth3-veg-lr,fgoals-g3,gfdl-cm4,gfdl-esm4,giss-e2-1-g,hadgem3-gc31-ll,inm-cm4-8,inm-cm5-0,ipsl-cm6a-lr,kace-1-0-g,kiost-esm,miroc6,miroc-es2l,mpi-esm1-2-hr,mpi-esm1-2-lr,mri-esm2-0,nesm3,noresm2-lm,noresm2-mm,ukesm1-0-ll",World Bank Climate Change Knowledge Portal (CMIP6-x0.25),,,country polygon mask; latitude-area weighted mean using cos(latitude),SSP2-4.5,Hot days above 30°C
ITA,ITA,1.6565479986020604,tas,ssp245,2040-2059,median,anomaly,degC,ensemble of anomaly of Daily Near-Surface Air Temperature with reference period 1995-2014,50.0,"access-cm2,access-esm1-5,bcc-csm2-mr,canesm5,cmcc-esm2,cnrm-cm6-1,cnrm-esm2-1,ec-earth3,ec-earth3-veg-lr,fgoals-g3,gfdl-cm4,gfdl-esm4,giss-e2-1-g,hadgem3-gc31-ll,inm-cm4-8,inm-cm5-0,ipsl-cm6a-lr,kace-1-0-g,miroc6,miroc-es2l,mpi-esm1-2-hr,mpi-esm1-2-lr,mri-esm2-0,nesm3,noresm2-lm,noresm2-mm,ukesm1-0-ll",World Bank Climate Change Knowledge Portal (CMIP6-x0.25),,1995-2014,country polygon mask; latitude-area weighted mean using cos(latitude),SSP2-4.5,Mean temperature
ITA,ITA,14.587406937724852,tas,ssp245,2040-2059,median,climatology,degC,ensemble of Daily Near-Surface Air Temperature,50.0,"access-cm2,access-esm1-5,bcc-csm2-mr,canesm5,cmcc-esm2,cnrm-cm6-1,cnrm-esm2-1,ec-earth3,ec-earth3-veg-lr,fgoals-g3,gfdl-cm4,gfdl-esm4,giss-e2-1-g,hadgem3-gc31-ll,inm-cm4-8,inm-cm5-0,ipsl-cm6a-lr,kace-1-0-g,miroc6,miroc-es2l,mpi-esm1-2-hr,mpi-esm1-2-lr,mri-esm2-0,nesm3,noresm2-lm,noresm2-mm,ukesm1-0-ll",World Bank Climate Change Knowledge Portal (CMIP6-x0.25),,,country polygon mask; latitude-area weighted mean using cos(latitude),SSP2-4.5,Mean temperature
JAM,JAM,172.1148004877821,hd30,ssp245,2040-2059,median,climatology,days,annual climatology of ensemble of hd30: hot days with 30 degC and higher,50.0,"access-cm2,access-esm1-5,bcc-csm2-mr,canesm5,cmcc-esm2,cnrm-cm6-1,cnrm-esm2-1,ec-earth3,ec-earth3-veg-lr,fgoals-g3,gfdl-cm4,gfdl-esm4,giss-e2-1-g,hadgem3-gc31-ll,inm-cm4-8,inm-cm5-0,ipsl-cm6a-lr,kace-1-0-g,kiost-esm,miroc6,miroc-es2l,mpi-esm1-2-hr,mpi-esm1-2-lr,mri-esm2-0,nesm3,noresm2-lm,noresm2-mm,ukesm1-0-ll",World Bank Climate Change Knowledge Portal (CMIP6-x0.25),,,country polygon mask; latitude-area weighted mean using cos(latitude),SSP2-4.5,Hot days above 30°C
JAM,JAM,1.171853314854899,tas,ssp245,2040-2059,median,anomaly,degC,ensemble of anomaly of Daily Near-Surface Air Temperature with reference period 1995-2014,50.0,"access-cm2,access-esm1-5,bcc-csm2-mr,canesm5,cmcc-esm2,cnrm-cm6-1,cnrm-esm2-1,ec-earth3,ec-earth3-veg-lr,fgoals-g3,gfdl-cm4,gfdl-esm4,giss-e2-1-g,hadgem3-gc31-ll,inm-cm4-8,inm-cm5-0,ipsl-cm6a-lr,kace-1-0-g,miroc6,miroc-es2l,mpi-esm1-2-hr,mpi-esm1-2-lr,mri-esm2-0,nesm3,noresm2-lm,noresm2-mm,ukesm1-0-ll",World Bank Climate Change Knowledge Portal (CMIP6-x0.25),,1995-2014,country polygon mask; latitude-area weighted mean using cos(latitude),SSP2-4.5,Mean temperature
JAM,JAM,26.946050620133157,tas,ssp245,2040-2059,median,climatology,degC,ensemble of Daily Near-Surface Air Temperature,50.0,"access-cm2,access-esm1-5,bcc-csm2-mr,canesm5,cmcc-esm2,cnrm-cm6-1,cnrm-esm2-1,ec-earth3,ec-earth3-veg-lr,fgoals-g3,gfdl-cm4,gfdl-esm4,giss-e2-1-g,hadgem3-gc31-ll,inm-cm4-8,inm-cm5-0,ipsl-cm6a-lr,kace-1-0-g,miroc6,miroc-es2l,mpi-esm1-2-hr,mpi-esm1-2-lr,mri-esm2-0,nesm3,noresm2-lm,noresm2-mm,ukesm1-0-ll",World Bank Climate Change Knowledge Portal (CMIP6-x0.25),,,country polygon mask; latitude-area weighted mean using cos(latitude),SSP2-4.5,Mean temperature
JEY,JEY,0.0,hd30,ssp245,2040-2059,median,climatology,days,annual climatology of ensemble of hd30: hot days with 30 degC and higher,50.0,"access-cm2,access-esm1-5,bcc-csm2-mr,canesm5,cmcc-esm2,cnrm-cm6-1,cnrm-esm2-1,ec-earth3,ec-earth3-veg-lr,fgoals-g3,gfdl-cm4,gfdl-esm4,giss-e2-1-g,hadgem3-gc31-ll,inm-cm4-8,inm-cm5-0,ipsl-cm6a-lr,kace-1-0-g,kiost-esm,miroc6,miroc-es2l,mpi-esm1-2-hr,mpi-esm1-2-lr,mri-esm2-0,nesm3,noresm2-lm,noresm2-mm,ukesm1-0-ll",World Bank Climate Change Knowledge Portal (CMIP6-x0.25),,,country polygon mask; latitude-area weighted mean using cos(latitude),SSP2-4.5,Hot days above 30°C
JEY,JEY,1.1299999952316284,tas,ssp245,2040-2059,median,anomaly,degC,ensemble of anomaly of Daily Near-Surface Air Temperature with reference period 1995-2014,50.0,"access-cm2,access-esm1-5,bcc-csm2-mr,canesm5,cmcc-esm2,cnrm-cm6-1,cnrm-esm2-1,ec-earth3,ec-earth3-veg-lr,fgoals-g3,gfdl-cm4,gfdl-esm4,giss-e2-1-g,hadgem3-gc31-ll,inm-cm4-8,inm-cm5-0,ipsl-cm6a-lr,kace-1-0-g,miroc6,miroc-es2l,mpi-esm1-2-hr,mpi-esm1-2-lr,mri-esm2-0,nesm3,noresm2-lm,noresm2-mm,ukesm1-0-ll",World Bank Climate Change Knowledge Portal (CMIP6-x0.25),,1995-2014,country polygon mask; latitude-area weighted mean using cos(latitude),SSP2-4.5,Mean temperature
JEY,JEY,13.196999549865723,tas,ssp245,2040-2059,median,climatology,degC,ensemble of Daily Near-Surface Air Temperature,50.0,"access-cm2,access-esm1-5,bcc-csm2-mr,canesm5,cmcc-esm2,cnrm-cm6-1,cnrm-esm2-1,ec-earth3,ec-earth3-veg-lr,fgoals-g3,gfdl-cm4,gfdl-esm4,giss-e2-1-g,hadgem3-gc31-ll,inm-cm4-8,inm-cm5-0,ipsl-cm6a-lr,kace-1-0-g,miroc6,miroc-es2l,mpi-esm1-2-hr,mpi-esm1-2-lr,mri-esm2-0,nesm3,noresm2-lm,noresm2-mm,ukesm1-0-ll",World Bank Climate Change Knowledge Portal (CMIP6-x0.25),,,country polygon mask; latitude-area weighted mean using cos(latitude),SSP2-4.5,Mean temperature
JOR,JOR,167.9504656960702,hd30,ssp245,2040-2059,median,climatology,days,annual climatology of ensemble of hd30: hot days with 30 degC and higher,50.0,"access-cm2,access-esm1-5,bcc-csm2-mr,canesm5,cmcc-esm2,cnrm-cm6-1,cnrm-esm2-1,ec-earth3,ec-earth3-veg-lr,fgoals-g3,gfdl-cm4,gfdl-esm4,giss-e2-1-g,hadgem3-gc31-ll,inm-cm4-8,inm-cm5-0,ipsl-cm6a-lr,kace-1-0-g,kiost-esm,miroc6,miroc-es2l,mpi-esm1-2-hr,mpi-esm1-2-lr,mri-esm2-0,nesm3,noresm2-lm,noresm2-mm,ukesm1-0-ll",World Bank Climate Change Knowledge Portal (CMIP6-x0.25),,,country polygon mask; latitude-area weighted mean using cos(latitude),SSP2-4.5,Hot days above 30°C
JOR,JOR,1.7778725545936294,tas,ssp245,2040-2059,median,anomaly,degC,ensemble of anomaly of Daily Near-Surface Air Temperature with reference period 1995-2014,50.0,"access-cm2,access-esm1-5,bcc-csm2-mr,canesm5,cmcc-esm2,cnrm-cm6-1,cnrm-esm2-1,ec-earth3,ec-earth3-veg-lr,fgoals-g3,gfdl-cm4,gfdl-esm4,giss-e2-1-g,hadgem3-gc31-ll,inm-cm4-8,inm-cm5-0,ipsl-cm6a-lr,kace-1-0-g,miroc6,miroc-es2l,mpi-esm1-2-hr,mpi-esm1-2-lr,mri-esm2-0,nesm3,noresm2-lm,noresm2-mm,ukesm1-0-ll",World Bank Climate Change Knowledge Portal (CMIP6-x0.25),,1995-2014,country polygon mask; latitude-area weighted mean using cos(latitude),SSP2-4.5,Mean temperature
JOR,JOR,21.079717140758174,tas,ssp245,2040-2059,median,climatology,degC,ensemble of Daily Near-Surface Air Temperature,50.0,"access-cm2,access-esm1-5,bcc-csm2-mr,canesm5,cmcc-esm2,cnrm-cm6-1,cnrm-esm2-1,ec-earth3,ec-earth3-veg-lr,fgoals-g3,gfdl-cm4,gfdl-esm4,giss-e2-1-g,hadgem3-gc31-ll,inm-cm4-8,inm-cm5-0,ipsl-cm6a-lr,kace-1-0-g,miroc6,miroc-es2l,mpi-esm1-2-hr,mpi-esm1-2-lr,mri-esm2-0,nesm3,noresm2-lm,noresm2-mm,ukesm1-0-ll",World Bank Climate Change Knowledge Portal (CMIP6-x0.25),,,country polygon mask; latitude-area weighted mean using cos(latitude),SSP2-4.5,Mean temperature
JPN,JPN,25.640084452567567,hd30,ssp245,2040-2059,median,climatology,days,annual climatology of ensemble of hd30: hot days with 30 degC and higher,50.0,"access-cm2,access-esm1-5,bcc-csm2-mr,canesm5,cmcc-esm2,cnrm-cm6-1,cnrm-esm2-1,ec-earth3,ec-earth3-veg-lr,fgoals-g3,gfdl-cm4,gfdl-esm4,giss-e2-1-g,hadgem3-gc31-ll,inm-cm4-8,inm-cm5-0,ipsl-cm6a-lr,kace-1-0-g,kiost-esm,miroc6,miroc-es2l,mpi-esm1-2-hr,mpi-esm1-2-lr,mri-esm2-0,nesm3,noresm2-lm,noresm2-mm,ukesm1-0-ll",World Bank Climate Change Knowledge Portal (CMIP6-x0.25),,,country polygon mask; latitude-area weighted mean using cos(latitude),SSP2-4.5,Hot days above 30°C
JPN,JPN,1.6614931052151136,tas,ssp245,2040-2059,median,anomaly,degC,ensemble of anomaly of Daily Near-Surface Air Temperature with reference period 1995-2014,50.0,"access-cm2,access-esm1-5,bcc-csm2-mr,canesm5,cmcc-esm2,cnrm-cm6-1,cnrm-esm2-1,ec-earth3,ec-earth3-veg-lr,fgoals-g3,gfdl-cm4,gfdl-esm4,giss-e2-1-g,hadgem3-gc31-ll,inm-cm4-8,inm-cm5-0,ipsl-cm6a-lr,kace-1-0-g,miroc6,miroc-es2l,mpi-esm1-2-hr,mpi-esm1-2-lr,mri-esm2-0,nesm3,noresm2-lm,noresm2-mm,ukesm1-0-ll",World Bank Climate Change Knowledge Portal (CMIP6-x0.25),,1995-2014,country polygon mask; latitude-area weighted mean using cos(latitude),SSP2-4.5,Mean temperature
JPN,JPN,13.980930640859663,tas,ssp245,2040-2059,median,climatology,degC,ensemble of Daily Near-Surface Air Temperature,50.0,"access-cm2,access-esm1-5,bcc-csm2-mr,canesm5,cmcc-esm2,cnrm-cm6-1,cnrm-esm2-1,ec-earth3,ec-earth3-veg-lr,fgoals-g3,gfdl-cm4,gfdl-esm4,giss-e2-1-g,hadgem3-gc31-ll,inm-cm4-8,inm-cm5-0,ipsl-cm6a-lr,kace-1-0-g,miroc6,miroc-es2l,mpi-esm1-2-hr,mpi-esm1-2-lr,mri-esm2-0,nesm3,noresm2-lm,noresm2-mm,ukesm1-0-ll",World Bank Climate Change Knowledge Portal (CMIP6-x0.25),,,country polygon mask; latitude-area weighted mean using cos(latitude),SSP2-4.5,Mean temperature
KAZ,KAZ,65.6570395201162,hd30,ssp245,2040-2059,median,climatology,days,annual climatology of ensemble of hd30: hot days with 30 degC and higher,50.0,"access-cm2,access-esm1-5,bcc-csm2-mr,canesm5,cmcc-esm2,cnrm-cm6-1,cnrm-esm2-1,ec-earth3,ec-earth3-veg-lr,fgoals-g3,gfdl-cm4,gfdl-esm4,giss-e2-1-g,hadgem3-gc31-ll,inm-cm4-8,inm-cm5-0,ipsl-cm6a-lr,kace-1-0-g,kiost-esm,miroc6,miroc-es2l,mpi-esm1-2-hr,mpi-esm1-2-lr,mri-esm2-0,nesm3,noresm2-lm,noresm2-mm,ukesm1-0-ll",World Bank Climate Change Knowledge Portal (CMIP6-x0.25),,,country polygon mask; latitude-area weighted mean using cos(latitude),SSP2-4.5,Hot days above 30°C
KAZ,KAZ,1.8525364376853455,tas,ssp245,2040-2059,median,anomaly,degC,ensemble of anomaly of Daily Near-Surface Air Temperature with reference period 1995-2014,50.0,"access-cm2,access-esm1-5,bcc-csm2-mr,canesm5,cmcc-esm2,cnrm-cm6-1,cnrm-esm2-1,ec-earth3,ec-earth3-veg-lr,fgoals-g3,gfdl-cm4,gfdl-esm4,giss-e2-1-g,hadgem3-gc31-ll,inm-cm4-8,inm-cm5-0,ipsl-cm6a-lr,kace-1-0-g,miroc6,miroc-es2l,mpi-esm1-2-hr,mpi-esm1-2-lr,mri-esm2-0,nesm3,noresm2-lm,noresm2-mm,ukesm1-0-ll",World Bank Climate Change Knowledge Portal (CMIP6-x0.25),,1995-2014,country polygon mask; latitude-area weighted mean using cos(latitude),SSP2-4.5,Mean temperature
KAZ,KAZ,8.65741340232962,tas,ssp245,2040-2059,median,climatology,degC,ensemble of Daily Near-Surface Air Temperature,50.0,"access-cm2,access-esm1-5,bcc-csm2-mr,canesm5,cmcc-esm2,cnrm-cm6-1,cnrm-esm2-1,ec-earth3,ec-earth3-veg-lr,fgoals-g3,gfdl-cm4,gfdl-esm4,giss-e2-1-g,hadgem3-gc31-ll,inm-cm4-8,inm-cm5-0,ipsl-cm6a-lr,kace-1-0-g,miroc6,miroc-es2l,mpi-esm1-2-hr,mpi-esm1-2-lr,mri-esm2-0,nesm3,noresm2-lm,noresm2-mm,ukesm1-0-ll",World Bank Climate Change Knowledge Portal (CMIP6-x0.25),,,country polygon mask; latitude-area weighted mean using cos(latitude),SSP2-4.5,Mean temperature
KEN,KEN,246.28267856330032,hd30,ssp245,2040-2059,median,climatology,days,annual climatology of ensemble of hd30: hot days with 30 degC and higher,50.0,"access-cm2,access-esm1-5,bcc-csm2-mr,canesm5,cmcc-esm2,cnrm-cm6-1,cnrm-esm2-1,ec-earth3,ec-earth3-veg-lr,fgoals-g3,gfdl-cm4,gfdl-esm4,giss-e2-1-g,hadgem3-gc31-ll,inm-cm4-8,inm-cm5-0,ipsl-cm6a-lr,kace-1-0-g,kiost-esm,miroc6,miroc-es2l,mpi-esm1-2-hr,mpi-esm1-2-lr,mri-esm2-0,nesm3,noresm2-lm,noresm2-mm,ukesm1-0-ll",World Bank Climate Change Knowledge Portal (CMIP6-x0.25),,,country polygon mask; latitude-area weighted mean using cos(latitude),SSP2-4.5,Hot days above 30°C
KEN,KEN,1.1820228924070495,tas,ssp245,2040-2059,median,anomaly,degC,ensemble of anomaly of Daily Near-Surface Air Temperature with reference period 1995-2014,50.0,"access-cm2,access-esm1-5,bcc-csm2-mr,canesm5,cmcc-esm2,cnrm-cm6-1,cnrm-esm2-1,ec-earth3,ec-earth3-veg-lr,fgoals-g3,gfdl-cm4,gfdl-esm4,giss-e2-1-g,hadgem3-gc31-ll,inm-cm4-8,inm-cm5-0,ipsl-cm6a-lr,kace-1-0-g,miroc6,miroc-es2l,mpi-esm1-2-hr,mpi-esm1-2-lr,mri-esm2-0,nesm3,noresm2-lm,noresm2-mm,ukesm1-0-ll",World Bank Climate Change Knowledge Portal (CMIP6-x0.25),,1995-2014,country polygon mask; latitude-area weighted mean using cos(latitude),SSP2-4.5,Mean temperature
KEN,KEN,26.625661437306345,tas,ssp245,2040-2059,median,climatology,degC,ensemble of Daily Near-Surface Air Temperature,50.0,"access-cm2,access-esm1-5,bcc-csm2-mr,canesm5,cmcc-esm2,cnrm-cm6-1,cnrm-esm2-1,ec-earth3,ec-earth3-veg-lr,fgoals-g3,gfdl-cm4,gfdl-esm4,giss-e2-1-g,hadgem3-gc31-ll,inm-cm4-8,inm-cm5-0,ipsl-cm6a-lr,kace-1-0-g,miroc6,miroc-es2l,mpi-esm1-2-hr,mpi-esm1-2-lr,mri-esm2-0,nesm3,noresm2-lm,noresm2-mm,ukesm1-0-ll",World Bank Climate Change Knowledge Portal (CMIP6-x0.25),,,country polygon mask; latitude-area weighted mean using cos(latitude),SSP2-4.5,Mean temperature
KGZ,KGZ,6.776368895256449,hd30,ssp245,2040-2059,median,climatology,days,annual climatology of ensemble of hd30: hot days with 30 degC and higher,50.0,"access-cm2,access-esm1-5,bcc-csm2-mr,canesm5,cmcc-esm2,cnrm-cm6-1,cnrm-esm2-1,ec-earth3,ec-earth3-veg-lr,fgoals-g3,gfdl-cm4,gfdl-esm4,giss-e2-1-g,hadgem3-gc31-ll,inm-cm4-8,inm-cm5-0,ipsl-cm6a-lr,kace-1-0-g,kiost-esm,miroc6,miroc-es2l,mpi-esm1-2-hr,mpi-esm1-2-lr,mri-esm2-0,nesm3,noresm2-lm,noresm2-mm,ukesm1-0-ll",World Bank Climate Change Knowledge Portal (CMIP6-x0.25),,,country polygon mask; latitude-area weighted mean using cos(latitude),SSP2-4.5,Hot days above 30°C
KGZ,KGZ,1.899575049377563,tas,ssp245,2040-2059,median,anomaly,degC,ensemble of anomaly of Daily Near-Surface Air Temperature with reference period 1995-2014,50.0,"access-cm2,access-esm1-5,bcc-csm2-mr,canesm5,cmcc-esm2,cnrm-cm6-1,cnrm-esm2-1,ec-earth3,ec-earth3-veg-lr,fgoals-g3,gfdl-cm4,gfdl-esm4,giss-e2-1-g,hadgem3-gc31-ll,inm-cm4-8,inm-cm5-0,ipsl-cm6a-lr,kace-1-0-g,miroc6,miroc-es2l,mpi-esm1-2-hr,mpi-esm1-2-lr,mri-esm2-0,nesm3,noresm2-lm,noresm2-mm,ukesm1-0-ll",World Bank Climate Change Knowledge Portal (CMIP6-x0.25),,1995-2014,country polygon mask; latitude-area weighted mean using cos(latitude),SSP2-4.5,Mean temperature
KGZ,KGZ,2.4286009055704665,tas,ssp245,2040-2059,median,climatology,degC,ensemble of Daily Near-Surface Air Temperature,50.0,"access-cm2,access-esm1-5,bcc-csm2-mr,canesm5,cmcc-esm2,cnrm-cm6-1,cnrm-esm2-1,ec-earth3,ec-earth3-veg-lr,fgoals-g3,gfdl-cm4,gfdl-esm4,giss-e2-1-g,hadgem3-gc31-ll,inm-cm4-8,inm-cm5-0,ipsl-cm6a-lr,kace-1-0-g,miroc6,miroc-es2l,mpi-esm1-2-hr,mpi-esm1-2-lr,mri-esm2-0,nesm3,noresm2-lm,noresm2-mm,ukesm1-0-ll",World Bank Climate Change Knowledge Portal (CMIP6-x0.25),,,country polygon mask; latitude-area weighted mean using cos(latitude),SSP2-4.5,Mean temperature
KHM,KHM,320.640656236594,hd30,ssp245,2040-2059,median,climatology,days,annual climatology of ensemble of hd30: hot days with 30 degC and higher,50.0,"access-cm2,access-esm1-5,bcc-csm2-mr,canesm5,cmcc-esm2,cnrm-cm6-1,cnrm-esm2-1,ec-earth3,ec-earth3-veg-lr,fgoals-g3,gfdl-cm4,gfdl-esm4,giss-e2-1-g,hadgem3-gc31-ll,inm-cm4-8,inm-cm5-0,ipsl-cm6a-lr,kace-1-0-g,kiost-esm,miroc6,miroc-es2l,mpi-esm1-2-hr,mpi-esm1-2-lr,mri-esm2-0,nesm3,noresm2-lm,noresm2-mm,ukesm1-0-ll",World Bank Climate Change Knowledge Portal (CMIP6-x0.25),,,country polygon mask; latitude-area weighted mean using cos(latitude),SSP2-4.5,Hot days above 30°C
KHM,KHM,1.1961614397508875,tas,ssp245,2040-2059,median,anomaly,degC,ensemble of anomaly of Daily Near-Surface Air Temperature with reference period 1995-2014,50.0,"access-cm2,access-esm1-5,bcc-csm2-mr,canesm5,cmcc-esm2,cnrm-cm6-1,cnrm-esm2-1,ec-earth3,ec-earth3-veg-lr,fgoals-g3,gfdl-cm4,gfdl-esm4,giss-e2-1-g,hadgem3-gc31-ll,inm-cm4-8,inm-cm5-0,ipsl-cm6a-lr,kace-1-0-g,miroc6,miroc-es2l,mpi-esm1-2-hr,mpi-esm1-2-lr,mri-esm2-0,nesm3,noresm2-lm,noresm2-mm,ukesm1-0-ll",World Bank Climate Change Knowledge Portal (CMIP6-x0.25),,1995-2014,country polygon mask; latitude-area weighted mean using cos(latitude),SSP2-4.5,Mean temperature
KHM,KHM,29.03091049217924,tas,ssp245,2040-2059,median,climatology,degC,ensemble of Daily Near-Surface Air Temperature,50.0,"access-cm2,access-esm1-5,bcc-csm2-mr,canesm5,cmcc-esm2,cnrm-cm6-1,cnrm-esm2-1,ec-earth3,ec-earth3-veg-lr,fgoals-g3,gfdl-cm4,gfdl-esm4,giss-e2-1-g,hadgem3-gc31-ll,inm-cm4-8,inm-cm5-0,ipsl-cm6a-lr,kace-1-0-g,miroc6,miroc-es2l,mpi-esm1-2-hr,mpi-esm1-2-lr,mri-esm2-0,nesm3,noresm2-lm,noresm2-mm,ukesm1-0-ll",World Bank Climate Change Knowledge Portal (CMIP6-x0.25),,,country polygon mask; latitude-area weighted mean using cos(latitude),SSP2-4.5,Mean temperature
KIR,KIR,0.5,hd30,ssp245,2040-2059,median,climatology,days,annual climatology of ensemble of hd30: hot days with 30 degC and higher,50.0,"access-cm2,access-esm1-5,bcc-csm2-mr,canesm5,cmcc-esm2,cnrm-cm6-1,cnrm-esm2-1,ec-earth3,ec-earth3-veg-lr,fgoals-g3,gfdl-cm4,gfdl-esm4,giss-e2-1-g,hadgem3-gc31-ll,inm-cm4-8,inm-cm5-0,ipsl-cm6a-lr,kace-1-0-g,kiost-esm,miroc6,miroc-es2l,mpi-esm1-2-hr,mpi-esm1-2-lr,mri-esm2-0,nesm3,noresm2-lm,noresm2-mm,ukesm1-0-ll",World Bank Climate Change Knowledge Portal (CMIP6-x0.25),,,country polygon mask; latitude-area weighted mean using cos(latitude),SSP2-4.5,Hot days above 30°C
KIR,KIR,0.9940000176429749,tas,ssp245,2040-2059,median,anomaly,degC,ensemble of anomaly of Daily Near-Surface Air Temperature with reference period 1995-2014,50.0,"access-cm2,access-esm1-5,bcc-csm2-mr,canesm5,cmcc-esm2,cnrm-cm6-1,cnrm-esm2-1,ec-earth3,ec-earth3-veg-lr,fgoals-g3,gfdl-cm4,gfdl-esm4,giss-e2-1-g,hadgem3-gc31-ll,inm-cm4-8,inm-cm5-0,ipsl-cm6a-lr,kace-1-0-g,miroc6,miroc-es2l,mpi-esm1-2-hr,mpi-esm1-2-lr,mri-esm2-0,nesm3,noresm2-lm,noresm2-mm,ukesm1-0-ll",World Bank Climate Change Knowledge Portal (CMIP6-x0.25),,1995-2014,country polygon mask; latitude-area weighted mean using cos(latitude),SSP2-4.5,Mean temperature
KIR,KIR,27.434999465942383,tas,ssp245,2040-2059,median,climatology,degC,ensemble of Daily Near-Surface Air Temperature,50.0,"access-cm2,access-esm1-5,bcc-csm2-mr,canesm5,cmcc-esm2,cnrm-cm6-1,cnrm-esm2-1,ec-earth3,ec-earth3-veg-lr,fgoals-g3,gfdl-cm4,gfdl-esm4,giss-e2-1-g,hadgem3-gc31-ll,inm-cm4-8,inm-cm5-0,ipsl-cm6a-lr,kace-1-0-g,miroc6,miroc-es2l,mpi-esm1-2-hr,mpi-esm1-2-lr,mri-esm2-0,nesm3,noresm2-lm,noresm2-mm,ukesm1-0-ll",World Bank Climate Change Knowledge Portal (CMIP6-x0.25),,,country polygon mask; latitude-area weighted mean using cos(latitude),SSP2-4.5,Mean temperature
KOR,KOR,36.494997684488666,hd30,ssp245,2040-2059,median,climatology,days,annual climatology of ensemble of hd30: hot days with 30 degC and higher,50.0,"access-cm2,access-esm1-5,bcc-csm2-mr,canesm5,cmcc-esm2,cnrm-cm6-1,cnrm-esm2-1,ec-earth3,ec-earth3-veg-lr,fgoals-g3,gfdl-cm4,gfdl-esm4,giss-e2-1-g,hadgem3-gc31-ll,inm-cm4-8,inm-cm5-0,ipsl-cm6a-lr,kace-1-0-g,kiost-esm,miroc6,miroc-es2l,mpi-esm1-2-hr,mpi-esm1-2-lr,mri-esm2-0,nesm3,noresm2-lm,noresm2-mm,ukesm1-0-ll",World Bank Climate Change Knowledge Portal (CMIP6-x0.25),,,country polygon mask; latitude-area weighted mean using cos(latitude),SSP2-4.5,Hot days above 30°C
KOR,KOR,1.7234785596006676,tas,ssp245,2040-2059,median,anomaly,degC,ensemble of anomaly of Daily Near-Surface Air Temperature with reference period 1995-2014,50.0,"access-cm2,access-esm1-5,bcc-csm2-mr,canesm5,cmcc-esm2,cnrm-cm6-1,cnrm-esm2-1,ec-earth3,ec-earth3-veg-lr,fgoals-g3,gfdl-cm4,gfdl-esm4,giss-e2-1-g,hadgem3-gc31-ll,inm-cm4-8,inm-cm5-0,ipsl-cm6a-lr,kace-1-0-g,miroc6,miroc-es2l,mpi-esm1-2-hr,mpi-esm1-2-lr,mri-esm2-0,nesm3,noresm2-lm,noresm2-mm,ukesm1-0-ll",World Bank Climate Change Knowledge Portal (CMIP6-x0.25),,1995-2014,country polygon mask; latitude-area weighted mean using cos(latitude),SSP2-4.5,Mean temperature
KOR,KOR,14.2797914751028,tas,ssp245,2040-2059,median,climatology,degC,ensemble of Daily Near-Surface Air Temperature,50.0,"access-cm2,access-esm1-5,bcc-csm2-mr,canesm5,cmcc-esm2,cnrm-cm6-1,cnrm-esm2-1,ec-earth3,ec-earth3-veg-lr,fgoals-g3,gfdl-cm4,gfdl-esm4,giss-e2-1-g,hadgem3-gc31-ll,inm-cm4-8,inm-cm5-0,ipsl-cm6a-lr,kace-1-0-g,miroc6,miroc-es2l,mpi-esm1-2-hr,mpi-esm1-2-lr,mri-esm2-0,nesm3,noresm2-lm,noresm2-mm,ukesm1-0-ll",World Bank Climate Change Knowledge Portal (CMIP6-x0.25),,,country polygon mask; latitude-area weighted mean using cos(latitude),SSP2-4.5,Mean temperature
KSV,KSV,39.266140857622474,hd30,ssp245,2040-2059,median,climatology,days,annual climatology of ensemble of hd30: hot days with 30 degC and higher,50.0,"access-cm2,access-esm1-5,bcc-csm2-mr,canesm5,cmcc-esm2,cnrm-cm6-1,cnrm-esm2-1,ec-earth3,ec-earth3-veg-lr,fgoals-g3,gfdl-cm4,gfdl-esm4,giss-e2-1-g,hadgem3-gc31-ll,inm-cm4-8,inm-cm5-0,ipsl-cm6a-lr,kace-1-0-g,kiost-esm,miroc6,miroc-es2l,mpi-esm1-2-hr,mpi-esm1-2-lr,mri-esm2-0,nesm3,noresm2-lm,noresm2-mm,ukesm1-0-ll",World Bank Climate Change Knowledge Portal (CMIP6-x0.25),,,country polygon mask; latitude-area weighted mean using cos(latitude),SSP2-4.5,Hot days above 30°C
KSV,KSV,1.6420379206401405,tas,ssp245,2040-2059,median,anomaly,degC,ensemble of anomaly of Daily Near-Surface Air Temperature with reference period 1995-2014,50.0,"access-cm2,access-esm1-5,bcc-csm2-mr,canesm5,cmcc-esm2,cnrm-cm6-1,cnrm-esm2-1,ec-earth3,ec-earth3-veg-lr,fgoals-g3,gfdl-cm4,gfdl-esm4,giss-e2-1-g,hadgem3-gc31-ll,inm-cm4-8,inm-cm5-0,ipsl-cm6a-lr,kace-1-0-g,miroc6,miroc-es2l,mpi-esm1-2-hr,mpi-esm1-2-lr,mri-esm2-0,nesm3,noresm2-lm,noresm2-mm,ukesm1-0-ll",World Bank Climate Change Knowledge Portal (CMIP6-x0.25),,1995-2014,country polygon mask; latitude-area weighted mean using cos(latitude),SSP2-4.5,Mean temperature
KSV,KSV,12.390942659695712,tas,ssp245,2040-2059,median,climatology,degC,ensemble of Daily Near-Surface Air Temperature,50.0,"access-cm2,access-esm1-5,bcc-csm2-mr,canesm5,cmcc-esm2,cnrm-cm6-1,cnrm-esm2-1,ec-earth3,ec-earth3-veg-lr,fgoals-g3,gfdl-cm4,gfdl-esm4,giss-e2-1-g,hadgem3-gc31-ll,inm-cm4-8,inm-cm5-0,ipsl-cm6a-lr,kace-1-0-g,miroc6,miroc-es2l,mpi-esm1-2-hr,mpi-esm1-2-lr,mri-esm2-0,nesm3,noresm2-lm,noresm2-mm,ukesm1-0-ll",World Bank Climate Change Knowledge Portal (CMIP6-x0.25),,,country polygon mask; latitude-area weighted mean using cos(latitude),SSP2-4.5,Mean temperature
KWT,KWT,223.76247640622563,hd30,ssp245,2040-2059,median,climatology,days,annual climatology of ensemble of hd30: hot days with 30 degC and higher,50.0,"access-cm2,access-esm1-5,bcc-csm2-mr,canesm5,cmcc-esm2,cnrm-cm6-1,cnrm-esm2-1,ec-earth3,ec-earth3-veg-lr,fgoals-g3,gfdl-cm4,gfdl-esm4,giss-e2-1-g,hadgem3-gc31-ll,inm-cm4-8,inm-cm5-0,ipsl-cm6a-lr,kace-1-0-g,kiost-esm,miroc6,miroc-es2l,mpi-esm1-2-hr,mpi-esm1-2-lr,mri-esm2-0,nesm3,noresm2-lm,noresm2-mm,ukesm1-0-ll",World Bank Climate Change Knowledge Portal (CMIP6-x0.25),,,country polygon mask; latitude-area weighted mean using cos(latitude),SSP2-4.5,Hot days above 30°C
KWT,KWT,1.8602989174427993,tas,ssp245,2040-2059,median,anomaly,degC,ensemble of anomaly of Daily Near-Surface Air Temperature with reference period 1995-2014,50.0,"access-cm2,access-esm1-5,bcc-csm2-mr,canesm5,cmcc-esm2,cnrm-cm6-1,cnrm-esm2-1,ec-earth3,ec-earth3-veg-lr,fgoals-g3,gfdl-cm4,gfdl-esm4,giss-e2-1-g,hadgem3-gc31-ll,inm-cm4-8,inm-cm5-0,ipsl-cm6a-lr,kace-1-0-g,miroc6,miroc-es2l,mpi-esm1-2-hr,mpi-esm1-2-lr,mri-esm2-0,nesm3,noresm2-lm,noresm2-mm,ukesm1-0-ll",World Bank Climate Change Knowledge Portal (CMIP6-x0.25),,1995-2014,country polygon mask; latitude-area weighted mean using cos(latitude),SSP2-4.5,Mean temperature
KWT,KWT,27.943098905045517,tas,ssp245,2040-2059,median,climatology,degC,ensemble of Daily Near-Surface Air Temperature,50.0,"access-cm2,access-esm1-5,bcc-csm2-mr,canesm5,cmcc-esm2,cnrm-cm6-1,cnrm-esm2-1,ec-earth3,ec-earth3-veg-lr,fgoals-g3,gfdl-cm4,gfdl-esm4,giss-e2-1-g,hadgem3-gc31-ll,inm-cm4-8,inm-cm5-0,ipsl-cm6a-lr,kace-1-0-g,miroc6,miroc-es2l,mpi-esm1-2-hr,mpi-esm1-2-lr,mri-esm2-0,nesm3,noresm2-lm,noresm2-mm,ukesm1-0-ll",World Bank Climate Change Knowledge Portal (CMIP6-x0.25),,,country polygon mask; latitude-area weighted mean using cos(latitude),SSP2-4.5,Mean temperature
LAO,LAO,162.80710647061298,hd30,ssp245,2040-2059,median,climatology,days,annual climatology of ensemble of hd30: hot days with 30 degC and higher,50.0,"access-cm2,access-esm1-5,bcc-csm2-mr,canesm5,cmcc-esm2,cnrm-cm6-1,cnrm-esm2-1,ec-earth3,ec-earth3-veg-lr,fgoals-g3,gfdl-cm4,gfdl-esm4,giss-e2-1-g,hadgem3-gc31-ll,inm-cm4-8,inm-cm5-0,ipsl-cm6a-lr,kace-1-0-g,kiost-esm,miroc6,miroc-es2l,mpi-esm1-2-hr,mpi-esm1-2-lr,mri-esm2-0,nesm3,noresm2-lm,noresm2-mm,ukesm1-0-ll",World Bank Climate Change Knowledge Portal (CMIP6-x0.25),,,country polygon mask; latitude-area weighted mean using cos(latitude),SSP2-4.5,Hot days above 30°C
LAO,LAO,1.3028090633620069,tas,ssp245,2040-2059,median,anomaly,degC,ensemble of anomaly of Daily Near-Surface Air Temperature with reference period 1995-2014,50.0,"access-cm2,access-esm1-5,bcc-csm2-mr,canesm5,cmcc-esm2,cnrm-cm6-1,cnrm-esm2-1,ec-earth3,ec-earth3-veg-lr,fgoals-g3,gfdl-cm4,gfdl-esm4,giss-e2-1-g,hadgem3-gc31-ll,inm-cm4-8,inm-cm5-0,ipsl-cm6a-lr,kace-1-0-g,miroc6,miroc-es2l,mpi-esm1-2-hr,mpi-esm1-2-lr,mri-esm2-0,nesm3,noresm2-lm,noresm2-mm,ukesm1-0-ll",World Bank Climate Change Knowledge Portal (CMIP6-x0.25),,1995-2014,country polygon mask; latitude-area weighted mean using cos(latitude),SSP2-4.5,Mean temperature
LAO,LAO,24.784093068163735,tas,ssp245,2040-2059,median,climatology,degC,ensemble of Daily Near-Surface Air Temperature,50.0,"access-cm2,access-esm1-5,bcc-csm2-mr,canesm5,cmcc-esm2,cnrm-cm6-1,cnrm-esm2-1,ec-earth3,ec-earth3-veg-lr,fgoals-g3,gfdl-cm4,gfdl-esm4,giss-e2-1-g,hadgem3-gc31-ll,inm-cm4-8,inm-cm5-0,ipsl-cm6a-lr,kace-1-0-g,miroc6,miroc-es2l,mpi-esm1-2-hr,mpi-esm1-2-lr,mri-esm2-0,nesm3,noresm2-lm,noresm2-mm,ukesm1-0-ll",World Bank Climate Change Knowledge Portal (CMIP6-x0.25),,,country polygon mask; latitude-area weighted mean using cos(latitude),SSP2-4.5,Mean temperature
LBN,LBN,64.37817576741138,hd30,ssp245,2040-2059,median,climatology,days,annual climatology of ensemble of hd30: hot days with 30 degC and higher,50.0,"access-cm2,access-esm1-5,bcc-csm2-mr,canesm5,cmcc-esm2,cnrm-cm6-1,cnrm-esm2-1,ec-earth3,ec-earth3-veg-lr,fgoals-g3,gfdl-cm4,gfdl-esm4,giss-e2-1-g,hadgem3-gc31-ll,inm-cm4-8,inm-cm5-0,ipsl-cm6a-lr,kace-1-0-g,kiost-esm,miroc6,miroc-es2l,mpi-esm1-2-hr,mpi-esm1-2-lr,mri-esm2-0,nesm3,noresm2-lm,noresm2-mm,ukesm1-0-ll",World Bank Climate Change Knowledge Portal (CMIP6-x0.25),,,country polygon mask; latitude-area weighted mean using cos(latitude),SSP2-4.5,Hot days above 30°C
LBN,LBN,1.620467782843837,tas,ssp245,2040-2059,median,anomaly,degC,ensemble of anomaly of Daily Near-Surface Air Temperature with reference period 1995-2014,50.0,"access-cm2,access-esm1-5,bcc-csm2-mr,canesm5,cmcc-esm2,cnrm-cm6-1,cnrm-esm2-1,ec-earth3,ec-earth3-veg-lr,fgoals-g3,gfdl-cm4,gfdl-esm4,giss-e2-1-g,hadgem3-gc31-ll,inm-cm4-8,inm-cm5-0,ipsl-cm6a-lr,kace-1-0-g,miroc6,miroc-es2l,mpi-esm1-2-hr,mpi-esm1-2-lr,mri-esm2-0,nesm3,noresm2-lm,noresm2-mm,ukesm1-0-ll",World Bank Climate Change Knowledge Portal (CMIP6-x0.25),,1995-2014,country polygon mask; latitude-area weighted mean using cos(latitude),SSP2-4.5,Mean temperature
LBN,LBN,17.0287591364407,tas,ssp245,2040-2059,median,climatology,degC,ensemble of Daily Near-Surface Air Temperature,50.0,"access-cm2,access-esm1-5,bcc-csm2-mr,canesm5,cmcc-esm2,cnrm-cm6-1,cnrm-esm2-1,ec-earth3,ec-earth3-veg-lr,fgoals-g3,gfdl-cm4,gfdl-esm4,giss-e2-1-g,hadgem3-gc31-ll,inm-cm4-8,inm-cm5-0,ipsl-cm6a-lr,kace-1-0-g,miroc6,miroc-es2l,mpi-esm1-2-hr,mpi-esm1-2-lr,mri-esm2-0,nesm3,noresm2-lm,noresm2-mm,ukesm1-0-ll",World Bank Climate Change Knowledge Portal (CMIP6-x0.25),,,country polygon mask; latitude-area weighted mean using cos(latitude),SSP2-4.5,Mean temperature
LBR,LBR,221.0282938605964,hd30,ssp245,2040-2059,median,climatology,days,annual climatology of ensemble of hd30: hot days with 30 degC and higher,50.0,"access-cm2,access-esm1-5,bcc-csm2-mr,canesm5,cmcc-esm2,cnrm-cm6-1,cnrm-esm2-1,ec-earth3,ec-earth3-veg-lr,fgoals-g3,gfdl-cm4,gfdl-esm4,giss-e2-1-g,hadgem3-gc31-ll,inm-cm4-8,inm-cm5-0,ipsl-cm6a-lr,kace-1-0-g,kiost-esm,miroc6,miroc-es2l,mpi-esm1-2-hr,mpi-esm1-2-lr,mri-esm2-0,nesm3,noresm2-lm,noresm2-mm,ukesm1-0-ll",World Bank Climate Change Knowledge Portal (CMIP6-x0.25),,,country polygon mask; latitude-area weighted mean using cos(latitude),SSP2-4.5,Hot days above 30°C
LBR,LBR,1.1937684885322783,tas,ssp245,2040-2059,median,anomaly,degC,ensemble of anomaly of Daily Near-Surface Air Temperature with reference period 1995-2014,50.0,"access-cm2,access-esm1-5,bcc-csm2-mr,canesm5,cmcc-esm2,cnrm-cm6-1,cnrm-esm2-1,ec-earth3,ec-earth3-veg-lr,fgoals-g3,gfdl-cm4,gfdl-esm4,giss-e2-1-g,hadgem3-gc31-ll,inm-cm4-8,inm-cm5-0,ipsl-cm6a-lr,kace-1-0-g,miroc6,miroc-es2l,mpi-esm1-2-hr,mpi-esm1-2-lr,mri-esm2-0,nesm3,noresm2-lm,noresm2-mm,ukesm1-0-ll",World Bank Climate Change Knowledge Portal (CMIP6-x0.25),,1995-2014,country polygon mask; latitude-area weighted mean using cos(latitude),SSP2-4.5,Mean temperature
LBR,LBR,26.92582737647488,tas,ssp245,2040-2059,median,climatology,degC,ensemble of Daily Near-Surface Air Temperature,50.0,"access-cm2,access-esm1-5,bcc-csm2-mr,canesm5,cmcc-esm2,cnrm-cm6-1,cnrm-esm2-1,ec-earth3,ec-earth3-veg-lr,fgoals-g3,gfdl-cm4,gfdl-esm4,giss-e2-1-g,hadgem3-gc31-ll,inm-cm4-8,inm-cm5-0,ipsl-cm6a-lr,kace-1-0-g,miroc6,miroc-es2l,mpi-esm1-2-hr,mpi-esm1-2-lr,mri-esm2-0,nesm3,noresm2-lm,noresm2-mm,ukesm1-0-ll",World Bank Climate Change Knowledge Portal (CMIP6-x0.25),,,country polygon mask; latitude-area weighted mean using cos(latitude),SSP2-4.5,Mean temperature
LBY,LBY,195.62519755863616,hd30,ssp245,2040-2059,median,climatology,days,annual climatology of ensemble of hd30: hot days with 30 degC and higher,50.0,"access-cm2,access-esm1-5,bcc-csm2-mr,canesm5,cmcc-esm2,cnrm-cm6-1,cnrm-esm2-1,ec-earth3,ec-earth3-veg-lr,fgoals-g3,gfdl-cm4,gfdl-esm4,giss-e2-1-g,hadgem3-gc31-ll,inm-cm4-8,inm-cm5-0,ipsl-cm6a-lr,kace-1-0-g,kiost-esm,miroc6,miroc-es2l,mpi-esm1-2-hr,mpi-esm1-2-lr,mri-esm2-0,nesm3,noresm2-lm,noresm2-mm,ukesm1-0-ll",World Bank Climate Change Knowledge Portal (CMIP6-x0.25),,,country polygon mask; latitude-area weighted mean using cos(latitude),SSP2-4.5,Hot days above 30°C
LBY,LBY,1.5639596294345761,tas,ssp245,2040-2059,median,anomaly,degC,ensemble of anomaly of Daily Near-Surface Air Temperature with reference period 1995-2014,50.0,"access-cm2,access-esm1-5,bcc-csm2-mr,canesm5,cmcc-esm2,cnrm-cm6-1,cnrm-esm2-1,ec-earth3,ec-earth3-veg-lr,fgoals-g3,gfdl-cm4,gfdl-esm4,giss-e2-1-g,hadgem3-gc31-ll,inm-cm4-8,inm-cm5-0,ipsl-cm6a-lr,kace-1-0-g,miroc6,miroc-es2l,mpi-esm1-2-hr,mpi-esm1-2-lr,mri-esm2-0,nesm3,noresm2-lm,noresm2-mm,ukesm1-0-ll",World Bank Climate Change Knowledge Portal (CMIP6-x0.25),,1995-2014,country polygon mask; latitude-area weighted mean using cos(latitude),SSP2-4.5,Mean temperature
LBY,LBY,23.759024512286295,tas,ssp245,2040-2059,median,climatology,degC,ensemble of Daily Near-Surface Air Temperature,50.0,"access-cm2,access-esm1-5,bcc-csm2-mr,canesm5,cmcc-esm2,cnrm-cm6-1,cnrm-esm2-1,ec-earth3,ec-earth3-veg-lr,fgoals-g3,gfdl-cm4,gfdl-esm4,giss-e2-1-g,hadgem3-gc31-ll,inm-cm4-8,inm-cm5-0,ipsl-cm6a-lr,kace-1-0-g,miroc6,miroc-es2l,mpi-esm1-2-hr,mpi-esm1-2-lr,mri-esm2-0,nesm3,noresm2-lm,noresm2-mm,ukesm1-0-ll",World Bank Climate Change Knowledge Portal (CMIP6-x0.25),,,country polygon mask; latitude-area weighted mean using cos(latitude),SSP2-4.5,Mean temperature
LCA,LCA,167.25,hd30,ssp245,2040-2059,median,climatology,days,annual climatology of ensemble of hd30: hot days with 30 degC and higher,50.0,"access-cm2,access-esm1-5,bcc-csm2-mr,canesm5,cmcc-esm2,cnrm-cm6-1,cnrm-esm2-1,ec-earth3,ec-earth3-veg-lr,fgoals-g3,gfdl-cm4,gfdl-esm4,giss-e2-1-g,hadgem3-gc31-ll,inm-cm4-8,inm-cm5-0,ipsl-cm6a-lr,kace-1-0-g,kiost-esm,miroc6,miroc-es2l,mpi-esm1-2-hr,mpi-esm1-2-lr,mri-esm2-0,nesm3,noresm2-lm,noresm2-mm,ukesm1-0-ll",World Bank Climate Change Knowledge Portal (CMIP6-x0.25),,,country polygon mask; latitude-area weighted mean using cos(latitude),SSP2-4.5,Hot days above 30°C
LCA,LCA,1.031000018119812,tas,ssp245,2040-2059,median,anomaly,degC,ensemble of anomaly of Daily Near-Surface Air Temperature with reference period 1995-2014,50.0,"access-cm2,access-esm1-5,bcc-csm2-mr,canesm5,cmcc-esm2,cnrm-cm6-1,cnrm-esm2-1,ec-earth3,ec-earth3-veg-lr,fgoals-g3,gfdl-cm4,gfdl-esm4,giss-e2-1-g,hadgem3-gc31-ll,inm-cm4-8,inm-cm5-0,ipsl-cm6a-lr,kace-1-0-g,miroc6,miroc-es2l,mpi-esm1-2-hr,mpi-esm1-2-lr,mri-esm2-0,nesm3,noresm2-lm,noresm2-mm,ukesm1-0-ll",World Bank Climate Change Knowledge Portal (CMIP6-x0.25),,1995-2014,country polygon mask; latitude-area weighted mean using cos(latitude),SSP2-4.5,Mean temperature
LCA,LCA,27.829999923706055,tas,ssp245,2040-2059,median,climatology,degC,ensemble of Daily Near-Surface Air Temperature,50.0,"access-cm2,access-esm1-5,bcc-csm2-mr,canesm5,cmcc-esm2,cnrm-cm6-1,cnrm-esm2-1,ec-earth3,ec-earth3-veg-lr,fgoals-g3,gfdl-cm4,gfdl-esm4,giss-e2-1-g,hadgem3-gc31-ll,inm-cm4-8,inm-cm5-0,ipsl-cm6a-lr,kace-1-0-g,miroc6,miroc-es2l,mpi-esm1-2-hr,mpi-esm1-2-lr,mri-esm2-0,nesm3,noresm2-lm,noresm2-mm,ukesm1-0-ll",World Bank Climate Change Knowledge Portal (CMIP6-x0.25),,,country polygon mask; latitude-area weighted mean using cos(latitude),SSP2-4.5,Mean temperature
LKA,LKA,242.0496415848944,hd30,ssp245,2040-2059,median,climatology,days,annual climatology of ensemble of hd30: hot days with 30 degC and higher,50.0,"access-cm2,access-esm1-5,bcc-csm2-mr,canesm5,cmcc-esm2,cnrm-cm6-1,cnrm-esm2-1,ec-earth3,ec-earth3-veg-lr,fgoals-g3,gfdl-cm4,gfdl-esm4,giss-e2-1-g,hadgem3-gc31-ll,inm-cm4-8,inm-cm5-0,ipsl-cm6a-lr,kace-1-0-g,kiost-esm,miroc6,miroc-es2l,mpi-esm1-2-hr,mpi-esm1-2-lr,mri-esm2-0,nesm3,noresm2-lm,noresm2-mm,ukesm1-0-ll",World Bank Climate Change Knowledge Portal (CMIP6-x0.25),,,country polygon mask; latitude-area weighted mean using cos(latitude),SSP2-4.5,Hot days above 30°C
LKA,LKA,0.9714685673744321,tas,ssp245,2040-2059,median,anomaly,degC,ensemble of anomaly of Daily Near-Surface Air Temperature with reference period 1995-2014,50.0,"access-cm2,access-esm1-5,bcc-csm2-mr,canesm5,cmcc-esm2,cnrm-cm6-1,cnrm-esm2-1,ec-earth3,ec-earth3-veg-lr,fgoals-g3,gfdl-cm4,gfdl-esm4,giss-e2-1-g,hadgem3-gc31-ll,inm-cm4-8,inm-cm5-0,ipsl-cm6a-lr,kace-1-0-g,miroc6,miroc-es2l,mpi-esm1-2-hr,mpi-esm1-2-lr,mri-esm2-0,nesm3,noresm2-lm,noresm2-mm,ukesm1-0-ll",World Bank Climate Change Knowledge Portal (CMIP6-x0.25),,1995-2014,country polygon mask; latitude-area weighted mean using cos(latitude),SSP2-4.5,Mean temperature
LKA,LKA,27.934882793782673,tas,ssp245,2040-2059,median,climatology,degC,ensemble of Daily Near-Surface Air Temperature,50.0,"access-cm2,access-esm1-5,bcc-csm2-mr,canesm5,cmcc-esm2,cnrm-cm6-1,cnrm-esm2-1,ec-earth3,ec-earth3-veg-lr,fgoals-g3,gfdl-cm4,gfdl-esm4,giss-e2-1-g,hadgem3-gc31-ll,inm-cm4-8,inm-cm5-0,ipsl-cm6a-lr,kace-1-0-g,miroc6,miroc-es2l,mpi-esm1-2-hr,mpi-esm1-2-lr,mri-esm2-0,nesm3,noresm2-lm,noresm2-mm,ukesm1-0-ll",World Bank Climate Change Knowledge Portal (CMIP6-x0.25),,,country polygon mask; latitude-area weighted mean using cos(latitude),SSP2-4.5,Mean temperature
LSO,LSO,7.722122950589529,hd30,ssp245,2040-2059,median,climatology,days,annual climatology of ensemble of hd30: hot days with 30 degC and higher,50.0,"access-cm2,access-esm1-5,bcc-csm2-mr,canesm5,cmcc-esm2,cnrm-cm6-1,cnrm-esm2-1,ec-earth3,ec-earth3-veg-lr,fgoals-g3,gfdl-cm4,gfdl-esm4,giss-e2-1-g,hadgem3-gc31-ll,inm-cm4-8,inm-cm5-0,ipsl-cm6a-lr,kace-1-0-g,kiost-esm,miroc6,miroc-es2l,mpi-esm1-2-hr,mpi-esm1-2-lr,mri-esm2-0,nesm3,noresm2-lm,noresm2-mm,ukesm1-0-ll",World Bank Climate Change Knowledge Portal (CMIP6-x0.25),,,country polygon mask; latitude-area weighted mean using cos(latitude),SSP2-4.5,Hot days above 30°C
LSO,LSO,1.5144382875907163,tas,ssp245,2040-2059,median,anomaly,degC,ensemble of anomaly of Daily Near-Surface Air Temperature with reference period 1995-2014,50.0,"access-cm2,access-esm1-5,bcc-csm2-mr,canesm5,cmcc-esm2,cnrm-cm6-1,cnrm-esm2-1,ec-earth3,ec-earth3-veg-lr,fgoals-g3,gfdl-cm4,gfdl-esm4,giss-e2-1-g,hadgem3-gc31-ll,inm-cm4-8,inm-cm5-0,ipsl-cm6a-lr,kace-1-0-g,miroc6,miroc-es2l,mpi-esm1-2-hr,mpi-esm1-2-lr,mri-esm2-0,nesm3,noresm2-lm,noresm2-mm,ukesm1-0-ll",World Bank Climate Change Knowledge Portal (CMIP6-x0.25),,1995-2014,country polygon mask; latitude-area weighted mean using cos(latitude),SSP2-4.5,Mean temperature
LSO,LSO,13.337899777465248,tas,ssp245,2040-2059,median,climatology,degC,ensemble of Daily Near-Surface Air Temperature,50.0,"access-cm2,access-esm1-5,bcc-csm2-mr,canesm5,cmcc-esm2,cnrm-cm6-1,cnrm-esm2-1,ec-earth3,ec-earth3-veg-lr,fgoals-g3,gfdl-cm4,gfdl-esm4,giss-e2-1-g,hadgem3-gc31-ll,inm-cm4-8,inm-cm5-0,ipsl-cm6a-lr,kace-1-0-g,miroc6,miroc-es2l,mpi-esm1-2-hr,mpi-esm1-2-lr,mri-esm2-0,nesm3,noresm2-lm,noresm2-mm,ukesm1-0-ll",World Bank Climate Change Knowledge Portal (CMIP6-x0.25),,,country polygon mask; latitude-area weighted mean using cos(latitude),SSP2-4.5,Mean temperature
LTU,LTU,5.550868030609777,hd30,ssp245,2040-2059,median,climatology,days,annual climatology of ensemble of hd30: hot days with 30 degC and higher,50.0,"access-cm2,access-esm1-5,bcc-csm2-mr,canesm5,cmcc-esm2,cnrm-cm6-1,cnrm-esm2-1,ec-earth3,ec-earth3-veg-lr,fgoals-g3,gfdl-cm4,gfdl-esm4,giss-e2-1-g,hadgem3-gc31-ll,inm-cm4-8,inm-cm5-0,ipsl-cm6a-lr,kace-1-0-g,kiost-esm,miroc6,miroc-es2l,mpi-esm1-2-hr,mpi-esm1-2-lr,mri-esm2-0,nesm3,noresm2-lm,noresm2-mm,ukesm1-0-ll",World Bank Climate Change Knowledge Portal (CMIP6-x0.25),,,country polygon mask; latitude-area weighted mean using cos(latitude),SSP2-4.5,Hot days above 30°C
LTU,LTU,1.6651866547984882,tas,ssp245,2040-2059,median,anomaly,degC,ensemble of anomaly of Daily Near-Surface Air Temperature with reference period 1995-2014,50.0,"access-cm2,access-esm1-5,bcc-csm2-mr,canesm5,cmcc-esm2,cnrm-cm6-1,cnrm-esm2-1,ec-earth3,ec-earth3-veg-lr,fgoals-g3,gfdl-cm4,gfdl-esm4,giss-e2-1-g,hadgem3-gc31-ll,inm-cm4-8,inm-cm5-0,ipsl-cm6a-lr,kace-1-0-g,miroc6,miroc-es2l,mpi-esm1-2-hr,mpi-esm1-2-lr,mri-esm2-0,nesm3,noresm2-lm,noresm2-mm,ukesm1-0-ll",World Bank Climate Change Knowledge Portal (CMIP6-x0.25),,1995-2014,country polygon mask; latitude-area weighted mean using cos(latitude),SSP2-4.5,Mean temperature
LTU,LTU,8.756198211363012,tas,ssp245,2040-2059,median,climatology,degC,ensemble of Daily Near-Surface Air Temperature,50.0,"access-cm2,access-esm1-5,bcc-csm2-mr,canesm5,cmcc-esm2,cnrm-cm6-1,cnrm-esm2-1,ec-earth3,ec-earth3-veg-lr,fgoals-g3,gfdl-cm4,gfdl-esm4,giss-e2-1-g,hadgem3-gc31-ll,inm-cm4-8,inm-cm5-0,ipsl-cm6a-lr,kace-1-0-g,miroc6,miroc-es2l,mpi-esm1-2-hr,mpi-esm1-2-lr,mri-esm2-0,nesm3,noresm2-lm,noresm2-mm,ukesm1-0-ll",World Bank Climate Change Knowledge Portal (CMIP6-x0.25),,,country polygon mask; latitude-area weighted mean using cos(latitude),SSP2-4.5,Mean temperature
LUX,LUX,8.085207366330103,hd30,ssp245,2040-2059,median,climatology,days,annual climatology of ensemble of hd30: hot days with 30 degC and higher,50.0,"access-cm2,access-esm1-5,bcc-csm2-mr,canesm5,cmcc-esm2,cnrm-cm6-1,cnrm-esm2-1,ec-earth3,ec-earth3-veg-lr,fgoals-g3,gfdl-cm4,gfdl-esm4,giss-e2-1-g,hadgem3-gc31-ll,inm-cm4-8,inm-cm5-0,ipsl-cm6a-lr,kace-1-0-g,kiost-esm,miroc6,miroc-es2l,mpi-esm1-2-hr,mpi-esm1-2-lr,mri-esm2-0,nesm3,noresm2-lm,noresm2-mm,ukesm1-0-ll",World Bank Climate Change Knowledge Portal (CMIP6-x0.25),,,country polygon mask; latitude-area weighted mean using cos(latitude),SSP2-4.5,Hot days above 30°C
LUX,LUX,1.3534505024872745,tas,ssp245,2040-2059,median,anomaly,degC,ensemble of anomaly of Daily Near-Surface Air Temperature with reference period 1995-2014,50.0,"access-cm2,access-esm1-5,bcc-csm2-mr,canesm5,cmcc-esm2,cnrm-cm6-1,cnrm-esm2-1,ec-earth3,ec-earth3-veg-lr,fgoals-g3,gfdl-cm4,gfdl-esm4,giss-e2-1-g,hadgem3-gc31-ll,inm-cm4-8,inm-cm5-0,ipsl-cm6a-lr,kace-1-0-g,miroc6,miroc-es2l,mpi-esm1-2-hr,mpi-esm1-2-lr,mri-esm2-0,nesm3,noresm2-lm,noresm2-mm,ukesm1-0-ll",World Bank Climate Change Knowledge Portal (CMIP6-x0.25),,1995-2014,country polygon mask; latitude-area weighted mean using cos(latitude),SSP2-4.5,Mean temperature
LUX,LUX,10.670704036625283,tas,ssp245,2040-2059,median,climatology,degC,ensemble of Daily Near-Surface Air Temperature,50.0,"access-cm2,access-esm1-5,bcc-csm2-mr,canesm5,cmcc-esm2,cnrm-cm6-1,cnrm-esm2-1,ec-earth3,ec-earth3-veg-lr,fgoals-g3,gfdl-cm4,gfdl-esm4,giss-e2-1-g,hadgem3-gc31-ll,inm-cm4-8,inm-cm5-0,ipsl-cm6a-lr,kace-1-0-g,miroc6,miroc-es2l,mpi-esm1-2-hr,mpi-esm1-2-lr,mri-esm2-0,nesm3,noresm2-lm,noresm2-mm,ukesm1-0-ll",World Bank Climate Change Knowledge Portal (CMIP6-x0.25),,,country polygon mask; latitude-area weighted mean using cos(latitude),SSP2-4.5,Mean temperature
LVA,LVA,3.2758325932144188,hd30,ssp245,2040-2059,median,climatology,days,annual climatology of ensemble of hd30: hot days with 30 degC and higher,50.0,"access-cm2,access-esm1-5,bcc-csm2-mr,canesm5,cmcc-esm2,cnrm-cm6-1,cnrm-esm2-1,ec-earth3,ec-earth3-veg-lr,fgoals-g3,gfdl-cm4,gfdl-esm4,giss-e2-1-g,hadgem3-gc31-ll,inm-cm4-8,inm-cm5-0,ipsl-cm6a-lr,kace-1-0-g,kiost-esm,miroc6,miroc-es2l,mpi-esm1-2-hr,mpi-esm1-2-lr,mri-esm2-0,nesm3,noresm2-lm,noresm2-mm,ukesm1-0-ll",World Bank Climate Change Knowledge Portal (CMIP6-x0.25),,,country polygon mask; latitude-area weighted mean using cos(latitude),SSP2-4.5,Hot days above 30°C
LVA,LVA,1.6774869265095151,tas,ssp245,2040-2059,median,anomaly,degC,ensemble of anomaly of Daily Near-Surface Air Temperature with reference period 1995-2014,50.0,"access-cm2,access-esm1-5,bcc-csm2-mr,canesm5,cmcc-esm2,cnrm-cm6-1,cnrm-esm2-1,ec-earth3,ec-earth3-veg-lr,fgoals-g3,gfdl-cm4,gfdl-esm4,giss-e2-1-g,hadgem3-gc31-ll,inm-cm4-8,inm-cm5-0,ipsl-cm6a-lr,kace-1-0-g,miroc6,miroc-es2l,mpi-esm1-2-hr,mpi-esm1-2-lr,mri-esm2-0,nesm3,noresm2-lm,noresm2-mm,ukesm1-0-ll",World Bank Climate Change Knowledge Portal (CMIP6-x0.25),,1995-2014,country polygon mask; latitude-area weighted mean using cos(latitude),SSP2-4.5,Mean temperature
LVA,LVA,8.276147798411552,tas,ssp245,2040-2059,median,climatology,degC,ensemble of Daily Near-Surface Air Temperature,50.0,"access-cm2,access-esm1-5,bcc-csm2-mr,canesm5,cmcc-esm2,cnrm-cm6-1,cnrm-esm2-1,ec-earth3,ec-earth3-veg-lr,fgoals-g3,gfdl-cm4,gfdl-esm4,giss-e2-1-g,hadgem3-gc31-ll,inm-cm4-8,inm-cm5-0,ipsl-cm6a-lr,kace-1-0-g,miroc6,miroc-es2l,mpi-esm1-2-hr,mpi-esm1-2-lr,mri-esm2-0,nesm3,noresm2-lm,noresm2-mm,ukesm1-0-ll",World Bank Climate Change Knowledge Portal (CMIP6-x0.25),,,country polygon mask; latitude-area weighted mean using cos(latitude),SSP2-4.5,Mean temperature
MAR,MAR,114.36533751223205,hd30,ssp245,2040-2059,median,climatology,days,annual climatology of ensemble of hd30: hot days with 30 degC and higher,50.0,"access-cm2,access-esm1-5,bcc-csm2-mr,canesm5,cmcc-esm2,cnrm-cm6-1,cnrm-esm2-1,ec-earth3,ec-earth3-veg-lr,fgoals-g3,gfdl-cm4,gfdl-esm4,giss-e2-1-g,hadgem3-gc31-ll,inm-cm4-8,inm-cm5-0,ipsl-cm6a-lr,kace-1-0-g,kiost-esm,miroc6,miroc-es2l,mpi-esm1-2-hr,mpi-esm1-2-lr,mri-esm2-0,nesm3,noresm2-lm,noresm2-mm,ukesm1-0-ll",World Bank Climate Change Knowledge Portal (CMIP6-x0.25),,,country polygon mask; latitude-area weighted mean using cos(latitude),SSP2-4.5,Hot days above 30°C
MAR,MAR,1.755690665067136,tas,ssp245,2040-2059,median,anomaly,degC,ensemble of anomaly of Daily Near-Surface Air Temperature with reference period 1995-2014,50.0,"access-cm2,access-esm1-5,bcc-csm2-mr,canesm5,cmcc-esm2,cnrm-cm6-1,cnrm-esm2-1,ec-earth3,ec-earth3-veg-lr,fgoals-g3,gfdl-cm4,gfdl-esm4,giss-e2-1-g,hadgem3-gc31-ll,inm-cm4-8,inm-cm5-0,ipsl-cm6a-lr,kace-1-0-g,miroc6,miroc-es2l,mpi-esm1-2-hr,mpi-esm1-2-lr,mri-esm2-0,nesm3,noresm2-lm,noresm2-mm,ukesm1-0-ll",World Bank Climate Change Knowledge Portal (CMIP6-x0.25),,1995-2014,country polygon mask; latitude-area weighted mean using cos(latitude),SSP2-4.5,Mean temperature
MAR,MAR,20.177056973466993,tas,ssp245,2040-2059,median,climatology,degC,ensemble of Daily Near-Surface Air Temperature,50.0,"access-cm2,access-esm1-5,bcc-csm2-mr,canesm5,cmcc-esm2,cnrm-cm6-1,cnrm-esm2-1,ec-earth3,ec-earth3-veg-lr,fgoals-g3,gfdl-cm4,gfdl-esm4,giss-e2-1-g,hadgem3-gc31-ll,inm-cm4-8,inm-cm5-0,ipsl-cm6a-lr,kace-1-0-g,miroc6,miroc-es2l,mpi-esm1-2-hr,mpi-esm1-2-lr,mri-esm2-0,nesm3,noresm2-lm,noresm2-mm,ukesm1-0-ll",World Bank Climate Change Knowledge Portal (CMIP6-x0.25),,,country polygon mask; latitude-area weighted mean using cos(latitude),SSP2-4.5,Mean temperature
MDA,MDA,41.94209429443469,hd30,ssp245,2040-2059,median,climatology,days,annual climatology of ensemble of hd30: hot days with 30 degC and higher,50.0,"access-cm2,access-esm1-5,bcc-csm2-mr,canesm5,cmcc-esm2,cnrm-cm6-1,cnrm-esm2-1,ec-earth3,ec-earth3-veg-lr,fgoals-g3,gfdl-cm4,gfdl-esm4,giss-e2-1-g,hadgem3-gc31-ll,inm-cm4-8,inm-cm5-0,ipsl-cm6a-lr,kace-1-0-g,kiost-esm,miroc6,miroc-es2l,mpi-esm1-2-hr,mpi-esm1-2-lr,mri-esm2-0,nesm3,noresm2-lm,noresm2-mm,ukesm1-0-ll",World Bank Climate Change Knowledge Portal (CMIP6-x0.25),,,country polygon mask; latitude-area weighted mean using cos(latitude),SSP2-4.5,Hot days above 30°C
MDA,MDA,1.841221399385128,tas,ssp245,2040-2059,median,anomaly,degC,ensemble of anomaly of Daily Near-Surface Air Temperature with reference period 1995-2014,50.0,"access-cm2,access-esm1-5,bcc-csm2-mr,canesm5,cmcc-esm2,cnrm-cm6-1,cnrm-esm2-1,ec-earth3,ec-earth3-veg-lr,fgoals-g3,gfdl-cm4,gfdl-esm4,giss-e2-1-g,hadgem3-gc31-ll,inm-cm4-8,inm-cm5-0,ipsl-cm6a-lr,kace-1-0-g,miroc6,miroc-es2l,mpi-esm1-2-hr,mpi-esm1-2-lr,mri-esm2-0,nesm3,noresm2-lm,noresm2-mm,ukesm1-0-ll",World Bank Climate Change Knowledge Portal (CMIP6-x0.25),,1995-2014,country polygon mask; latitude-area weighted mean using cos(latitude),SSP2-4.5,Mean temperature
MDA,MDA,12.278369717695188,tas,ssp245,2040-2059,median,climatology,degC,ensemble of Daily Near-Surface Air Temperature,50.0,"access-cm2,access-esm1-5,bcc-csm2-mr,canesm5,cmcc-esm2,cnrm-cm6-1,cnrm-esm2-1,ec-earth3,ec-earth3-veg-lr,fgoals-g3,gfdl-cm4,gfdl-esm4,giss-e2-1-g,hadgem3-gc31-ll,inm-cm4-8,inm-cm5-0,ipsl-cm6a-lr,kace-1-0-g,miroc6,miroc-es2l,mpi-esm1-2-hr,mpi-esm1-2-lr,mri-esm2-0,nesm3,noresm2-lm,noresm2-mm,ukesm1-0-ll",World Bank Climate Change Knowledge Portal (CMIP6-x0.25),,,country polygon mask; latitude-area weighted mean using cos(latitude),SSP2-4.5,Mean temperature
MDG,MDG,153.5413318291944,hd30,ssp245,2040-2059,median,climatology,days,annual climatology of ensemble of hd30: hot days with 30 degC and higher,50.0,"access-cm2,access-esm1-5,bcc-csm2-mr,canesm5,cmcc-esm2,cnrm-cm6-1,cnrm-esm2-1,ec-earth3,ec-earth3-veg-lr,fgoals-g3,gfdl-cm4,gfdl-esm4,giss-e2-1-g,hadgem3-gc31-ll,inm-cm4-8,inm-cm5-0,ipsl-cm6a-lr,kace-1-0-g,kiost-esm,miroc6,miroc-es2l,mpi-esm1-2-hr,mpi-esm1-2-lr,mri-esm2-0,nesm3,noresm2-lm,noresm2-mm,ukesm1-0-ll",World Bank Climate Change Knowledge Portal (CMIP6-x0.25),,,country polygon mask; latitude-area weighted mean using cos(latitude),SSP2-4.5,Hot days above 30°C
MDG,MDG,1.188077220349771,tas,ssp245,2040-2059,median,anomaly,degC,ensemble of anomaly of Daily Near-Surface Air Temperature with reference period 1995-2014,50.0,"access-cm2,access-esm1-5,bcc-csm2-mr,canesm5,cmcc-esm2,cnrm-cm6-1,cnrm-esm2-1,ec-earth3,ec-earth3-veg-lr,fgoals-g3,gfdl-cm4,gfdl-esm4,giss-e2-1-g,hadgem3-gc31-ll,inm-cm4-8,inm-cm5-0,ipsl-cm6a-lr,kace-1-0-g,miroc6,miroc-es2l,mpi-esm1-2-hr,mpi-esm1-2-lr,mri-esm2-0,nesm3,noresm2-lm,noresm2-mm,ukesm1-0-ll",World Bank Climate Change Knowledge Portal (CMIP6-x0.25),,1995-2014,country polygon mask; latitude-area weighted mean using cos(latitude),SSP2-4.5,Mean temperature
MDG,MDG,24.1020210780019,tas,ssp245,2040-2059,median,climatology,degC,ensemble of Daily Near-Surface Air Temperature,50.0,"access-cm2,access-esm1-5,bcc-csm2-mr,canesm5,cmcc-esm2,cnrm-cm6-1,cnrm-esm2-1,ec-earth3,ec-earth3-veg-lr,fgoals-g3,gfdl-cm4,gfdl-esm4,giss-e2-1-g,hadgem3-gc31-ll,inm-cm4-8,inm-cm5-0,ipsl-cm6a-lr,kace-1-0-g,miroc6,miroc-es2l,mpi-esm1-2-hr,mpi-esm1-2-lr,mri-esm2-0,nesm3,noresm2-lm,noresm2-mm,ukesm1-0-ll",World Bank Climate Change Knowledge Portal (CMIP6-x0.25),,,country polygon mask; latitude-area weighted mean using cos(latitude),SSP2-4.5,Mean temperature
MDV,MDV,25.299999237060547,hd30,ssp245,2040-2059,median,climatology,days,annual climatology of ensemble of hd30: hot days with 30 degC and higher,50.0,"access-cm2,access-esm1-5,bcc-csm2-mr,canesm5,cmcc-esm2,cnrm-cm6-1,cnrm-esm2-1,ec-earth3,ec-earth3-veg-lr,fgoals-g3,gfdl-cm4,gfdl-esm4,giss-e2-1-g,hadgem3-gc31-ll,inm-cm4-8,inm-cm5-0,ipsl-cm6a-lr,kace-1-0-g,kiost-esm,miroc6,miroc-es2l,mpi-esm1-2-hr,mpi-esm1-2-lr,mri-esm2-0,nesm3,noresm2-lm,noresm2-mm,ukesm1-0-ll",World Bank Climate Change Knowledge Portal (CMIP6-x0.25),,,country polygon mask; latitude-area weighted mean using cos(latitude),SSP2-4.5,Hot days above 30°C
MDV,MDV,0.9639999866485596,tas,ssp245,2040-2059,median,anomaly,degC,ensemble of anomaly of Daily Near-Surface Air Temperature with reference period 1995-2014,50.0,"access-cm2,access-esm1-5,bcc-csm2-mr,canesm5,cmcc-esm2,cnrm-cm6-1,cnrm-esm2-1,ec-earth3,ec-earth3-veg-lr,fgoals-g3,gfdl-cm4,gfdl-esm4,giss-e2-1-g,hadgem3-gc31-ll,inm-cm4-8,inm-cm5-0,ipsl-cm6a-lr,kace-1-0-g,miroc6,miroc-es2l,mpi-esm1-2-hr,mpi-esm1-2-lr,mri-esm2-0,nesm3,noresm2-lm,noresm2-mm,ukesm1-0-ll",World Bank Climate Change Knowledge Portal (CMIP6-x0.25),,1995-2014,country polygon mask; latitude-area weighted mean using cos(latitude),SSP2-4.5,Mean temperature
MDV,MDV,28.086999893188477,tas,ssp245,2040-2059,median,climatology,degC,ensemble of Daily Near-Surface Air Temperature,50.0,"access-cm2,access-esm1-5,bcc-csm2-mr,canesm5,cmcc-esm2,cnrm-cm6-1,cnrm-esm2-1,ec-earth3,ec-earth3-veg-lr,fgoals-g3,gfdl-cm4,gfdl-esm4,giss-e2-1-g,hadgem3-gc31-ll,inm-cm4-8,inm-cm5-0,ipsl-cm6a-lr,kace-1-0-g,miroc6,miroc-es2l,mpi-esm1-2-hr,mpi-esm1-2-lr,mri-esm2-0,nesm3,noresm2-lm,noresm2-mm,ukesm1-0-ll",World Bank Climate Change Knowledge Portal (CMIP6-x0.25),,,country polygon mask; latitude-area weighted mean using cos(latitude),SSP2-4.5,Mean temperature
MEX,MEX,158.55882195274935,hd30,ssp245,2040-2059,median,climatology,days,annual climatology of ensemble of hd30: hot days with 30 degC and higher,50.0,"access-cm2,access-esm1-5,bcc-csm2-mr,canesm5,cmcc-esm2,cnrm-cm6-1,cnrm-esm2-1,ec-earth3,ec-earth3-veg-lr,fgoals-g3,gfdl-cm4,gfdl-esm4,giss-e2-1-g,hadgem3-gc31-ll,inm-cm4-8,inm-cm5-0,ipsl-cm6a-lr,kace-1-0-g,kiost-esm,miroc6,miroc-es2l,mpi-esm1-2-hr,mpi-esm1-2-lr,mri-esm2-0,nesm3,noresm2-lm,noresm2-mm,ukesm1-0-ll",World Bank Climate Change Knowledge Portal (CMIP6-x0.25),,,country polygon mask; latitude-area weighted mean using cos(latitude),SSP2-4.5,Hot days above 30°C
MEX,MEX,1.5393825460105577,tas,ssp245,2040-2059,median,anomaly,degC,ensemble of anomaly of Daily Near-Surface Air Temperature with reference period 1995-2014,50.0,"access-cm2,access-esm1-5,bcc-csm2-mr,canesm5,cmcc-esm2,cnrm-cm6-1,cnrm-esm2-1,ec-earth3,ec-earth3-veg-lr,fgoals-g3,gfdl-cm4,gfdl-esm4,giss-e2-1-g,hadgem3-gc31-ll,inm-cm4-8,inm-cm5-0,ipsl-cm6a-lr,kace-1-0-g,miroc6,miroc-es2l,mpi-esm1-2-hr,mpi-esm1-2-lr,mri-esm2-0,nesm3,noresm2-lm,noresm2-mm,ukesm1-0-ll",World Bank Climate Change Knowledge Portal (CMIP6-x0.25),,1995-2014,country polygon mask; latitude-area weighted mean using cos(latitude),SSP2-4.5,Mean temperature
MEX,MEX,22.73813391899188,tas,ssp245,2040-2059,median,climatology,degC,ensemble of Daily Near-Surface Air Temperature,50.0,"access-cm2,access-esm1-5,bcc-csm2-mr,canesm5,cmcc-esm2,cnrm-cm6-1,cnrm-esm2-1,ec-earth3,ec-earth3-veg-lr,fgoals-g3,gfdl-cm4,gfdl-esm4,giss-e2-1-g,hadgem3-gc31-ll,inm-cm4-8,inm-cm5-0,ipsl-cm6a-lr,kace-1-0-g,miroc6,miroc-es2l,mpi-esm1-2-hr,mpi-esm1-2-lr,mri-esm2-0,nesm3,noresm2-lm,noresm2-mm,ukesm1-0-ll",World Bank Climate Change Knowledge Portal (CMIP6-x0.25),,,country polygon mask; latitude-area weighted mean using cos(latitude),SSP2-4.5,Mean temperature
MKD,MKD,48.317650535986225,hd30,ssp245,2040-2059,median,climatology,days,annual climatology of ensemble of hd30: hot days with 30 degC and higher,50.0,"access-cm2,access-esm1-5,bcc-csm2-mr,canesm5,cmcc-esm2,cnrm-cm6-1,cnrm-esm2-1,ec-earth3,ec-earth3-veg-lr,fgoals-g3,gfdl-cm4,gfdl-esm4,giss-e2-1-g,hadgem3-gc31-ll,inm-cm4-8,inm-cm5-0,ipsl-cm6a-lr,kace-1-0-g,kiost-esm,miroc6,miroc-es2l,mpi-esm1-2-hr,mpi-esm1-2-lr,mri-esm2-0,nesm3,noresm2-lm,noresm2-mm,ukesm1-0-ll",World Bank Climate Change Knowledge Portal (CMIP6-x0.25),,,country polygon mask; latitude-area weighted mean using cos(latitude),SSP2-4.5,Hot days above 30°C
MKD,MKD,1.670032375817472,tas,ssp245,2040-2059,median,anomaly,degC,ensemble of anomaly of Daily Near-Surface Air Temperature with reference period 1995-2014,50.0,"access-cm2,access-esm1-5,bcc-csm2-mr,canesm5,cmcc-esm2,cnrm-cm6-1,cnrm-esm2-1,ec-earth3,ec-earth3-veg-lr,fgoals-g3,gfdl-cm4,gfdl-esm4,giss-e2-1-g,hadgem3-gc31-ll,inm-cm4-8,inm-cm5-0,ipsl-cm6a-lr,kace-1-0-g,miroc6,miroc-es2l,mpi-esm1-2-hr,mpi-esm1-2-lr,mri-esm2-0,nesm3,noresm2-lm,noresm2-mm,ukesm1-0-ll",World Bank Climate Change Knowledge Portal (CMIP6-x0.25),,1995-2014,country polygon mask; latitude-area weighted mean using cos(latitude),SSP2-4.5,Mean temperature
MKD,MKD,12.835467819144093,tas,ssp245,2040-2059,median,climatology,degC,ensemble of Daily Near-Surface Air Temperature,50.0,"access-cm2,access-esm1-5,bcc-csm2-mr,canesm5,cmcc-esm2,cnrm-cm6-1,cnrm-esm2-1,ec-earth3,ec-earth3-veg-lr,fgoals-g3,gfdl-cm4,gfdl-esm4,giss-e2-1-g,hadgem3-gc31-ll,inm-cm4-8,inm-cm5-0,ipsl-cm6a-lr,kace-1-0-g,miroc6,miroc-es2l,mpi-esm1-2-hr,mpi-esm1-2-lr,mri-esm2-0,nesm3,noresm2-lm,noresm2-mm,ukesm1-0-ll",World Bank Climate Change Knowledge Portal (CMIP6-x0.25),,,country polygon mask; latitude-area weighted mean using cos(latitude),SSP2-4.5,Mean temperature
MLI,MLI,314.7167679719926,hd30,ssp245,2040-2059,median,climatology,days,annual climatology of ensemble of hd30: hot days with 30 degC and higher,50.0,"access-cm2,access-esm1-5,bcc-csm2-mr,canesm5,cmcc-esm2,cnrm-cm6-1,cnrm-esm2-1,ec-earth3,ec-earth3-veg-lr,fgoals-g3,gfdl-cm4,gfdl-esm4,giss-e2-1-g,hadgem3-gc31-ll,inm-cm4-8,inm-cm5-0,ipsl-cm6a-lr,kace-1-0-g,kiost-esm,miroc6,miroc-es2l,mpi-esm1-2-hr,mpi-esm1-2-lr,mri-esm2-0,nesm3,noresm2-lm,noresm2-mm,ukesm1-0-ll",World Bank Climate Change Knowledge Portal (CMIP6-x0.25),,,country polygon mask; latitude-area weighted mean using cos(latitude),SSP2-4.5,Hot days above 30°C
MLI,MLI,1.6332847814120628,tas,ssp245,2040-2059,median,anomaly,degC,ensemble of anomaly of Daily Near-Surface Air Temperature with reference period 1995-2014,50.0,"access-cm2,access-esm1-5,bcc-csm2-mr,canesm5,cmcc-esm2,cnrm-cm6-1,cnrm-esm2-1,ec-earth3,ec-earth3-veg-lr,fgoals-g3,gfdl-cm4,gfdl-esm4,giss-e2-1-g,hadgem3-gc31-ll,inm-cm4-8,inm-cm5-0,ipsl-cm6a-lr,kace-1-0-g,miroc6,miroc-es2l,mpi-esm1-2-hr,mpi-esm1-2-lr,mri-esm2-0,nesm3,noresm2-lm,noresm2-mm,ukesm1-0-ll",World Bank Climate Change Knowledge Portal (CMIP6-x0.25),,1995-2014,country polygon mask; latitude-area weighted mean using cos(latitude),SSP2-4.5,Mean temperature
MLI,MLI,30.266763791806657,tas,ssp245,2040-2059,median,climatology,degC,ensemble of Daily Near-Surface Air Temperature,50.0,"access-cm2,access-esm1-5,bcc-csm2-mr,canesm5,cmcc-esm2,cnrm-cm6-1,cnrm-esm2-1,ec-earth3,ec-earth3-veg-lr,fgoals-g3,gfdl-cm4,gfdl-esm4,giss-e2-1-g,hadgem3-gc31-ll,inm-cm4-8,inm-cm5-0,ipsl-cm6a-lr,kace-1-0-g,miroc6,miroc-es2l,mpi-esm1-2-hr,mpi-esm1-2-lr,mri-esm2-0,nesm3,noresm2-lm,noresm2-mm,ukesm1-0-ll",World Bank Climate Change Knowledge Portal (CMIP6-x0.25),,,country polygon mask; latitude-area weighted mean using cos(latitude),SSP2-4.5,Mean temperature
MMR,MMR,185.9922321292456,hd30,ssp245,2040-2059,median,climatology,days,annual climatology of ensemble of hd30: hot days with 30 degC and higher,50.0,"access-cm2,access-esm1-5,bcc-csm2-mr,canesm5,cmcc-esm2,cnrm-cm6-1,cnrm-esm2-1,ec-earth3,ec-earth3-veg-lr,fgoals-g3,gfdl-cm4,gfdl-esm4,giss-e2-1-g,hadgem3-gc31-ll,inm-cm4-8,inm-cm5-0,ipsl-cm6a-lr,kace-1-0-g,kiost-esm,miroc6,miroc-es2l,mpi-esm1-2-hr,mpi-esm1-2-lr,mri-esm2-0,nesm3,noresm2-lm,noresm2-mm,ukesm1-0-ll",World Bank Climate Change Knowledge Portal (CMIP6-x0.25),,,country polygon mask; latitude-area weighted mean using cos(latitude),SSP2-4.5,Hot days above 30°C
MMR,MMR,1.2225561587832292,tas,ssp245,2040-2059,median,anomaly,degC,ensemble of anomaly of Daily Near-Surface Air Temperature with reference period 1995-2014,50.0,"access-cm2,access-esm1-5,bcc-csm2-mr,canesm5,cmcc-esm2,cnrm-cm6-1,cnrm-esm2-1,ec-earth3,ec-earth3-veg-lr,fgoals-g3,gfdl-cm4,gfdl-esm4,giss-e2-1-g,hadgem3-gc31-ll,inm-cm4-8,inm-cm5-0,ipsl-cm6a-lr,kace-1-0-g,miroc6,miroc-es2l,mpi-esm1-2-hr,mpi-esm1-2-lr,mri-esm2-0,nesm3,noresm2-lm,noresm2-mm,ukesm1-0-ll",World Bank Climate Change Knowledge Portal (CMIP6-x0.25),,1995-2014,country polygon mask; latitude-area weighted mean using cos(latitude),SSP2-4.5,Mean temperature
MMR,MMR,25.107681363492844,tas,ssp245,2040-2059,median,climatology,degC,ensemble of Daily Near-Surface Air Temperature,50.0,"access-cm2,access-esm1-5,bcc-csm2-mr,canesm5,cmcc-esm2,cnrm-cm6-1,cnrm-esm2-1,ec-earth3,ec-earth3-veg-lr,fgoals-g3,gfdl-cm4,gfdl-esm4,giss-e2-1-g,hadgem3-gc31-ll,inm-cm4-8,inm-cm5-0,ipsl-cm6a-lr,kace-1-0-g,miroc6,miroc-es2l,mpi-esm1-2-hr,mpi-esm1-2-lr,mri-esm2-0,nesm3,noresm2-lm,noresm2-mm,ukesm1-0-ll",World Bank Climate Change Knowledge Portal (CMIP6-x0.25),,,country polygon mask; latitude-area weighted mean using cos(latitude),SSP2-4.5,Mean temperature
MNE,MNE,13.691212912939363,hd30,ssp245,2040-2059,median,climatology,days,annual climatology of ensemble of hd30: hot days with 30 degC and higher,50.0,"access-cm2,access-esm1-5,bcc-csm2-mr,canesm5,cmcc-esm2,cnrm-cm6-1,cnrm-esm2-1,ec-earth3,ec-earth3-veg-lr,fgoals-g3,gfdl-cm4,gfdl-esm4,giss-e2-1-g,hadgem3-gc31-ll,inm-cm4-8,inm-cm5-0,ipsl-cm6a-lr,kace-1-0-g,kiost-esm,miroc6,miroc-es2l,mpi-esm1-2-hr,mpi-esm1-2-lr,mri-esm2-0,nesm3,noresm2-lm,noresm2-mm,ukesm1-0-ll",World Bank Climate Change Knowledge Portal (CMIP6-x0.25),,,country polygon mask; latitude-area weighted mean using cos(latitude),SSP2-4.5,Hot days above 30°C
MNE,MNE,1.696405297642374,tas,ssp245,2040-2059,median,anomaly,degC,ensemble of anomaly of Daily Near-Surface Air Temperature with reference period 1995-2014,50.0,"access-cm2,access-esm1-5,bcc-csm2-mr,canesm5,cmcc-esm2,cnrm-cm6-1,cnrm-esm2-1,ec-earth3,ec-earth3-veg-lr,fgoals-g3,gfdl-cm4,gfdl-esm4,giss-e2-1-g,hadgem3-gc31-ll,inm-cm4-8,inm-cm5-0,ipsl-cm6a-lr,kace-1-0-g,miroc6,miroc-es2l,mpi-esm1-2-hr,mpi-esm1-2-lr,mri-esm2-0,nesm3,noresm2-lm,noresm2-mm,ukesm1-0-ll",World Bank Climate Change Knowledge Portal (CMIP6-x0.25),,1995-2014,country polygon mask; latitude-area weighted mean using cos(latitude),SSP2-4.5,Mean temperature
MNE,MNE,11.096093372520457,tas,ssp245,2040-2059,median,climatology,degC,ensemble of Daily Near-Surface Air Temperature,50.0,"access-cm2,access-esm1-5,bcc-csm2-mr,canesm5,cmcc-esm2,cnrm-cm6-1,cnrm-esm2-1,ec-earth3,ec-earth3-veg-lr,fgoals-g3,gfdl-cm4,gfdl-esm4,giss-e2-1-g,hadgem3-gc31-ll,inm-cm4-8,inm-cm5-0,ipsl-cm6a-lr,kace-1-0-g,miroc6,miroc-es2l,mpi-esm1-2-hr,mpi-esm1-2-lr,mri-esm2-0,nesm3,noresm2-lm,noresm2-mm,ukesm1-0-ll",World Bank Climate Change Knowledge Portal (CMIP6-x0.25),,,country polygon mask; latitude-area weighted mean using cos(latitude),SSP2-4.5,Mean temperature
MNG,MNG,25.277635859991996,hd30,ssp245,2040-2059,median,climatology,days,annual climatology of ensemble of hd30: hot days with 30 degC and higher,50.0,"access-cm2,access-esm1-5,bcc-csm2-mr,canesm5,cmcc-esm2,cnrm-cm6-1,cnrm-esm2-1,ec-earth3,ec-earth3-veg-lr,fgoals-g3,gfdl-cm4,gfdl-esm4,giss-e2-1-g,hadgem3-gc31-ll,inm-cm4-8,inm-cm5-0,ipsl-cm6a-lr,kace-1-0-g,kiost-esm,miroc6,miroc-es2l,mpi-esm1-2-hr,mpi-esm1-2-lr,mri-esm2-0,nesm3,noresm2-lm,noresm2-mm,ukesm1-0-ll",World Bank Climate Change Knowledge Portal (CMIP6-x0.25),,,country polygon mask; latitude-area weighted mean using cos(latitude),SSP2-4.5,Hot days above 30°C
MNG,MNG,1.959505735708398,tas,ssp245,2040-2059,median,anomaly,degC,ensemble of anomaly of Daily Near-Surface Air Temperature with reference period 1995-2014,50.0,"access-cm2,access-esm1-5,bcc-csm2-mr,canesm5,cmcc-esm2,cnrm-cm6-1,cnrm-esm2-1,ec-earth3,ec-earth3-veg-lr,fgoals-g3,gfdl-cm4,gfdl-esm4,giss-e2-1-g,hadgem3-gc31-ll,inm-cm4-8,inm-cm5-0,ipsl-cm6a-lr,kace-1-0-g,miroc6,miroc-es2l,mpi-esm1-2-hr,mpi-esm1-2-lr,mri-esm2-0,nesm3,noresm2-lm,noresm2-mm,ukesm1-0-ll",World Bank Climate Change Knowledge Portal (CMIP6-x0.25),,1995-2014,country polygon mask; latitude-area weighted mean using cos(latitude),SSP2-4.5,Mean temperature
MNG,MNG,3.2765215884616716,tas,ssp245,2040-2059,median,climatology,degC,ensemble of Daily Near-Surface Air Temperature,50.0,"access-cm2,access-esm1-5,bcc-csm2-mr,canesm5,cmcc-esm2,cnrm-cm6-1,cnrm-esm2-1,ec-earth3,ec-earth3-veg-lr,fgoals-g3,gfdl-cm4,gfdl-esm4,giss-e2-1-g,hadgem3-gc31-ll,inm-cm4-8,inm-cm5-0,ipsl-cm6a-lr,kace-1-0-g,miroc6,miroc-es2l,mpi-esm1-2-hr,mpi-esm1-2-lr,mri-esm2-0,nesm3,noresm2-lm,noresm2-mm,ukesm1-0-ll",World Bank Climate Change Knowledge Portal (CMIP6-x0.25),,,country polygon mask; latitude-area weighted mean using cos(latitude),SSP2-4.5,Mean temperature
MOZ,MOZ,202.02683974828943,hd30,ssp245,2040-2059,median,climatology,days,annual climatology of ensemble of hd30: hot days with 30 degC and higher,50.0,"access-cm2,access-esm1-5,bcc-csm2-mr,canesm5,cmcc-esm2,cnrm-cm6-1,cnrm-esm2-1,ec-earth3,ec-earth3-veg-lr,fgoals-g3,gfdl-cm4,gfdl-esm4,giss-e2-1-g,hadgem3-gc31-ll,inm-cm4-8,inm-cm5-0,ipsl-cm6a-lr,kace-1-0-g,kiost-esm,miroc6,miroc-es2l,mpi-esm1-2-hr,mpi-esm1-2-lr,mri-esm2-0,nesm3,noresm2-lm,noresm2-mm,ukesm1-0-ll",World Bank Climate Change Knowledge Portal (CMIP6-x0.25),,,country polygon mask; latitude-area weighted mean using cos(latitude),SSP2-4.5,Hot days above 30°C
MOZ,MOZ,1.3228122712128274,tas,ssp245,2040-2059,median,anomaly,degC,ensemble of anomaly of Daily Near-Surface Air Temperature with reference period 1995-2014,50.0,"access-cm2,access-esm1-5,bcc-csm2-mr,canesm5,cmcc-esm2,cnrm-cm6-1,cnrm-esm2-1,ec-earth3,ec-earth3-veg-lr,fgoals-g3,gfdl-cm4,gfdl-esm4,giss-e2-1-g,hadgem3-gc31-ll,inm-cm4-8,inm-cm5-0,ipsl-cm6a-lr,kace-1-0-g,miroc6,miroc-es2l,mpi-esm1-2-hr,mpi-esm1-2-lr,mri-esm2-0,nesm3,noresm2-lm,noresm2-mm,ukesm1-0-ll",World Bank Climate Change Knowledge Portal (CMIP6-x0.25),,1995-2014,country polygon mask; latitude-area weighted mean using cos(latitude),SSP2-4.5,Mean temperature
MOZ,MOZ,25.657846308713356,tas,ssp245,2040-2059,median,climatology,degC,ensemble of Daily Near-Surface Air Temperature,50.0,"access-cm2,access-esm1-5,bcc-csm2-mr,canesm5,cmcc-esm2,cnrm-cm6-1,cnrm-esm2-1,ec-earth3,ec-earth3-veg-lr,fgoals-g3,gfdl-cm4,gfdl-esm4,giss-e2-1-g,hadgem3-gc31-ll,inm-cm4-8,inm-cm5-0,ipsl-cm6a-lr,kace-1-0-g,miroc6,miroc-es2l,mpi-esm1-2-hr,mpi-esm1-2-lr,mri-esm2-0,nesm3,noresm2-lm,noresm2-mm,ukesm1-0-ll",World Bank Climate Change Knowledge Portal (CMIP6-x0.25),,,country polygon mask; latitude-area weighted mean using cos(latitude),SSP2-4.5,Mean temperature
MRT,MRT,285.9927293682198,hd30,ssp245,2040-2059,median,climatology,days,annual climatology of ensemble of hd30: hot days with 30 degC and higher,50.0,"access-cm2,access-esm1-5,bcc-csm2-mr,canesm5,cmcc-esm2,cnrm-cm6-1,cnrm-esm2-1,ec-earth3,ec-earth3-veg-lr,fgoals-g3,gfdl-cm4,gfdl-esm4,giss-e2-1-g,hadgem3-gc31-ll,inm-cm4-8,inm-cm5-0,ipsl-cm6a-lr,kace-1-0-g,kiost-esm,miroc6,miroc-es2l,mpi-esm1-2-hr,mpi-esm1-2-lr,mri-esm2-0,nesm3,noresm2-lm,noresm2-mm,ukesm1-0-ll",World Bank Climate Change Knowledge Portal (CMIP6-x0.25),,,country polygon mask; latitude-area weighted mean using cos(latitude),SSP2-4.5,Hot days above 30°C
MRT,MRT,1.6210462091622266,tas,ssp245,2040-2059,median,anomaly,degC,ensemble of anomaly of Daily Near-Surface Air Temperature with reference period 1995-2014,50.0,"access-cm2,access-esm1-5,bcc-csm2-mr,canesm5,cmcc-esm2,cnrm-cm6-1,cnrm-esm2-1,ec-earth3,ec-earth3-veg-lr,fgoals-g3,gfdl-cm4,gfdl-esm4,giss-e2-1-g,hadgem3-gc31-ll,inm-cm4-8,inm-cm5-0,ipsl-cm6a-lr,kace-1-0-g,miroc6,miroc-es2l,mpi-esm1-2-hr,mpi-esm1-2-lr,mri-esm2-0,nesm3,noresm2-lm,noresm2-mm,ukesm1-0-ll",World Bank Climate Change Knowledge Portal (CMIP6-x0.25),,1995-2014,country polygon mask; latitude-area weighted mean using cos(latitude),SSP2-4.5,Mean temperature
MRT,MRT,29.231350635928486,tas,ssp245,2040-2059,median,climatology,degC,ensemble of Daily Near-Surface Air Temperature,50.0,"access-cm2,access-esm1-5,bcc-csm2-mr,canesm5,cmcc-esm2,cnrm-cm6-1,cnrm-esm2-1,ec-earth3,ec-earth3-veg-lr,fgoals-g3,gfdl-cm4,gfdl-esm4,giss-e2-1-g,hadgem3-gc31-ll,inm-cm4-8,inm-cm5-0,ipsl-cm6a-lr,kace-1-0-g,miroc6,miroc-es2l,mpi-esm1-2-hr,mpi-esm1-2-lr,mri-esm2-0,nesm3,noresm2-lm,noresm2-mm,ukesm1-0-ll",World Bank Climate Change Knowledge Portal (CMIP6-x0.25),,,country polygon mask; latitude-area weighted mean using cos(latitude),SSP2-4.5,Mean temperature
MTQ,MTQ,14.591687680113667,hd30,ssp245,2040-2059,median,climatology,days,annual climatology of ensemble of hd30: hot days with 30 degC and higher,50.0,"access-cm2,access-esm1-5,bcc-csm2-mr,canesm5,cmcc-esm2,cnrm-cm6-1,cnrm-esm2-1,ec-earth3,ec-earth3-veg-lr,fgoals-g3,gfdl-cm4,gfdl-esm4,giss-e2-1-g,hadgem3-gc31-ll,inm-cm4-8,inm-cm5-0,ipsl-cm6a-lr,kace-1-0-g,kiost-esm,miroc6,miroc-es2l,mpi-esm1-2-hr,mpi-esm1-2-lr,mri-esm2-0,nesm3,noresm2-lm,noresm2-mm,ukesm1-0-ll",World Bank Climate Change Knowledge Portal (CMIP6-x0.25),,,country polygon mask; latitude-area weighted mean using cos(latitude),SSP2-4.5,Hot days above 30°C
MTQ,MTQ,1.0324980360765859,tas,ssp245,2040-2059,median,anomaly,degC,ensemble of anomaly of Daily Near-Surface Air Temperature with reference period 1995-2014,50.0,"access-cm2,access-esm1-5,bcc-csm2-mr,canesm5,cmcc-esm2,cnrm-cm6-1,cnrm-esm2-1,ec-earth3,ec-earth3-veg-lr,fgoals-g3,gfdl-cm4,gfdl-esm4,giss-e2-1-g,hadgem3-gc31-ll,inm-cm4-8,inm-cm5-0,ipsl-cm6a-lr,kace-1-0-g,miroc6,miroc-es2l,mpi-esm1-2-hr,mpi-esm1-2-lr,mri-esm2-0,nesm3,noresm2-lm,noresm2-mm,ukesm1-0-ll",World Bank Climate Change Knowledge Portal (CMIP6-x0.25),,1995-2014,country polygon mask; latitude-area weighted mean using cos(latitude),SSP2-4.5,Mean temperature
MTQ,MTQ,26.974505110526536,tas,ssp245,2040-2059,median,climatology,degC,ensemble of Daily Near-Surface Air Temperature,50.0,"access-cm2,access-esm1-5,bcc-csm2-mr,canesm5,cmcc-esm2,cnrm-cm6-1,cnrm-esm2-1,ec-earth3,ec-earth3-veg-lr,fgoals-g3,gfdl-cm4,gfdl-esm4,giss-e2-1-g,hadgem3-gc31-ll,inm-cm4-8,inm-cm5-0,ipsl-cm6a-lr,kace-1-0-g,miroc6,miroc-es2l,mpi-esm1-2-hr,mpi-esm1-2-lr,mri-esm2-0,nesm3,noresm2-lm,noresm2-mm,ukesm1-0-ll",World Bank Climate Change Knowledge Portal (CMIP6-x0.25),,,country polygon mask; latitude-area weighted mean using cos(latitude),SSP2-4.5,Mean temperature
MUS,MUS,1.350188956413794,hd30,ssp245,2040-2059,median,climatology,days,annual climatology of ensemble of hd30: hot days with 30 degC and higher,50.0,"access-cm2,access-esm1-5,bcc-csm2-mr,canesm5,cmcc-esm2,cnrm-cm6-1,cnrm-esm2-1,ec-earth3,ec-earth3-veg-lr,fgoals-g3,gfdl-cm4,gfdl-esm4,giss-e2-1-g,hadgem3-gc31-ll,inm-cm4-8,inm-cm5-0,ipsl-cm6a-lr,kace-1-0-g,kiost-esm,miroc6,miroc-es2l,mpi-esm1-2-hr,mpi-esm1-2-lr,mri-esm2-0,nesm3,noresm2-lm,noresm2-mm,ukesm1-0-ll",World Bank Climate Change Knowledge Portal (CMIP6-x0.25),,,country polygon mask; latitude-area weighted mean using cos(latitude),SSP2-4.5,Hot days above 30°C
MUS,MUS,0.8713329609172027,tas,ssp245,2040-2059,median,anomaly,degC,ensemble of anomaly of Daily Near-Surface Air Temperature with reference period 1995-2014,50.0,"access-cm2,access-esm1-5,bcc-csm2-mr,canesm5,cmcc-esm2,cnrm-cm6-1,cnrm-esm2-1,ec-earth3,ec-earth3-veg-lr,fgoals-g3,gfdl-cm4,gfdl-esm4,giss-e2-1-g,hadgem3-gc31-ll,inm-cm4-8,inm-cm5-0,ipsl-cm6a-lr,kace-1-0-g,miroc6,miroc-es2l,mpi-esm1-2-hr,mpi-esm1-2-lr,mri-esm2-0,nesm3,noresm2-lm,noresm2-mm,ukesm1-0-ll",World Bank Climate Change Knowledge Portal (CMIP6-x0.25),,1995-2014,country polygon mask; latitude-area weighted mean using cos(latitude),SSP2-4.5,Mean temperature
MUS,MUS,24.474327589235603,tas,ssp245,2040-2059,median,climatology,degC,ensemble of Daily Near-Surface Air Temperature,50.0,"access-cm2,access-esm1-5,bcc-csm2-mr,canesm5,cmcc-esm2,cnrm-cm6-1,cnrm-esm2-1,ec-earth3,ec-earth3-veg-lr,fgoals-g3,gfdl-cm4,gfdl-esm4,giss-e2-1-g,hadgem3-gc31-ll,inm-cm4-8,inm-cm5-0,ipsl-cm6a-lr,kace-1-0-g,miroc6,miroc-es2l,mpi-esm1-2-hr,mpi-esm1-2-lr,mri-esm2-0,nesm3,noresm2-lm,noresm2-mm,ukesm1-0-ll",World Bank Climate Change Knowledge Portal (CMIP6-x0.25),,,country polygon mask; latitude-area weighted mean using cos(latitude),SSP2-4.5,Mean temperature
MWI,MWI,85.9080549317147,hd30,ssp245,2040-2059,median,climatology,days,annual climatology of ensemble of hd30: hot days with 30 degC and higher,50.0,"access-cm2,access-esm1-5,bcc-csm2-mr,canesm5,cmcc-esm2,cnrm-cm6-1,cnrm-esm2-1,ec-earth3,ec-earth3-veg-lr,fgoals-g3,gfdl-cm4,gfdl-esm4,giss-e2-1-g,hadgem3-gc31-ll,inm-cm4-8,inm-cm5-0,ipsl-cm6a-lr,kace-1-0-g,kiost-esm,miroc6,miroc-es2l,mpi-esm1-2-hr,mpi-esm1-2-lr,mri-esm2-0,nesm3,noresm2-lm,noresm2-mm,ukesm1-0-ll",World Bank Climate Change Knowledge Portal (CMIP6-x0.25),,,country polygon mask; latitude-area weighted mean using cos(latitude),SSP2-4.5,Hot days above 30°C
MWI,MWI,1.39094409714051,tas,ssp245,2040-2059,median,anomaly,degC,ensemble of anomaly of Daily Near-Surface Air Temperature with reference period 1995-2014,50.0,"access-cm2,access-esm1-5,bcc-csm2-mr,canesm5,cmcc-esm2,cnrm-cm6-1,cnrm-esm2-1,ec-earth3,ec-earth3-veg-lr,fgoals-g3,gfdl-cm4,gfdl-esm4,giss-e2-1-g,hadgem3-gc31-ll,inm-cm4-8,inm-cm5-0,ipsl-cm6a-lr,kace-1-0-g,miroc6,miroc-es2l,mpi-esm1-2-hr,mpi-esm1-2-lr,mri-esm2-0,nesm3,noresm2-lm,noresm2-mm,ukesm1-0-ll",World Bank Climate Change Knowledge Portal (CMIP6-x0.25),,1995-2014,country polygon mask; latitude-area weighted mean using cos(latitude),SSP2-4.5,Mean temperature
MWI,MWI,23.82443365018317,tas,ssp245,2040-2059,median,climatology,degC,ensemble of Daily Near-Surface Air Temperature,50.0,"access-cm2,access-esm1-5,bcc-csm2-mr,canesm5,cmcc-esm2,cnrm-cm6-1,cnrm-esm2-1,ec-earth3,ec-earth3-veg-lr,fgoals-g3,gfdl-cm4,gfdl-esm4,giss-e2-1-g,hadgem3-gc31-ll,inm-cm4-8,inm-cm5-0,ipsl-cm6a-lr,kace-1-0-g,miroc6,miroc-es2l,mpi-esm1-2-hr,mpi-esm1-2-lr,mri-esm2-0,nesm3,noresm2-lm,noresm2-mm,ukesm1-0-ll",World Bank Climate Change Knowledge Portal (CMIP6-x0.25),,,country polygon mask; latitude-area weighted mean using cos(latitude),SSP2-4.5,Mean temperature
MYS,MYS,258.4187163979033,hd30,ssp245,2040-2059,median,climatology,days,annual climatology of ensemble of hd30: hot days with 30 degC and higher,50.0,"access-cm2,access-esm1-5,bcc-csm2-mr,canesm5,cmcc-esm2,cnrm-cm6-1,cnrm-esm2-1,ec-earth3,ec-earth3-veg-lr,fgoals-g3,gfdl-cm4,gfdl-esm4,giss-e2-1-g,hadgem3-gc31-ll,inm-cm4-8,inm-cm5-0,ipsl-cm6a-lr,kace-1-0-g,kiost-esm,miroc6,miroc-es2l,mpi-esm1-2-hr,mpi-esm1-2-lr,mri-esm2-0,nesm3,noresm2-lm,noresm2-mm,ukesm1-0-ll",World Bank Climate Change Knowledge Portal (CMIP6-x0.25),,,country polygon mask; latitude-area weighted mean using cos(latitude),SSP2-4.5,Hot days above 30°C
MYS,MYS,1.0809245640202838,tas,ssp245,2040-2059,median,anomaly,degC,ensemble of anomaly of Daily Near-Surface Air Temperature with reference period 1995-2014,50.0,"access-cm2,access-esm1-5,bcc-csm2-mr,canesm5,cmcc-esm2,cnrm-cm6-1,cnrm-esm2-1,ec-earth3,ec-earth3-veg-lr,fgoals-g3,gfdl-cm4,gfdl-esm4,giss-e2-1-g,hadgem3-gc31-ll,inm-cm4-8,inm-cm5-0,ipsl-cm6a-lr,kace-1-0-g,miroc6,miroc-es2l,mpi-esm1-2-hr,mpi-esm1-2-lr,mri-esm2-0,nesm3,noresm2-lm,noresm2-mm,ukesm1-0-ll",World Bank Climate Change Knowledge Portal (CMIP6-x0.25),,1995-2014,country polygon mask; latitude-area weighted mean using cos(latitude),SSP2-4.5,Mean temperature
MYS,MYS,27.131951807730957,tas,ssp245,2040-2059,median,climatology,degC,ensemble of Daily Near-Surface Air Temperature,50.0,"access-cm2,access-esm1-5,bcc-csm2-mr,canesm5,cmcc-esm2,cnrm-cm6-1,cnrm-esm2-1,ec-earth3,ec-earth3-veg-lr,fgoals-g3,gfdl-cm4,gfdl-esm4,giss-e2-1-g,hadgem3-gc31-ll,inm-cm4-8,inm-cm5-0,ipsl-cm6a-lr,kace-1-0-g,miroc6,miroc-es2l,mpi-esm1-2-hr,mpi-esm1-2-lr,mri-esm2-0,nesm3,noresm2-lm,noresm2-mm,ukesm1-0-ll",World Bank Climate Change Knowledge Portal (CMIP6-x0.25),,,country polygon mask; latitude-area weighted mean using cos(latitude),SSP2-4.5,Mean temperature
NAM,NAM,202.46487825532228,hd30,ssp245,2040-2059,median,climatology,days,annual climatology of ensemble of hd30: hot days with 30 degC and higher,50.0,"access-cm2,access-esm1-5,bcc-csm2-mr,canesm5,cmcc-esm2,cnrm-cm6-1,cnrm-esm2-1,ec-earth3,ec-earth3-veg-lr,fgoals-g3,gfdl-cm4,gfdl-esm4,giss-e2-1-g,hadgem3-gc31-ll,inm-cm4-8,inm-cm5-0,ipsl-cm6a-lr,kace-1-0-g,kiost-esm,miroc6,miroc-es2l,mpi-esm1-2-hr,mpi-esm1-2-lr,mri-esm2-0,nesm3,noresm2-lm,noresm2-mm,ukesm1-0-ll",World Bank Climate Change Knowledge Portal (CMIP6-x0.25),,,country polygon mask; latitude-area weighted mean using cos(latitude),SSP2-4.5,Hot days above 30°C
NAM,NAM,1.6165527407252942,tas,ssp245,2040-2059,median,anomaly,degC,ensemble of anomaly of Daily Near-Surface Air Temperature with reference period 1995-2014,50.0,"access-cm2,access-esm1-5,bcc-csm2-mr,canesm5,cmcc-esm2,cnrm-cm6-1,cnrm-esm2-1,ec-earth3,ec-earth3-veg-lr,fgoals-g3,gfdl-cm4,gfdl-esm4,giss-e2-1-g,hadgem3-gc31-ll,inm-cm4-8,inm-cm5-0,ipsl-cm6a-lr,kace-1-0-g,miroc6,miroc-es2l,mpi-esm1-2-hr,mpi-esm1-2-lr,mri-esm2-0,nesm3,noresm2-lm,noresm2-mm,ukesm1-0-ll",World Bank Climate Change Knowledge Portal (CMIP6-x0.25),,1995-2014,country polygon mask; latitude-area weighted mean using cos(latitude),SSP2-4.5,Mean temperature
NAM,NAM,23.323666798012443,tas,ssp245,2040-2059,median,climatology,degC,ensemble of Daily Near-Surface Air Temperature,50.0,"access-cm2,access-esm1-5,bcc-csm2-mr,canesm5,cmcc-esm2,cnrm-cm6-1,cnrm-esm2-1,ec-earth3,ec-earth3-veg-lr,fgoals-g3,gfdl-cm4,gfdl-esm4,giss-e2-1-g,hadgem3-gc31-ll,inm-cm4-8,inm-cm5-0,ipsl-cm6a-lr,kace-1-0-g,miroc6,miroc-es2l,mpi-esm1-2-hr,mpi-esm1-2-lr,mri-esm2-0,nesm3,noresm2-lm,noresm2-mm,ukesm1-0-ll",World Bank Climate Change Knowledge Portal (CMIP6-x0.25),,,country polygon mask; latitude-area weighted mean using cos(latitude),SSP2-4.5,Mean temperature
NCL,NCL,19.578108321640233,hd30,ssp245,2040-2059,median,climatology,days,annual climatology of ensemble of hd30: hot days with 30 degC and higher,50.0,"access-cm2,access-esm1-5,bcc-csm2-mr,canesm5,cmcc-esm2,cnrm-cm6-1,cnrm-esm2-1,ec-earth3,ec-earth3-veg-lr,fgoals-g3,gfdl-cm4,gfdl-esm4,giss-e2-1-g,hadgem3-gc31-ll,inm-cm4-8,inm-cm5-0,ipsl-cm6a-lr,kace-1-0-g,kiost-esm,miroc6,miroc-es2l,mpi-esm1-2-hr,mpi-esm1-2-lr,mri-esm2-0,nesm3,noresm2-lm,noresm2-mm,ukesm1-0-ll",World Bank Climate Change Knowledge Portal (CMIP6-x0.25),,,country polygon mask; latitude-area weighted mean using cos(latitude),SSP2-4.5,Hot days above 30°C
NCL,NCL,0.9002147718764854,tas,ssp245,2040-2059,median,anomaly,degC,ensemble of anomaly of Daily Near-Surface Air Temperature with reference period 1995-2014,50.0,"access-cm2,access-esm1-5,bcc-csm2-mr,canesm5,cmcc-esm2,cnrm-cm6-1,cnrm-esm2-1,ec-earth3,ec-earth3-veg-lr,fgoals-g3,gfdl-cm4,gfdl-esm4,giss-e2-1-g,hadgem3-gc31-ll,inm-cm4-8,inm-cm5-0,ipsl-cm6a-lr,kace-1-0-g,miroc6,miroc-es2l,mpi-esm1-2-hr,mpi-esm1-2-lr,mri-esm2-0,nesm3,noresm2-lm,noresm2-mm,ukesm1-0-ll",World Bank Climate Change Knowledge Portal (CMIP6-x0.25),,1995-2014,country polygon mask; latitude-area weighted mean using cos(latitude),SSP2-4.5,Mean temperature
NCL,NCL,23.59502975208498,tas,ssp245,2040-2059,median,climatology,degC,ensemble of Daily Near-Surface Air Temperature,50.0,"access-cm2,access-esm1-5,bcc-csm2-mr,canesm5,cmcc-esm2,cnrm-cm6-1,cnrm-esm2-1,ec-earth3,ec-earth3-veg-lr,fgoals-g3,gfdl-cm4,gfdl-esm4,giss-e2-1-g,hadgem3-gc31-ll,inm-cm4-8,inm-cm5-0,ipsl-cm6a-lr,kace-1-0-g,miroc6,miroc-es2l,mpi-esm1-2-hr,mpi-esm1-2-lr,mri-esm2-0,nesm3,noresm2-lm,noresm2-mm,ukesm1-0-ll",World Bank Climate Change Knowledge Portal (CMIP6-x0.25),,,country polygon mask; latitude-area weighted mean using cos(latitude),SSP2-4.5,Mean temperature
NER,NER,296.1051842199867,hd30,ssp245,2040-2059,median,climatology,days,annual climatology of ensemble of hd30: hot days with 30 degC and higher,50.0,"access-cm2,access-esm1-5,bcc-csm2-mr,canesm5,cmcc-esm2,cnrm-cm6-1,cnrm-esm2-1,ec-earth3,ec-earth3-veg-lr,fgoals-g3,gfdl-cm4,gfdl-esm4,giss-e2-1-g,hadgem3-gc31-ll,inm-cm4-8,inm-cm5-0,ipsl-cm6a-lr,kace-1-0-g,kiost-esm,miroc6,miroc-es2l,mpi-esm1-2-hr,mpi-esm1-2-lr,mri-esm2-0,nesm3,noresm2-lm,noresm2-mm,ukesm1-0-ll",World Bank Climate Change Knowledge Portal (CMIP6-x0.25),,,country polygon mask; latitude-area weighted mean using cos(latitude),SSP2-4.5,Hot days above 30°C
NER,NER,1.6152968637105014,tas,ssp245,2040-2059,median,anomaly,degC,ensemble of anomaly of Daily Near-Surface Air Temperature with reference period 1995-2014,50.0,"access-cm2,access-esm1-5,bcc-csm2-mr,canesm5,cmcc-esm2,cnrm-cm6-1,cnrm-esm2-1,ec-earth3,ec-earth3-veg-lr,fgoals-g3,gfdl-cm4,gfdl-esm4,giss-e2-1-g,hadgem3-gc31-ll,inm-cm4-8,inm-cm5-0,ipsl-cm6a-lr,kace-1-0-g,miroc6,miroc-es2l,mpi-esm1-2-hr,mpi-esm1-2-lr,mri-esm2-0,nesm3,noresm2-lm,noresm2-mm,ukesm1-0-ll",World Bank Climate Change Knowledge Portal (CMIP6-x0.25),,1995-2014,country polygon mask; latitude-area weighted mean using cos(latitude),SSP2-4.5,Mean temperature
NER,NER,29.011972289478987,tas,ssp245,2040-2059,median,climatology,degC,ensemble of Daily Near-Surface Air Temperature,50.0,"access-cm2,access-esm1-5,bcc-csm2-mr,canesm5,cmcc-esm2,cnrm-cm6-1,cnrm-esm2-1,ec-earth3,ec-earth3-veg-lr,fgoals-g3,gfdl-cm4,gfdl-esm4,giss-e2-1-g,hadgem3-gc31-ll,inm-cm4-8,inm-cm5-0,ipsl-cm6a-lr,kace-1-0-g,miroc6,miroc-es2l,mpi-esm1-2-hr,mpi-esm1-2-lr,mri-esm2-0,nesm3,noresm2-lm,noresm2-mm,ukesm1-0-ll",World Bank Climate Change Knowledge Portal (CMIP6-x0.25),,,country polygon mask; latitude-area weighted mean using cos(latitude),SSP2-4.5,Mean temperature
NGA,NGA,305.5754355202773,hd30,ssp245,2040-2059,median,climatology,days,annual climatology of ensemble of hd30: hot days with 30 degC and higher,50.0,"access-cm2,access-esm1-5,bcc-csm2-mr,canesm5,cmcc-esm2,cnrm-cm6-1,cnrm-esm2-1,ec-earth3,ec-earth3-veg-lr,fgoals-g3,gfdl-cm4,gfdl-esm4,giss-e2-1-g,hadgem3-gc31-ll,inm-cm4-8,inm-cm5-0,ipsl-cm6a-lr,kace-1-0-g,kiost-esm,miroc6,miroc-es2l,mpi-esm1-2-hr,mpi-esm1-2-lr,mri-esm2-0,nesm3,noresm2-lm,noresm2-mm,ukesm1-0-ll",World Bank Climate Change Knowledge Portal (CMIP6-x0.25),,,country polygon mask; latitude-area weighted mean using cos(latitude),SSP2-4.5,Hot days above 30°C
NGA,NGA,1.2584473478155356,tas,ssp245,2040-2059,median,anomaly,degC,ensemble of anomaly of Daily Near-Surface Air Temperature with reference period 1995-2014,50.0,"access-cm2,access-esm1-5,bcc-csm2-mr,canesm5,cmcc-esm2,cnrm-cm6-1,cnrm-esm2-1,ec-earth3,ec-earth3-veg-lr,fgoals-g3,gfdl-cm4,gfdl-esm4,giss-e2-1-g,hadgem3-gc31-ll,inm-cm4-8,inm-cm5-0,ipsl-cm6a-lr,kace-1-0-g,miroc6,miroc-es2l,mpi-esm1-2-hr,mpi-esm1-2-lr,mri-esm2-0,nesm3,noresm2-lm,noresm2-mm,ukesm1-0-ll",World Bank Climate Change Knowledge Portal (CMIP6-x0.25),,1995-2014,country polygon mask; latitude-area weighted mean using cos(latitude),SSP2-4.5,Mean temperature
NGA,NGA,28.693111240285315,tas,ssp245,2040-2059,median,climatology,degC,ensemble of Daily Near-Surface Air Temperature,50.0,"access-cm2,access-esm1-5,bcc-csm2-mr,canesm5,cmcc-esm2,cnrm-cm6-1,cnrm-esm2-1,ec-earth3,ec-earth3-veg-lr,fgoals-g3,gfdl-cm4,gfdl-esm4,giss-e2-1-g,hadgem3-gc31-ll,inm-cm4-8,inm-cm5-0,ipsl-cm6a-lr,kace-1-0-g,miroc6,miroc-es2l,mpi-esm1-2-hr,mpi-esm1-2-lr,mri-esm2-0,nesm3,noresm2-lm,noresm2-mm,ukesm1-0-ll",World Bank Climate Change Knowledge Portal (CMIP6-x0.25),,,country polygon mask; latitude-area weighted mean using cos(latitude),SSP2-4.5,Mean temperature
NIC,NIC,216.43689587507862,hd30,ssp245,2040-2059,median,climatology,days,annual climatology of ensemble of hd30: hot days with 30 degC and higher,50.0,"access-cm2,access-esm1-5,bcc-csm2-mr,canesm5,cmcc-esm2,cnrm-cm6-1,cnrm-esm2-1,ec-earth3,ec-earth3-veg-lr,fgoals-g3,gfdl-cm4,gfdl-esm4,giss-e2-1-g,hadgem3-gc31-ll,inm-cm4-8,inm-cm5-0,ipsl-cm6a-lr,kace-1-0-g,kiost-esm,miroc6,miroc-es2l,mpi-esm1-2-hr,mpi-esm1-2-lr,mri-esm2-0,nesm3,noresm2-lm,noresm2-mm,ukesm1-0-ll",World Bank Climate Change Knowledge Portal (CMIP6-x0.25),,,country polygon mask; latitude-area weighted mean using cos(latitude),SSP2-4.5,Hot days above 30°C
NIC,NIC,1.2962897937495108,tas,ssp245,2040-2059,median,anomaly,degC,ensemble of anomaly of Daily Near-Surface Air Temperature with reference period 1995-2014,50.0,"access-cm2,access-esm1-5,bcc-csm2-mr,canesm5,cmcc-esm2,cnrm-cm6-1,cnrm-esm2-1,ec-earth3,ec-earth3-veg-lr,fgoals-g3,gfdl-cm4,gfdl-esm4,giss-e2-1-g,hadgem3-gc31-ll,inm-cm4-8,inm-cm5-0,ipsl-cm6a-lr,kace-1-0-g,miroc6,miroc-es2l,mpi-esm1-2-hr,mpi-esm1-2-lr,mri-esm2-0,nesm3,noresm2-lm,noresm2-mm,ukesm1-0-ll",World Bank Climate Change Knowledge Portal (CMIP6-x0.25),,1995-2014,country polygon mask; latitude-area weighted mean using cos(latitude),SSP2-4.5,Mean temperature
NIC,NIC,27.174935997440425,tas,ssp245,2040-2059,median,climatology,degC,ensemble of Daily Near-Surface Air Temperature,50.0,"access-cm2,access-esm1-5,bcc-csm2-mr,canesm5,cmcc-esm2,cnrm-cm6-1,cnrm-esm2-1,ec-earth3,ec-earth3-veg-lr,fgoals-g3,gfdl-cm4,gfdl-esm4,giss-e2-1-g,hadgem3-gc31-ll,inm-cm4-8,inm-cm5-0,ipsl-cm6a-lr,kace-1-0-g,miroc6,miroc-es2l,mpi-esm1-2-hr,mpi-esm1-2-lr,mri-esm2-0,nesm3,noresm2-lm,noresm2-mm,ukesm1-0-ll",World Bank Climate Change Knowledge Portal (CMIP6-x0.25),,,country polygon mask; latitude-area weighted mean using cos(latitude),SSP2-4.5,Mean temperature
NLD,NLD,3.6264471552941213,hd30,ssp245,2040-2059,median,climatology,days,annual climatology of ensemble of hd30: hot days with 30 degC and higher,50.0,"access-cm2,access-esm1-5,bcc-csm2-mr,canesm5,cmcc-esm2,cnrm-cm6-1,cnrm-esm2-1,ec-earth3,ec-earth3-veg-lr,fgoals-g3,gfdl-cm4,gfdl-esm4,giss-e2-1-g,hadgem3-gc31-ll,inm-cm4-8,inm-cm5-0,ipsl-cm6a-lr,kace-1-0-g,kiost-esm,miroc6,miroc-es2l,mpi-esm1-2-hr,mpi-esm1-2-lr,mri-esm2-0,nesm3,noresm2-lm,noresm2-mm,ukesm1-0-ll",World Bank Climate Change Knowledge Portal (CMIP6-x0.25),,,country polygon mask; latitude-area weighted mean using cos(latitude),SSP2-4.5,Hot days above 30°C
NLD,NLD,1.1425748290074609,tas,ssp245,2040-2059,median,anomaly,degC,ensemble of anomaly of Daily Near-Surface Air Temperature with reference period 1995-2014,50.0,"access-cm2,access-esm1-5,bcc-csm2-mr,canesm5,cmcc-esm2,cnrm-cm6-1,cnrm-esm2-1,ec-earth3,ec-earth3-veg-lr,fgoals-g3,gfdl-cm4,gfdl-esm4,giss-e2-1-g,hadgem3-gc31-ll,inm-cm4-8,inm-cm5-0,ipsl-cm6a-lr,kace-1-0-g,miroc6,miroc-es2l,mpi-esm1-2-hr,mpi-esm1-2-lr,mri-esm2-0,nesm3,noresm2-lm,noresm2-mm,ukesm1-0-ll",World Bank Climate Change Knowledge Portal (CMIP6-x0.25),,1995-2014,country polygon mask; latitude-area weighted mean using cos(latitude),SSP2-4.5,Mean temperature
NLD,NLD,11.443488055648462,tas,ssp245,2040-2059,median,climatology,degC,ensemble of Daily Near-Surface Air Temperature,50.0,"access-cm2,access-esm1-5,bcc-csm2-mr,canesm5,cmcc-esm2,cnrm-cm6-1,cnrm-esm2-1,ec-earth3,ec-earth3-veg-lr,fgoals-g3,gfdl-cm4,gfdl-esm4,giss-e2-1-g,hadgem3-gc31-ll,inm-cm4-8,inm-cm5-0,ipsl-cm6a-lr,kace-1-0-g,miroc6,miroc-es2l,mpi-esm1-2-hr,mpi-esm1-2-lr,mri-esm2-0,nesm3,noresm2-lm,noresm2-mm,ukesm1-0-ll",World Bank Climate Change Knowledge Portal (CMIP6-x0.25),,,country polygon mask; latitude-area weighted mean using cos(latitude),SSP2-4.5,Mean temperature
NOR,NOR,0.10844547832181711,hd30,ssp245,2040-2059,median,climatology,days,annual climatology of ensemble of hd30: hot days with 30 degC and higher,50.0,"access-cm2,access-esm1-5,bcc-csm2-mr,canesm5,cmcc-esm2,cnrm-cm6-1,cnrm-esm2-1,ec-earth3,ec-earth3-veg-lr,fgoals-g3,gfdl-cm4,gfdl-esm4,giss-e2-1-g,hadgem3-gc31-ll,inm-cm4-8,inm-cm5-0,ipsl-cm6a-lr,kace-1-0-g,kiost-esm,miroc6,miroc-es2l,mpi-esm1-2-hr,mpi-esm1-2-lr,mri-esm2-0,nesm3,noresm2-lm,noresm2-mm,ukesm1-0-ll",World Bank Climate Change Knowledge Portal (CMIP6-x0.25),,,country polygon mask; latitude-area weighted mean using cos(latitude),SSP2-4.5,Hot days above 30°C
NOR,NOR,1.6069883649732677,tas,ssp245,2040-2059,median,anomaly,degC,ensemble of anomaly of Daily Near-Surface Air Temperature with reference period 1995-2014,50.0,"access-cm2,access-esm1-5,bcc-csm2-mr,canesm5,cmcc-esm2,cnrm-cm6-1,cnrm-esm2-1,ec-earth3,ec-earth3-veg-lr,fgoals-g3,gfdl-cm4,gfdl-esm4,giss-e2-1-g,hadgem3-gc31-ll,inm-cm4-8,inm-cm5-0,ipsl-cm6a-lr,kace-1-0-g,miroc6,miroc-es2l,mpi-esm1-2-hr,mpi-esm1-2-lr,mri-esm2-0,nesm3,noresm2-lm,noresm2-mm,ukesm1-0-ll",World Bank Climate Change Knowledge Portal (CMIP6-x0.25),,1995-2014,country polygon mask; latitude-area weighted mean using cos(latitude),SSP2-4.5,Mean temperature
NOR,NOR,3.730138821784897,tas,ssp245,2040-2059,median,climatology,degC,ensemble of Daily Near-Surface Air Temperature,50.0,"access-cm2,access-esm1-5,bcc-csm2-mr,canesm5,cmcc-esm2,cnrm-cm6-1,cnrm-esm2-1,ec-earth3,ec-earth3-veg-lr,fgoals-g3,gfdl-cm4,gfdl-esm4,giss-e2-1-g,hadgem3-gc31-ll,inm-cm4-8,inm-cm5-0,ipsl-cm6a-lr,kace-1-0-g,miroc6,miroc-es2l,mpi-esm1-2-hr,mpi-esm1-2-lr,mri-esm2-0,nesm3,noresm2-lm,noresm2-mm,ukesm1-0-ll",World Bank Climate Change Knowledge Portal (CMIP6-x0.25),,,country polygon mask; latitude-area weighted mean using cos(latitude),SSP2-4.5,Mean temperature
NPL,NPL,60.016822315216984,hd30,ssp245,2040-2059,median,climatology,days,annual climatology of ensemble of hd30: hot days with 30 degC and higher,50.0,"access-cm2,access-esm1-5,bcc-csm2-mr,canesm5,cmcc-esm2,cnrm-cm6-1,cnrm-esm2-1,ec-earth3,ec-earth3-veg-lr,fgoals-g3,gfdl-cm4,gfdl-esm4,giss-e2-1-g,hadgem3-gc31-ll,inm-cm4-8,inm-cm5-0,ipsl-cm6a-lr,kace-1-0-g,kiost-esm,miroc6,miroc-es2l,mpi-esm1-2-hr,mpi-esm1-2-lr,mri-esm2-0,nesm3,noresm2-lm,noresm2-mm,ukesm1-0-ll",World Bank Climate Change Knowledge Portal (CMIP6-x0.25),,,country polygon mask; latitude-area weighted mean using cos(latitude),SSP2-4.5,Hot days above 30°C
NPL,NPL,1.5080154093302363,tas,ssp245,2040-2059,median,anomaly,degC,ensemble of anomaly of Daily Near-Surface Air Temperature with reference period 1995-2014,50.0,"access-cm2,access-esm1-5,bcc-csm2-mr,canesm5,cmcc-esm2,cnrm-cm6-1,cnrm-esm2-1,ec-earth3,ec-earth3-veg-lr,fgoals-g3,gfdl-cm4,gfdl-esm4,giss-e2-1-g,hadgem3-gc31-ll,inm-cm4-8,inm-cm5-0,ipsl-cm6a-lr,kace-1-0-g,miroc6,miroc-es2l,mpi-esm1-2-hr,mpi-esm1-2-lr,mri-esm2-0,nesm3,noresm2-lm,noresm2-mm,ukesm1-0-ll",World Bank Climate Change Knowledge Portal (CMIP6-x0.25),,1995-2014,country polygon mask; latitude-area weighted mean using cos(latitude),SSP2-4.5,Mean temperature
NPL,NPL,14.11785522240202,tas,ssp245,2040-2059,median,climatology,degC,ensemble of Daily Near-Surface Air Temperature,50.0,"access-cm2,access-esm1-5,bcc-csm2-mr,canesm5,cmcc-esm2,cnrm-cm6-1,cnrm-esm2-1,ec-earth3,ec-earth3-veg-lr,fgoals-g3,gfdl-cm4,gfdl-esm4,giss-e2-1-g,hadgem3-gc31-ll,inm-cm4-8,inm-cm5-0,ipsl-cm6a-lr,kace-1-0-g,miroc6,miroc-es2l,mpi-esm1-2-hr,mpi-esm1-2-lr,mri-esm2-0,nesm3,noresm2-lm,noresm2-mm,ukesm1-0-ll",World Bank Climate Change Knowledge Portal (CMIP6-x0.25),,,country polygon mask; latitude-area weighted mean using cos(latitude),SSP2-4.5,Mean temperature
NZL,NZL,0.0018373179457260983,hd30,ssp245,2040-2059,median,climatology,days,annual climatology of ensemble of hd30: hot days with 30 degC and higher,50.0,"access-cm2,access-esm1-5,bcc-csm2-mr,canesm5,cmcc-esm2,cnrm-cm6-1,cnrm-esm2-1,ec-earth3,ec-earth3-veg-lr,fgoals-g3,gfdl-cm4,gfdl-esm4,giss-e2-1-g,hadgem3-gc31-ll,inm-cm4-8,inm-cm5-0,ipsl-cm6a-lr,kace-1-0-g,kiost-esm,miroc6,miroc-es2l,mpi-esm1-2-hr,mpi-esm1-2-lr,mri-esm2-0,nesm3,noresm2-lm,noresm2-mm,ukesm1-0-ll",World Bank Climate Change Knowledge Portal (CMIP6-x0.25),,,country polygon mask; latitude-area weighted mean using cos(latitude),SSP2-4.5,Hot days above 30°C
NZL,NZL,0.9480471233396418,tas,ssp245,2040-2059,median,anomaly,degC,ensemble of anomaly of Daily Near-Surface Air Temperature with reference period 1995-2014,50.0,"access-cm2,access-esm1-5,bcc-csm2-mr,canesm5,cmcc-esm2,cnrm-cm6-1,cnrm-esm2-1,ec-earth3,ec-earth3-veg-lr,fgoals-g3,gfdl-cm4,gfdl-esm4,giss-e2-1-g,hadgem3-gc31-ll,inm-cm4-8,inm-cm5-0,ipsl-cm6a-lr,kace-1-0-g,miroc6,miroc-es2l,mpi-esm1-2-hr,mpi-esm1-2-lr,mri-esm2-0,nesm3,noresm2-lm,noresm2-mm,ukesm1-0-ll",World Bank Climate Change Knowledge Portal (CMIP6-x0.25),,1995-2014,country polygon mask; latitude-area weighted mean using cos(latitude),SSP2-4.5,Mean temperature
NZL,NZL,11.659498003005313,tas,ssp245,2040-2059,median,climatology,degC,ensemble of Daily Near-Surface Air Temperature,50.0,"access-cm2,access-esm1-5,bcc-csm2-mr,canesm5,cmcc-esm2,cnrm-cm6-1,cnrm-esm2-1,ec-earth3,ec-earth3-veg-lr,fgoals-g3,gfdl-cm4,gfdl-esm4,giss-e2-1-g,hadgem3-gc31-ll,inm-cm4-8,inm-cm5-0,ipsl-cm6a-lr,kace-1-0-g,miroc6,miroc-es2l,mpi-esm1-2-hr,mpi-esm1-2-lr,mri-esm2-0,nesm3,noresm2-lm,noresm2-mm,ukesm1-0-ll",World Bank Climate Change Knowledge Portal (CMIP6-x0.25),,,country polygon mask; latitude-area weighted mean using cos(latitude),SSP2-4.5,Mean temperature
OMN,OMN,276.90841589634056,hd30,ssp245,2040-2059,median,climatology,days,annual climatology of ensemble of hd30: hot days with 30 degC and higher,50.0,"access-cm2,access-esm1-5,bcc-csm2-mr,canesm5,cmcc-esm2,cnrm-cm6-1,cnrm-esm2-1,ec-earth3,ec-earth3-veg-lr,fgoals-g3,gfdl-cm4,gfdl-esm4,giss-e2-1-g,hadgem3-gc31-ll,inm-cm4-8,inm-cm5-0,ipsl-cm6a-lr,kace-1-0-g,kiost-esm,miroc6,miroc-es2l,mpi-esm1-2-hr,mpi-esm1-2-lr,mri-esm2-0,nesm3,noresm2-lm,noresm2-mm,ukesm1-0-ll",World Bank Climate Change Knowledge Portal (CMIP6-x0.25),,,country polygon mask; latitude-area weighted mean using cos(latitude),SSP2-4.5,Hot days above 30°C
OMN,OMN,1.5063230509879773,tas,ssp245,2040-2059,median,anomaly,degC,ensemble of anomaly of Daily Near-Surface Air Temperature with reference period 1995-2014,50.0,"access-cm2,access-esm1-5,bcc-csm2-mr,canesm5,cmcc-esm2,cnrm-cm6-1,cnrm-esm2-1,ec-earth3,ec-earth3-veg-lr,fgoals-g3,gfdl-cm4,gfdl-esm4,giss-e2-1-g,hadgem3-gc31-ll,inm-cm4-8,inm-cm5-0,ipsl-cm6a-lr,kace-1-0-g,miroc6,miroc-es2l,mpi-esm1-2-hr,mpi-esm1-2-lr,mri-esm2-0,nesm3,noresm2-lm,noresm2-mm,ukesm1-0-ll",World Bank Climate Change Knowledge Portal (CMIP6-x0.25),,1995-2014,country polygon mask; latitude-area weighted mean using cos(latitude),SSP2-4.5,Mean temperature
OMN,OMN,29.370041865005955,tas,ssp245,2040-2059,median,climatology,degC,ensemble of Daily Near-Surface Air Temperature,50.0,"access-cm2,access-esm1-5,bcc-csm2-mr,canesm5,cmcc-esm2,cnrm-cm6-1,cnrm-esm2-1,ec-earth3,ec-earth3-veg-lr,fgoals-g3,gfdl-cm4,gfdl-esm4,giss-e2-1-g,hadgem3-gc31-ll,inm-cm4-8,inm-cm5-0,ipsl-cm6a-lr,kace-1-0-g,miroc6,miroc-es2l,mpi-esm1-2-hr,mpi-esm1-2-lr,mri-esm2-0,nesm3,noresm2-lm,noresm2-mm,ukesm1-0-ll",World Bank Climate Change Knowledge Portal (CMIP6-x0.25),,,country polygon mask; latitude-area weighted mean using cos(latitude),SSP2-4.5,Mean temperature
PAK,PAK,215.40830704951176,hd30,ssp245,2040-2059,median,climatology,days,annual climatology of ensemble of hd30: hot days with 30 degC and higher,50.0,"access-cm2,access-esm1-5,bcc-csm2-mr,canesm5,cmcc-esm2,cnrm-cm6-1,cnrm-esm2-1,ec-earth3,ec-earth3-veg-lr,fgoals-g3,gfdl-cm4,gfdl-esm4,giss-e2-1-g,hadgem3-gc31-ll,inm-cm4-8,inm-cm5-0,ipsl-cm6a-lr,kace-1-0-g,kiost-esm,miroc6,miroc-es2l,mpi-esm1-2-hr,mpi-esm1-2-lr,mri-esm2-0,nesm3,noresm2-lm,noresm2-mm,ukesm1-0-ll",World Bank Climate Change Knowledge Portal (CMIP6-x0.25),,,country polygon mask; latitude-area weighted mean using cos(latitude),SSP2-4.5,Hot days above 30°C
PAK,PAK,1.609117111167688,tas,ssp245,2040-2059,median,anomaly,degC,ensemble of anomaly of Daily Near-Surface Air Temperature with reference period 1995-2014,50.0,"access-cm2,access-esm1-5,bcc-csm2-mr,canesm5,cmcc-esm2,cnrm-cm6-1,cnrm-esm2-1,ec-earth3,ec-earth3-veg-lr,fgoals-g3,gfdl-cm4,gfdl-esm4,giss-e2-1-g,hadgem3-gc31-ll,inm-cm4-8,inm-cm5-0,ipsl-cm6a-lr,kace-1-0-g,miroc6,miroc-es2l,mpi-esm1-2-hr,mpi-esm1-2-lr,mri-esm2-0,nesm3,noresm2-lm,noresm2-mm,ukesm1-0-ll",World Bank Climate Change Knowledge Portal (CMIP6-x0.25),,1995-2014,country polygon mask; latitude-area weighted mean using cos(latitude),SSP2-4.5,Mean temperature
PAK,PAK,24.48444071532703,tas,ssp245,2040-2059,median,climatology,degC,ensemble of Daily Near-Surface Air Temperature,50.0,"access-cm2,access-esm1-5,bcc-csm2-mr,canesm5,cmcc-esm2,cnrm-cm6-1,cnrm-esm2-1,ec-earth3,ec-earth3-veg-lr,fgoals-g3,gfdl-cm4,gfdl-esm4,giss-e2-1-g,hadgem3-gc31-ll,inm-cm4-8,inm-cm5-0,ipsl-cm6a-lr,kace-1-0-g,miroc6,miroc-es2l,mpi-esm1-2-hr,mpi-esm1-2-lr,mri-esm2-0,nesm3,noresm2-lm,noresm2-mm,ukesm1-0-ll",World Bank Climate Change Knowledge Portal (CMIP6-x0.25),,,country polygon mask; latitude-area weighted mean using cos(latitude),SSP2-4.5,Mean temperature
PAN,PAN,149.83495333188273,hd30,ssp245,2040-2059,median,climatology,days,annual climatology of ensemble of hd30: hot days with 30 degC and higher,50.0,"access-cm2,access-esm1-5,bcc-csm2-mr,canesm5,cmcc-esm2,cnrm-cm6-1,cnrm-esm2-1,ec-earth3,ec-earth3-veg-lr,fgoals-g3,gfdl-cm4,gfdl-esm4,giss-e2-1-g,hadgem3-gc31-ll,inm-cm4-8,inm-cm5-0,ipsl-cm6a-lr,kace-1-0-g,kiost-esm,miroc6,miroc-es2l,mpi-esm1-2-hr,mpi-esm1-2-lr,mri-esm2-0,nesm3,noresm2-lm,noresm2-mm,ukesm1-0-ll",World Bank Climate Change Knowledge Portal (CMIP6-x0.25),,,country polygon mask; latitude-area weighted mean using cos(latitude),SSP2-4.5,Hot days above 30°C
PAN,PAN,1.1951925852797987,tas,ssp245,2040-2059,median,anomaly,degC,ensemble of anomaly of Daily Near-Surface Air Temperature with reference period 1995-2014,50.0,"access-cm2,access-esm1-5,bcc-csm2-mr,canesm5,cmcc-esm2,cnrm-cm6-1,cnrm-esm2-1,ec-earth3,ec-earth3-veg-lr,fgoals-g3,gfdl-cm4,gfdl-esm4,giss-e2-1-g,hadgem3-gc31-ll,inm-cm4-8,inm-cm5-0,ipsl-cm6a-lr,kace-1-0-g,miroc6,miroc-es2l,mpi-esm1-2-hr,mpi-esm1-2-lr,mri-esm2-0,nesm3,noresm2-lm,noresm2-mm,ukesm1-0-ll",World Bank Climate Change Knowledge Portal (CMIP6-x0.25),,1995-2014,country polygon mask; latitude-area weighted mean using cos(latitude),SSP2-4.5,Mean temperature
PAN,PAN,26.53611748519063,tas,ssp245,2040-2059,median,climatology,degC,ensemble of Daily Near-Surface Air Temperature,50.0,"access-cm2,access-esm1-5,bcc-csm2-mr,canesm5,cmcc-esm2,cnrm-cm6-1,cnrm-esm2-1,ec-earth3,ec-earth3-veg-lr,fgoals-g3,gfdl-cm4,gfdl-esm4,giss-e2-1-g,hadgem3-gc31-ll,inm-cm4-8,inm-cm5-0,ipsl-cm6a-lr,kace-1-0-g,miroc6,miroc-es2l,mpi-esm1-2-hr,mpi-esm1-2-lr,mri-esm2-0,nesm3,noresm2-lm,noresm2-mm,ukesm1-0-ll",World Bank Climate Change Knowledge Portal (CMIP6-x0.25),,,country polygon mask; latitude-area weighted mean using cos(latitude),SSP2-4.5,Mean temperature
PER,PER,132.69780719572282,hd30,ssp245,2040-2059,median,climatology,days,annual climatology of ensemble of hd30: hot days with 30 degC and higher,50.0,"access-cm2,access-esm1-5,bcc-csm2-mr,canesm5,cmcc-esm2,cnrm-cm6-1,cnrm-esm2-1,ec-earth3,ec-earth3-veg-lr,fgoals-g3,gfdl-cm4,gfdl-esm4,giss-e2-1-g,hadgem3-gc31-ll,inm-cm4-8,inm-cm5-0,ipsl-cm6a-lr,kace-1-0-g,kiost-esm,miroc6,miroc-es2l,mpi-esm1-2-hr,mpi-esm1-2-lr,mri-esm2-0,nesm3,noresm2-lm,noresm2-mm,ukesm1-0-ll",World Bank Climate Change Knowledge Portal (CMIP6-x0.25),,,country polygon mask; latitude-area weighted mean using cos(latitude),SSP2-4.5,Hot days above 30°C
PER,PER,1.397238010998998,tas,ssp245,2040-2059,median,anomaly,degC,ensemble of anomaly of Daily Near-Surface Air Temperature with reference period 1995-2014,50.0,"access-cm2,access-esm1-5,bcc-csm2-mr,canesm5,cmcc-esm2,cnrm-cm6-1,cnrm-esm2-1,ec-earth3,ec-earth3-veg-lr,fgoals-g3,gfdl-cm4,gfdl-esm4,giss-e2-1-g,hadgem3-gc31-ll,inm-cm4-8,inm-cm5-0,ipsl-cm6a-lr,kace-1-0-g,miroc6,miroc-es2l,mpi-esm1-2-hr,mpi-esm1-2-lr,mri-esm2-0,nesm3,noresm2-lm,noresm2-mm,ukesm1-0-ll",World Bank Climate Change Knowledge Portal (CMIP6-x0.25),,1995-2014,country polygon mask; latitude-area weighted mean using cos(latitude),SSP2-4.5,Mean temperature
PER,PER,20.862963278019215,tas,ssp245,2040-2059,median,climatology,degC,ensemble of Daily Near-Surface Air Temperature,50.0,"access-cm2,access-esm1-5,bcc-csm2-mr,canesm5,cmcc-esm2,cnrm-cm6-1,cnrm-esm2-1,ec-earth3,ec-earth3-veg-lr,fgoals-g3,gfdl-cm4,gfdl-esm4,giss-e2-1-g,hadgem3-gc31-ll,inm-cm4-8,inm-cm5-0,ipsl-cm6a-lr,kace-1-0-g,miroc6,miroc-es2l,mpi-esm1-2-hr,mpi-esm1-2-lr,mri-esm2-0,nesm3,noresm2-lm,noresm2-mm,ukesm1-0-ll",World Bank Climate Change Knowledge Portal (CMIP6-x0.25),,,country polygon mask; latitude-area weighted mean using cos(latitude),SSP2-4.5,Mean temperature
PHL,PHL,179.8775774017838,hd30,ssp245,2040-2059,median,climatology,days,annual climatology of ensemble of hd30: hot days with 30 degC and higher,50.0,"access-cm2,access-esm1-5,bcc-csm2-mr,canesm5,cmcc-esm2,cnrm-cm6-1,cnrm-esm2-1,ec-earth3,ec-earth3-veg-lr,fgoals-g3,gfdl-cm4,gfdl-esm4,giss-e2-1-g,hadgem3-gc31-ll,inm-cm4-8,inm-cm5-0,ipsl-cm6a-lr,kace-1-0-g,kiost-esm,miroc6,miroc-es2l,mpi-esm1-2-hr,mpi-esm1-2-lr,mri-esm2-0,nesm3,noresm2-lm,noresm2-mm,ukesm1-0-ll",World Bank Climate Change Knowledge Portal (CMIP6-x0.25),,,country polygon mask; latitude-area weighted mean using cos(latitude),SSP2-4.5,Hot days above 30°C
PHL,PHL,1.0888125618305085,tas,ssp245,2040-2059,median,anomaly,degC,ensemble of anomaly of Daily Near-Surface Air Temperature with reference period 1995-2014,50.0,"access-cm2,access-esm1-5,bcc-csm2-mr,canesm5,cmcc-esm2,cnrm-cm6-1,cnrm-esm2-1,ec-earth3,ec-earth3-veg-lr,fgoals-g3,gfdl-cm4,gfdl-esm4,giss-e2-1-g,hadgem3-gc31-ll,inm-cm4-8,inm-cm5-0,ipsl-cm6a-lr,kace-1-0-g,miroc6,miroc-es2l,mpi-esm1-2-hr,mpi-esm1-2-lr,mri-esm2-0,nesm3,noresm2-lm,noresm2-mm,ukesm1-0-ll",World Bank Climate Change Knowledge Portal (CMIP6-x0.25),,1995-2014,country polygon mask; latitude-area weighted mean using cos(latitude),SSP2-4.5,Mean temperature
PHL,PHL,27.152963209935,tas,ssp245,2040-2059,median,climatology,degC,ensemble of Daily Near-Surface Air Temperature,50.0,"access-cm2,access-esm1-5,bcc-csm2-mr,canesm5,cmcc-esm2,cnrm-cm6-1,cnrm-esm2-1,ec-earth3,ec-earth3-veg-lr,fgoals-g3,gfdl-cm4,gfdl-esm4,giss-e2-1-g,hadgem3-gc31-ll,inm-cm4-8,inm-cm5-0,ipsl-cm6a-lr,kace-1-0-g,miroc6,miroc-es2l,mpi-esm1-2-hr,mpi-esm1-2-lr,mri-esm2-0,nesm3,noresm2-lm,noresm2-mm,ukesm1-0-ll",World Bank Climate Change Knowledge Portal (CMIP6-x0.25),,,country polygon mask; latitude-area weighted mean using cos(latitude),SSP2-4.5,Mean temperature
PLW,PLW,2.950222083070541,hd30,ssp245,2040-2059,median,climatology,days,annual climatology of ensemble of hd30: hot days with 30 degC and higher,50.0,"access-cm2,access-esm1-5,bcc-csm2-mr,canesm5,cmcc-esm2,cnrm-cm6-1,cnrm-esm2-1,ec-earth3,ec-earth3-veg-lr,fgoals-g3,gfdl-cm4,gfdl-esm4,giss-e2-1-g,hadgem3-gc31-ll,inm-cm4-8,inm-cm5-0,ipsl-cm6a-lr,kace-1-0-g,kiost-esm,miroc6,miroc-es2l,mpi-esm1-2-hr,mpi-esm1-2-lr,mri-esm2-0,nesm3,noresm2-lm,noresm2-mm,ukesm1-0-ll",World Bank Climate Change Knowledge Portal (CMIP6-x0.25),,,country polygon mask; latitude-area weighted mean using cos(latitude),SSP2-4.5,Hot days above 30°C
PLW,PLW,1.0509988888839492,tas,ssp245,2040-2059,median,anomaly,degC,ensemble of anomaly of Daily Near-Surface Air Temperature with reference period 1995-2014,50.0,"access-cm2,access-esm1-5,bcc-csm2-mr,canesm5,cmcc-esm2,cnrm-cm6-1,cnrm-esm2-1,ec-earth3,ec-earth3-veg-lr,fgoals-g3,gfdl-cm4,gfdl-esm4,giss-e2-1-g,hadgem3-gc31-ll,inm-cm4-8,inm-cm5-0,ipsl-cm6a-lr,kace-1-0-g,miroc6,miroc-es2l,mpi-esm1-2-hr,mpi-esm1-2-lr,mri-esm2-0,nesm3,noresm2-lm,noresm2-mm,ukesm1-0-ll",World Bank Climate Change Knowledge Portal (CMIP6-x0.25),,1995-2014,country polygon mask; latitude-area weighted mean using cos(latitude),SSP2-4.5,Mean temperature
PLW,PLW,28.128512473720544,tas,ssp245,2040-2059,median,climatology,degC,ensemble of Daily Near-Surface Air Temperature,50.0,"access-cm2,access-esm1-5,bcc-csm2-mr,canesm5,cmcc-esm2,cnrm-cm6-1,cnrm-esm2-1,ec-earth3,ec-earth3-veg-lr,fgoals-g3,gfdl-cm4,gfdl-esm4,giss-e2-1-g,hadgem3-gc31-ll,inm-cm4-8,inm-cm5-0,ipsl-cm6a-lr,kace-1-0-g,miroc6,miroc-es2l,mpi-esm1-2-hr,mpi-esm1-2-lr,mri-esm2-0,nesm3,noresm2-lm,noresm2-mm,ukesm1-0-ll",World Bank Climate Change Knowledge Portal (CMIP6-x0.25),,,country polygon mask; latitude-area weighted mean using cos(latitude),SSP2-4.5,Mean temperature
PNG,PNG,111.32789178937527,hd30,ssp245,2040-2059,median,climatology,days,annual climatology of ensemble of hd30: hot days with 30 degC and higher,50.0,"access-cm2,access-esm1-5,bcc-csm2-mr,canesm5,cmcc-esm2,cnrm-cm6-1,cnrm-esm2-1,ec-earth3,ec-earth3-veg-lr,fgoals-g3,gfdl-cm4,gfdl-esm4,giss-e2-1-g,hadgem3-gc31-ll,inm-cm4-8,inm-cm5-0,ipsl-cm6a-lr,kace-1-0-g,kiost-esm,miroc6,miroc-es2l,mpi-esm1-2-hr,mpi-esm1-2-lr,mri-esm2-0,nesm3,noresm2-lm,noresm2-mm,ukesm1-0-ll",World Bank Climate Change Knowledge Portal (CMIP6-x0.25),,,country polygon mask; latitude-area weighted mean using cos(latitude),SSP2-4.5,Hot days above 30°C
PNG,PNG,1.0569527755553274,tas,ssp245,2040-2059,median,anomaly,degC,ensemble of anomaly of Daily Near-Surface Air Temperature with reference period 1995-2014,50.0,"access-cm2,access-esm1-5,bcc-csm2-mr,canesm5,cmcc-esm2,cnrm-cm6-1,cnrm-esm2-1,ec-earth3,ec-earth3-veg-lr,fgoals-g3,gfdl-cm4,gfdl-esm4,giss-e2-1-g,hadgem3-gc31-ll,inm-cm4-8,inm-cm5-0,ipsl-cm6a-lr,kace-1-0-g,miroc6,miroc-es2l,mpi-esm1-2-hr,mpi-esm1-2-lr,mri-esm2-0,nesm3,noresm2-lm,noresm2-mm,ukesm1-0-ll",World Bank Climate Change Knowledge Portal (CMIP6-x0.25),,1995-2014,country polygon mask; latitude-area weighted mean using cos(latitude),SSP2-4.5,Mean temperature
PNG,PNG,24.882677329836792,tas,ssp245,2040-2059,median,climatology,degC,ensemble of Daily Near-Surface Air Temperature,50.0,"access-cm2,access-esm1-5,bcc-csm2-mr,canesm5,cmcc-esm2,cnrm-cm6-1,cnrm-esm2-1,ec-earth3,ec-earth3-veg-lr,fgoals-g3,gfdl-cm4,gfdl-esm4,giss-e2-1-g,hadgem3-gc31-ll,inm-cm4-8,inm-cm5-0,ipsl-cm6a-lr,kace-1-0-g,miroc6,miroc-es2l,mpi-esm1-2-hr,mpi-esm1-2-lr,mri-esm2-0,nesm3,noresm2-lm,noresm2-mm,ukesm1-0-ll",World Bank Climate Change Knowledge Portal (CMIP6-x0.25),,,country polygon mask; latitude-area weighted mean using cos(latitude),SSP2-4.5,Mean temperature
POL,POL,12.037910540815709,hd30,ssp245,2040-2059,median,climatology,days,annual climatology of ensemble of hd30: hot days with 30 degC and higher,50.0,"access-cm2,access-esm1-5,bcc-csm2-mr,canesm5,cmcc-esm2,cnrm-cm6-1,cnrm-esm2-1,ec-earth3,ec-earth3-veg-lr,fgoals-g3,gfdl-cm4,gfdl-esm4,giss-e2-1-g,hadgem3-gc31-ll,inm-cm4-8,inm-cm5-0,ipsl-cm6a-lr,kace-1-0-g,kiost-esm,miroc6,miroc-es2l,mpi-esm1-2-hr,mpi-esm1-2-lr,mri-esm2-0,nesm3,noresm2-lm,noresm2-mm,ukesm1-0-ll",World Bank Climate Change Knowledge Portal (CMIP6-x0.25),,,country polygon mask; latitude-area weighted mean using cos(latitude),SSP2-4.5,Hot days above 30°C
POL,POL,1.5616583021268,tas,ssp245,2040-2059,median,anomaly,degC,ensemble of anomaly of Daily Near-Surface Air Temperature with reference period 1995-2014,50.0,"access-cm2,access-esm1-5,bcc-csm2-mr,canesm5,cmcc-esm2,cnrm-cm6-1,cnrm-esm2-1,ec-earth3,ec-earth3-veg-lr,fgoals-g3,gfdl-cm4,gfdl-esm4,giss-e2-1-g,hadgem3-gc31-ll,inm-cm4-8,inm-cm5-0,ipsl-cm6a-lr,kace-1-0-g,miroc6,miroc-es2l,mpi-esm1-2-hr,mpi-esm1-2-lr,mri-esm2-0,nesm3,noresm2-lm,noresm2-mm,ukesm1-0-ll",World Bank Climate Change Knowledge Portal (CMIP6-x0.25),,1995-2014,country polygon mask; latitude-area weighted mean using cos(latitude),SSP2-4.5,Mean temperature
POL,POL,10.161955940118338,tas,ssp245,2040-2059,median,climatology,degC,ensemble of Daily Near-Surface Air Temperature,50.0,"access-cm2,access-esm1-5,bcc-csm2-mr,canesm5,cmcc-esm2,cnrm-cm6-1,cnrm-esm2-1,ec-earth3,ec-earth3-veg-lr,fgoals-g3,gfdl-cm4,gfdl-esm4,giss-e2-1-g,hadgem3-gc31-ll,inm-cm4-8,inm-cm5-0,ipsl-cm6a-lr,kace-1-0-g,miroc6,miroc-es2l,mpi-esm1-2-hr,mpi-esm1-2-lr,mri-esm2-0,nesm3,noresm2-lm,noresm2-mm,ukesm1-0-ll",World Bank Climate Change Knowledge Portal (CMIP6-x0.25),,,country polygon mask; latitude-area weighted mean using cos(latitude),SSP2-4.5,Mean temperature
PRI,PRI,107.79622909597272,hd30,ssp245,2040-2059,median,climatology,days,annual climatology of ensemble of hd30: hot days with 30 degC and higher,50.0,"access-cm2,access-esm1-5,bcc-csm2-mr,canesm5,cmcc-esm2,cnrm-cm6-1,cnrm-esm2-1,ec-earth3,ec-earth3-veg-lr,fgoals-g3,gfdl-cm4,gfdl-esm4,giss-e2-1-g,hadgem3-gc31-ll,inm-cm4-8,inm-cm5-0,ipsl-cm6a-lr,kace-1-0-g,kiost-esm,miroc6,miroc-es2l,mpi-esm1-2-hr,mpi-esm1-2-lr,mri-esm2-0,nesm3,noresm2-lm,noresm2-mm,ukesm1-0-ll",World Bank Climate Change Knowledge Portal (CMIP6-x0.25),,,country polygon mask; latitude-area weighted mean using cos(latitude),SSP2-4.5,Hot days above 30°C
PRI,PRI,1.1215923250150406,tas,ssp245,2040-2059,median,anomaly,degC,ensemble of anomaly of Daily Near-Surface Air Temperature with reference period 1995-2014,50.0,"access-cm2,access-esm1-5,bcc-csm2-mr,canesm5,cmcc-esm2,cnrm-cm6-1,cnrm-esm2-1,ec-earth3,ec-earth3-veg-lr,fgoals-g3,gfdl-cm4,gfdl-esm4,giss-e2-1-g,hadgem3-gc31-ll,inm-cm4-8,inm-cm5-0,ipsl-cm6a-lr,kace-1-0-g,miroc6,miroc-es2l,mpi-esm1-2-hr,mpi-esm1-2-lr,mri-esm2-0,nesm3,noresm2-lm,noresm2-mm,ukesm1-0-ll",World Bank Climate Change Knowledge Portal (CMIP6-x0.25),,1995-2014,country polygon mask; latitude-area weighted mean using cos(latitude),SSP2-4.5,Mean temperature
PRI,PRI,26.66730731440691,tas,ssp245,2040-2059,median,climatology,degC,ensemble of Daily Near-Surface Air Temperature,50.0,"access-cm2,access-esm1-5,bcc-csm2-mr,canesm5,cmcc-esm2,cnrm-cm6-1,cnrm-esm2-1,ec-earth3,ec-earth3-veg-lr,fgoals-g3,gfdl-cm4,gfdl-esm4,giss-e2-1-g,hadgem3-gc31-ll,inm-cm4-8,inm-cm5-0,ipsl-cm6a-lr,kace-1-0-g,miroc6,miroc-es2l,mpi-esm1-2-hr,mpi-esm1-2-lr,mri-esm2-0,nesm3,noresm2-lm,noresm2-mm,ukesm1-0-ll",World Bank Climate Change Knowledge Portal (CMIP6-x0.25),,,country polygon mask; latitude-area weighted mean using cos(latitude),SSP2-4.5,Mean temperature
PRK,PRK,13.431551311478994,hd30,ssp245,2040-2059,median,climatology,days,annual climatology of ensemble of hd30: hot days with 30 degC and higher,50.0,"access-cm2,access-esm1-5,bcc-csm2-mr,canesm5,cmcc-esm2,cnrm-cm6-1,cnrm-esm2-1,ec-earth3,ec-earth3-veg-lr,fgoals-g3,gfdl-cm4,gfdl-esm4,giss-e2-1-g,hadgem3-gc31-ll,inm-cm4-8,inm-cm5-0,ipsl-cm6a-lr,kace-1-0-g,kiost-esm,miroc6,miroc-es2l,mpi-esm1-2-hr,mpi-esm1-2-lr,mri-esm2-0,nesm3,noresm2-lm,noresm2-mm,ukesm1-0-ll",World Bank Climate Change Knowledge Portal (CMIP6-x0.25),,,country polygon mask; latitude-area weighted mean using cos(latitude),SSP2-4.5,Hot days above 30°C
PRK,PRK,1.8940068032286337,tas,ssp245,2040-2059,median,anomaly,degC,ensemble of anomaly of Daily Near-Surface Air Temperature with reference period 1995-2014,50.0,"access-cm2,access-esm1-5,bcc-csm2-mr,canesm5,cmcc-esm2,cnrm-cm6-1,cnrm-esm2-1,ec-earth3,ec-earth3-veg-lr,fgoals-g3,gfdl-cm4,gfdl-esm4,giss-e2-1-g,hadgem3-gc31-ll,inm-cm4-8,inm-cm5-0,ipsl-cm6a-lr,kace-1-0-g,miroc6,miroc-es2l,mpi-esm1-2-hr,mpi-esm1-2-lr,mri-esm2-0,nesm3,noresm2-lm,noresm2-mm,ukesm1-0-ll",World Bank Climate Change Knowledge Portal (CMIP6-x0.25),,1995-2014,country polygon mask; latitude-area weighted mean using cos(latitude),SSP2-4.5,Mean temperature
PRK,PRK,9.124885515791796,tas,ssp245,2040-2059,median,climatology,degC,ensemble of Daily Near-Surface Air Temperature,50.0,"access-cm2,access-esm1-5,bcc-csm2-mr,canesm5,cmcc-esm2,cnrm-cm6-1,cnrm-esm2-1,ec-earth3,ec-earth3-veg-lr,fgoals-g3,gfdl-cm4,gfdl-esm4,giss-e2-1-g,hadgem3-gc31-ll,inm-cm4-8,inm-cm5-0,ipsl-cm6a-lr,kace-1-0-g,miroc6,miroc-es2l,mpi-esm1-2-hr,mpi-esm1-2-lr,mri-esm2-0,nesm3,noresm2-lm,noresm2-mm,ukesm1-0-ll",World Bank Climate Change Knowledge Portal (CMIP6-x0.25),,,country polygon mask; latitude-area weighted mean using cos(latitude),SSP2-4.5,Mean temperature
PRT,PRT,54.99747294193082,hd30,ssp245,2040-2059,median,climatology,days,annual climatology of ensemble of hd30: hot days with 30 degC and higher,50.0,"access-cm2,access-esm1-5,bcc-csm2-mr,canesm5,cmcc-esm2,cnrm-cm6-1,cnrm-esm2-1,ec-earth3,ec-earth3-veg-lr,fgoals-g3,gfdl-cm4,gfdl-esm4,giss-e2-1-g,hadgem3-gc31-ll,inm-cm4-8,inm-cm5-0,ipsl-cm6a-lr,kace-1-0-g,kiost-esm,miroc6,miroc-es2l,mpi-esm1-2-hr,mpi-esm1-2-lr,mri-esm2-0,nesm3,noresm2-lm,noresm2-mm,ukesm1-0-ll",World Bank Climate Change Knowledge Portal (CMIP6-x0.25),,,country polygon mask; latitude-area weighted mean using cos(latitude),SSP2-4.5,Hot days above 30°C
PRT,PRT,1.3001082329592115,tas,ssp245,2040-2059,median,anomaly,degC,ensemble of anomaly of Daily Near-Surface Air Temperature with reference period 1995-2014,50.0,"access-cm2,access-esm1-5,bcc-csm2-mr,canesm5,cmcc-esm2,cnrm-cm6-1,cnrm-esm2-1,ec-earth3,ec-earth3-veg-lr,fgoals-g3,gfdl-cm4,gfdl-esm4,giss-e2-1-g,hadgem3-gc31-ll,inm-cm4-8,inm-cm5-0,ipsl-cm6a-lr,kace-1-0-g,miroc6,miroc-es2l,mpi-esm1-2-hr,mpi-esm1-2-lr,mri-esm2-0,nesm3,noresm2-lm,noresm2-mm,ukesm1-0-ll",World Bank Climate Change Knowledge Portal (CMIP6-x0.25),,1995-2014,country polygon mask; latitude-area weighted mean using cos(latitude),SSP2-4.5,Mean temperature
PRT,PRT,16.828087119625042,tas,ssp245,2040-2059,median,climatology,degC,ensemble of Daily Near-Surface Air Temperature,50.0,"access-cm2,access-esm1-5,bcc-csm2-mr,canesm5,cmcc-esm2,cnrm-cm6-1,cnrm-esm2-1,ec-earth3,ec-earth3-veg-lr,fgoals-g3,gfdl-cm4,gfdl-esm4,giss-e2-1-g,hadgem3-gc31-ll,inm-cm4-8,inm-cm5-0,ipsl-cm6a-lr,kace-1-0-g,miroc6,miroc-es2l,mpi-esm1-2-hr,mpi-esm1-2-lr,mri-esm2-0,nesm3,noresm2-lm,noresm2-mm,ukesm1-0-ll",World Bank Climate Change Knowledge Portal (CMIP6-x0.25),,,country polygon mask; latitude-area weighted mean using cos(latitude),SSP2-4.5,Mean temperature
PRY,PRY,225.95504055257572,hd30,ssp245,2040-2059,median,climatology,days,annual climatology of ensemble of hd30: hot days with 30 degC and higher,50.0,"access-cm2,access-esm1-5,bcc-csm2-mr,canesm5,cmcc-esm2,cnrm-cm6-1,cnrm-esm2-1,ec-earth3,ec-earth3-veg-lr,fgoals-g3,gfdl-cm4,gfdl-esm4,giss-e2-1-g,hadgem3-gc31-ll,inm-cm4-8,inm-cm5-0,ipsl-cm6a-lr,kace-1-0-g,kiost-esm,miroc6,miroc-es2l,mpi-esm1-2-hr,mpi-esm1-2-lr,mri-esm2-0,nesm3,noresm2-lm,noresm2-mm,ukesm1-0-ll",World Bank Climate Change Knowledge Portal (CMIP6-x0.25),,,country polygon mask; latitude-area weighted mean using cos(latitude),SSP2-4.5,Hot days above 30°C
PRY,PRY,1.4456451197410047,tas,ssp245,2040-2059,median,anomaly,degC,ensemble of anomaly of Daily Near-Surface Air Temperature with reference period 1995-2014,50.0,"access-cm2,access-esm1-5,bcc-csm2-mr,canesm5,cmcc-esm2,cnrm-cm6-1,cnrm-esm2-1,ec-earth3,ec-earth3-veg-lr,fgoals-g3,gfdl-cm4,gfdl-esm4,giss-e2-1-g,hadgem3-gc31-ll,inm-cm4-8,inm-cm5-0,ipsl-cm6a-lr,kace-1-0-g,miroc6,miroc-es2l,mpi-esm1-2-hr,mpi-esm1-2-lr,mri-esm2-0,nesm3,noresm2-lm,noresm2-mm,ukesm1-0-ll",World Bank Climate Change Knowledge Portal (CMIP6-x0.25),,1995-2014,country polygon mask; latitude-area weighted mean using cos(latitude),SSP2-4.5,Mean temperature
PRY,PRY,25.88568615379136,tas,ssp245,2040-2059,median,climatology,degC,ensemble of Daily Near-Surface Air Temperature,50.0,"access-cm2,access-esm1-5,bcc-csm2-mr,canesm5,cmcc-esm2,cnrm-cm6-1,cnrm-esm2-1,ec-earth3,ec-earth3-veg-lr,fgoals-g3,gfdl-cm4,gfdl-esm4,giss-e2-1-g,hadgem3-gc31-ll,inm-cm4-8,inm-cm5-0,ipsl-cm6a-lr,kace-1-0-g,miroc6,miroc-es2l,mpi-esm1-2-hr,mpi-esm1-2-lr,mri-esm2-0,nesm3,noresm2-lm,noresm2-mm,ukesm1-0-ll",World Bank Climate Change Knowledge Portal (CMIP6-x0.25),,,country polygon mask; latitude-area weighted mean using cos(latitude),SSP2-4.5,Mean temperature
PSE,PSE,160.89665889331104,hd30,ssp245,2040-2059,median,climatology,days,annual climatology of ensemble of hd30: hot days with 30 degC and higher,50.0,"access-cm2,access-esm1-5,bcc-csm2-mr,canesm5,cmcc-esm2,cnrm-cm6-1,cnrm-esm2-1,ec-earth3,ec-earth3-veg-lr,fgoals-g3,gfdl-cm4,gfdl-esm4,giss-e2-1-g,hadgem3-gc31-ll,inm-cm4-8,inm-cm5-0,ipsl-cm6a-lr,kace-1-0-g,kiost-esm,miroc6,miroc-es2l,mpi-esm1-2-hr,mpi-esm1-2-lr,mri-esm2-0,nesm3,noresm2-lm,noresm2-mm,ukesm1-0-ll",World Bank Climate Change Knowledge Portal (CMIP6-x0.25),,,country polygon mask; latitude-area weighted mean using cos(latitude),SSP2-4.5,Hot days above 30°C
PSE,PSE,1.6193258169053182,tas,ssp245,2040-2059,median,anomaly,degC,ensemble of anomaly of Daily Near-Surface Air Temperature with reference period 1995-2014,50.0,"access-cm2,access-esm1-5,bcc-csm2-mr,canesm5,cmcc-esm2,cnrm-cm6-1,cnrm-esm2-1,ec-earth3,ec-earth3-veg-lr,fgoals-g3,gfdl-cm4,gfdl-esm4,giss-e2-1-g,hadgem3-gc31-ll,inm-cm4-8,inm-cm5-0,ipsl-cm6a-lr,kace-1-0-g,miroc6,miroc-es2l,mpi-esm1-2-hr,mpi-esm1-2-lr,mri-esm2-0,nesm3,noresm2-lm,noresm2-mm,ukesm1-0-ll",World Bank Climate Change Knowledge Portal (CMIP6-x0.25),,1995-2014,country polygon mask; latitude-area weighted mean using cos(latitude),SSP2-4.5,Mean temperature
PSE,PSE,21.98628958734727,tas,ssp245,2040-2059,median,climatology,degC,ensemble of Daily Near-Surface Air Temperature,50.0,"access-cm2,access-esm1-5,bcc-csm2-mr,canesm5,cmcc-esm2,cnrm-cm6-1,cnrm-esm2-1,ec-earth3,ec-earth3-veg-lr,fgoals-g3,gfdl-cm4,gfdl-esm4,giss-e2-1-g,hadgem3-gc31-ll,inm-cm4-8,inm-cm5-0,ipsl-cm6a-lr,kace-1-0-g,miroc6,miroc-es2l,mpi-esm1-2-hr,mpi-esm1-2-lr,mri-esm2-0,nesm3,noresm2-lm,noresm2-mm,ukesm1-0-ll",World Bank Climate Change Knowledge Portal (CMIP6-x0.25),,,country polygon mask; latitude-area weighted mean using cos(latitude),SSP2-4.5,Mean temperature
PYF,PYF,0.13378468176079494,hd30,ssp245,2040-2059,median,climatology,days,annual climatology of ensemble of hd30: hot days with 30 degC and higher,50.0,"access-cm2,access-esm1-5,bcc-csm2-mr,canesm5,cmcc-esm2,cnrm-cm6-1,cnrm-esm2-1,ec-earth3,ec-earth3-veg-lr,fgoals-g3,gfdl-cm4,gfdl-esm4,giss-e2-1-g,hadgem3-gc31-ll,inm-cm4-8,inm-cm5-0,ipsl-cm6a-lr,kace-1-0-g,kiost-esm,miroc6,miroc-es2l,mpi-esm1-2-hr,mpi-esm1-2-lr,mri-esm2-0,nesm3,noresm2-lm,noresm2-mm,ukesm1-0-ll",World Bank Climate Change Knowledge Portal (CMIP6-x0.25),,,country polygon mask; latitude-area weighted mean using cos(latitude),SSP2-4.5,Hot days above 30°C
PYF,PYF,0.8615972686139525,tas,ssp245,2040-2059,median,anomaly,degC,ensemble of anomaly of Daily Near-Surface Air Temperature with reference period 1995-2014,50.0,"access-cm2,access-esm1-5,bcc-csm2-mr,canesm5,cmcc-esm2,cnrm-cm6-1,cnrm-esm2-1,ec-earth3,ec-earth3-veg-lr,fgoals-g3,gfdl-cm4,gfdl-esm4,giss-e2-1-g,hadgem3-gc31-ll,inm-cm4-8,inm-cm5-0,ipsl-cm6a-lr,kace-1-0-g,miroc6,miroc-es2l,mpi-esm1-2-hr,mpi-esm1-2-lr,mri-esm2-0,nesm3,noresm2-lm,noresm2-mm,ukesm1-0-ll",World Bank Climate Change Knowledge Portal (CMIP6-x0.25),,1995-2014,country polygon mask; latitude-area weighted mean using cos(latitude),SSP2-4.5,Mean temperature
PYF,PYF,26.60958529607967,tas,ssp245,2040-2059,median,climatology,degC,ensemble of Daily Near-Surface Air Temperature,50.0,"access-cm2,access-esm1-5,bcc-csm2-mr,canesm5,cmcc-esm2,cnrm-cm6-1,cnrm-esm2-1,ec-earth3,ec-earth3-veg-lr,fgoals-g3,gfdl-cm4,gfdl-esm4,giss-e2-1-g,hadgem3-gc31-ll,inm-cm4-8,inm-cm5-0,ipsl-cm6a-lr,kace-1-0-g,miroc6,miroc-es2l,mpi-esm1-2-hr,mpi-esm1-2-lr,mri-esm2-0,nesm3,noresm2-lm,noresm2-mm,ukesm1-0-ll",World Bank Climate Change Knowledge Portal (CMIP6-x0.25),,,country polygon mask; latitude-area weighted mean using cos(latitude),SSP2-4.5,Mean temperature
QAT,QAT,241.51676082646446,hd30,ssp245,2040-2059,median,climatology,days,annual climatology of ensemble of hd30: hot days with 30 degC and higher,50.0,"access-cm2,access-esm1-5,bcc-csm2-mr,canesm5,cmcc-esm2,cnrm-cm6-1,cnrm-esm2-1,ec-earth3,ec-earth3-veg-lr,fgoals-g3,gfdl-cm4,gfdl-esm4,giss-e2-1-g,hadgem3-gc31-ll,inm-cm4-8,inm-cm5-0,ipsl-cm6a-lr,kace-1-0-g,kiost-esm,miroc6,miroc-es2l,mpi-esm1-2-hr,mpi-esm1-2-lr,mri-esm2-0,nesm3,noresm2-lm,noresm2-mm,ukesm1-0-ll",World Bank Climate Change Knowledge Portal (CMIP6-x0.25),,,country polygon mask; latitude-area weighted mean using cos(latitude),SSP2-4.5,Hot days above 30°C
QAT,QAT,1.6750567469453,tas,ssp245,2040-2059,median,anomaly,degC,ensemble of anomaly of Daily Near-Surface Air Temperature with reference period 1995-2014,50.0,"access-cm2,access-esm1-5,bcc-csm2-mr,canesm5,cmcc-esm2,cnrm-cm6-1,cnrm-esm2-1,ec-earth3,ec-earth3-veg-lr,fgoals-g3,gfdl-cm4,gfdl-esm4,giss-e2-1-g,hadgem3-gc31-ll,inm-cm4-8,inm-cm5-0,ipsl-cm6a-lr,kace-1-0-g,miroc6,miroc-es2l,mpi-esm1-2-hr,mpi-esm1-2-lr,mri-esm2-0,nesm3,noresm2-lm,noresm2-mm,ukesm1-0-ll",World Bank Climate Change Knowledge Portal (CMIP6-x0.25),,1995-2014,country polygon mask; latitude-area weighted mean using cos(latitude),SSP2-4.5,Mean temperature
QAT,QAT,29.03932380385804,tas,ssp245,2040-2059,median,climatology,degC,ensemble of Daily Near-Surface Air Temperature,50.0,"access-cm2,access-esm1-5,bcc-csm2-mr,canesm5,cmcc-esm2,cnrm-cm6-1,cnrm-esm2-1,ec-earth3,ec-earth3-veg-lr,fgoals-g3,gfdl-cm4,gfdl-esm4,giss-e2-1-g,hadgem3-gc31-ll,inm-cm4-8,inm-cm5-0,ipsl-cm6a-lr,kace-1-0-g,miroc6,miroc-es2l,mpi-esm1-2-hr,mpi-esm1-2-lr,mri-esm2-0,nesm3,noresm2-lm,noresm2-mm,ukesm1-0-ll",World Bank Climate Change Knowledge Portal (CMIP6-x0.25),,,country polygon mask; latitude-area weighted mean using cos(latitude),SSP2-4.5,Mean temperature
REU,REU,0.0,hd30,ssp245,2040-2059,median,climatology,days,annual climatology of ensemble of hd30: hot days with 30 degC and higher,50.0,"access-cm2,access-esm1-5,bcc-csm2-mr,canesm5,cmcc-esm2,cnrm-cm6-1,cnrm-esm2-1,ec-earth3,ec-earth3-veg-lr,fgoals-g3,gfdl-cm4,gfdl-esm4,giss-e2-1-g,hadgem3-gc31-ll,inm-cm4-8,inm-cm5-0,ipsl-cm6a-lr,kace-1-0-g,kiost-esm,miroc6,miroc-es2l,mpi-esm1-2-hr,mpi-esm1-2-lr,mri-esm2-0,nesm3,noresm2-lm,noresm2-mm,ukesm1-0-ll",World Bank Climate Change Knowledge Portal (CMIP6-x0.25),,,country polygon mask; latitude-area weighted mean using cos(latitude),SSP2-4.5,Hot days above 30°C
REU,REU,0.8976634875821755,tas,ssp245,2040-2059,median,anomaly,degC,ensemble of anomaly of Daily Near-Surface Air Temperature with reference period 1995-2014,50.0,"access-cm2,access-esm1-5,bcc-csm2-mr,canesm5,cmcc-esm2,cnrm-cm6-1,cnrm-esm2-1,ec-earth3,ec-earth3-veg-lr,fgoals-g3,gfdl-cm4,gfdl-esm4,giss-e2-1-g,hadgem3-gc31-ll,inm-cm4-8,inm-cm5-0,ipsl-cm6a-lr,kace-1-0-g,miroc6,miroc-es2l,mpi-esm1-2-hr,mpi-esm1-2-lr,mri-esm2-0,nesm3,noresm2-lm,noresm2-mm,ukesm1-0-ll",World Bank Climate Change Knowledge Portal (CMIP6-x0.25),,1995-2014,country polygon mask; latitude-area weighted mean using cos(latitude),SSP2-4.5,Mean temperature
REU,REU,21.145534951017183,tas,ssp245,2040-2059,median,climatology,degC,ensemble of Daily Near-Surface Air Temperature,50.0,"access-cm2,access-esm1-5,bcc-csm2-mr,canesm5,cmcc-esm2,cnrm-cm6-1,cnrm-esm2-1,ec-earth3,ec-earth3-veg-lr,fgoals-g3,gfdl-cm4,gfdl-esm4,giss-e2-1-g,hadgem3-gc31-ll,inm-cm4-8,inm-cm5-0,ipsl-cm6a-lr,kace-1-0-g,miroc6,miroc-es2l,mpi-esm1-2-hr,mpi-esm1-2-lr,mri-esm2-0,nesm3,noresm2-lm,noresm2-mm,ukesm1-0-ll",World Bank Climate Change Knowledge Portal (CMIP6-x0.25),,,country polygon mask; latitude-area weighted mean using cos(latitude),SSP2-4.5,Mean temperature
ROU,ROU,35.83740419176218,hd30,ssp245,2040-2059,median,climatology,days,annual climatology of ensemble of hd30: hot days with 30 degC and higher,50.0,"access-cm2,access-esm1-5,bcc-csm2-mr,canesm5,cmcc-esm2,cnrm-cm6-1,cnrm-esm2-1,ec-earth3,ec-earth3-veg-lr,fgoals-g3,gfdl-cm4,gfdl-esm4,giss-e2-1-g,hadgem3-gc31-ll,inm-cm4-8,inm-cm5-0,ipsl-cm6a-lr,kace-1-0-g,kiost-esm,miroc6,miroc-es2l,mpi-esm1-2-hr,mpi-esm1-2-lr,mri-esm2-0,nesm3,noresm2-lm,noresm2-mm,ukesm1-0-ll",World Bank Climate Change Knowledge Portal (CMIP6-x0.25),,,country polygon mask; latitude-area weighted mean using cos(latitude),SSP2-4.5,Hot days above 30°C
ROU,ROU,1.7263897940144242,tas,ssp245,2040-2059,median,anomaly,degC,ensemble of anomaly of Daily Near-Surface Air Temperature with reference period 1995-2014,50.0,"access-cm2,access-esm1-5,bcc-csm2-mr,canesm5,cmcc-esm2,cnrm-cm6-1,cnrm-esm2-1,ec-earth3,ec-earth3-veg-lr,fgoals-g3,gfdl-cm4,gfdl-esm4,giss-e2-1-g,hadgem3-gc31-ll,inm-cm4-8,inm-cm5-0,ipsl-cm6a-lr,kace-1-0-g,miroc6,miroc-es2l,mpi-esm1-2-hr,mpi-esm1-2-lr,mri-esm2-0,nesm3,noresm2-lm,noresm2-mm,ukesm1-0-ll",World Bank Climate Change Knowledge Portal (CMIP6-x0.25),,1995-2014,country polygon mask; latitude-area weighted mean using cos(latitude),SSP2-4.5,Mean temperature
ROU,ROU,11.860568968859683,tas,ssp245,2040-2059,median,climatology,degC,ensemble of Daily Near-Surface Air Temperature,50.0,"access-cm2,access-esm1-5,bcc-csm2-mr,canesm5,cmcc-esm2,cnrm-cm6-1,cnrm-esm2-1,ec-earth3,ec-earth3-veg-lr,fgoals-g3,gfdl-cm4,gfdl-esm4,giss-e2-1-g,hadgem3-gc31-ll,inm-cm4-8,inm-cm5-0,ipsl-cm6a-lr,kace-1-0-g,miroc6,miroc-es2l,mpi-esm1-2-hr,mpi-esm1-2-lr,mri-esm2-0,nesm3,noresm2-lm,noresm2-mm,ukesm1-0-ll",World Bank Climate Change Knowledge Portal (CMIP6-x0.25),,,country polygon mask; latitude-area weighted mean using cos(latitude),SSP2-4.5,Mean temperature
RUS,RUS,8.016329744704134,hd30,ssp245,2040-2059,median,climatology,days,annual climatology of ensemble of hd30: hot days with 30 degC and higher,50.0,"access-cm2,access-esm1-5,bcc-csm2-mr,canesm5,cmcc-esm2,cnrm-cm6-1,cnrm-esm2-1,ec-earth3,ec-earth3-veg-lr,fgoals-g3,gfdl-cm4,gfdl-esm4,giss-e2-1-g,hadgem3-gc31-ll,inm-cm4-8,inm-cm5-0,ipsl-cm6a-lr,kace-1-0-g,kiost-esm,miroc6,miroc-es2l,mpi-esm1-2-hr,mpi-esm1-2-lr,mri-esm2-0,nesm3,noresm2-lm,noresm2-mm,ukesm1-0-ll",World Bank Climate Change Knowledge Portal (CMIP6-x0.25),,,country polygon mask; latitude-area weighted mean using cos(latitude),SSP2-4.5,Hot days above 30°C
RUS,RUS,2.2162427925779133,tas,ssp245,2040-2059,median,anomaly,degC,ensemble of anomaly of Daily Near-Surface Air Temperature with reference period 1995-2014,50.0,"access-cm2,access-esm1-5,bcc-csm2-mr,canesm5,cmcc-esm2,cnrm-cm6-1,cnrm-esm2-1,ec-earth3,ec-earth3-veg-lr,fgoals-g3,gfdl-cm4,gfdl-esm4,giss-e2-1-g,hadgem3-gc31-ll,inm-cm4-8,inm-cm5-0,ipsl-cm6a-lr,kace-1-0-g,miroc6,miroc-es2l,mpi-esm1-2-hr,mpi-esm1-2-lr,mri-esm2-0,nesm3,noresm2-lm,noresm2-mm,ukesm1-0-ll",World Bank Climate Change Knowledge Portal (CMIP6-x0.25),,1995-2014,country polygon mask; latitude-area weighted mean using cos(latitude),SSP2-4.5,Mean temperature
RUS,RUS,-1.5027413626198542,tas,ssp245,2040-2059,median,climatology,degC,ensemble of Daily Near-Surface Air Temperature,50.0,"access-cm2,access-esm1-5,bcc-csm2-mr,canesm5,cmcc-esm2,cnrm-cm6-1,cnrm-esm2-1,ec-earth3,ec-earth3-veg-lr,fgoals-g3,gfdl-cm4,gfdl-esm4,giss-e2-1-g,hadgem3-gc31-ll,inm-cm4-8,inm-cm5-0,ipsl-cm6a-lr,kace-1-0-g,miroc6,miroc-es2l,mpi-esm1-2-hr,mpi-esm1-2-lr,mri-esm2-0,nesm3,noresm2-lm,noresm2-mm,ukesm1-0-ll",World Bank Climate Change Knowledge Portal (CMIP6-x0.25),,,country polygon mask; latitude-area weighted mean using cos(latitude),SSP2-4.5,Mean temperature
RWA,RWA,6.253076354123909,hd30,ssp245,2040-2059,median,climatology,days,annual climatology of ensemble of hd30: hot days with 30 degC and higher,50.0,"access-cm2,access-esm1-5,bcc-csm2-mr,canesm5,cmcc-esm2,cnrm-cm6-1,cnrm-esm2-1,ec-earth3,ec-earth3-veg-lr,fgoals-g3,gfdl-cm4,gfdl-esm4,giss-e2-1-g,hadgem3-gc31-ll,inm-cm4-8,inm-cm5-0,ipsl-cm6a-lr,kace-1-0-g,kiost-esm,miroc6,miroc-es2l,mpi-esm1-2-hr,mpi-esm1-2-lr,mri-esm2-0,nesm3,noresm2-lm,noresm2-mm,ukesm1-0-ll",World Bank Climate Change Knowledge Portal (CMIP6-x0.25),,,country polygon mask; latitude-area weighted mean using cos(latitude),SSP2-4.5,Hot days above 30°C
RWA,RWA,1.3426429463313434,tas,ssp245,2040-2059,median,anomaly,degC,ensemble of anomaly of Daily Near-Surface Air Temperature with reference period 1995-2014,50.0,"access-cm2,access-esm1-5,bcc-csm2-mr,canesm5,cmcc-esm2,cnrm-cm6-1,cnrm-esm2-1,ec-earth3,ec-earth3-veg-lr,fgoals-g3,gfdl-cm4,gfdl-esm4,giss-e2-1-g,hadgem3-gc31-ll,inm-cm4-8,inm-cm5-0,ipsl-cm6a-lr,kace-1-0-g,miroc6,miroc-es2l,mpi-esm1-2-hr,mpi-esm1-2-lr,mri-esm2-0,nesm3,noresm2-lm,noresm2-mm,ukesm1-0-ll",World Bank Climate Change Knowledge Portal (CMIP6-x0.25),,1995-2014,country polygon mask; latitude-area weighted mean using cos(latitude),SSP2-4.5,Mean temperature
RWA,RWA,20.828034433483765,tas,ssp245,2040-2059,median,climatology,degC,ensemble of Daily Near-Surface Air Temperature,50.0,"access-cm2,access-esm1-5,bcc-csm2-mr,canesm5,cmcc-esm2,cnrm-cm6-1,cnrm-esm2-1,ec-earth3,ec-earth3-veg-lr,fgoals-g3,gfdl-cm4,gfdl-esm4,giss-e2-1-g,hadgem3-gc31-ll,inm-cm4-8,inm-cm5-0,ipsl-cm6a-lr,kace-1-0-g,miroc6,miroc-es2l,mpi-esm1-2-hr,mpi-esm1-2-lr,mri-esm2-0,nesm3,noresm2-lm,noresm2-mm,ukesm1-0-ll",World Bank Climate Change Knowledge Portal (CMIP6-x0.25),,,country polygon mask; latitude-area weighted mean using cos(latitude),SSP2-4.5,Mean temperature
SAU,SAU,243.68358715245898,hd30,ssp245,2040-2059,median,climatology,days,annual climatology of ensemble of hd30: hot days with 30 degC and higher,50.0,"access-cm2,access-esm1-5,bcc-csm2-mr,canesm5,cmcc-esm2,cnrm-cm6-1,cnrm-esm2-1,ec-earth3,ec-earth3-veg-lr,fgoals-g3,gfdl-cm4,gfdl-esm4,giss-e2-1-g,hadgem3-gc31-ll,inm-cm4-8,inm-cm5-0,ipsl-cm6a-lr,kace-1-0-g,kiost-esm,miroc6,miroc-es2l,mpi-esm1-2-hr,mpi-esm1-2-lr,mri-esm2-0,nesm3,noresm2-lm,noresm2-mm,ukesm1-0-ll",World Bank Climate Change Knowledge Portal (CMIP6-x0.25),,,country polygon mask; latitude-area weighted mean using cos(latitude),SSP2-4.5,Hot days above 30°C
SAU,SAU,1.8305032306552287,tas,ssp245,2040-2059,median,anomaly,degC,ensemble of anomaly of Daily Near-Surface Air Temperature with reference period 1995-2014,50.0,"access-cm2,access-esm1-5,bcc-csm2-mr,canesm5,cmcc-esm2,cnrm-cm6-1,cnrm-esm2-1,ec-earth3,ec-earth3-veg-lr,fgoals-g3,gfdl-cm4,gfdl-esm4,giss-e2-1-g,hadgem3-gc31-ll,inm-cm4-8,inm-cm5-0,ipsl-cm6a-lr,kace-1-0-g,miroc6,miroc-es2l,mpi-esm1-2-hr,mpi-esm1-2-lr,mri-esm2-0,nesm3,noresm2-lm,noresm2-mm,ukesm1-0-ll",World Bank Climate Change Knowledge Portal (CMIP6-x0.25),,1995-2014,country polygon mask; latitude-area weighted mean using cos(latitude),SSP2-4.5,Mean temperature
SAU,SAU,27.33146065606553,tas,ssp245,2040-2059,median,climatology,degC,ensemble of Daily Near-Surface Air Temperature,50.0,"access-cm2,access-esm1-5,bcc-csm2-mr,canesm5,cmcc-esm2,cnrm-cm6-1,cnrm-esm2-1,ec-earth3,ec-earth3-veg-lr,fgoals-g3,gfdl-cm4,gfdl-esm4,giss-e2-1-g,hadgem3-gc31-ll,inm-cm4-8,inm-cm5-0,ipsl-cm6a-lr,kace-1-0-g,miroc6,miroc-es2l,mpi-esm1-2-hr,mpi-esm1-2-lr,mri-esm2-0,nesm3,noresm2-lm,noresm2-mm,ukesm1-0-ll",World Bank Climate Change Knowledge Portal (CMIP6-x0.25),,,country polygon mask; latitude-area weighted mean using cos(latitude),SSP2-4.5,Mean temperature
SDN,SDN,298.77062821667346,hd30,ssp245,2040-2059,median,climatology,days,annual climatology of ensemble of hd30: hot days with 30 degC and higher,50.0,"access-cm2,access-esm1-5,bcc-csm2-mr,canesm5,cmcc-esm2,cnrm-cm6-1,cnrm-esm2-1,ec-earth3,ec-earth3-veg-lr,fgoals-g3,gfdl-cm4,gfdl-esm4,giss-e2-1-g,hadgem3-gc31-ll,inm-cm4-8,inm-cm5-0,ipsl-cm6a-lr,kace-1-0-g,kiost-esm,miroc6,miroc-es2l,mpi-esm1-2-hr,mpi-esm1-2-lr,mri-esm2-0,nesm3,noresm2-lm,noresm2-mm,ukesm1-0-ll",World Bank Climate Change Knowledge Portal (CMIP6-x0.25),,,country polygon mask; latitude-area weighted mean using cos(latitude),SSP2-4.5,Hot days above 30°C
SDN,SDN,1.5098115682691482,tas,ssp245,2040-2059,median,anomaly,degC,ensemble of anomaly of Daily Near-Surface Air Temperature with reference period 1995-2014,50.0,"access-cm2,access-esm1-5,bcc-csm2-mr,canesm5,cmcc-esm2,cnrm-cm6-1,cnrm-esm2-1,ec-earth3,ec-earth3-veg-lr,fgoals-g3,gfdl-cm4,gfdl-esm4,giss-e2-1-g,hadgem3-gc31-ll,inm-cm4-8,inm-cm5-0,ipsl-cm6a-lr,kace-1-0-g,miroc6,miroc-es2l,mpi-esm1-2-hr,mpi-esm1-2-lr,mri-esm2-0,nesm3,noresm2-lm,noresm2-mm,ukesm1-0-ll",World Bank Climate Change Knowledge Portal (CMIP6-x0.25),,1995-2014,country polygon mask; latitude-area weighted mean using cos(latitude),SSP2-4.5,Mean temperature
SDN,SDN,28.818228249367063,tas,ssp245,2040-2059,median,climatology,degC,ensemble of Daily Near-Surface Air Temperature,50.0,"access-cm2,access-esm1-5,bcc-csm2-mr,canesm5,cmcc-esm2,cnrm-cm6-1,cnrm-esm2-1,ec-earth3,ec-earth3-veg-lr,fgoals-g3,gfdl-cm4,gfdl-esm4,giss-e2-1-g,hadgem3-gc31-ll,inm-cm4-8,inm-cm5-0,ipsl-cm6a-lr,kace-1-0-g,miroc6,miroc-es2l,mpi-esm1-2-hr,mpi-esm1-2-lr,mri-esm2-0,nesm3,noresm2-lm,noresm2-mm,ukesm1-0-ll",World Bank Climate Change Knowledge Portal (CMIP6-x0.25),,,country polygon mask; latitude-area weighted mean using cos(latitude),SSP2-4.5,Mean temperature
SEN,SEN,350.8946940185442,hd30,ssp245,2040-2059,median,climatology,days,annual climatology of ensemble of hd30: hot days with 30 degC and higher,50.0,"access-cm2,access-esm1-5,bcc-csm2-mr,canesm5,cmcc-esm2,cnrm-cm6-1,cnrm-esm2-1,ec-earth3,ec-earth3-veg-lr,fgoals-g3,gfdl-cm4,gfdl-esm4,giss-e2-1-g,hadgem3-gc31-ll,inm-cm4-8,inm-cm5-0,ipsl-cm6a-lr,kace-1-0-g,kiost-esm,miroc6,miroc-es2l,mpi-esm1-2-hr,mpi-esm1-2-lr,mri-esm2-0,nesm3,noresm2-lm,noresm2-mm,ukesm1-0-ll",World Bank Climate Change Knowledge Portal (CMIP6-x0.25),,,country polygon mask; latitude-area weighted mean using cos(latitude),SSP2-4.5,Hot days above 30°C
SEN,SEN,1.3758572505567155,tas,ssp245,2040-2059,median,anomaly,degC,ensemble of anomaly of Daily Near-Surface Air Temperature with reference period 1995-2014,50.0,"access-cm2,access-esm1-5,bcc-csm2-mr,canesm5,cmcc-esm2,cnrm-cm6-1,cnrm-esm2-1,ec-earth3,ec-earth3-veg-lr,fgoals-g3,gfdl-cm4,gfdl-esm4,giss-e2-1-g,hadgem3-gc31-ll,inm-cm4-8,inm-cm5-0,ipsl-cm6a-lr,kace-1-0-g,miroc6,miroc-es2l,mpi-esm1-2-hr,mpi-esm1-2-lr,mri-esm2-0,nesm3,noresm2-lm,noresm2-mm,ukesm1-0-ll",World Bank Climate Change Knowledge Portal (CMIP6-x0.25),,1995-2014,country polygon mask; latitude-area weighted mean using cos(latitude),SSP2-4.5,Mean temperature
SEN,SEN,30.520981933570418,tas,ssp245,2040-2059,median,climatology,degC,ensemble of Daily Near-Surface Air Temperature,50.0,"access-cm2,access-esm1-5,bcc-csm2-mr,canesm5,cmcc-esm2,cnrm-cm6-1,cnrm-esm2-1,ec-earth3,ec-earth3-veg-lr,fgoals-g3,gfdl-cm4,gfdl-esm4,giss-e2-1-g,hadgem3-gc31-ll,inm-cm4-8,inm-cm5-0,ipsl-cm6a-lr,kace-1-0-g,miroc6,miroc-es2l,mpi-esm1-2-hr,mpi-esm1-2-lr,mri-esm2-0,nesm3,noresm2-lm,noresm2-mm,ukesm1-0-ll",World Bank Climate Change Knowledge Portal (CMIP6-x0.25),,,country polygon mask; latitude-area weighted mean using cos(latitude),SSP2-4.5,Mean temperature
SHN,SHN,0.0,hd30,ssp245,2040-2059,median,climatology,days,annual climatology of ensemble of hd30: hot days with 30 degC and higher,50.0,"access-cm2,access-esm1-5,bcc-csm2-mr,canesm5,cmcc-esm2,cnrm-cm6-1,cnrm-esm2-1,ec-earth3,ec-earth3-veg-lr,fgoals-g3,gfdl-cm4,gfdl-esm4,giss-e2-1-g,hadgem3-gc31-ll,inm-cm4-8,inm-cm5-0,ipsl-cm6a-lr,kace-1-0-g,kiost-esm,miroc6,miroc-es2l,mpi-esm1-2-hr,mpi-esm1-2-lr,mri-esm2-0,nesm3,noresm2-lm,noresm2-mm,ukesm1-0-ll",World Bank Climate Change Knowledge Portal (CMIP6-x0.25),,,country polygon mask; latitude-area weighted mean using cos(latitude),SSP2-4.5,Hot days above 30°C
SHN,SHN,0.9100000262260437,tas,ssp245,2040-2059,median,anomaly,degC,ensemble of anomaly of Daily Near-Surface Air Temperature with reference period 1995-2014,50.0,"access-cm2,access-esm1-5,bcc-csm2-mr,canesm5,cmcc-esm2,cnrm-cm6-1,cnrm-esm2-1,ec-earth3,ec-earth3-veg-lr,fgoals-g3,gfdl-cm4,gfdl-esm4,giss-e2-1-g,hadgem3-gc31-ll,inm-cm4-8,inm-cm5-0,ipsl-cm6a-lr,kace-1-0-g,miroc6,miroc-es2l,mpi-esm1-2-hr,mpi-esm1-2-lr,mri-esm2-0,nesm3,noresm2-lm,noresm2-mm,ukesm1-0-ll",World Bank Climate Change Knowledge Portal (CMIP6-x0.25),,1995-2014,country polygon mask; latitude-area weighted mean using cos(latitude),SSP2-4.5,Mean temperature
SHN,SHN,22.29599952697754,tas,ssp245,2040-2059,median,climatology,degC,ensemble of Daily Near-Surface Air Temperature,50.0,"access-cm2,access-esm1-5,bcc-csm2-mr,canesm5,cmcc-esm2,cnrm-cm6-1,cnrm-esm2-1,ec-earth3,ec-earth3-veg-lr,fgoals-g3,gfdl-cm4,gfdl-esm4,giss-e2-1-g,hadgem3-gc31-ll,inm-cm4-8,inm-cm5-0,ipsl-cm6a-lr,kace-1-0-g,miroc6,miroc-es2l,mpi-esm1-2-hr,mpi-esm1-2-lr,mri-esm2-0,nesm3,noresm2-lm,noresm2-mm,ukesm1-0-ll",World Bank Climate Change Knowledge Portal (CMIP6-x0.25),,,country polygon mask; latitude-area weighted mean using cos(latitude),SSP2-4.5,Mean temperature
SJM,SJM,0.0,hd30,ssp245,2040-2059,median,climatology,days,annual climatology of ensemble of hd30: hot days with 30 degC and higher,50.0,"access-cm2,access-esm1-5,bcc-csm2-mr,canesm5,cmcc-esm2,cnrm-cm6-1,cnrm-esm2-1,ec-earth3,ec-earth3-veg-lr,fgoals-g3,gfdl-cm4,gfdl-esm4,giss-e2-1-g,hadgem3-gc31-ll,inm-cm4-8,inm-cm5-0,ipsl-cm6a-lr,kace-1-0-g,kiost-esm,miroc6,miroc-es2l,mpi-esm1-2-hr,mpi-esm1-2-lr,mri-esm2-0,nesm3,noresm2-lm,noresm2-mm,ukesm1-0-ll",World Bank Climate Change Knowledge Portal (CMIP6-x0.25),,,country polygon mask; latitude-area weighted mean using cos(latitude),SSP2-4.5,Hot days above 30°C
SJM,SJM,3.8447768525494466,tas,ssp245,2040-2059,median,anomaly,degC,ensemble of anomaly of Daily Near-Surface Air Temperature with reference period 1995-2014,50.0,"access-cm2,access-esm1-5,bcc-csm2-mr,canesm5,cmcc-esm2,cnrm-cm6-1,cnrm-esm2-1,ec-earth3,ec-earth3-veg-lr,fgoals-g3,gfdl-cm4,gfdl-esm4,giss-e2-1-g,hadgem3-gc31-ll,inm-cm4-8,inm-cm5-0,ipsl-cm6a-lr,kace-1-0-g,miroc6,miroc-es2l,mpi-esm1-2-hr,mpi-esm1-2-lr,mri-esm2-0,nesm3,noresm2-lm,noresm2-mm,ukesm1-0-ll",World Bank Climate Change Knowledge Portal (CMIP6-x0.25),,1995-2014,country polygon mask; latitude-area weighted mean using cos(latitude),SSP2-4.5,Mean temperature
SJM,SJM,-4.857588859433513,tas,ssp245,2040-2059,median,climatology,degC,ensemble of Daily Near-Surface Air Temperature,50.0,"access-cm2,access-esm1-5,bcc-csm2-mr,canesm5,cmcc-esm2,cnrm-cm6-1,cnrm-esm2-1,ec-earth3,ec-earth3-veg-lr,fgoals-g3,gfdl-cm4,gfdl-esm4,giss-e2-1-g,hadgem3-gc31-ll,inm-cm4-8,inm-cm5-0,ipsl-cm6a-lr,kace-1-0-g,miroc6,miroc-es2l,mpi-esm1-2-hr,mpi-esm1-2-lr,mri-esm2-0,nesm3,noresm2-lm,noresm2-mm,ukesm1-0-ll",World Bank Climate Change Knowledge Portal (CMIP6-x0.25),,,country polygon mask; latitude-area weighted mean using cos(latitude),SSP2-4.5,Mean temperature
SLB,SLB,30.060811595230245,hd30,ssp245,2040-2059,median,climatology,days,annual climatology of ensemble of hd30: hot days with 30 degC and higher,50.0,"access-cm2,access-esm1-5,bcc-csm2-mr,canesm5,cmcc-esm2,cnrm-cm6-1,cnrm-esm2-1,ec-earth3,ec-earth3-veg-lr,fgoals-g3,gfdl-cm4,gfdl-esm4,giss-e2-1-g,hadgem3-gc31-ll,inm-cm4-8,inm-cm5-0,ipsl-cm6a-lr,kace-1-0-g,kiost-esm,miroc6,miroc-es2l,mpi-esm1-2-hr,mpi-esm1-2-lr,mri-esm2-0,nesm3,noresm2-lm,noresm2-mm,ukesm1-0-ll",World Bank Climate Change Knowledge Portal (CMIP6-x0.25),,,country polygon mask; latitude-area weighted mean using cos(latitude),SSP2-4.5,Hot days above 30°C
SLB,SLB,1.011828715013884,tas,ssp245,2040-2059,median,anomaly,degC,ensemble of anomaly of Daily Near-Surface Air Temperature with reference period 1995-2014,50.0,"access-cm2,access-esm1-5,bcc-csm2-mr,canesm5,cmcc-esm2,cnrm-cm6-1,cnrm-esm2-1,ec-earth3,ec-earth3-veg-lr,fgoals-g3,gfdl-cm4,gfdl-esm4,giss-e2-1-g,hadgem3-gc31-ll,inm-cm4-8,inm-cm5-0,ipsl-cm6a-lr,kace-1-0-g,miroc6,miroc-es2l,mpi-esm1-2-hr,mpi-esm1-2-lr,mri-esm2-0,nesm3,noresm2-lm,noresm2-mm,ukesm1-0-ll",World Bank Climate Change Knowledge Portal (CMIP6-x0.25),,1995-2014,country polygon mask; latitude-area weighted mean using cos(latitude),SSP2-4.5,Mean temperature
SLB,SLB,27.252135024114615,tas,ssp245,2040-2059,median,climatology,degC,ensemble of Daily Near-Surface Air Temperature,50.0,"access-cm2,access-esm1-5,bcc-csm2-mr,canesm5,cmcc-esm2,cnrm-cm6-1,cnrm-esm2-1,ec-earth3,ec-earth3-veg-lr,fgoals-g3,gfdl-cm4,gfdl-esm4,giss-e2-1-g,hadgem3-gc31-ll,inm-cm4-8,inm-cm5-0,ipsl-cm6a-lr,kace-1-0-g,miroc6,miroc-es2l,mpi-esm1-2-hr,mpi-esm1-2-lr,mri-esm2-0,nesm3,noresm2-lm,noresm2-mm,ukesm1-0-ll",World Bank Climate Change Knowledge Portal (CMIP6-x0.25),,,country polygon mask; latitude-area weighted mean using cos(latitude),SSP2-4.5,Mean temperature
SLE,SLE,255.53052240217477,hd30,ssp245,2040-2059,median,climatology,days,annual climatology of ensemble of hd30: hot days with 30 degC and higher,50.0,"access-cm2,access-esm1-5,bcc-csm2-mr,canesm5,cmcc-esm2,cnrm-cm6-1,cnrm-esm2-1,ec-earth3,ec-earth3-veg-lr,fgoals-g3,gfdl-cm4,gfdl-esm4,giss-e2-1-g,hadgem3-gc31-ll,inm-cm4-8,inm-cm5-0,ipsl-cm6a-lr,kace-1-0-g,kiost-esm,miroc6,miroc-es2l,mpi-esm1-2-hr,mpi-esm1-2-lr,mri-esm2-0,nesm3,noresm2-lm,noresm2-mm,ukesm1-0-ll",World Bank Climate Change Knowledge Portal (CMIP6-x0.25),,,country polygon mask; latitude-area weighted mean using cos(latitude),SSP2-4.5,Hot days above 30°C
SLE,SLE,1.2596671524915444,tas,ssp245,2040-2059,median,anomaly,degC,ensemble of anomaly of Daily Near-Surface Air Temperature with reference period 1995-2014,50.0,"access-cm2,access-esm1-5,bcc-csm2-mr,canesm5,cmcc-esm2,cnrm-cm6-1,cnrm-esm2-1,ec-earth3,ec-earth3-veg-lr,fgoals-g3,gfdl-cm4,gfdl-esm4,giss-e2-1-g,hadgem3-gc31-ll,inm-cm4-8,inm-cm5-0,ipsl-cm6a-lr,kace-1-0-g,miroc6,miroc-es2l,mpi-esm1-2-hr,mpi-esm1-2-lr,mri-esm2-0,nesm3,noresm2-lm,noresm2-mm,ukesm1-0-ll",World Bank Climate Change Knowledge Portal (CMIP6-x0.25),,1995-2014,country polygon mask; latitude-area weighted mean using cos(latitude),SSP2-4.5,Mean temperature
SLE,SLE,27.7485431402013,tas,ssp245,2040-2059,median,climatology,degC,ensemble of Daily Near-Surface Air Temperature,50.0,"access-cm2,access-esm1-5,bcc-csm2-mr,canesm5,cmcc-esm2,cnrm-cm6-1,cnrm-esm2-1,ec-earth3,ec-earth3-veg-lr,fgoals-g3,gfdl-cm4,gfdl-esm4,giss-e2-1-g,hadgem3-gc31-ll,inm-cm4-8,inm-cm5-0,ipsl-cm6a-lr,kace-1-0-g,miroc6,miroc-es2l,mpi-esm1-2-hr,mpi-esm1-2-lr,mri-esm2-0,nesm3,noresm2-lm,noresm2-mm,ukesm1-0-ll",World Bank Climate Change Knowledge Portal (CMIP6-x0.25),,,country polygon mask; latitude-area weighted mean using cos(latitude),SSP2-4.5,Mean temperature
SLV,SLV,302.4249845860497,hd30,ssp245,2040-2059,median,climatology,days,annual climatology of ensemble of hd30: hot days with 30 degC and higher,50.0,"access-cm2,access-esm1-5,bcc-csm2-mr,canesm5,cmcc-esm2,cnrm-cm6-1,cnrm-esm2-1,ec-earth3,ec-earth3-veg-lr,fgoals-g3,gfdl-cm4,gfdl-esm4,giss-e2-1-g,hadgem3-gc31-ll,inm-cm4-8,inm-cm5-0,ipsl-cm6a-lr,kace-1-0-g,kiost-esm,miroc6,miroc-es2l,mpi-esm1-2-hr,mpi-esm1-2-lr,mri-esm2-0,nesm3,noresm2-lm,noresm2-mm,ukesm1-0-ll",World Bank Climate Change Knowledge Portal (CMIP6-x0.25),,,country polygon mask; latitude-area weighted mean using cos(latitude),SSP2-4.5,Hot days above 30°C
SLV,SLV,1.3301924906726346,tas,ssp245,2040-2059,median,anomaly,degC,ensemble of anomaly of Daily Near-Surface Air Temperature with reference period 1995-2014,50.0,"access-cm2,access-esm1-5,bcc-csm2-mr,canesm5,cmcc-esm2,cnrm-cm6-1,cnrm-esm2-1,ec-earth3,ec-earth3-veg-lr,fgoals-g3,gfdl-cm4,gfdl-esm4,giss-e2-1-g,hadgem3-gc31-ll,inm-cm4-8,inm-cm5-0,ipsl-cm6a-lr,kace-1-0-g,miroc6,miroc-es2l,mpi-esm1-2-hr,mpi-esm1-2-lr,mri-esm2-0,nesm3,noresm2-lm,noresm2-mm,ukesm1-0-ll",World Bank Climate Change Knowledge Portal (CMIP6-x0.25),,1995-2014,country polygon mask; latitude-area weighted mean using cos(latitude),SSP2-4.5,Mean temperature
SLV,SLV,27.729721156822812,tas,ssp245,2040-2059,median,climatology,degC,ensemble of Daily Near-Surface Air Temperature,50.0,"access-cm2,access-esm1-5,bcc-csm2-mr,canesm5,cmcc-esm2,cnrm-cm6-1,cnrm-esm2-1,ec-earth3,ec-earth3-veg-lr,fgoals-g3,gfdl-cm4,gfdl-esm4,giss-e2-1-g,hadgem3-gc31-ll,inm-cm4-8,inm-cm5-0,ipsl-cm6a-lr,kace-1-0-g,miroc6,miroc-es2l,mpi-esm1-2-hr,mpi-esm1-2-lr,mri-esm2-0,nesm3,noresm2-lm,noresm2-mm,ukesm1-0-ll",World Bank Climate Change Knowledge Portal (CMIP6-x0.25),,,country polygon mask; latitude-area weighted mean using cos(latitude),SSP2-4.5,Mean temperature
SOM,SOM,313.91326343574394,hd30,ssp245,2040-2059,median,climatology,days,annual climatology of ensemble of hd30: hot days with 30 degC and higher,50.0,"access-cm2,access-esm1-5,bcc-csm2-mr,canesm5,cmcc-esm2,cnrm-cm6-1,cnrm-esm2-1,ec-earth3,ec-earth3-veg-lr,fgoals-g3,gfdl-cm4,gfdl-esm4,giss-e2-1-g,hadgem3-gc31-ll,inm-cm4-8,inm-cm5-0,ipsl-cm6a-lr,kace-1-0-g,kiost-esm,miroc6,miroc-es2l,mpi-esm1-2-hr,mpi-esm1-2-lr,mri-esm2-0,nesm3,noresm2-lm,noresm2-mm,ukesm1-0-ll",World Bank Climate Change Knowledge Portal (CMIP6-x0.25),,,country polygon mask; latitude-area weighted mean using cos(latitude),SSP2-4.5,Hot days above 30°C
SOM,SOM,1.267616239180563,tas,ssp245,2040-2059,median,anomaly,degC,ensemble of anomaly of Daily Near-Surface Air Temperature with reference period 1995-2014,50.0,"access-cm2,access-esm1-5,bcc-csm2-mr,canesm5,cmcc-esm2,cnrm-cm6-1,cnrm-esm2-1,ec-earth3,ec-earth3-veg-lr,fgoals-g3,gfdl-cm4,gfdl-esm4,giss-e2-1-g,hadgem3-gc31-ll,inm-cm4-8,inm-cm5-0,ipsl-cm6a-lr,kace-1-0-g,miroc6,miroc-es2l,mpi-esm1-2-hr,mpi-esm1-2-lr,mri-esm2-0,nesm3,noresm2-lm,noresm2-mm,ukesm1-0-ll",World Bank Climate Change Knowledge Portal (CMIP6-x0.25),,1995-2014,country polygon mask; latitude-area weighted mean using cos(latitude),SSP2-4.5,Mean temperature
SOM,SOM,28.328185875408366,tas,ssp245,2040-2059,median,climatology,degC,ensemble of Daily Near-Surface Air Temperature,50.0,"access-cm2,access-esm1-5,bcc-csm2-mr,canesm5,cmcc-esm2,cnrm-cm6-1,cnrm-esm2-1,ec-earth3,ec-earth3-veg-lr,fgoals-g3,gfdl-cm4,gfdl-esm4,giss-e2-1-g,hadgem3-gc31-ll,inm-cm4-8,inm-cm5-0,ipsl-cm6a-lr,kace-1-0-g,miroc6,miroc-es2l,mpi-esm1-2-hr,mpi-esm1-2-lr,mri-esm2-0,nesm3,noresm2-lm,noresm2-mm,ukesm1-0-ll",World Bank Climate Change Knowledge Portal (CMIP6-x0.25),,,country polygon mask; latitude-area weighted mean using cos(latitude),SSP2-4.5,Mean temperature
SRB,SRB,46.36431040206444,hd30,ssp245,2040-2059,median,climatology,days,annual climatology of ensemble of hd30: hot days with 30 degC and higher,50.0,"access-cm2,access-esm1-5,bcc-csm2-mr,canesm5,cmcc-esm2,cnrm-cm6-1,cnrm-esm2-1,ec-earth3,ec-earth3-veg-lr,fgoals-g3,gfdl-cm4,gfdl-esm4,giss-e2-1-g,hadgem3-gc31-ll,inm-cm4-8,inm-cm5-0,ipsl-cm6a-lr,kace-1-0-g,kiost-esm,miroc6,miroc-es2l,mpi-esm1-2-hr,mpi-esm1-2-lr,mri-esm2-0,nesm3,noresm2-lm,noresm2-mm,ukesm1-0-ll",World Bank Climate Change Knowledge Portal (CMIP6-x0.25),,,country polygon mask; latitude-area weighted mean using cos(latitude),SSP2-4.5,Hot days above 30°C
SRB,SRB,1.6646943404762464,tas,ssp245,2040-2059,median,anomaly,degC,ensemble of anomaly of Daily Near-Surface Air Temperature with reference period 1995-2014,50.0,"access-cm2,access-esm1-5,bcc-csm2-mr,canesm5,cmcc-esm2,cnrm-cm6-1,cnrm-esm2-1,ec-earth3,ec-earth3-veg-lr,fgoals-g3,gfdl-cm4,gfdl-esm4,giss-e2-1-g,hadgem3-gc31-ll,inm-cm4-8,inm-cm5-0,ipsl-cm6a-lr,kace-1-0-g,miroc6,miroc-es2l,mpi-esm1-2-hr,mpi-esm1-2-lr,mri-esm2-0,nesm3,noresm2-lm,noresm2-mm,ukesm1-0-ll",World Bank Climate Change Knowledge Portal (CMIP6-x0.25),,1995-2014,country polygon mask; latitude-area weighted mean using cos(latitude),SSP2-4.5,Mean temperature
SRB,SRB,12.952585542994372,tas,ssp245,2040-2059,median,climatology,degC,ensemble of Daily Near-Surface Air Temperature,50.0,"access-cm2,access-esm1-5,bcc-csm2-mr,canesm5,cmcc-esm2,cnrm-cm6-1,cnrm-esm2-1,ec-earth3,ec-earth3-veg-lr,fgoals-g3,gfdl-cm4,gfdl-esm4,giss-e2-1-g,hadgem3-gc31-ll,inm-cm4-8,inm-cm5-0,ipsl-cm6a-lr,kace-1-0-g,miroc6,miroc-es2l,mpi-esm1-2-hr,mpi-esm1-2-lr,mri-esm2-0,nesm3,noresm2-lm,noresm2-mm,ukesm1-0-ll",World Bank Climate Change Knowledge Portal (CMIP6-x0.25),,,country polygon mask; latitude-area weighted mean using cos(latitude),SSP2-4.5,Mean temperature
SSD,SSD,324.01019695005704,hd30,ssp245,2040-2059,median,climatology,days,annual climatology of ensemble of hd30: hot days with 30 degC and higher,50.0,"access-cm2,access-esm1-5,bcc-csm2-mr,canesm5,cmcc-esm2,cnrm-cm6-1,cnrm-esm2-1,ec-earth3,ec-earth3-veg-lr,fgoals-g3,gfdl-cm4,gfdl-esm4,giss-e2-1-g,hadgem3-gc31-ll,inm-cm4-8,inm-cm5-0,ipsl-cm6a-lr,kace-1-0-g,kiost-esm,miroc6,miroc-es2l,mpi-esm1-2-hr,mpi-esm1-2-lr,mri-esm2-0,nesm3,noresm2-lm,noresm2-mm,ukesm1-0-ll",World Bank Climate Change Knowledge Portal (CMIP6-x0.25),,,country polygon mask; latitude-area weighted mean using cos(latitude),SSP2-4.5,Hot days above 30°C
SSD,SSD,1.2634110808372787,tas,ssp245,2040-2059,median,anomaly,degC,ensemble of anomaly of Daily Near-Surface Air Temperature with reference period 1995-2014,50.0,"access-cm2,access-esm1-5,bcc-csm2-mr,canesm5,cmcc-esm2,cnrm-cm6-1,cnrm-esm2-1,ec-earth3,ec-earth3-veg-lr,fgoals-g3,gfdl-cm4,gfdl-esm4,giss-e2-1-g,hadgem3-gc31-ll,inm-cm4-8,inm-cm5-0,ipsl-cm6a-lr,kace-1-0-g,miroc6,miroc-es2l,mpi-esm1-2-hr,mpi-esm1-2-lr,mri-esm2-0,nesm3,noresm2-lm,noresm2-mm,ukesm1-0-ll",World Bank Climate Change Knowledge Portal (CMIP6-x0.25),,1995-2014,country polygon mask; latitude-area weighted mean using cos(latitude),SSP2-4.5,Mean temperature
SSD,SSD,29.096875121533103,tas,ssp245,2040-2059,median,climatology,degC,ensemble of Daily Near-Surface Air Temperature,50.0,"access-cm2,access-esm1-5,bcc-csm2-mr,canesm5,cmcc-esm2,cnrm-cm6-1,cnrm-esm2-1,ec-earth3,ec-earth3-veg-lr,fgoals-g3,gfdl-cm4,gfdl-esm4,giss-e2-1-g,hadgem3-gc31-ll,inm-cm4-8,inm-cm5-0,ipsl-cm6a-lr,kace-1-0-g,miroc6,miroc-es2l,mpi-esm1-2-hr,mpi-esm1-2-lr,mri-esm2-0,nesm3,noresm2-lm,noresm2-mm,ukesm1-0-ll",World Bank Climate Change Knowledge Portal (CMIP6-x0.25),,,country polygon mask; latitude-area weighted mean using cos(latitude),SSP2-4.5,Mean temperature
STP,STP,0.5,hd30,ssp245,2040-2059,median,climatology,days,annual climatology of ensemble of hd30: hot days with 30 degC and higher,50.0,"access-cm2,access-esm1-5,bcc-csm2-mr,canesm5,cmcc-esm2,cnrm-cm6-1,cnrm-esm2-1,ec-earth3,ec-earth3-veg-lr,fgoals-g3,gfdl-cm4,gfdl-esm4,giss-e2-1-g,hadgem3-gc31-ll,inm-cm4-8,inm-cm5-0,ipsl-cm6a-lr,kace-1-0-g,kiost-esm,miroc6,miroc-es2l,mpi-esm1-2-hr,mpi-esm1-2-lr,mri-esm2-0,nesm3,noresm2-lm,noresm2-mm,ukesm1-0-ll",World Bank Climate Change Knowledge Portal (CMIP6-x0.25),,,country polygon mask; latitude-area weighted mean using cos(latitude),SSP2-4.5,Hot days above 30°C
STP,STP,1.0839999914169312,tas,ssp245,2040-2059,median,anomaly,degC,ensemble of anomaly of Daily Near-Surface Air Temperature with reference period 1995-2014,50.0,"access-cm2,access-esm1-5,bcc-csm2-mr,canesm5,cmcc-esm2,cnrm-cm6-1,cnrm-esm2-1,ec-earth3,ec-earth3-veg-lr,fgoals-g3,gfdl-cm4,gfdl-esm4,giss-e2-1-g,hadgem3-gc31-ll,inm-cm4-8,inm-cm5-0,ipsl-cm6a-lr,kace-1-0-g,miroc6,miroc-es2l,mpi-esm1-2-hr,mpi-esm1-2-lr,mri-esm2-0,nesm3,noresm2-lm,noresm2-mm,ukesm1-0-ll",World Bank Climate Change Knowledge Portal (CMIP6-x0.25),,1995-2014,country polygon mask; latitude-area weighted mean using cos(latitude),SSP2-4.5,Mean temperature
STP,STP,26.551000595092773,tas,ssp245,2040-2059,median,climatology,degC,ensemble of Daily Near-Surface Air Temperature,50.0,"access-cm2,access-esm1-5,bcc-csm2-mr,canesm5,cmcc-esm2,cnrm-cm6-1,cnrm-esm2-1,ec-earth3,ec-earth3-veg-lr,fgoals-g3,gfdl-cm4,gfdl-esm4,giss-e2-1-g,hadgem3-gc31-ll,inm-cm4-8,inm-cm5-0,ipsl-cm6a-lr,kace-1-0-g,miroc6,miroc-es2l,mpi-esm1-2-hr,mpi-esm1-2-lr,mri-esm2-0,nesm3,noresm2-lm,noresm2-mm,ukesm1-0-ll",World Bank Climate Change Knowledge Portal (CMIP6-x0.25),,,country polygon mask; latitude-area weighted mean using cos(latitude),SSP2-4.5,Mean temperature
SUR,SUR,307.49238498877816,hd30,ssp245,2040-2059,median,climatology,days,annual climatology of ensemble of hd30: hot days with 30 degC and higher,50.0,"access-cm2,access-esm1-5,bcc-csm2-mr,canesm5,cmcc-esm2,cnrm-cm6-1,cnrm-esm2-1,ec-earth3,ec-earth3-veg-lr,fgoals-g3,gfdl-cm4,gfdl-esm4,giss-e2-1-g,hadgem3-gc31-ll,inm-cm4-8,inm-cm5-0,ipsl-cm6a-lr,kace-1-0-g,kiost-esm,miroc6,miroc-es2l,mpi-esm1-2-hr,mpi-esm1-2-lr,mri-esm2-0,nesm3,noresm2-lm,noresm2-mm,ukesm1-0-ll",World Bank Climate Change Knowledge Portal (CMIP6-x0.25),,,country polygon mask; latitude-area weighted mean using cos(latitude),SSP2-4.5,Hot days above 30°C
SUR,SUR,1.3217917816663916,tas,ssp245,2040-2059,median,anomaly,degC,ensemble of anomaly of Daily Near-Surface Air Temperature with reference period 1995-2014,50.0,"access-cm2,access-esm1-5,bcc-csm2-mr,canesm5,cmcc-esm2,cnrm-cm6-1,cnrm-esm2-1,ec-earth3,ec-earth3-veg-lr,fgoals-g3,gfdl-cm4,gfdl-esm4,giss-e2-1-g,hadgem3-gc31-ll,inm-cm4-8,inm-cm5-0,ipsl-cm6a-lr,kace-1-0-g,miroc6,miroc-es2l,mpi-esm1-2-hr,mpi-esm1-2-lr,mri-esm2-0,nesm3,noresm2-lm,noresm2-mm,ukesm1-0-ll",World Bank Climate Change Knowledge Portal (CMIP6-x0.25),,1995-2014,country polygon mask; latitude-area weighted mean using cos(latitude),SSP2-4.5,Mean temperature
SUR,SUR,27.984597677376282,tas,ssp245,2040-2059,median,climatology,degC,ensemble of Daily Near-Surface Air Temperature,50.0,"access-cm2,access-esm1-5,bcc-csm2-mr,canesm5,cmcc-esm2,cnrm-cm6-1,cnrm-esm2-1,ec-earth3,ec-earth3-veg-lr,fgoals-g3,gfdl-cm4,gfdl-esm4,giss-e2-1-g,hadgem3-gc31-ll,inm-cm4-8,inm-cm5-0,ipsl-cm6a-lr,kace-1-0-g,miroc6,miroc-es2l,mpi-esm1-2-hr,mpi-esm1-2-lr,mri-esm2-0,nesm3,noresm2-lm,noresm2-mm,ukesm1-0-ll",World Bank Climate Change Knowledge Portal (CMIP6-x0.25),,,country polygon mask; latitude-area weighted mean using cos(latitude),SSP2-4.5,Mean temperature
SVK,SVK,18.63004773013446,hd30,ssp245,2040-2059,median,climatology,days,annual climatology of ensemble of hd30: hot days with 30 degC and higher,50.0,"access-cm2,access-esm1-5,bcc-csm2-mr,canesm5,cmcc-esm2,cnrm-cm6-1,cnrm-esm2-1,ec-earth3,ec-earth3-veg-lr,fgoals-g3,gfdl-cm4,gfdl-esm4,giss-e2-1-g,hadgem3-gc31-ll,inm-cm4-8,inm-cm5-0,ipsl-cm6a-lr,kace-1-0-g,kiost-esm,miroc6,miroc-es2l,mpi-esm1-2-hr,mpi-esm1-2-lr,mri-esm2-0,nesm3,noresm2-lm,noresm2-mm,ukesm1-0-ll",World Bank Climate Change Knowledge Portal (CMIP6-x0.25),,,country polygon mask; latitude-area weighted mean using cos(latitude),SSP2-4.5,Hot days above 30°C
SVK,SVK,1.7098996923473684,tas,ssp245,2040-2059,median,anomaly,degC,ensemble of anomaly of Daily Near-Surface Air Temperature with reference period 1995-2014,50.0,"access-cm2,access-esm1-5,bcc-csm2-mr,canesm5,cmcc-esm2,cnrm-cm6-1,cnrm-esm2-1,ec-earth3,ec-earth3-veg-lr,fgoals-g3,gfdl-cm4,gfdl-esm4,giss-e2-1-g,hadgem3-gc31-ll,inm-cm4-8,inm-cm5-0,ipsl-cm6a-lr,kace-1-0-g,miroc6,miroc-es2l,mpi-esm1-2-hr,mpi-esm1-2-lr,mri-esm2-0,nesm3,noresm2-lm,noresm2-mm,ukesm1-0-ll",World Bank Climate Change Knowledge Portal (CMIP6-x0.25),,1995-2014,country polygon mask; latitude-area weighted mean using cos(latitude),SSP2-4.5,Mean temperature
SVK,SVK,10.25986785198132,tas,ssp245,2040-2059,median,climatology,degC,ensemble of Daily Near-Surface Air Temperature,50.0,"access-cm2,access-esm1-5,bcc-csm2-mr,canesm5,cmcc-esm2,cnrm-cm6-1,cnrm-esm2-1,ec-earth3,ec-earth3-veg-lr,fgoals-g3,gfdl-cm4,gfdl-esm4,giss-e2-1-g,hadgem3-gc31-ll,inm-cm4-8,inm-cm5-0,ipsl-cm6a-lr,kace-1-0-g,miroc6,miroc-es2l,mpi-esm1-2-hr,mpi-esm1-2-lr,mri-esm2-0,nesm3,noresm2-lm,noresm2-mm,ukesm1-0-ll",World Bank Climate Change Knowledge Portal (CMIP6-x0.25),,,country polygon mask; latitude-area weighted mean using cos(latitude),SSP2-4.5,Mean temperature
SVN,SVN,18.178461644634513,hd30,ssp245,2040-2059,median,climatology,days,annual climatology of ensemble of hd30: hot days with 30 degC and higher,50.0,"access-cm2,access-esm1-5,bcc-csm2-mr,canesm5,cmcc-esm2,cnrm-cm6-1,cnrm-esm2-1,ec-earth3,ec-earth3-veg-lr,fgoals-g3,gfdl-cm4,gfdl-esm4,giss-e2-1-g,hadgem3-gc31-ll,inm-cm4-8,inm-cm5-0,ipsl-cm6a-lr,kace-1-0-g,kiost-esm,miroc6,miroc-es2l,mpi-esm1-2-hr,mpi-esm1-2-lr,mri-esm2-0,nesm3,noresm2-lm,noresm2-mm,ukesm1-0-ll",World Bank Climate Change Knowledge Portal (CMIP6-x0.25),,,country polygon mask; latitude-area weighted mean using cos(latitude),SSP2-4.5,Hot days above 30°C
SVN,SVN,1.6602069473515748,tas,ssp245,2040-2059,median,anomaly,degC,ensemble of anomaly of Daily Near-Surface Air Temperature with reference period 1995-2014,50.0,"access-cm2,access-esm1-5,bcc-csm2-mr,canesm5,cmcc-esm2,cnrm-cm6-1,cnrm-esm2-1,ec-earth3,ec-earth3-veg-lr,fgoals-g3,gfdl-cm4,gfdl-esm4,giss-e2-1-g,hadgem3-gc31-ll,inm-cm4-8,inm-cm5-0,ipsl-cm6a-lr,kace-1-0-g,miroc6,miroc-es2l,mpi-esm1-2-hr,mpi-esm1-2-lr,mri-esm2-0,nesm3,noresm2-lm,noresm2-mm,ukesm1-0-ll",World Bank Climate Change Knowledge Portal (CMIP6-x0.25),,1995-2014,country polygon mask; latitude-area weighted mean using cos(latitude),SSP2-4.5,Mean temperature
SVN,SVN,11.732280322453366,tas,ssp245,2040-2059,median,climatology,degC,ensemble of Daily Near-Surface Air Temperature,50.0,"access-cm2,access-esm1-5,bcc-csm2-mr,canesm5,cmcc-esm2,cnrm-cm6-1,cnrm-esm2-1,ec-earth3,ec-earth3-veg-lr,fgoals-g3,gfdl-cm4,gfdl-esm4,giss-e2-1-g,hadgem3-gc31-ll,inm-cm4-8,inm-cm5-0,ipsl-cm6a-lr,kace-1-0-g,miroc6,miroc-es2l,mpi-esm1-2-hr,mpi-esm1-2-lr,mri-esm2-0,nesm3,noresm2-lm,noresm2-mm,ukesm1-0-ll",World Bank Climate Change Knowledge Portal (CMIP6-x0.25),,,country polygon mask; latitude-area weighted mean using cos(latitude),SSP2-4.5,Mean temperature
SWE,SWE,0.5803291680577977,hd30,ssp245,2040-2059,median,climatology,days,annual climatology of ensemble of hd30: hot days with 30 degC and higher,50.0,"access-cm2,access-esm1-5,bcc-csm2-mr,canesm5,cmcc-esm2,cnrm-cm6-1,cnrm-esm2-1,ec-earth3,ec-earth3-veg-lr,fgoals-g3,gfdl-cm4,gfdl-esm4,giss-e2-1-g,hadgem3-gc31-ll,inm-cm4-8,inm-cm5-0,ipsl-cm6a-lr,kace-1-0-g,kiost-esm,miroc6,miroc-es2l,mpi-esm1-2-hr,mpi-esm1-2-lr,mri-esm2-0,nesm3,noresm2-lm,noresm2-mm,ukesm1-0-ll",World Bank Climate Change Knowledge Portal (CMIP6-x0.25),,,country polygon mask; latitude-area weighted mean using cos(latitude),SSP2-4.5,Hot days above 30°C
SWE,SWE,1.7448109219230026,tas,ssp245,2040-2059,median,anomaly,degC,ensemble of anomaly of Daily Near-Surface Air Temperature with reference period 1995-2014,50.0,"access-cm2,access-esm1-5,bcc-csm2-mr,canesm5,cmcc-esm2,cnrm-cm6-1,cnrm-esm2-1,ec-earth3,ec-earth3-veg-lr,fgoals-g3,gfdl-cm4,gfdl-esm4,giss-e2-1-g,hadgem3-gc31-ll,inm-cm4-8,inm-cm5-0,ipsl-cm6a-lr,kace-1-0-g,miroc6,miroc-es2l,mpi-esm1-2-hr,mpi-esm1-2-lr,mri-esm2-0,nesm3,noresm2-lm,noresm2-mm,ukesm1-0-ll",World Bank Climate Change Knowledge Portal (CMIP6-x0.25),,1995-2014,country polygon mask; latitude-area weighted mean using cos(latitude),SSP2-4.5,Mean temperature
SWE,SWE,5.259746932855401,tas,ssp245,2040-2059,median,climatology,degC,ensemble of Daily Near-Surface Air Temperature,50.0,"access-cm2,access-esm1-5,bcc-csm2-mr,canesm5,cmcc-esm2,cnrm-cm6-1,cnrm-esm2-1,ec-earth3,ec-earth3-veg-lr,fgoals-g3,gfdl-cm4,gfdl-esm4,giss-e2-1-g,hadgem3-gc31-ll,inm-cm4-8,inm-cm5-0,ipsl-cm6a-lr,kace-1-0-g,miroc6,miroc-es2l,mpi-esm1-2-hr,mpi-esm1-2-lr,mri-esm2-0,nesm3,noresm2-lm,noresm2-mm,ukesm1-0-ll",World Bank Climate Change Knowledge Portal (CMIP6-x0.25),,,country polygon mask; latitude-area weighted mean using cos(latitude),SSP2-4.5,Mean temperature
SWZ,SWZ,111.6230243541268,hd30,ssp245,2040-2059,median,climatology,days,annual climatology of ensemble of hd30: hot days with 30 degC and higher,50.0,"access-cm2,access-esm1-5,bcc-csm2-mr,canesm5,cmcc-esm2,cnrm-cm6-1,cnrm-esm2-1,ec-earth3,ec-earth3-veg-lr,fgoals-g3,gfdl-cm4,gfdl-esm4,giss-e2-1-g,hadgem3-gc31-ll,inm-cm4-8,inm-cm5-0,ipsl-cm6a-lr,kace-1-0-g,kiost-esm,miroc6,miroc-es2l,mpi-esm1-2-hr,mpi-esm1-2-lr,mri-esm2-0,nesm3,noresm2-lm,noresm2-mm,ukesm1-0-ll",World Bank Climate Change Knowledge Portal (CMIP6-x0.25),,,country polygon mask; latitude-area weighted mean using cos(latitude),SSP2-4.5,Hot days above 30°C
SWZ,SWZ,1.2637541435117539,tas,ssp245,2040-2059,median,anomaly,degC,ensemble of anomaly of Daily Near-Surface Air Temperature with reference period 1995-2014,50.0,"access-cm2,access-esm1-5,bcc-csm2-mr,canesm5,cmcc-esm2,cnrm-cm6-1,cnrm-esm2-1,ec-earth3,ec-earth3-veg-lr,fgoals-g3,gfdl-cm4,gfdl-esm4,giss-e2-1-g,hadgem3-gc31-ll,inm-cm4-8,inm-cm5-0,ipsl-cm6a-lr,kace-1-0-g,miroc6,miroc-es2l,mpi-esm1-2-hr,mpi-esm1-2-lr,mri-esm2-0,nesm3,noresm2-lm,noresm2-mm,ukesm1-0-ll",World Bank Climate Change Knowledge Portal (CMIP6-x0.25),,1995-2014,country polygon mask; latitude-area weighted mean using cos(latitude),SSP2-4.5,Mean temperature
SWZ,SWZ,21.917800815274862,tas,ssp245,2040-2059,median,climatology,degC,ensemble of Daily Near-Surface Air Temperature,50.0,"access-cm2,access-esm1-5,bcc-csm2-mr,canesm5,cmcc-esm2,cnrm-cm6-1,cnrm-esm2-1,ec-earth3,ec-earth3-veg-lr,fgoals-g3,gfdl-cm4,gfdl-esm4,giss-e2-1-g,hadgem3-gc31-ll,inm-cm4-8,inm-cm5-0,ipsl-cm6a-lr,kace-1-0-g,miroc6,miroc-es2l,mpi-esm1-2-hr,mpi-esm1-2-lr,mri-esm2-0,nesm3,noresm2-lm,noresm2-mm,ukesm1-0-ll",World Bank Climate Change Knowledge Portal (CMIP6-x0.25),,,country polygon mask; latitude-area weighted mean using cos(latitude),SSP2-4.5,Mean temperature
SYC,SYC,5.791842697169966,hd30,ssp245,2040-2059,median,climatology,days,annual climatology of ensemble of hd30: hot days with 30 degC and higher,50.0,"access-cm2,access-esm1-5,bcc-csm2-mr,canesm5,cmcc-esm2,cnrm-cm6-1,cnrm-esm2-1,ec-earth3,ec-earth3-veg-lr,fgoals-g3,gfdl-cm4,gfdl-esm4,giss-e2-1-g,hadgem3-gc31-ll,inm-cm4-8,inm-cm5-0,ipsl-cm6a-lr,kace-1-0-g,kiost-esm,miroc6,miroc-es2l,mpi-esm1-2-hr,mpi-esm1-2-lr,mri-esm2-0,nesm3,noresm2-lm,noresm2-mm,ukesm1-0-ll",World Bank Climate Change Knowledge Portal (CMIP6-x0.25),,,country polygon mask; latitude-area weighted mean using cos(latitude),SSP2-4.5,Hot days above 30°C
SYC,SYC,1.0230675464154733,tas,ssp245,2040-2059,median,anomaly,degC,ensemble of anomaly of Daily Near-Surface Air Temperature with reference period 1995-2014,50.0,"access-cm2,access-esm1-5,bcc-csm2-mr,canesm5,cmcc-esm2,cnrm-cm6-1,cnrm-esm2-1,ec-earth3,ec-earth3-veg-lr,fgoals-g3,gfdl-cm4,gfdl-esm4,giss-e2-1-g,hadgem3-gc31-ll,inm-cm4-8,inm-cm5-0,ipsl-cm6a-lr,kace-1-0-g,miroc6,miroc-es2l,mpi-esm1-2-hr,mpi-esm1-2-lr,mri-esm2-0,nesm3,noresm2-lm,noresm2-mm,ukesm1-0-ll",World Bank Climate Change Knowledge Portal (CMIP6-x0.25),,1995-2014,country polygon mask; latitude-area weighted mean using cos(latitude),SSP2-4.5,Mean temperature
SYC,SYC,27.280160302757388,tas,ssp245,2040-2059,median,climatology,degC,ensemble of Daily Near-Surface Air Temperature,50.0,"access-cm2,access-esm1-5,bcc-csm2-mr,canesm5,cmcc-esm2,cnrm-cm6-1,cnrm-esm2-1,ec-earth3,ec-earth3-veg-lr,fgoals-g3,gfdl-cm4,gfdl-esm4,giss-e2-1-g,hadgem3-gc31-ll,inm-cm4-8,inm-cm5-0,ipsl-cm6a-lr,kace-1-0-g,miroc6,miroc-es2l,mpi-esm1-2-hr,mpi-esm1-2-lr,mri-esm2-0,nesm3,noresm2-lm,noresm2-mm,ukesm1-0-ll",World Bank Climate Change Knowledge Portal (CMIP6-x0.25),,,country polygon mask; latitude-area weighted mean using cos(latitude),SSP2-4.5,Mean temperature
SYR,SYR,158.59004184708022,hd30,ssp245,2040-2059,median,climatology,days,annual climatology of ensemble of hd30: hot days with 30 degC and higher,50.0,"access-cm2,access-esm1-5,bcc-csm2-mr,canesm5,cmcc-esm2,cnrm-cm6-1,cnrm-esm2-1,ec-earth3,ec-earth3-veg-lr,fgoals-g3,gfdl-cm4,gfdl-esm4,giss-e2-1-g,hadgem3-gc31-ll,inm-cm4-8,inm-cm5-0,ipsl-cm6a-lr,kace-1-0-g,kiost-esm,miroc6,miroc-es2l,mpi-esm1-2-hr,mpi-esm1-2-lr,mri-esm2-0,nesm3,noresm2-lm,noresm2-mm,ukesm1-0-ll",World Bank Climate Change Knowledge Portal (CMIP6-x0.25),,,country polygon mask; latitude-area weighted mean using cos(latitude),SSP2-4.5,Hot days above 30°C
SYR,SYR,1.8194281175571807,tas,ssp245,2040-2059,median,anomaly,degC,ensemble of anomaly of Daily Near-Surface Air Temperature with reference period 1995-2014,50.0,"access-cm2,access-esm1-5,bcc-csm2-mr,canesm5,cmcc-esm2,cnrm-cm6-1,cnrm-esm2-1,ec-earth3,ec-earth3-veg-lr,fgoals-g3,gfdl-cm4,gfdl-esm4,giss-e2-1-g,hadgem3-gc31-ll,inm-cm4-8,inm-cm5-0,ipsl-cm6a-lr,kace-1-0-g,miroc6,miroc-es2l,mpi-esm1-2-hr,mpi-esm1-2-lr,mri-esm2-0,nesm3,noresm2-lm,noresm2-mm,ukesm1-0-ll",World Bank Climate Change Knowledge Portal (CMIP6-x0.25),,1995-2014,country polygon mask; latitude-area weighted mean using cos(latitude),SSP2-4.5,Mean temperature
SYR,SYR,20.804298058893014,tas,ssp245,2040-2059,median,climatology,degC,ensemble of Daily Near-Surface Air Temperature,50.0,"access-cm2,access-esm1-5,bcc-csm2-mr,canesm5,cmcc-esm2,cnrm-cm6-1,cnrm-esm2-1,ec-earth3,ec-earth3-veg-lr,fgoals-g3,gfdl-cm4,gfdl-esm4,giss-e2-1-g,hadgem3-gc31-ll,inm-cm4-8,inm-cm5-0,ipsl-cm6a-lr,kace-1-0-g,miroc6,miroc-es2l,mpi-esm1-2-hr,mpi-esm1-2-lr,mri-esm2-0,nesm3,noresm2-lm,noresm2-mm,ukesm1-0-ll",World Bank Climate Change Knowledge Portal (CMIP6-x0.25),,,country polygon mask; latitude-area weighted mean using cos(latitude),SSP2-4.5,Mean temperature
TCA,TCA,7.949999809265137,hd30,ssp245,2040-2059,median,climatology,days,annual climatology of ensemble of hd30: hot days with 30 degC and higher,50.0,"access-cm2,access-esm1-5,bcc-csm2-mr,canesm5,cmcc-esm2,cnrm-cm6-1,cnrm-esm2-1,ec-earth3,ec-earth3-veg-lr,fgoals-g3,gfdl-cm4,gfdl-esm4,giss-e2-1-g,hadgem3-gc31-ll,inm-cm4-8,inm-cm5-0,ipsl-cm6a-lr,kace-1-0-g,kiost-esm,miroc6,miroc-es2l,mpi-esm1-2-hr,mpi-esm1-2-lr,mri-esm2-0,nesm3,noresm2-lm,noresm2-mm,ukesm1-0-ll",World Bank Climate Change Knowledge Portal (CMIP6-x0.25),,,country polygon mask; latitude-area weighted mean using cos(latitude),SSP2-4.5,Hot days above 30°C
TCA,TCA,1.166000008583069,tas,ssp245,2040-2059,median,anomaly,degC,ensemble of anomaly of Daily Near-Surface Air Temperature with reference period 1995-2014,50.0,"access-cm2,access-esm1-5,bcc-csm2-mr,canesm5,cmcc-esm2,cnrm-cm6-1,cnrm-esm2-1,ec-earth3,ec-earth3-veg-lr,fgoals-g3,gfdl-cm4,gfdl-esm4,giss-e2-1-g,hadgem3-gc31-ll,inm-cm4-8,inm-cm5-0,ipsl-cm6a-lr,kace-1-0-g,miroc6,miroc-es2l,mpi-esm1-2-hr,mpi-esm1-2-lr,mri-esm2-0,nesm3,noresm2-lm,noresm2-mm,ukesm1-0-ll",World Bank Climate Change Knowledge Portal (CMIP6-x0.25),,1995-2014,country polygon mask; latitude-area weighted mean using cos(latitude),SSP2-4.5,Mean temperature
TCA,TCA,27.177000045776367,tas,ssp245,2040-2059,median,climatology,degC,ensemble of Daily Near-Surface Air Temperature,50.0,"access-cm2,access-esm1-5,bcc-csm2-mr,canesm5,cmcc-esm2,cnrm-cm6-1,cnrm-esm2-1,ec-earth3,ec-earth3-veg-lr,fgoals-g3,gfdl-cm4,gfdl-esm4,giss-e2-1-g,hadgem3-gc31-ll,inm-cm4-8,inm-cm5-0,ipsl-cm6a-lr,kace-1-0-g,miroc6,miroc-es2l,mpi-esm1-2-hr,mpi-esm1-2-lr,mri-esm2-0,nesm3,noresm2-lm,noresm2-mm,ukesm1-0-ll",World Bank Climate Change Knowledge Portal (CMIP6-x0.25),,,country polygon mask; latitude-area weighted mean using cos(latitude),SSP2-4.5,Mean temperature
TCD,TCD,299.66870025441966,hd30,ssp245,2040-2059,median,climatology,days,annual climatology of ensemble of hd30: hot days with 30 degC and higher,50.0,"access-cm2,access-esm1-5,bcc-csm2-mr,canesm5,cmcc-esm2,cnrm-cm6-1,cnrm-esm2-1,ec-earth3,ec-earth3-veg-lr,fgoals-g3,gfdl-cm4,gfdl-esm4,giss-e2-1-g,hadgem3-gc31-ll,inm-cm4-8,inm-cm5-0,ipsl-cm6a-lr,kace-1-0-g,kiost-esm,miroc6,miroc-es2l,mpi-esm1-2-hr,mpi-esm1-2-lr,mri-esm2-0,nesm3,noresm2-lm,noresm2-mm,ukesm1-0-ll",World Bank Climate Change Knowledge Portal (CMIP6-x0.25),,,country polygon mask; latitude-area weighted mean using cos(latitude),SSP2-4.5,Hot days above 30°C
TCD,TCD,1.4599797621303088,tas,ssp245,2040-2059,median,anomaly,degC,ensemble of anomaly of Daily Near-Surface Air Temperature with reference period 1995-2014,50.0,"access-cm2,access-esm1-5,bcc-csm2-mr,canesm5,cmcc-esm2,cnrm-cm6-1,cnrm-esm2-1,ec-earth3,ec-earth3-veg-lr,fgoals-g3,gfdl-cm4,gfdl-esm4,giss-e2-1-g,hadgem3-gc31-ll,inm-cm4-8,inm-cm5-0,ipsl-cm6a-lr,kace-1-0-g,miroc6,miroc-es2l,mpi-esm1-2-hr,mpi-esm1-2-lr,mri-esm2-0,nesm3,noresm2-lm,noresm2-mm,ukesm1-0-ll",World Bank Climate Change Knowledge Portal (CMIP6-x0.25),,1995-2014,country polygon mask; latitude-area weighted mean using cos(latitude),SSP2-4.5,Mean temperature
TCD,TCD,28.669929832406915,tas,ssp245,2040-2059,median,climatology,degC,ensemble of Daily Near-Surface Air Temperature,50.0,"access-cm2,access-esm1-5,bcc-csm2-mr,canesm5,cmcc-esm2,cnrm-cm6-1,cnrm-esm2-1,ec-earth3,ec-earth3-veg-lr,fgoals-g3,gfdl-cm4,gfdl-esm4,giss-e2-1-g,hadgem3-gc31-ll,inm-cm4-8,inm-cm5-0,ipsl-cm6a-lr,kace-1-0-g,miroc6,miroc-es2l,mpi-esm1-2-hr,mpi-esm1-2-lr,mri-esm2-0,nesm3,noresm2-lm,noresm2-mm,ukesm1-0-ll",World Bank Climate Change Knowledge Portal (CMIP6-x0.25),,,country polygon mask; latitude-area weighted mean using cos(latitude),SSP2-4.5,Mean temperature
TGO,TGO,303.3200595986246,hd30,ssp245,2040-2059,median,climatology,days,annual climatology of ensemble of hd30: hot days with 30 degC and higher,50.0,"access-cm2,access-esm1-5,bcc-csm2-mr,canesm5,cmcc-esm2,cnrm-cm6-1,cnrm-esm2-1,ec-earth3,ec-earth3-veg-lr,fgoals-g3,gfdl-cm4,gfdl-esm4,giss-e2-1-g,hadgem3-gc31-ll,inm-cm4-8,inm-cm5-0,ipsl-cm6a-lr,kace-1-0-g,kiost-esm,miroc6,miroc-es2l,mpi-esm1-2-hr,mpi-esm1-2-lr,mri-esm2-0,nesm3,noresm2-lm,noresm2-mm,ukesm1-0-ll",World Bank Climate Change Knowledge Portal (CMIP6-x0.25),,,country polygon mask; latitude-area weighted mean using cos(latitude),SSP2-4.5,Hot days above 30°C
TGO,TGO,1.2505113517378095,tas,ssp245,2040-2059,median,anomaly,degC,ensemble of anomaly of Daily Near-Surface Air Temperature with reference period 1995-2014,50.0,"access-cm2,access-esm1-5,bcc-csm2-mr,canesm5,cmcc-esm2,cnrm-cm6-1,cnrm-esm2-1,ec-earth3,ec-earth3-veg-lr,fgoals-g3,gfdl-cm4,gfdl-esm4,giss-e2-1-g,hadgem3-gc31-ll,inm-cm4-8,inm-cm5-0,ipsl-cm6a-lr,kace-1-0-g,miroc6,miroc-es2l,mpi-esm1-2-hr,mpi-esm1-2-lr,mri-esm2-0,nesm3,noresm2-lm,noresm2-mm,ukesm1-0-ll",World Bank Climate Change Knowledge Portal (CMIP6-x0.25),,1995-2014,country polygon mask; latitude-area weighted mean using cos(latitude),SSP2-4.5,Mean temperature
TGO,TGO,28.531364374769765,tas,ssp245,2040-2059,median,climatology,degC,ensemble of Daily Near-Surface Air Temperature,50.0,"access-cm2,access-esm1-5,bcc-csm2-mr,canesm5,cmcc-esm2,cnrm-cm6-1,cnrm-esm2-1,ec-earth3,ec-earth3-veg-lr,fgoals-g3,gfdl-cm4,gfdl-esm4,giss-e2-1-g,hadgem3-gc31-ll,inm-cm4-8,inm-cm5-0,ipsl-cm6a-lr,kace-1-0-g,miroc6,miroc-es2l,mpi-esm1-2-hr,mpi-esm1-2-lr,mri-esm2-0,nesm3,noresm2-lm,noresm2-mm,ukesm1-0-ll",World Bank Climate Change Knowledge Portal (CMIP6-x0.25),,,country polygon mask; latitude-area weighted mean using cos(latitude),SSP2-4.5,Mean temperature
THA,THA,290.28799880068016,hd30,ssp245,2040-2059,median,climatology,days,annual climatology of ensemble of hd30: hot days with 30 degC and higher,50.0,"access-cm2,access-esm1-5,bcc-csm2-mr,canesm5,cmcc-esm2,cnrm-cm6-1,cnrm-esm2-1,ec-earth3,ec-earth3-veg-lr,fgoals-g3,gfdl-cm4,gfdl-esm4,giss-e2-1-g,hadgem3-gc31-ll,inm-cm4-8,inm-cm5-0,ipsl-cm6a-lr,kace-1-0-g,kiost-esm,miroc6,miroc-es2l,mpi-esm1-2-hr,mpi-esm1-2-lr,mri-esm2-0,nesm3,noresm2-lm,noresm2-mm,ukesm1-0-ll",World Bank Climate Change Knowledge Portal (CMIP6-x0.25),,,country polygon mask; latitude-area weighted mean using cos(latitude),SSP2-4.5,Hot days above 30°C
THA,THA,1.2258847955914516,tas,ssp245,2040-2059,median,anomaly,degC,ensemble of anomaly of Daily Near-Surface Air Temperature with reference period 1995-2014,50.0,"access-cm2,access-esm1-5,bcc-csm2-mr,canesm5,cmcc-esm2,cnrm-cm6-1,cnrm-esm2-1,ec-earth3,ec-earth3-veg-lr,fgoals-g3,gfdl-cm4,gfdl-esm4,giss-e2-1-g,hadgem3-gc31-ll,inm-cm4-8,inm-cm5-0,ipsl-cm6a-lr,kace-1-0-g,miroc6,miroc-es2l,mpi-esm1-2-hr,mpi-esm1-2-lr,mri-esm2-0,nesm3,noresm2-lm,noresm2-mm,ukesm1-0-ll",World Bank Climate Change Knowledge Portal (CMIP6-x0.25),,1995-2014,country polygon mask; latitude-area weighted mean using cos(latitude),SSP2-4.5,Mean temperature
THA,THA,27.99115062506916,tas,ssp245,2040-2059,median,climatology,degC,ensemble of Daily Near-Surface Air Temperature,50.0,"access-cm2,access-esm1-5,bcc-csm2-mr,canesm5,cmcc-esm2,cnrm-cm6-1,cnrm-esm2-1,ec-earth3,ec-earth3-veg-lr,fgoals-g3,gfdl-cm4,gfdl-esm4,giss-e2-1-g,hadgem3-gc31-ll,inm-cm4-8,inm-cm5-0,ipsl-cm6a-lr,kace-1-0-g,miroc6,miroc-es2l,mpi-esm1-2-hr,mpi-esm1-2-lr,mri-esm2-0,nesm3,noresm2-lm,noresm2-mm,ukesm1-0-ll",World Bank Climate Change Knowledge Portal (CMIP6-x0.25),,,country polygon mask; latitude-area weighted mean using cos(latitude),SSP2-4.5,Mean temperature
TJK,TJK,27.044216329109734,hd30,ssp245,2040-2059,median,climatology,days,annual climatology of ensemble of hd30: hot days with 30 degC and higher,50.0,"access-cm2,access-esm1-5,bcc-csm2-mr,canesm5,cmcc-esm2,cnrm-cm6-1,cnrm-esm2-1,ec-earth3,ec-earth3-veg-lr,fgoals-g3,gfdl-cm4,gfdl-esm4,giss-e2-1-g,hadgem3-gc31-ll,inm-cm4-8,inm-cm5-0,ipsl-cm6a-lr,kace-1-0-g,kiost-esm,miroc6,miroc-es2l,mpi-esm1-2-hr,mpi-esm1-2-lr,mri-esm2-0,nesm3,noresm2-lm,noresm2-mm,ukesm1-0-ll",World Bank Climate Change Knowledge Portal (CMIP6-x0.25),,,country polygon mask; latitude-area weighted mean using cos(latitude),SSP2-4.5,Hot days above 30°C
TJK,TJK,1.8726563346193383,tas,ssp245,2040-2059,median,anomaly,degC,ensemble of anomaly of Daily Near-Surface Air Temperature with reference period 1995-2014,50.0,"access-cm2,access-esm1-5,bcc-csm2-mr,canesm5,cmcc-esm2,cnrm-cm6-1,cnrm-esm2-1,ec-earth3,ec-earth3-veg-lr,fgoals-g3,gfdl-cm4,gfdl-esm4,giss-e2-1-g,hadgem3-gc31-ll,inm-cm4-8,inm-cm5-0,ipsl-cm6a-lr,kace-1-0-g,miroc6,miroc-es2l,mpi-esm1-2-hr,mpi-esm1-2-lr,mri-esm2-0,nesm3,noresm2-lm,noresm2-mm,ukesm1-0-ll",World Bank Climate Change Knowledge Portal (CMIP6-x0.25),,1995-2014,country polygon mask; latitude-area weighted mean using cos(latitude),SSP2-4.5,Mean temperature
TJK,TJK,1.6142966527823825,tas,ssp245,2040-2059,median,climatology,degC,ensemble of Daily Near-Surface Air Temperature,50.0,"access-cm2,access-esm1-5,bcc-csm2-mr,canesm5,cmcc-esm2,cnrm-cm6-1,cnrm-esm2-1,ec-earth3,ec-earth3-veg-lr,fgoals-g3,gfdl-cm4,gfdl-esm4,giss-e2-1-g,hadgem3-gc31-ll,inm-cm4-8,inm-cm5-0,ipsl-cm6a-lr,kace-1-0-g,miroc6,miroc-es2l,mpi-esm1-2-hr,mpi-esm1-2-lr,mri-esm2-0,nesm3,noresm2-lm,noresm2-mm,ukesm1-0-ll",World Bank Climate Change Knowledge Portal (CMIP6-x0.25),,,country polygon mask; latitude-area weighted mean using cos(latitude),SSP2-4.5,Mean temperature
TKM,TKM,144.5996709622953,hd30,ssp245,2040-2059,median,climatology,days,annual climatology of ensemble of hd30: hot days with 30 degC and higher,50.0,"access-cm2,access-esm1-5,bcc-csm2-mr,canesm5,cmcc-esm2,cnrm-cm6-1,cnrm-esm2-1,ec-earth3,ec-earth3-veg-lr,fgoals-g3,gfdl-cm4,gfdl-esm4,giss-e2-1-g,hadgem3-gc31-ll,inm-cm4-8,inm-cm5-0,ipsl-cm6a-lr,kace-1-0-g,kiost-esm,miroc6,miroc-es2l,mpi-esm1-2-hr,mpi-esm1-2-lr,mri-esm2-0,nesm3,noresm2-lm,noresm2-mm,ukesm1-0-ll",World Bank Climate Change Knowledge Portal (CMIP6-x0.25),,,country polygon mask; latitude-area weighted mean using cos(latitude),SSP2-4.5,Hot days above 30°C
TKM,TKM,1.7320615005121585,tas,ssp245,2040-2059,median,anomaly,degC,ensemble of anomaly of Daily Near-Surface Air Temperature with reference period 1995-2014,50.0,"access-cm2,access-esm1-5,bcc-csm2-mr,canesm5,cmcc-esm2,cnrm-cm6-1,cnrm-esm2-1,ec-earth3,ec-earth3-veg-lr,fgoals-g3,gfdl-cm4,gfdl-esm4,giss-e2-1-g,hadgem3-gc31-ll,inm-cm4-8,inm-cm5-0,ipsl-cm6a-lr,kace-1-0-g,miroc6,miroc-es2l,mpi-esm1-2-hr,mpi-esm1-2-lr,mri-esm2-0,nesm3,noresm2-lm,noresm2-mm,ukesm1-0-ll",World Bank Climate Change Knowledge Portal (CMIP6-x0.25),,1995-2014,country polygon mask; latitude-area weighted mean using cos(latitude),SSP2-4.5,Mean temperature
TKM,TKM,18.250859761570936,tas,ssp245,2040-2059,median,climatology,degC,ensemble of Daily Near-Surface Air Temperature,50.0,"access-cm2,access-esm1-5,bcc-csm2-mr,canesm5,cmcc-esm2,cnrm-cm6-1,cnrm-esm2-1,ec-earth3,ec-earth3-veg-lr,fgoals-g3,gfdl-cm4,gfdl-esm4,giss-e2-1-g,hadgem3-gc31-ll,inm-cm4-8,inm-cm5-0,ipsl-cm6a-lr,kace-1-0-g,miroc6,miroc-es2l,mpi-esm1-2-hr,mpi-esm1-2-lr,mri-esm2-0,nesm3,noresm2-lm,noresm2-mm,ukesm1-0-ll",World Bank Climate Change Knowledge Portal (CMIP6-x0.25),,,country polygon mask; latitude-area weighted mean using cos(latitude),SSP2-4.5,Mean temperature
TLS,TLS,78.81148850531339,hd30,ssp245,2040-2059,median,climatology,days,annual climatology of ensemble of hd30: hot days with 30 degC and higher,50.0,"access-cm2,access-esm1-5,bcc-csm2-mr,canesm5,cmcc-esm2,cnrm-cm6-1,cnrm-esm2-1,ec-earth3,ec-earth3-veg-lr,fgoals-g3,gfdl-cm4,gfdl-esm4,giss-e2-1-g,hadgem3-gc31-ll,inm-cm4-8,inm-cm5-0,ipsl-cm6a-lr,kace-1-0-g,kiost-esm,miroc6,miroc-es2l,mpi-esm1-2-hr,mpi-esm1-2-lr,mri-esm2-0,nesm3,noresm2-lm,noresm2-mm,ukesm1-0-ll",World Bank Climate Change Knowledge Portal (CMIP6-x0.25),,,country polygon mask; latitude-area weighted mean using cos(latitude),SSP2-4.5,Hot days above 30°C
TLS,TLS,1.0887250379963938,tas,ssp245,2040-2059,median,anomaly,degC,ensemble of anomaly of Daily Near-Surface Air Temperature with reference period 1995-2014,50.0,"access-cm2,access-esm1-5,bcc-csm2-mr,canesm5,cmcc-esm2,cnrm-cm6-1,cnrm-esm2-1,ec-earth3,ec-earth3-veg-lr,fgoals-g3,gfdl-cm4,gfdl-esm4,giss-e2-1-g,hadgem3-gc31-ll,inm-cm4-8,inm-cm5-0,ipsl-cm6a-lr,kace-1-0-g,miroc6,miroc-es2l,mpi-esm1-2-hr,mpi-esm1-2-lr,mri-esm2-0,nesm3,noresm2-lm,noresm2-mm,ukesm1-0-ll",World Bank Climate Change Knowledge Portal (CMIP6-x0.25),,1995-2014,country polygon mask; latitude-area weighted mean using cos(latitude),SSP2-4.5,Mean temperature
TLS,TLS,25.796617301103783,tas,ssp245,2040-2059,median,climatology,degC,ensemble of Daily Near-Surface Air Temperature,50.0,"access-cm2,access-esm1-5,bcc-csm2-mr,canesm5,cmcc-esm2,cnrm-cm6-1,cnrm-esm2-1,ec-earth3,ec-earth3-veg-lr,fgoals-g3,gfdl-cm4,gfdl-esm4,giss-e2-1-g,hadgem3-gc31-ll,inm-cm4-8,inm-cm5-0,ipsl-cm6a-lr,kace-1-0-g,miroc6,miroc-es2l,mpi-esm1-2-hr,mpi-esm1-2-lr,mri-esm2-0,nesm3,noresm2-lm,noresm2-mm,ukesm1-0-ll",World Bank Climate Change Knowledge Portal (CMIP6-x0.25),,,country polygon mask; latitude-area weighted mean using cos(latitude),SSP2-4.5,Mean temperature
TTO,TTO,110.79828533192546,hd30,ssp245,2040-2059,median,climatology,days,annual climatology of ensemble of hd30: hot days with 30 degC and higher,50.0,"access-cm2,access-esm1-5,bcc-csm2-mr,canesm5,cmcc-esm2,cnrm-cm6-1,cnrm-esm2-1,ec-earth3,ec-earth3-veg-lr,fgoals-g3,gfdl-cm4,gfdl-esm4,giss-e2-1-g,hadgem3-gc31-ll,inm-cm4-8,inm-cm5-0,ipsl-cm6a-lr,kace-1-0-g,kiost-esm,miroc6,miroc-es2l,mpi-esm1-2-hr,mpi-esm1-2-lr,mri-esm2-0,nesm3,noresm2-lm,noresm2-mm,ukesm1-0-ll",World Bank Climate Change Knowledge Portal (CMIP6-x0.25),,,country polygon mask; latitude-area weighted mean using cos(latitude),SSP2-4.5,Hot days above 30°C
TTO,TTO,1.08435639923817,tas,ssp245,2040-2059,median,anomaly,degC,ensemble of anomaly of Daily Near-Surface Air Temperature with reference period 1995-2014,50.0,"access-cm2,access-esm1-5,bcc-csm2-mr,canesm5,cmcc-esm2,cnrm-cm6-1,cnrm-esm2-1,ec-earth3,ec-earth3-veg-lr,fgoals-g3,gfdl-cm4,gfdl-esm4,giss-e2-1-g,hadgem3-gc31-ll,inm-cm4-8,inm-cm5-0,ipsl-cm6a-lr,kace-1-0-g,miroc6,miroc-es2l,mpi-esm1-2-hr,mpi-esm1-2-lr,mri-esm2-0,nesm3,noresm2-lm,noresm2-mm,ukesm1-0-ll",World Bank Climate Change Knowledge Portal (CMIP6-x0.25),,1995-2014,country polygon mask; latitude-area weighted mean using cos(latitude),SSP2-4.5,Mean temperature
TTO,TTO,27.420158139413484,tas,ssp245,2040-2059,median,climatology,degC,ensemble of Daily Near-Surface Air Temperature,50.0,"access-cm2,access-esm1-5,bcc-csm2-mr,canesm5,cmcc-esm2,cnrm-cm6-1,cnrm-esm2-1,ec-earth3,ec-earth3-veg-lr,fgoals-g3,gfdl-cm4,gfdl-esm4,giss-e2-1-g,hadgem3-gc31-ll,inm-cm4-8,inm-cm5-0,ipsl-cm6a-lr,kace-1-0-g,miroc6,miroc-es2l,mpi-esm1-2-hr,mpi-esm1-2-lr,mri-esm2-0,nesm3,noresm2-lm,noresm2-mm,ukesm1-0-ll",World Bank Climate Change Knowledge Portal (CMIP6-x0.25),,,country polygon mask; latitude-area weighted mean using cos(latitude),SSP2-4.5,Mean temperature
TUN,TUN,143.69564983633703,hd30,ssp245,2040-2059,median,climatology,days,annual climatology of ensemble of hd30: hot days with 30 degC and higher,50.0,"access-cm2,access-esm1-5,bcc-csm2-mr,canesm5,cmcc-esm2,cnrm-cm6-1,cnrm-esm2-1,ec-earth3,ec-earth3-veg-lr,fgoals-g3,gfdl-cm4,gfdl-esm4,giss-e2-1-g,hadgem3-gc31-ll,inm-cm4-8,inm-cm5-0,ipsl-cm6a-lr,kace-1-0-g,kiost-esm,miroc6,miroc-es2l,mpi-esm1-2-hr,mpi-esm1-2-lr,mri-esm2-0,nesm3,noresm2-lm,noresm2-mm,ukesm1-0-ll",World Bank Climate Change Knowledge Portal (CMIP6-x0.25),,,country polygon mask; latitude-area weighted mean using cos(latitude),SSP2-4.5,Hot days above 30°C
TUN,TUN,1.6281772132693066,tas,ssp245,2040-2059,median,anomaly,degC,ensemble of anomaly of Daily Near-Surface Air Temperature with reference period 1995-2014,50.0,"access-cm2,access-esm1-5,bcc-csm2-mr,canesm5,cmcc-esm2,cnrm-cm6-1,cnrm-esm2-1,ec-earth3,ec-earth3-veg-lr,fgoals-g3,gfdl-cm4,gfdl-esm4,giss-e2-1-g,hadgem3-gc31-ll,inm-cm4-8,inm-cm5-0,ipsl-cm6a-lr,kace-1-0-g,miroc6,miroc-es2l,mpi-esm1-2-hr,mpi-esm1-2-lr,mri-esm2-0,nesm3,noresm2-lm,noresm2-mm,ukesm1-0-ll",World Bank Climate Change Knowledge Portal (CMIP6-x0.25),,1995-2014,country polygon mask; latitude-area weighted mean using cos(latitude),SSP2-4.5,Mean temperature
TUN,TUN,21.79198288209195,tas,ssp245,2040-2059,median,climatology,degC,ensemble of Daily Near-Surface Air Temperature,50.0,"access-cm2,access-esm1-5,bcc-csm2-mr,canesm5,cmcc-esm2,cnrm-cm6-1,cnrm-esm2-1,ec-earth3,ec-earth3-veg-lr,fgoals-g3,gfdl-cm4,gfdl-esm4,giss-e2-1-g,hadgem3-gc31-ll,inm-cm4-8,inm-cm5-0,ipsl-cm6a-lr,kace-1-0-g,miroc6,miroc-es2l,mpi-esm1-2-hr,mpi-esm1-2-lr,mri-esm2-0,nesm3,noresm2-lm,noresm2-mm,ukesm1-0-ll",World Bank Climate Change Knowledge Portal (CMIP6-x0.25),,,country polygon mask; latitude-area weighted mean using cos(latitude),SSP2-4.5,Mean temperature
TUR,TUR,63.07173170104478,hd30,ssp245,2040-2059,median,climatology,days,annual climatology of ensemble of hd30: hot days with 30 degC and higher,50.0,"access-cm2,access-esm1-5,bcc-csm2-mr,canesm5,cmcc-esm2,cnrm-cm6-1,cnrm-esm2-1,ec-earth3,ec-earth3-veg-lr,fgoals-g3,gfdl-cm4,gfdl-esm4,giss-e2-1-g,hadgem3-gc31-ll,inm-cm4-8,inm-cm5-0,ipsl-cm6a-lr,kace-1-0-g,kiost-esm,miroc6,miroc-es2l,mpi-esm1-2-hr,mpi-esm1-2-lr,mri-esm2-0,nesm3,noresm2-lm,noresm2-mm,ukesm1-0-ll",World Bank Climate Change Knowledge Portal (CMIP6-x0.25),,,country polygon mask; latitude-area weighted mean using cos(latitude),SSP2-4.5,Hot days above 30°C
TUR,TUR,1.7234027339838354,tas,ssp245,2040-2059,median,anomaly,degC,ensemble of anomaly of Daily Near-Surface Air Temperature with reference period 1995-2014,50.0,"access-cm2,access-esm1-5,bcc-csm2-mr,canesm5,cmcc-esm2,cnrm-cm6-1,cnrm-esm2-1,ec-earth3,ec-earth3-veg-lr,fgoals-g3,gfdl-cm4,gfdl-esm4,giss-e2-1-g,hadgem3-gc31-ll,inm-cm4-8,inm-cm5-0,ipsl-cm6a-lr,kace-1-0-g,miroc6,miroc-es2l,mpi-esm1-2-hr,mpi-esm1-2-lr,mri-esm2-0,nesm3,noresm2-lm,noresm2-mm,ukesm1-0-ll",World Bank Climate Change Knowledge Portal (CMIP6-x0.25),,1995-2014,country polygon mask; latitude-area weighted mean using cos(latitude),SSP2-4.5,Mean temperature
TUR,TUR,13.422231480793538,tas,ssp245,2040-2059,median,climatology,degC,ensemble of Daily Near-Surface Air Temperature,50.0,"access-cm2,access-esm1-5,bcc-csm2-mr,canesm5,cmcc-esm2,cnrm-cm6-1,cnrm-esm2-1,ec-earth3,ec-earth3-veg-lr,fgoals-g3,gfdl-cm4,gfdl-esm4,giss-e2-1-g,hadgem3-gc31-ll,inm-cm4-8,inm-cm5-0,ipsl-cm6a-lr,kace-1-0-g,miroc6,miroc-es2l,mpi-esm1-2-hr,mpi-esm1-2-lr,mri-esm2-0,nesm3,noresm2-lm,noresm2-mm,ukesm1-0-ll",World Bank Climate Change Knowledge Portal (CMIP6-x0.25),,,country polygon mask; latitude-area weighted mean using cos(latitude),SSP2-4.5,Mean temperature
TWN,TWN,53.24636804113087,hd30,ssp245,2040-2059,median,climatology,days,annual climatology of ensemble of hd30: hot days with 30 degC and higher,50.0,"access-cm2,access-esm1-5,bcc-csm2-mr,canesm5,cmcc-esm2,cnrm-cm6-1,cnrm-esm2-1,ec-earth3,ec-earth3-veg-lr,fgoals-g3,gfdl-cm4,gfdl-esm4,giss-e2-1-g,hadgem3-gc31-ll,inm-cm4-8,inm-cm5-0,ipsl-cm6a-lr,kace-1-0-g,kiost-esm,miroc6,miroc-es2l,mpi-esm1-2-hr,mpi-esm1-2-lr,mri-esm2-0,nesm3,noresm2-lm,noresm2-mm,ukesm1-0-ll",World Bank Climate Change Knowledge Portal (CMIP6-x0.25),,,country polygon mask; latitude-area weighted mean using cos(latitude),SSP2-4.5,Hot days above 30°C
TWN,TWN,1.2413939157406977,tas,ssp245,2040-2059,median,anomaly,degC,ensemble of anomaly of Daily Near-Surface Air Temperature with reference period 1995-2014,50.0,"access-cm2,access-esm1-5,bcc-csm2-mr,canesm5,cmcc-esm2,cnrm-cm6-1,cnrm-esm2-1,ec-earth3,ec-earth3-veg-lr,fgoals-g3,gfdl-cm4,gfdl-esm4,giss-e2-1-g,hadgem3-gc31-ll,inm-cm4-8,inm-cm5-0,ipsl-cm6a-lr,kace-1-0-g,miroc6,miroc-es2l,mpi-esm1-2-hr,mpi-esm1-2-lr,mri-esm2-0,nesm3,noresm2-lm,noresm2-mm,ukesm1-0-ll",World Bank Climate Change Knowledge Portal (CMIP6-x0.25),,1995-2014,country polygon mask; latitude-area weighted mean using cos(latitude),SSP2-4.5,Mean temperature
TWN,TWN,21.68984224736712,tas,ssp245,2040-2059,median,climatology,degC,ensemble of Daily Near-Surface Air Temperature,50.0,"access-cm2,access-esm1-5,bcc-csm2-mr,canesm5,cmcc-esm2,cnrm-cm6-1,cnrm-esm2-1,ec-earth3,ec-earth3-veg-lr,fgoals-g3,gfdl-cm4,gfdl-esm4,giss-e2-1-g,hadgem3-gc31-ll,inm-cm4-8,inm-cm5-0,ipsl-cm6a-lr,kace-1-0-g,miroc6,miroc-es2l,mpi-esm1-2-hr,mpi-esm1-2-lr,mri-esm2-0,nesm3,noresm2-lm,noresm2-mm,ukesm1-0-ll",World Bank Climate Change Knowledge Portal (CMIP6-x0.25),,,country polygon mask; latitude-area weighted mean using cos(latitude),SSP2-4.5,Mean temperature
TZA,TZA,138.35735379354813,hd30,ssp245,2040-2059,median,climatology,days,annual climatology of ensemble of hd30: hot days with 30 degC and higher,50.0,"access-cm2,access-esm1-5,bcc-csm2-mr,canesm5,cmcc-esm2,cnrm-cm6-1,cnrm-esm2-1,ec-earth3,ec-earth3-veg-lr,fgoals-g3,gfdl-cm4,gfdl-esm4,giss-e2-1-g,hadgem3-gc31-ll,inm-cm4-8,inm-cm5-0,ipsl-cm6a-lr,kace-1-0-g,kiost-esm,miroc6,miroc-es2l,mpi-esm1-2-hr,mpi-esm1-2-lr,mri-esm2-0,nesm3,noresm2-lm,noresm2-mm,ukesm1-0-ll",World Bank Climate Change Knowledge Portal (CMIP6-x0.25),,,country polygon mask; latitude-area weighted mean using cos(latitude),SSP2-4.5,Hot days above 30°C
TZA,TZA,1.3269035899672739,tas,ssp245,2040-2059,median,anomaly,degC,ensemble of anomaly of Daily Near-Surface Air Temperature with reference period 1995-2014,50.0,"access-cm2,access-esm1-5,bcc-csm2-mr,canesm5,cmcc-esm2,cnrm-cm6-1,cnrm-esm2-1,ec-earth3,ec-earth3-veg-lr,fgoals-g3,gfdl-cm4,gfdl-esm4,giss-e2-1-g,hadgem3-gc31-ll,inm-cm4-8,inm-cm5-0,ipsl-cm6a-lr,kace-1-0-g,miroc6,miroc-es2l,mpi-esm1-2-hr,mpi-esm1-2-lr,mri-esm2-0,nesm3,noresm2-lm,noresm2-mm,ukesm1-0-ll",World Bank Climate Change Knowledge Portal (CMIP6-x0.25),,1995-2014,country polygon mask; latitude-area weighted mean using cos(latitude),SSP2-4.5,Mean temperature
TZA,TZA,24.330657488013323,tas,ssp245,2040-2059,median,climatology,degC,ensemble of Daily Near-Surface Air Temperature,50.0,"access-cm2,access-esm1-5,bcc-csm2-mr,canesm5,cmcc-esm2,cnrm-cm6-1,cnrm-esm2-1,ec-earth3,ec-earth3-veg-lr,fgoals-g3,gfdl-cm4,gfdl-esm4,giss-e2-1-g,hadgem3-gc31-ll,inm-cm4-8,inm-cm5-0,ipsl-cm6a-lr,kace-1-0-g,miroc6,miroc-es2l,mpi-esm1-2-hr,mpi-esm1-2-lr,mri-esm2-0,nesm3,noresm2-lm,noresm2-mm,ukesm1-0-ll",World Bank Climate Change Knowledge Portal (CMIP6-x0.25),,,country polygon mask; latitude-area weighted mean using cos(latitude),SSP2-4.5,Mean temperature
UGA,UGA,114.55376476642,hd30,ssp245,2040-2059,median,climatology,days,annual climatology of ensemble of hd30: hot days with 30 degC and higher,50.0,"access-cm2,access-esm1-5,bcc-csm2-mr,canesm5,cmcc-esm2,cnrm-cm6-1,cnrm-esm2-1,ec-earth3,ec-earth3-veg-lr,fgoals-g3,gfdl-cm4,gfdl-esm4,giss-e2-1-g,hadgem3-gc31-ll,inm-cm4-8,inm-cm5-0,ipsl-cm6a-lr,kace-1-0-g,kiost-esm,miroc6,miroc-es2l,mpi-esm1-2-hr,mpi-esm1-2-lr,mri-esm2-0,nesm3,noresm2-lm,noresm2-mm,ukesm1-0-ll",World Bank Climate Change Knowledge Portal (CMIP6-x0.25),,,country polygon mask; latitude-area weighted mean using cos(latitude),SSP2-4.5,Hot days above 30°C
UGA,UGA,1.2614852364794253,tas,ssp245,2040-2059,median,anomaly,degC,ensemble of anomaly of Daily Near-Surface Air Temperature with reference period 1995-2014,50.0,"access-cm2,access-esm1-5,bcc-csm2-mr,canesm5,cmcc-esm2,cnrm-cm6-1,cnrm-esm2-1,ec-earth3,ec-earth3-veg-lr,fgoals-g3,gfdl-cm4,gfdl-esm4,giss-e2-1-g,hadgem3-gc31-ll,inm-cm4-8,inm-cm5-0,ipsl-cm6a-lr,kace-1-0-g,miroc6,miroc-es2l,mpi-esm1-2-hr,mpi-esm1-2-lr,mri-esm2-0,nesm3,noresm2-lm,noresm2-mm,ukesm1-0-ll",World Bank Climate Change Knowledge Portal (CMIP6-x0.25),,1995-2014,country polygon mask; latitude-area weighted mean using cos(latitude),SSP2-4.5,Mean temperature
UGA,UGA,24.454755172931947,tas,ssp245,2040-2059,median,climatology,degC,ensemble of Daily Near-Surface Air Temperature,50.0,"access-cm2,access-esm1-5,bcc-csm2-mr,canesm5,cmcc-esm2,cnrm-cm6-1,cnrm-esm2-1,ec-earth3,ec-earth3-veg-lr,fgoals-g3,gfdl-cm4,gfdl-esm4,giss-e2-1-g,hadgem3-gc31-ll,inm-cm4-8,inm-cm5-0,ipsl-cm6a-lr,kace-1-0-g,miroc6,miroc-es2l,mpi-esm1-2-hr,mpi-esm1-2-lr,mri-esm2-0,nesm3,noresm2-lm,noresm2-mm,ukesm1-0-ll",World Bank Climate Change Knowledge Portal (CMIP6-x0.25),,,country polygon mask; latitude-area weighted mean using cos(latitude),SSP2-4.5,Mean temperature
UKR,UKR,31.005844756542217,hd30,ssp245,2040-2059,median,climatology,days,annual climatology of ensemble of hd30: hot days with 30 degC and higher,50.0,"access-cm2,access-esm1-5,bcc-csm2-mr,canesm5,cmcc-esm2,cnrm-cm6-1,cnrm-esm2-1,ec-earth3,ec-earth3-veg-lr,fgoals-g3,gfdl-cm4,gfdl-esm4,giss-e2-1-g,hadgem3-gc31-ll,inm-cm4-8,inm-cm5-0,ipsl-cm6a-lr,kace-1-0-g,kiost-esm,miroc6,miroc-es2l,mpi-esm1-2-hr,mpi-esm1-2-lr,mri-esm2-0,nesm3,noresm2-lm,noresm2-mm,ukesm1-0-ll",World Bank Climate Change Knowledge Portal (CMIP6-x0.25),,,country polygon mask; latitude-area weighted mean using cos(latitude),SSP2-4.5,Hot days above 30°C
UKR,UKR,1.7726115317392628,tas,ssp245,2040-2059,median,anomaly,degC,ensemble of anomaly of Daily Near-Surface Air Temperature with reference period 1995-2014,50.0,"access-cm2,access-esm1-5,bcc-csm2-mr,canesm5,cmcc-esm2,cnrm-cm6-1,cnrm-esm2-1,ec-earth3,ec-earth3-veg-lr,fgoals-g3,gfdl-cm4,gfdl-esm4,giss-e2-1-g,hadgem3-gc31-ll,inm-cm4-8,inm-cm5-0,ipsl-cm6a-lr,kace-1-0-g,miroc6,miroc-es2l,mpi-esm1-2-hr,mpi-esm1-2-lr,mri-esm2-0,nesm3,noresm2-lm,noresm2-mm,ukesm1-0-ll",World Bank Climate Change Knowledge Portal (CMIP6-x0.25),,1995-2014,country polygon mask; latitude-area weighted mean using cos(latitude),SSP2-4.5,Mean temperature
UKR,UKR,10.765110528972317,tas,ssp245,2040-2059,median,climatology,degC,ensemble of Daily Near-Surface Air Temperature,50.0,"access-cm2,access-esm1-5,bcc-csm2-mr,canesm5,cmcc-esm2,cnrm-cm6-1,cnrm-esm2-1,ec-earth3,ec-earth3-veg-lr,fgoals-g3,gfdl-cm4,gfdl-esm4,giss-e2-1-g,hadgem3-gc31-ll,inm-cm4-8,inm-cm5-0,ipsl-cm6a-lr,kace-1-0-g,miroc6,miroc-es2l,mpi-esm1-2-hr,mpi-esm1-2-lr,mri-esm2-0,nesm3,noresm2-lm,noresm2-mm,ukesm1-0-ll",World Bank Climate Change Knowledge Portal (CMIP6-x0.25),,,country polygon mask; latitude-area weighted mean using cos(latitude),SSP2-4.5,Mean temperature
URY,URY,53.804420023042944,hd30,ssp245,2040-2059,median,climatology,days,annual climatology of ensemble of hd30: hot days with 30 degC and higher,50.0,"access-cm2,access-esm1-5,bcc-csm2-mr,canesm5,cmcc-esm2,cnrm-cm6-1,cnrm-esm2-1,ec-earth3,ec-earth3-veg-lr,fgoals-g3,gfdl-cm4,gfdl-esm4,giss-e2-1-g,hadgem3-gc31-ll,inm-cm4-8,inm-cm5-0,ipsl-cm6a-lr,kace-1-0-g,kiost-esm,miroc6,miroc-es2l,mpi-esm1-2-hr,mpi-esm1-2-lr,mri-esm2-0,nesm3,noresm2-lm,noresm2-mm,ukesm1-0-ll",World Bank Climate Change Knowledge Portal (CMIP6-x0.25),,,country polygon mask; latitude-area weighted mean using cos(latitude),SSP2-4.5,Hot days above 30°C
URY,URY,0.988407948486746,tas,ssp245,2040-2059,median,anomaly,degC,ensemble of anomaly of Daily Near-Surface Air Temperature with reference period 1995-2014,50.0,"access-cm2,access-esm1-5,bcc-csm2-mr,canesm5,cmcc-esm2,cnrm-cm6-1,cnrm-esm2-1,ec-earth3,ec-earth3-veg-lr,fgoals-g3,gfdl-cm4,gfdl-esm4,giss-e2-1-g,hadgem3-gc31-ll,inm-cm4-8,inm-cm5-0,ipsl-cm6a-lr,kace-1-0-g,miroc6,miroc-es2l,mpi-esm1-2-hr,mpi-esm1-2-lr,mri-esm2-0,nesm3,noresm2-lm,noresm2-mm,ukesm1-0-ll",World Bank Climate Change Knowledge Portal (CMIP6-x0.25),,1995-2014,country polygon mask; latitude-area weighted mean using cos(latitude),SSP2-4.5,Mean temperature
URY,URY,18.776835693035565,tas,ssp245,2040-2059,median,climatology,degC,ensemble of Daily Near-Surface Air Temperature,50.0,"access-cm2,access-esm1-5,bcc-csm2-mr,canesm5,cmcc-esm2,cnrm-cm6-1,cnrm-esm2-1,ec-earth3,ec-earth3-veg-lr,fgoals-g3,gfdl-cm4,gfdl-esm4,giss-e2-1-g,hadgem3-gc31-ll,inm-cm4-8,inm-cm5-0,ipsl-cm6a-lr,kace-1-0-g,miroc6,miroc-es2l,mpi-esm1-2-hr,mpi-esm1-2-lr,mri-esm2-0,nesm3,noresm2-lm,noresm2-mm,ukesm1-0-ll",World Bank Climate Change Knowledge Portal (CMIP6-x0.25),,,country polygon mask; latitude-area weighted mean using cos(latitude),SSP2-4.5,Mean temperature
USA,USA,72.38099969406174,hd30,ssp245,2040-2059,median,climatology,days,annual climatology of ensemble of hd30: hot days with 30 degC and higher,50.0,"access-cm2,access-esm1-5,bcc-csm2-mr,canesm5,cmcc-esm2,cnrm-cm6-1,cnrm-esm2-1,ec-earth3,ec-earth3-veg-lr,fgoals-g3,gfdl-cm4,gfdl-esm4,giss-e2-1-g,hadgem3-gc31-ll,inm-cm4-8,inm-cm5-0,ipsl-cm6a-lr,kace-1-0-g,kiost-esm,miroc6,miroc-es2l,mpi-esm1-2-hr,mpi-esm1-2-lr,mri-esm2-0,nesm3,noresm2-lm,noresm2-mm,ukesm1-0-ll",World Bank Climate Change Knowledge Portal (CMIP6-x0.25),,,country polygon mask; latitude-area weighted mean using cos(latitude),SSP2-4.5,Hot days above 30°C
USA,USA,1.9302980091217716,tas,ssp245,2040-2059,median,anomaly,degC,ensemble of anomaly of Daily Near-Surface Air Temperature with reference period 1995-2014,50.0,"access-cm2,access-esm1-5,bcc-csm2-mr,canesm5,cmcc-esm2,cnrm-cm6-1,cnrm-esm2-1,ec-earth3,ec-earth3-veg-lr,fgoals-g3,gfdl-cm4,gfdl-esm4,giss-e2-1-g,hadgem3-gc31-ll,inm-cm4-8,inm-cm5-0,ipsl-cm6a-lr,kace-1-0-g,miroc6,miroc-es2l,mpi-esm1-2-hr,mpi-esm1-2-lr,mri-esm2-0,nesm3,noresm2-lm,noresm2-mm,ukesm1-0-ll",World Bank Climate Change Knowledge Portal (CMIP6-x0.25),,1995-2014,country polygon mask; latitude-area weighted mean using cos(latitude),SSP2-4.5,Mean temperature
USA,USA,12.117316031647714,tas,ssp245,2040-2059,median,climatology,degC,ensemble of Daily Near-Surface Air Temperature,50.0,"access-cm2,access-esm1-5,bcc-csm2-mr,canesm5,cmcc-esm2,cnrm-cm6-1,cnrm-esm2-1,ec-earth3,ec-earth3-veg-lr,fgoals-g3,gfdl-cm4,gfdl-esm4,giss-e2-1-g,hadgem3-gc31-ll,inm-cm4-8,inm-cm5-0,ipsl-cm6a-lr,kace-1-0-g,miroc6,miroc-es2l,mpi-esm1-2-hr,mpi-esm1-2-lr,mri-esm2-0,nesm3,noresm2-lm,noresm2-mm,ukesm1-0-ll",World Bank Climate Change Knowledge Portal (CMIP6-x0.25),,,country polygon mask; latitude-area weighted mean using cos(latitude),SSP2-4.5,Mean temperature
UZB,UZB,116.3784931803937,hd30,ssp245,2040-2059,median,climatology,days,annual climatology of ensemble of hd30: hot days with 30 degC and higher,50.0,"access-cm2,access-esm1-5,bcc-csm2-mr,canesm5,cmcc-esm2,cnrm-cm6-1,cnrm-esm2-1,ec-earth3,ec-earth3-veg-lr,fgoals-g3,gfdl-cm4,gfdl-esm4,giss-e2-1-g,hadgem3-gc31-ll,inm-cm4-8,inm-cm5-0,ipsl-cm6a-lr,kace-1-0-g,kiost-esm,miroc6,miroc-es2l,mpi-esm1-2-hr,mpi-esm1-2-lr,mri-esm2-0,nesm3,noresm2-lm,noresm2-mm,ukesm1-0-ll",World Bank Climate Change Knowledge Portal (CMIP6-x0.25),,,country polygon mask; latitude-area weighted mean using cos(latitude),SSP2-4.5,Hot days above 30°C
UZB,UZB,1.7234684118255266,tas,ssp245,2040-2059,median,anomaly,degC,ensemble of anomaly of Daily Near-Surface Air Temperature with reference period 1995-2014,50.0,"access-cm2,access-esm1-5,bcc-csm2-mr,canesm5,cmcc-esm2,cnrm-cm6-1,cnrm-esm2-1,ec-earth3,ec-earth3-veg-lr,fgoals-g3,gfdl-cm4,gfdl-esm4,giss-e2-1-g,hadgem3-gc31-ll,inm-cm4-8,inm-cm5-0,ipsl-cm6a-lr,kace-1-0-g,miroc6,miroc-es2l,mpi-esm1-2-hr,mpi-esm1-2-lr,mri-esm2-0,nesm3,noresm2-lm,noresm2-mm,ukesm1-0-ll",World Bank Climate Change Knowledge Portal (CMIP6-x0.25),,1995-2014,country polygon mask; latitude-area weighted mean using cos(latitude),SSP2-4.5,Mean temperature
UZB,UZB,15.07452090478329,tas,ssp245,2040-2059,median,climatology,degC,ensemble of Daily Near-Surface Air Temperature,50.0,"access-cm2,access-esm1-5,bcc-csm2-mr,canesm5,cmcc-esm2,cnrm-cm6-1,cnrm-esm2-1,ec-earth3,ec-earth3-veg-lr,fgoals-g3,gfdl-cm4,gfdl-esm4,giss-e2-1-g,hadgem3-gc31-ll,inm-cm4-8,inm-cm5-0,ipsl-cm6a-lr,kace-1-0-g,miroc6,miroc-es2l,mpi-esm1-2-hr,mpi-esm1-2-lr,mri-esm2-0,nesm3,noresm2-lm,noresm2-mm,ukesm1-0-ll",World Bank Climate Change Knowledge Portal (CMIP6-x0.25),,,country polygon mask; latitude-area weighted mean using cos(latitude),SSP2-4.5,Mean temperature
VCT,VCT,0.30000001192092896,hd30,ssp245,2040-2059,median,climatology,days,annual climatology of ensemble of hd30: hot days with 30 degC and higher,50.0,"access-cm2,access-esm1-5,bcc-csm2-mr,canesm5,cmcc-esm2,cnrm-cm6-1,cnrm-esm2-1,ec-earth3,ec-earth3-veg-lr,fgoals-g3,gfdl-cm4,gfdl-esm4,giss-e2-1-g,hadgem3-gc31-ll,inm-cm4-8,inm-cm5-0,ipsl-cm6a-lr,kace-1-0-g,kiost-esm,miroc6,miroc-es2l,mpi-esm1-2-hr,mpi-esm1-2-lr,mri-esm2-0,nesm3,noresm2-lm,noresm2-mm,ukesm1-0-ll",World Bank Climate Change Knowledge Portal (CMIP6-x0.25),,,country polygon mask; latitude-area weighted mean using cos(latitude),SSP2-4.5,Hot days above 30°C
VCT,VCT,1.024999976158142,tas,ssp245,2040-2059,median,anomaly,degC,ensemble of anomaly of Daily Near-Surface Air Temperature with reference period 1995-2014,50.0,"access-cm2,access-esm1-5,bcc-csm2-mr,canesm5,cmcc-esm2,cnrm-cm6-1,cnrm-esm2-1,ec-earth3,ec-earth3-veg-lr,fgoals-g3,gfdl-cm4,gfdl-esm4,giss-e2-1-g,hadgem3-gc31-ll,inm-cm4-8,inm-cm5-0,ipsl-cm6a-lr,kace-1-0-g,miroc6,miroc-es2l,mpi-esm1-2-hr,mpi-esm1-2-lr,mri-esm2-0,nesm3,noresm2-lm,noresm2-mm,ukesm1-0-ll",World Bank Climate Change Knowledge Portal (CMIP6-x0.25),,1995-2014,country polygon mask; latitude-area weighted mean using cos(latitude),SSP2-4.5,Mean temperature
VCT,VCT,27.343000411987305,tas,ssp245,2040-2059,median,climatology,degC,ensemble of Daily Near-Surface Air Temperature,50.0,"access-cm2,access-esm1-5,bcc-csm2-mr,canesm5,cmcc-esm2,cnrm-cm6-1,cnrm-esm2-1,ec-earth3,ec-earth3-veg-lr,fgoals-g3,gfdl-cm4,gfdl-esm4,giss-e2-1-g,hadgem3-gc31-ll,inm-cm4-8,inm-cm5-0,ipsl-cm6a-lr,kace-1-0-g,miroc6,miroc-es2l,mpi-esm1-2-hr,mpi-esm1-2-lr,mri-esm2-0,nesm3,noresm2-lm,noresm2-mm,ukesm1-0-ll",World Bank Climate Change Knowledge Portal (CMIP6-x0.25),,,country polygon mask; latitude-area weighted mean using cos(latitude),SSP2-4.5,Mean temperature
VEN,VEN,260.13171965278855,hd30,ssp245,2040-2059,median,climatology,days,annual climatology of ensemble of hd30: hot days with 30 degC and higher,50.0,"access-cm2,access-esm1-5,bcc-csm2-mr,canesm5,cmcc-esm2,cnrm-cm6-1,cnrm-esm2-1,ec-earth3,ec-earth3-veg-lr,fgoals-g3,gfdl-cm4,gfdl-esm4,giss-e2-1-g,hadgem3-gc31-ll,inm-cm4-8,inm-cm5-0,ipsl-cm6a-lr,kace-1-0-g,kiost-esm,miroc6,miroc-es2l,mpi-esm1-2-hr,mpi-esm1-2-lr,mri-esm2-0,nesm3,noresm2-lm,noresm2-mm,ukesm1-0-ll",World Bank Climate Change Knowledge Portal (CMIP6-x0.25),,,country polygon mask; latitude-area weighted mean using cos(latitude),SSP2-4.5,Hot days above 30°C
VEN,VEN,1.4351167669271157,tas,ssp245,2040-2059,median,anomaly,degC,ensemble of anomaly of Daily Near-Surface Air Temperature with reference period 1995-2014,50.0,"access-cm2,access-esm1-5,bcc-csm2-mr,canesm5,cmcc-esm2,cnrm-cm6-1,cnrm-esm2-1,ec-earth3,ec-earth3-veg-lr,fgoals-g3,gfdl-cm4,gfdl-esm4,giss-e2-1-g,hadgem3-gc31-ll,inm-cm4-8,inm-cm5-0,ipsl-cm6a-lr,kace-1-0-g,miroc6,miroc-es2l,mpi-esm1-2-hr,mpi-esm1-2-lr,mri-esm2-0,nesm3,noresm2-lm,noresm2-mm,ukesm1-0-ll",World Bank Climate Change Knowledge Portal (CMIP6-x0.25),,1995-2014,country polygon mask; latitude-area weighted mean using cos(latitude),SSP2-4.5,Mean temperature
VEN,VEN,27.457479216462595,tas,ssp245,2040-2059,median,climatology,degC,ensemble of Daily Near-Surface Air Temperature,50.0,"access-cm2,access-esm1-5,bcc-csm2-mr,canesm5,cmcc-esm2,cnrm-cm6-1,cnrm-esm2-1,ec-earth3,ec-earth3-veg-lr,fgoals-g3,gfdl-cm4,gfdl-esm4,giss-e2-1-g,hadgem3-gc31-ll,inm-cm4-8,inm-cm5-0,ipsl-cm6a-lr,kace-1-0-g,miroc6,miroc-es2l,mpi-esm1-2-hr,mpi-esm1-2-lr,mri-esm2-0,nesm3,noresm2-lm,noresm2-mm,ukesm1-0-ll",World Bank Climate Change Knowledge Portal (CMIP6-x0.25),,,country polygon mask; latitude-area weighted mean using cos(latitude),SSP2-4.5,Mean temperature
VIR,VIR,3.049999952316284,hd30,ssp245,2040-2059,median,climatology,days,annual climatology of ensemble of hd30: hot days with 30 degC and higher,50.0,"access-cm2,access-esm1-5,bcc-csm2-mr,canesm5,cmcc-esm2,cnrm-cm6-1,cnrm-esm2-1,ec-earth3,ec-earth3-veg-lr,fgoals-g3,gfdl-cm4,gfdl-esm4,giss-e2-1-g,hadgem3-gc31-ll,inm-cm4-8,inm-cm5-0,ipsl-cm6a-lr,kace-1-0-g,kiost-esm,miroc6,miroc-es2l,mpi-esm1-2-hr,mpi-esm1-2-lr,mri-esm2-0,nesm3,noresm2-lm,noresm2-mm,ukesm1-0-ll",World Bank Climate Change Knowledge Portal (CMIP6-x0.25),,,country polygon mask; latitude-area weighted mean using cos(latitude),SSP2-4.5,Hot days above 30°C
VIR,VIR,1.0820000171661377,tas,ssp245,2040-2059,median,anomaly,degC,ensemble of anomaly of Daily Near-Surface Air Temperature with reference period 1995-2014,50.0,"access-cm2,access-esm1-5,bcc-csm2-mr,canesm5,cmcc-esm2,cnrm-cm6-1,cnrm-esm2-1,ec-earth3,ec-earth3-veg-lr,fgoals-g3,gfdl-cm4,gfdl-esm4,giss-e2-1-g,hadgem3-gc31-ll,inm-cm4-8,inm-cm5-0,ipsl-cm6a-lr,kace-1-0-g,miroc6,miroc-es2l,mpi-esm1-2-hr,mpi-esm1-2-lr,mri-esm2-0,nesm3,noresm2-lm,noresm2-mm,ukesm1-0-ll",World Bank Climate Change Knowledge Portal (CMIP6-x0.25),,1995-2014,country polygon mask; latitude-area weighted mean using cos(latitude),SSP2-4.5,Mean temperature
VIR,VIR,27.37299919128418,tas,ssp245,2040-2059,median,climatology,degC,ensemble of Daily Near-Surface Air Temperature,50.0,"access-cm2,access-esm1-5,bcc-csm2-mr,canesm5,cmcc-esm2,cnrm-cm6-1,cnrm-esm2-1,ec-earth3,ec-earth3-veg-lr,fgoals-g3,gfdl-cm4,gfdl-esm4,giss-e2-1-g,hadgem3-gc31-ll,inm-cm4-8,inm-cm5-0,ipsl-cm6a-lr,kace-1-0-g,miroc6,miroc-es2l,mpi-esm1-2-hr,mpi-esm1-2-lr,mri-esm2-0,nesm3,noresm2-lm,noresm2-mm,ukesm1-0-ll",World Bank Climate Change Knowledge Portal (CMIP6-x0.25),,,country polygon mask; latitude-area weighted mean using cos(latitude),SSP2-4.5,Mean temperature
VNM,VNM,176.70886563801304,hd30,ssp245,2040-2059,median,climatology,days,annual climatology of ensemble of hd30: hot days with 30 degC and higher,50.0,"access-cm2,access-esm1-5,bcc-csm2-mr,canesm5,cmcc-esm2,cnrm-cm6-1,cnrm-esm2-1,ec-earth3,ec-earth3-veg-lr,fgoals-g3,gfdl-cm4,gfdl-esm4,giss-e2-1-g,hadgem3-gc31-ll,inm-cm4-8,inm-cm5-0,ipsl-cm6a-lr,kace-1-0-g,kiost-esm,miroc6,miroc-es2l,mpi-esm1-2-hr,mpi-esm1-2-lr,mri-esm2-0,nesm3,noresm2-lm,noresm2-mm,ukesm1-0-ll",World Bank Climate Change Knowledge Portal (CMIP6-x0.25),,,country polygon mask; latitude-area weighted mean using cos(latitude),SSP2-4.5,Hot days above 30°C
VNM,VNM,1.257251142940527,tas,ssp245,2040-2059,median,anomaly,degC,ensemble of anomaly of Daily Near-Surface Air Temperature with reference period 1995-2014,50.0,"access-cm2,access-esm1-5,bcc-csm2-mr,canesm5,cmcc-esm2,cnrm-cm6-1,cnrm-esm2-1,ec-earth3,ec-earth3-veg-lr,fgoals-g3,gfdl-cm4,gfdl-esm4,giss-e2-1-g,hadgem3-gc31-ll,inm-cm4-8,inm-cm5-0,ipsl-cm6a-lr,kace-1-0-g,miroc6,miroc-es2l,mpi-esm1-2-hr,mpi-esm1-2-lr,mri-esm2-0,nesm3,noresm2-lm,noresm2-mm,ukesm1-0-ll",World Bank Climate Change Knowledge Portal (CMIP6-x0.25),,1995-2014,country polygon mask; latitude-area weighted mean using cos(latitude),SSP2-4.5,Mean temperature
VNM,VNM,25.392745064481236,tas,ssp245,2040-2059,median,climatology,degC,ensemble of Daily Near-Surface Air Temperature,50.0,"access-cm2,access-esm1-5,bcc-csm2-mr,canesm5,cmcc-esm2,cnrm-cm6-1,cnrm-esm2-1,ec-earth3,ec-earth3-veg-lr,fgoals-g3,gfdl-cm4,gfdl-esm4,giss-e2-1-g,hadgem3-gc31-ll,inm-cm4-8,inm-cm5-0,ipsl-cm6a-lr,kace-1-0-g,miroc6,miroc-es2l,mpi-esm1-2-hr,mpi-esm1-2-lr,mri-esm2-0,nesm3,noresm2-lm,noresm2-mm,ukesm1-0-ll",World Bank Climate Change Knowledge Portal (CMIP6-x0.25),,,country polygon mask; latitude-area weighted mean using cos(latitude),SSP2-4.5,Mean temperature
VUT,VUT,4.152726513998863,hd30,ssp245,2040-2059,median,climatology,days,annual climatology of ensemble of hd30: hot days with 30 degC and higher,50.0,"access-cm2,access-esm1-5,bcc-csm2-mr,canesm5,cmcc-esm2,cnrm-cm6-1,cnrm-esm2-1,ec-earth3,ec-earth3-veg-lr,fgoals-g3,gfdl-cm4,gfdl-esm4,giss-e2-1-g,hadgem3-gc31-ll,inm-cm4-8,inm-cm5-0,ipsl-cm6a-lr,kace-1-0-g,kiost-esm,miroc6,miroc-es2l,mpi-esm1-2-hr,mpi-esm1-2-lr,mri-esm2-0,nesm3,noresm2-lm,noresm2-mm,ukesm1-0-ll",World Bank Climate Change Knowledge Portal (CMIP6-x0.25),,,country polygon mask; latitude-area weighted mean using cos(latitude),SSP2-4.5,Hot days above 30°C
VUT,VUT,0.9180051775290603,tas,ssp245,2040-2059,median,anomaly,degC,ensemble of anomaly of Daily Near-Surface Air Temperature with reference period 1995-2014,50.0,"access-cm2,access-esm1-5,bcc-csm2-mr,canesm5,cmcc-esm2,cnrm-cm6-1,cnrm-esm2-1,ec-earth3,ec-earth3-veg-lr,fgoals-g3,gfdl-cm4,gfdl-esm4,giss-e2-1-g,hadgem3-gc31-ll,inm-cm4-8,inm-cm5-0,ipsl-cm6a-lr,kace-1-0-g,miroc6,miroc-es2l,mpi-esm1-2-hr,mpi-esm1-2-lr,mri-esm2-0,nesm3,noresm2-lm,noresm2-mm,ukesm1-0-ll",World Bank Climate Change Knowledge Portal (CMIP6-x0.25),,1995-2014,country polygon mask; latitude-area weighted mean using cos(latitude),SSP2-4.5,Mean temperature
VUT,VUT,26.113895045855514,tas,ssp245,2040-2059,median,climatology,degC,ensemble of Daily Near-Surface Air Temperature,50.0,"access-cm2,access-esm1-5,bcc-csm2-mr,canesm5,cmcc-esm2,cnrm-cm6-1,cnrm-esm2-1,ec-earth3,ec-earth3-veg-lr,fgoals-g3,gfdl-cm4,gfdl-esm4,giss-e2-1-g,hadgem3-gc31-ll,inm-cm4-8,inm-cm5-0,ipsl-cm6a-lr,kace-1-0-g,miroc6,miroc-es2l,mpi-esm1-2-hr,mpi-esm1-2-lr,mri-esm2-0,nesm3,noresm2-lm,noresm2-mm,ukesm1-0-ll",World Bank Climate Change Knowledge Portal (CMIP6-x0.25),,,country polygon mask; latitude-area weighted mean using cos(latitude),SSP2-4.5,Mean temperature
WSM,WSM,0.10821732784225878,hd30,ssp245,2040-2059,median,climatology,days,annual climatology of ensemble of hd30: hot days with 30 degC and higher,50.0,"access-cm2,access-esm1-5,bcc-csm2-mr,canesm5,cmcc-esm2,cnrm-cm6-1,cnrm-esm2-1,ec-earth3,ec-earth3-veg-lr,fgoals-g3,gfdl-cm4,gfdl-esm4,giss-e2-1-g,hadgem3-gc31-ll,inm-cm4-8,inm-cm5-0,ipsl-cm6a-lr,kace-1-0-g,kiost-esm,miroc6,miroc-es2l,mpi-esm1-2-hr,mpi-esm1-2-lr,mri-esm2-0,nesm3,noresm2-lm,noresm2-mm,ukesm1-0-ll",World Bank Climate Change Knowledge Portal (CMIP6-x0.25),,,country polygon mask; latitude-area weighted mean using cos(latitude),SSP2-4.5,Hot days above 30°C
WSM,WSM,0.9740053323318436,tas,ssp245,2040-2059,median,anomaly,degC,ensemble of anomaly of Daily Near-Surface Air Temperature with reference period 1995-2014,50.0,"access-cm2,access-esm1-5,bcc-csm2-mr,canesm5,cmcc-esm2,cnrm-cm6-1,cnrm-esm2-1,ec-earth3,ec-earth3-veg-lr,fgoals-g3,gfdl-cm4,gfdl-esm4,giss-e2-1-g,hadgem3-gc31-ll,inm-cm4-8,inm-cm5-0,ipsl-cm6a-lr,kace-1-0-g,miroc6,miroc-es2l,mpi-esm1-2-hr,mpi-esm1-2-lr,mri-esm2-0,nesm3,noresm2-lm,noresm2-mm,ukesm1-0-ll",World Bank Climate Change Knowledge Portal (CMIP6-x0.25),,1995-2014,country polygon mask; latitude-area weighted mean using cos(latitude),SSP2-4.5,Mean temperature
WSM,WSM,26.570436447574394,tas,ssp245,2040-2059,median,climatology,degC,ensemble of Daily Near-Surface Air Temperature,50.0,"access-cm2,access-esm1-5,bcc-csm2-mr,canesm5,cmcc-esm2,cnrm-cm6-1,cnrm-esm2-1,ec-earth3,ec-earth3-veg-lr,fgoals-g3,gfdl-cm4,gfdl-esm4,giss-e2-1-g,hadgem3-gc31-ll,inm-cm4-8,inm-cm5-0,ipsl-cm6a-lr,kace-1-0-g,miroc6,miroc-es2l,mpi-esm1-2-hr,mpi-esm1-2-lr,mri-esm2-0,nesm3,noresm2-lm,noresm2-mm,ukesm1-0-ll",World Bank Climate Change Knowledge Portal (CMIP6-x0.25),,,country polygon mask; latitude-area weighted mean using cos(latitude),SSP2-4.5,Mean temperature
YEM,YEM,244.0435243442072,hd30,ssp245,2040-2059,median,climatology,days,annual climatology of ensemble of hd30: hot days with 30 degC and higher,50.0,"access-cm2,access-esm1-5,bcc-csm2-mr,canesm5,cmcc-esm2,cnrm-cm6-1,cnrm-esm2-1,ec-earth3,ec-earth3-veg-lr,fgoals-g3,gfdl-cm4,gfdl-esm4,giss-e2-1-g,hadgem3-gc31-ll,inm-cm4-8,inm-cm5-0,ipsl-cm6a-lr,kace-1-0-g,kiost-esm,miroc6,miroc-es2l,mpi-esm1-2-hr,mpi-esm1-2-lr,mri-esm2-0,nesm3,noresm2-lm,noresm2-mm,ukesm1-0-ll",World Bank Climate Change Knowledge Portal (CMIP6-x0.25),,,country polygon mask; latitude-area weighted mean using cos(latitude),SSP2-4.5,Hot days above 30°C
YEM,YEM,1.515568992475969,tas,ssp245,2040-2059,median,anomaly,degC,ensemble of anomaly of Daily Near-Surface Air Temperature with reference period 1995-2014,50.0,"access-cm2,access-esm1-5,bcc-csm2-mr,canesm5,cmcc-esm2,cnrm-cm6-1,cnrm-esm2-1,ec-earth3,ec-earth3-veg-lr,fgoals-g3,gfdl-cm4,gfdl-esm4,giss-e2-1-g,hadgem3-gc31-ll,inm-cm4-8,inm-cm5-0,ipsl-cm6a-lr,kace-1-0-g,miroc6,miroc-es2l,mpi-esm1-2-hr,mpi-esm1-2-lr,mri-esm2-0,nesm3,noresm2-lm,noresm2-mm,ukesm1-0-ll",World Bank Climate Change Knowledge Portal (CMIP6-x0.25),,1995-2014,country polygon mask; latitude-area weighted mean using cos(latitude),SSP2-4.5,Mean temperature
YEM,YEM,26.87078561770068,tas,ssp245,2040-2059,median,climatology,degC,ensemble of Daily Near-Surface Air Temperature,50.0,"access-cm2,access-esm1-5,bcc-csm2-mr,canesm5,cmcc-esm2,cnrm-cm6-1,cnrm-esm2-1,ec-earth3,ec-earth3-veg-lr,fgoals-g3,gfdl-cm4,gfdl-esm4,giss-e2-1-g,hadgem3-gc31-ll,inm-cm4-8,inm-cm5-0,ipsl-cm6a-lr,kace-1-0-g,miroc6,miroc-es2l,mpi-esm1-2-hr,mpi-esm1-2-lr,mri-esm2-0,nesm3,noresm2-lm,noresm2-mm,ukesm1-0-ll",World Bank Climate Change Knowledge Portal (CMIP6-x0.25),,,country polygon mask; latitude-area weighted mean using cos(latitude),SSP2-4.5,Mean temperature
ZAF,ZAF,108.30007759954326,hd30,ssp245,2040-2059,median,climatology,days,annual climatology of ensemble of hd30: hot days with 30 degC and higher,50.0,"access-cm2,access-esm1-5,bcc-csm2-mr,canesm5,cmcc-esm2,cnrm-cm6-1,cnrm-esm2-1,ec-earth3,ec-earth3-veg-lr,fgoals-g3,gfdl-cm4,gfdl-esm4,giss-e2-1-g,hadgem3-gc31-ll,inm-cm4-8,inm-cm5-0,ipsl-cm6a-lr,kace-1-0-g,kiost-esm,miroc6,miroc-es2l,mpi-esm1-2-hr,mpi-esm1-2-lr,mri-esm2-0,nesm3,noresm2-lm,noresm2-mm,ukesm1-0-ll",World Bank Climate Change Knowledge Portal (CMIP6-x0.25),,,country polygon mask; latitude-area weighted mean using cos(latitude),SSP2-4.5,Hot days above 30°C
ZAF,ZAF,1.47196858145468,tas,ssp245,2040-2059,median,anomaly,degC,ensemble of anomaly of Daily Near-Surface Air Temperature with reference period 1995-2014,50.0,"access-cm2,access-esm1-5,bcc-csm2-mr,canesm5,cmcc-esm2,cnrm-cm6-1,cnrm-esm2-1,ec-earth3,ec-earth3-veg-lr,fgoals-g3,gfdl-cm4,gfdl-esm4,giss-e2-1-g,hadgem3-gc31-ll,inm-cm4-8,inm-cm5-0,ipsl-cm6a-lr,kace-1-0-g,miroc6,miroc-es2l,mpi-esm1-2-hr,mpi-esm1-2-lr,mri-esm2-0,nesm3,noresm2-lm,noresm2-mm,ukesm1-0-ll",World Bank Climate Change Knowledge Portal (CMIP6-x0.25),,1995-2014,country polygon mask; latitude-area weighted mean using cos(latitude),SSP2-4.5,Mean temperature
ZAF,ZAF,19.879363619202653,tas,ssp245,2040-2059,median,climatology,degC,ensemble of Daily Near-Surface Air Temperature,50.0,"access-cm2,access-esm1-5,bcc-csm2-mr,canesm5,cmcc-esm2,cnrm-cm6-1,cnrm-esm2-1,ec-earth3,ec-earth3-veg-lr,fgoals-g3,gfdl-cm4,gfdl-esm4,giss-e2-1-g,hadgem3-gc31-ll,inm-cm4-8,inm-cm5-0,ipsl-cm6a-lr,kace-1-0-g,miroc6,miroc-es2l,mpi-esm1-2-hr,mpi-esm1-2-lr,mri-esm2-0,nesm3,noresm2-lm,noresm2-mm,ukesm1-0-ll",World Bank Climate Change Knowledge Portal (CMIP6-x0.25),,,country polygon mask; latitude-area weighted mean using cos(latitude),SSP2-4.5,Mean temperature
ZMB,ZMB,137.48032074889787,hd30,ssp245,2040-2059,median,climatology,days,annual climatology of ensemble of hd30: hot days with 30 degC and higher,50.0,"access-cm2,access-esm1-5,bcc-csm2-mr,canesm5,cmcc-esm2,cnrm-cm6-1,cnrm-esm2-1,ec-earth3,ec-earth3-veg-lr,fgoals-g3,gfdl-cm4,gfdl-esm4,giss-e2-1-g,hadgem3-gc31-ll,inm-cm4-8,inm-cm5-0,ipsl-cm6a-lr,kace-1-0-g,kiost-esm,miroc6,miroc-es2l,mpi-esm1-2-hr,mpi-esm1-2-lr,mri-esm2-0,nesm3,noresm2-lm,noresm2-mm,ukesm1-0-ll",World Bank Climate Change Knowledge Portal (CMIP6-x0.25),,,country polygon mask; latitude-area weighted mean using cos(latitude),SSP2-4.5,Hot days above 30°C
ZMB,ZMB,1.4898961650306322,tas,ssp245,2040-2059,median,anomaly,degC,ensemble of anomaly of Daily Near-Surface Air Temperature with reference period 1995-2014,50.0,"access-cm2,access-esm1-5,bcc-csm2-mr,canesm5,cmcc-esm2,cnrm-cm6-1,cnrm-esm2-1,ec-earth3,ec-earth3-veg-lr,fgoals-g3,gfdl-cm4,gfdl-esm4,giss-e2-1-g,hadgem3-gc31-ll,inm-cm4-8,inm-cm5-0,ipsl-cm6a-lr,kace-1-0-g,miroc6,miroc-es2l,mpi-esm1-2-hr,mpi-esm1-2-lr,mri-esm2-0,nesm3,noresm2-lm,noresm2-mm,ukesm1-0-ll",World Bank Climate Change Knowledge Portal (CMIP6-x0.25),,1995-2014,country polygon mask; latitude-area weighted mean using cos(latitude),SSP2-4.5,Mean temperature
ZMB,ZMB,23.893249908234587,tas,ssp245,2040-2059,median,climatology,degC,ensemble of Daily Near-Surface Air Temperature,50.0,"access-cm2,access-esm1-5,bcc-csm2-mr,canesm5,cmcc-esm2,cnrm-cm6-1,cnrm-esm2-1,ec-earth3,ec-earth3-veg-lr,fgoals-g3,gfdl-cm4,gfdl-esm4,giss-e2-1-g,hadgem3-gc31-ll,inm-cm4-8,inm-cm5-0,ipsl-cm6a-lr,kace-1-0-g,miroc6,miroc-es2l,mpi-esm1-2-hr,mpi-esm1-2-lr,mri-esm2-0,nesm3,noresm2-lm,noresm2-mm,ukesm1-0-ll",World Bank Climate Change Knowledge Portal (CMIP6-x0.25),,,country polygon mask; latitude-area weighted mean using cos(latitude),SSP2-4.5,Mean temperature
ZWE,ZWE,153.00876361555405,hd30,ssp245,2040-2059,median,climatology,days,annual climatology of ensemble of hd30: hot days with 30 degC and higher,50.0,"access-cm2,access-esm1-5,bcc-csm2-mr,canesm5,cmcc-esm2,cnrm-cm6-1,cnrm-esm2-1,ec-earth3,ec-earth3-veg-lr,fgoals-g3,gfdl-cm4,gfdl-esm4,giss-e2-1-g,hadgem3-gc31-ll,inm-cm4-8,inm-cm5-0,ipsl-cm6a-lr,kace-1-0-g,kiost-esm,miroc6,miroc-es2l,mpi-esm1-2-hr,mpi-esm1-2-lr,mri-esm2-0,nesm3,noresm2-lm,noresm2-mm,ukesm1-0-ll",World Bank Climate Change Knowledge Portal (CMIP6-x0.25),,,country polygon mask; latitude-area weighted mean using cos(latitude),SSP2-4.5,Hot days above 30°C
ZWE,ZWE,1.4921875520302363,tas,ssp245,2040-2059,median,anomaly,degC,ensemble of anomaly of Daily Near-Surface Air Temperature with reference period 1995-2014,50.0,"access-cm2,access-esm1-5,bcc-csm2-mr,canesm5,cmcc-esm2,cnrm-cm6-1,cnrm-esm2-1,ec-earth3,ec-earth3-veg-lr,fgoals-g3,gfdl-cm4,gfdl-esm4,giss-e2-1-g,hadgem3-gc31-ll,inm-cm4-8,inm-cm5-0,ipsl-cm6a-lr,kace-1-0-g,miroc6,miroc-es2l,mpi-esm1-2-hr,mpi-esm1-2-lr,mri-esm2-0,nesm3,noresm2-lm,noresm2-mm,ukesm1-0-ll",World Bank Climate Change Knowledge Portal (CMIP6-x0.25),,1995-2014,country polygon mask; latitude-area weighted mean using cos(latitude),SSP2-4.5,Mean temperature
ZWE,ZWE,23.235387134314298,tas,ssp245,2040-2059,median,climatology,degC,ensemble of Daily Near-Surface Air Temperature,50.0,"access-cm2,access-esm1-5,bcc-csm2-mr,canesm5,cmcc-esm2,cnrm-cm6-1,cnrm-esm2-1,ec-earth3,ec-earth3-veg-lr,fgoals-g3,gfdl-cm4,gfdl-esm4,giss-e2-1-g,hadgem3-gc31-ll,inm-cm4-8,inm-cm5-0,ipsl-cm6a-lr,kace-1-0-g,miroc6,miroc-es2l,mpi-esm1-2-hr,mpi-esm1-2-lr,mri-esm2-0,nesm3,noresm2-lm,noresm2-mm,ukesm1-0-ll",World Bank Climate Change Knowledge Portal (CMIP6-x0.25),,,country polygon mask; latitude-area weighted mean using cos(latitude),SSP2-4.5,Mean temperature
