iso3,country,value,aggregation_method,indicator,scenario,period,statistic,value_type,unit,variable_long_name,ensemble_percentile,models_in_ensemble,source,source_doi,reference_period,scenario_label,indicator_label
ABW,Aruba (Neth.),-29.834999084472656,centre_cell_mask_coslat_area_weighted,pr,ssp245,2040-2059,median,anomaly,mm,ensemble of anomaly of Precipitation with reference period 1995-2014,50.0,"access-cm2,access-esm1-5,bcc-csm2-mr,canesm5,cmcc-esm2,cnrm-cm6-1,cnrm-esm2-1,ec-earth3,ec-earth3-veg-lr,fgoals-g3,gfdl-cm4,gfdl-esm4,giss-e2-1-g,hadgem3-gc31-ll,inm-cm4-8,inm-cm5-0,ipsl-cm6a-lr,kace-1-0-g,miroc6,miroc-es2l,mpi-esm1-2-hr,mpi-esm1-2-lr,mri-esm2-0,nesm3,noresm2-lm,noresm2-mm,ukesm1-0-ll",World Bank Climate Change Knowledge Portal (CMIP6-x0.25),,1995-2014,SSP2-4.5,Precipitation
ABW,Aruba (Neth.),649.3779907226562,centre_cell_mask_coslat_area_weighted,pr,ssp245,2040-2059,median,climatology,mm,ensemble of Precipitation,50.0,"access-cm2,access-esm1-5,bcc-csm2-mr,canesm5,cmcc-esm2,cnrm-cm6-1,cnrm-esm2-1,ec-earth3,ec-earth3-veg-lr,fgoals-g3,gfdl-cm4,gfdl-esm4,giss-e2-1-g,hadgem3-gc31-ll,inm-cm4-8,inm-cm5-0,ipsl-cm6a-lr,kace-1-0-g,miroc6,miroc-es2l,mpi-esm1-2-hr,mpi-esm1-2-lr,mri-esm2-0,nesm3,noresm2-lm,noresm2-mm,ukesm1-0-ll",World Bank Climate Change Knowledge Portal (CMIP6-x0.25),,,SSP2-4.5,Precipitation
AFG,Afghanistan,5.624065020016227,centre_cell_mask_coslat_area_weighted,pr,ssp245,2040-2059,median,anomaly,mm,ensemble of anomaly of Precipitation with reference period 1995-2014,50.0,"access-cm2,access-esm1-5,bcc-csm2-mr,canesm5,cmcc-esm2,cnrm-cm6-1,cnrm-esm2-1,ec-earth3,ec-earth3-veg-lr,fgoals-g3,gfdl-cm4,gfdl-esm4,giss-e2-1-g,hadgem3-gc31-ll,inm-cm4-8,inm-cm5-0,ipsl-cm6a-lr,kace-1-0-g,miroc6,miroc-es2l,mpi-esm1-2-hr,mpi-esm1-2-lr,mri-esm2-0,nesm3,noresm2-lm,noresm2-mm,ukesm1-0-ll",World Bank Climate Change Knowledge Portal (CMIP6-x0.25),,1995-2014,SSP2-4.5,Precipitation
AFG,Afghanistan,374.0340315986206,centre_cell_mask_coslat_area_weighted,pr,ssp245,2040-2059,median,climatology,mm,ensemble of Precipitation,50.0,"access-cm2,access-esm1-5,bcc-csm2-mr,canesm5,cmcc-esm2,cnrm-cm6-1,cnrm-esm2-1,ec-earth3,ec-earth3-veg-lr,fgoals-g3,gfdl-cm4,gfdl-esm4,giss-e2-1-g,hadgem3-gc31-ll,inm-cm4-8,inm-cm5-0,ipsl-cm6a-lr,kace-1-0-g,miroc6,miroc-es2l,mpi-esm1-2-hr,mpi-esm1-2-lr,mri-esm2-0,nesm3,noresm2-lm,noresm2-mm,ukesm1-0-ll",World Bank Climate Change Knowledge Portal (CMIP6-x0.25),,,SSP2-4.5,Precipitation
AGO,Angola,-12.618955930958842,centre_cell_mask_coslat_area_weighted,pr,ssp245,2040-2059,median,anomaly,mm,ensemble of anomaly of Precipitation with reference period 1995-2014,50.0,"access-cm2,access-esm1-5,bcc-csm2-mr,canesm5,cmcc-esm2,cnrm-cm6-1,cnrm-esm2-1,ec-earth3,ec-earth3-veg-lr,fgoals-g3,gfdl-cm4,gfdl-esm4,giss-e2-1-g,hadgem3-gc31-ll,inm-cm4-8,inm-cm5-0,ipsl-cm6a-lr,kace-1-0-g,miroc6,miroc-es2l,mpi-esm1-2-hr,mpi-esm1-2-lr,mri-esm2-0,nesm3,noresm2-lm,noresm2-mm,ukesm1-0-ll",World Bank Climate Change Knowledge Portal (CMIP6-x0.25),,1995-2014,SSP2-4.5,Precipitation
AGO,Angola,1130.0915207614314,centre_cell_mask_coslat_area_weighted,pr,ssp245,2040-2059,median,climatology,mm,ensemble of Precipitation,50.0,"access-cm2,access-esm1-5,bcc-csm2-mr,canesm5,cmcc-esm2,cnrm-cm6-1,cnrm-esm2-1,ec-earth3,ec-earth3-veg-lr,fgoals-g3,gfdl-cm4,gfdl-esm4,giss-e2-1-g,hadgem3-gc31-ll,inm-cm4-8,inm-cm5-0,ipsl-cm6a-lr,kace-1-0-g,miroc6,miroc-es2l,mpi-esm1-2-hr,mpi-esm1-2-lr,mri-esm2-0,nesm3,noresm2-lm,noresm2-mm,ukesm1-0-ll",World Bank Climate Change Knowledge Portal (CMIP6-x0.25),,,SSP2-4.5,Precipitation
AIA,Anguilla (U.K.),-14.645999908447266,centre_cell_mask_coslat_area_weighted,pr,ssp245,2040-2059,median,anomaly,mm,ensemble of anomaly of Precipitation with reference period 1995-2014,50.0,"access-cm2,access-esm1-5,bcc-csm2-mr,canesm5,cmcc-esm2,cnrm-cm6-1,cnrm-esm2-1,ec-earth3,ec-earth3-veg-lr,fgoals-g3,gfdl-cm4,gfdl-esm4,giss-e2-1-g,hadgem3-gc31-ll,inm-cm4-8,inm-cm5-0,ipsl-cm6a-lr,kace-1-0-g,miroc6,miroc-es2l,mpi-esm1-2-hr,mpi-esm1-2-lr,mri-esm2-0,nesm3,noresm2-lm,noresm2-mm,ukesm1-0-ll",World Bank Climate Change Knowledge Portal (CMIP6-x0.25),,1995-2014,SSP2-4.5,Precipitation
AIA,Anguilla (U.K.),829.7000122070312,centre_cell_mask_coslat_area_weighted,pr,ssp245,2040-2059,median,climatology,mm,ensemble of Precipitation,50.0,"access-cm2,access-esm1-5,bcc-csm2-mr,canesm5,cmcc-esm2,cnrm-cm6-1,cnrm-esm2-1,ec-earth3,ec-earth3-veg-lr,fgoals-g3,gfdl-cm4,gfdl-esm4,giss-e2-1-g,hadgem3-gc31-ll,inm-cm4-8,inm-cm5-0,ipsl-cm6a-lr,kace-1-0-g,miroc6,miroc-es2l,mpi-esm1-2-hr,mpi-esm1-2-lr,mri-esm2-0,nesm3,noresm2-lm,noresm2-mm,ukesm1-0-ll",World Bank Climate Change Knowledge Portal (CMIP6-x0.25),,,SSP2-4.5,Precipitation
ALA,Finland,17.012394698274907,centre_cell_mask_coslat_area_weighted,pr,ssp245,2040-2059,median,anomaly,mm,ensemble of anomaly of Precipitation with reference period 1995-2014,50.0,"access-cm2,access-esm1-5,bcc-csm2-mr,canesm5,cmcc-esm2,cnrm-cm6-1,cnrm-esm2-1,ec-earth3,ec-earth3-veg-lr,fgoals-g3,gfdl-cm4,gfdl-esm4,giss-e2-1-g,hadgem3-gc31-ll,inm-cm4-8,inm-cm5-0,ipsl-cm6a-lr,kace-1-0-g,miroc6,miroc-es2l,mpi-esm1-2-hr,mpi-esm1-2-lr,mri-esm2-0,nesm3,noresm2-lm,noresm2-mm,ukesm1-0-ll",World Bank Climate Change Knowledge Portal (CMIP6-x0.25),,1995-2014,SSP2-4.5,Precipitation
ALA,Finland,643.8111526767896,centre_cell_mask_coslat_area_weighted,pr,ssp245,2040-2059,median,climatology,mm,ensemble of Precipitation,50.0,"access-cm2,access-esm1-5,bcc-csm2-mr,canesm5,cmcc-esm2,cnrm-cm6-1,cnrm-esm2-1,ec-earth3,ec-earth3-veg-lr,fgoals-g3,gfdl-cm4,gfdl-esm4,giss-e2-1-g,hadgem3-gc31-ll,inm-cm4-8,inm-cm5-0,ipsl-cm6a-lr,kace-1-0-g,miroc6,miroc-es2l,mpi-esm1-2-hr,mpi-esm1-2-lr,mri-esm2-0,nesm3,noresm2-lm,noresm2-mm,ukesm1-0-ll",World Bank Climate Change Knowledge Portal (CMIP6-x0.25),,,SSP2-4.5,Precipitation
ALB,Albania,-55.47786584788252,centre_cell_mask_coslat_area_weighted,pr,ssp245,2040-2059,median,anomaly,mm,ensemble of anomaly of Precipitation with reference period 1995-2014,50.0,"access-cm2,access-esm1-5,bcc-csm2-mr,canesm5,cmcc-esm2,cnrm-cm6-1,cnrm-esm2-1,ec-earth3,ec-earth3-veg-lr,fgoals-g3,gfdl-cm4,gfdl-esm4,giss-e2-1-g,hadgem3-gc31-ll,inm-cm4-8,inm-cm5-0,ipsl-cm6a-lr,kace-1-0-g,miroc6,miroc-es2l,mpi-esm1-2-hr,mpi-esm1-2-lr,mri-esm2-0,nesm3,noresm2-lm,noresm2-mm,ukesm1-0-ll",World Bank Climate Change Knowledge Portal (CMIP6-x0.25),,1995-2014,SSP2-4.5,Precipitation
ALB,Albania,1256.100276417543,centre_cell_mask_coslat_area_weighted,pr,ssp245,2040-2059,median,climatology,mm,ensemble of Precipitation,50.0,"access-cm2,access-esm1-5,bcc-csm2-mr,canesm5,cmcc-esm2,cnrm-cm6-1,cnrm-esm2-1,ec-earth3,ec-earth3-veg-lr,fgoals-g3,gfdl-cm4,gfdl-esm4,giss-e2-1-g,hadgem3-gc31-ll,inm-cm4-8,inm-cm5-0,ipsl-cm6a-lr,kace-1-0-g,miroc6,miroc-es2l,mpi-esm1-2-hr,mpi-esm1-2-lr,mri-esm2-0,nesm3,noresm2-lm,noresm2-mm,ukesm1-0-ll",World Bank Climate Change Knowledge Portal (CMIP6-x0.25),,,SSP2-4.5,Precipitation
AND,Andorra,-43.61299896240234,centre_cell_mask_coslat_area_weighted,pr,ssp245,2040-2059,median,anomaly,mm,ensemble of anomaly of Precipitation with reference period 1995-2014,50.0,"access-cm2,access-esm1-5,bcc-csm2-mr,canesm5,cmcc-esm2,cnrm-cm6-1,cnrm-esm2-1,ec-earth3,ec-earth3-veg-lr,fgoals-g3,gfdl-cm4,gfdl-esm4,giss-e2-1-g,hadgem3-gc31-ll,inm-cm4-8,inm-cm5-0,ipsl-cm6a-lr,kace-1-0-g,miroc6,miroc-es2l,mpi-esm1-2-hr,mpi-esm1-2-lr,mri-esm2-0,nesm3,noresm2-lm,noresm2-mm,ukesm1-0-ll",World Bank Climate Change Knowledge Portal (CMIP6-x0.25),,1995-2014,SSP2-4.5,Precipitation
AND,Andorra,930.8560180664064,centre_cell_mask_coslat_area_weighted,pr,ssp245,2040-2059,median,climatology,mm,ensemble of Precipitation,50.0,"access-cm2,access-esm1-5,bcc-csm2-mr,canesm5,cmcc-esm2,cnrm-cm6-1,cnrm-esm2-1,ec-earth3,ec-earth3-veg-lr,fgoals-g3,gfdl-cm4,gfdl-esm4,giss-e2-1-g,hadgem3-gc31-ll,inm-cm4-8,inm-cm5-0,ipsl-cm6a-lr,kace-1-0-g,miroc6,miroc-es2l,mpi-esm1-2-hr,mpi-esm1-2-lr,mri-esm2-0,nesm3,noresm2-lm,noresm2-mm,ukesm1-0-ll",World Bank Climate Change Knowledge Portal (CMIP6-x0.25),,,SSP2-4.5,Precipitation
ARE,United Arab Emirates,7.991469413314319,centre_cell_mask_coslat_area_weighted,pr,ssp245,2040-2059,median,anomaly,mm,ensemble of anomaly of Precipitation with reference period 1995-2014,50.0,"access-cm2,access-esm1-5,bcc-csm2-mr,canesm5,cmcc-esm2,cnrm-cm6-1,cnrm-esm2-1,ec-earth3,ec-earth3-veg-lr,fgoals-g3,gfdl-cm4,gfdl-esm4,giss-e2-1-g,hadgem3-gc31-ll,inm-cm4-8,inm-cm5-0,ipsl-cm6a-lr,kace-1-0-g,miroc6,miroc-es2l,mpi-esm1-2-hr,mpi-esm1-2-lr,mri-esm2-0,nesm3,noresm2-lm,noresm2-mm,ukesm1-0-ll",World Bank Climate Change Knowledge Portal (CMIP6-x0.25),,1995-2014,SSP2-4.5,Precipitation
ARE,United Arab Emirates,58.90841382424027,centre_cell_mask_coslat_area_weighted,pr,ssp245,2040-2059,median,climatology,mm,ensemble of Precipitation,50.0,"access-cm2,access-esm1-5,bcc-csm2-mr,canesm5,cmcc-esm2,cnrm-cm6-1,cnrm-esm2-1,ec-earth3,ec-earth3-veg-lr,fgoals-g3,gfdl-cm4,gfdl-esm4,giss-e2-1-g,hadgem3-gc31-ll,inm-cm4-8,inm-cm5-0,ipsl-cm6a-lr,kace-1-0-g,miroc6,miroc-es2l,mpi-esm1-2-hr,mpi-esm1-2-lr,mri-esm2-0,nesm3,noresm2-lm,noresm2-mm,ukesm1-0-ll",World Bank Climate Change Knowledge Portal (CMIP6-x0.25),,,SSP2-4.5,Precipitation
ARG,Argentina,3.987848235732826,centre_cell_mask_coslat_area_weighted,pr,ssp245,2040-2059,median,anomaly,mm,ensemble of anomaly of Precipitation with reference period 1995-2014,50.0,"access-cm2,access-esm1-5,bcc-csm2-mr,canesm5,cmcc-esm2,cnrm-cm6-1,cnrm-esm2-1,ec-earth3,ec-earth3-veg-lr,fgoals-g3,gfdl-cm4,gfdl-esm4,giss-e2-1-g,hadgem3-gc31-ll,inm-cm4-8,inm-cm5-0,ipsl-cm6a-lr,kace-1-0-g,miroc6,miroc-es2l,mpi-esm1-2-hr,mpi-esm1-2-lr,mri-esm2-0,nesm3,noresm2-lm,noresm2-mm,ukesm1-0-ll",World Bank Climate Change Knowledge Portal (CMIP6-x0.25),,1995-2014,SSP2-4.5,Precipitation
ARG,Argentina,820.7772835110834,centre_cell_mask_coslat_area_weighted,pr,ssp245,2040-2059,median,climatology,mm,ensemble of Precipitation,50.0,"access-cm2,access-esm1-5,bcc-csm2-mr,canesm5,cmcc-esm2,cnrm-cm6-1,cnrm-esm2-1,ec-earth3,ec-earth3-veg-lr,fgoals-g3,gfdl-cm4,gfdl-esm4,giss-e2-1-g,hadgem3-gc31-ll,inm-cm4-8,inm-cm5-0,ipsl-cm6a-lr,kace-1-0-g,miroc6,miroc-es2l,mpi-esm1-2-hr,mpi-esm1-2-lr,mri-esm2-0,nesm3,noresm2-lm,noresm2-mm,ukesm1-0-ll",World Bank Climate Change Knowledge Portal (CMIP6-x0.25),,,SSP2-4.5,Precipitation
ARM,Armenia,-6.450918113093209,centre_cell_mask_coslat_area_weighted,pr,ssp245,2040-2059,median,anomaly,mm,ensemble of anomaly of Precipitation with reference period 1995-2014,50.0,"access-cm2,access-esm1-5,bcc-csm2-mr,canesm5,cmcc-esm2,cnrm-cm6-1,cnrm-esm2-1,ec-earth3,ec-earth3-veg-lr,fgoals-g3,gfdl-cm4,gfdl-esm4,giss-e2-1-g,hadgem3-gc31-ll,inm-cm4-8,inm-cm5-0,ipsl-cm6a-lr,kace-1-0-g,miroc6,miroc-es2l,mpi-esm1-2-hr,mpi-esm1-2-lr,mri-esm2-0,nesm3,noresm2-lm,noresm2-mm,ukesm1-0-ll",World Bank Climate Change Knowledge Portal (CMIP6-x0.25),,1995-2014,SSP2-4.5,Precipitation
ARM,Armenia,878.3439082433289,centre_cell_mask_coslat_area_weighted,pr,ssp245,2040-2059,median,climatology,mm,ensemble of Precipitation,50.0,"access-cm2,access-esm1-5,bcc-csm2-mr,canesm5,cmcc-esm2,cnrm-cm6-1,cnrm-esm2-1,ec-earth3,ec-earth3-veg-lr,fgoals-g3,gfdl-cm4,gfdl-esm4,giss-e2-1-g,hadgem3-gc31-ll,inm-cm4-8,inm-cm5-0,ipsl-cm6a-lr,kace-1-0-g,miroc6,miroc-es2l,mpi-esm1-2-hr,mpi-esm1-2-lr,mri-esm2-0,nesm3,noresm2-lm,noresm2-mm,ukesm1-0-ll",World Bank Climate Change Knowledge Portal (CMIP6-x0.25),,,SSP2-4.5,Precipitation
ASM,American Samoa (U.S.),42.178001403808594,centre_cell_mask_coslat_area_weighted,pr,ssp245,2040-2059,median,anomaly,mm,ensemble of anomaly of Precipitation with reference period 1995-2014,50.0,"access-cm2,access-esm1-5,bcc-csm2-mr,canesm5,cmcc-esm2,cnrm-cm6-1,cnrm-esm2-1,ec-earth3,ec-earth3-veg-lr,fgoals-g3,gfdl-cm4,gfdl-esm4,giss-e2-1-g,hadgem3-gc31-ll,inm-cm4-8,inm-cm5-0,ipsl-cm6a-lr,kace-1-0-g,miroc6,miroc-es2l,mpi-esm1-2-hr,mpi-esm1-2-lr,mri-esm2-0,nesm3,noresm2-lm,noresm2-mm,ukesm1-0-ll",World Bank Climate Change Knowledge Portal (CMIP6-x0.25),,1995-2014,SSP2-4.5,Precipitation
ASM,American Samoa (U.S.),2489.98095703125,centre_cell_mask_coslat_area_weighted,pr,ssp245,2040-2059,median,climatology,mm,ensemble of Precipitation,50.0,"access-cm2,access-esm1-5,bcc-csm2-mr,canesm5,cmcc-esm2,cnrm-cm6-1,cnrm-esm2-1,ec-earth3,ec-earth3-veg-lr,fgoals-g3,gfdl-cm4,gfdl-esm4,giss-e2-1-g,hadgem3-gc31-ll,inm-cm4-8,inm-cm5-0,ipsl-cm6a-lr,kace-1-0-g,miroc6,miroc-es2l,mpi-esm1-2-hr,mpi-esm1-2-lr,mri-esm2-0,nesm3,noresm2-lm,noresm2-mm,ukesm1-0-ll",World Bank Climate Change Knowledge Portal (CMIP6-x0.25),,,SSP2-4.5,Precipitation
ATF,French Southern and Antarctic Lands (Fr.),72.66516907392037,centre_cell_mask_coslat_area_weighted,pr,ssp245,2040-2059,median,anomaly,mm,ensemble of anomaly of Precipitation with reference period 1995-2014,50.0,"access-cm2,access-esm1-5,bcc-csm2-mr,canesm5,cmcc-esm2,cnrm-cm6-1,cnrm-esm2-1,ec-earth3,ec-earth3-veg-lr,fgoals-g3,gfdl-cm4,gfdl-esm4,giss-e2-1-g,hadgem3-gc31-ll,inm-cm4-8,inm-cm5-0,ipsl-cm6a-lr,kace-1-0-g,miroc6,miroc-es2l,mpi-esm1-2-hr,mpi-esm1-2-lr,mri-esm2-0,nesm3,noresm2-lm,noresm2-mm,ukesm1-0-ll",World Bank Climate Change Knowledge Portal (CMIP6-x0.25),,1995-2014,SSP2-4.5,Precipitation
ATF,French Southern and Antarctic Lands (Fr.),1808.9709869923433,centre_cell_mask_coslat_area_weighted,pr,ssp245,2040-2059,median,climatology,mm,ensemble of Precipitation,50.0,"access-cm2,access-esm1-5,bcc-csm2-mr,canesm5,cmcc-esm2,cnrm-cm6-1,cnrm-esm2-1,ec-earth3,ec-earth3-veg-lr,fgoals-g3,gfdl-cm4,gfdl-esm4,giss-e2-1-g,hadgem3-gc31-ll,inm-cm4-8,inm-cm5-0,ipsl-cm6a-lr,kace-1-0-g,miroc6,miroc-es2l,mpi-esm1-2-hr,mpi-esm1-2-lr,mri-esm2-0,nesm3,noresm2-lm,noresm2-mm,ukesm1-0-ll",World Bank Climate Change Knowledge Portal (CMIP6-x0.25),,,SSP2-4.5,Precipitation
ATG,Antigua and Barbuda,-30.47599983215332,centre_cell_mask_coslat_area_weighted,pr,ssp245,2040-2059,median,anomaly,mm,ensemble of anomaly of Precipitation with reference period 1995-2014,50.0,"access-cm2,access-esm1-5,bcc-csm2-mr,canesm5,cmcc-esm2,cnrm-cm6-1,cnrm-esm2-1,ec-earth3,ec-earth3-veg-lr,fgoals-g3,gfdl-cm4,gfdl-esm4,giss-e2-1-g,hadgem3-gc31-ll,inm-cm4-8,inm-cm5-0,ipsl-cm6a-lr,kace-1-0-g,miroc6,miroc-es2l,mpi-esm1-2-hr,mpi-esm1-2-lr,mri-esm2-0,nesm3,noresm2-lm,noresm2-mm,ukesm1-0-ll",World Bank Climate Change Knowledge Portal (CMIP6-x0.25),,1995-2014,SSP2-4.5,Precipitation
ATG,Antigua and Barbuda,880.7119750976562,centre_cell_mask_coslat_area_weighted,pr,ssp245,2040-2059,median,climatology,mm,ensemble of Precipitation,50.0,"access-cm2,access-esm1-5,bcc-csm2-mr,canesm5,cmcc-esm2,cnrm-cm6-1,cnrm-esm2-1,ec-earth3,ec-earth3-veg-lr,fgoals-g3,gfdl-cm4,gfdl-esm4,giss-e2-1-g,hadgem3-gc31-ll,inm-cm4-8,inm-cm5-0,ipsl-cm6a-lr,kace-1-0-g,miroc6,miroc-es2l,mpi-esm1-2-hr,mpi-esm1-2-lr,mri-esm2-0,nesm3,noresm2-lm,noresm2-mm,ukesm1-0-ll",World Bank Climate Change Knowledge Portal (CMIP6-x0.25),,,SSP2-4.5,Precipitation
AUS,Australia,-3.1207693039915556,centre_cell_mask_coslat_area_weighted,pr,ssp245,2040-2059,median,anomaly,mm,ensemble of anomaly of Precipitation with reference period 1995-2014,50.0,"access-cm2,access-esm1-5,bcc-csm2-mr,canesm5,cmcc-esm2,cnrm-cm6-1,cnrm-esm2-1,ec-earth3,ec-earth3-veg-lr,fgoals-g3,gfdl-cm4,gfdl-esm4,giss-e2-1-g,hadgem3-gc31-ll,inm-cm4-8,inm-cm5-0,ipsl-cm6a-lr,kace-1-0-g,miroc6,miroc-es2l,mpi-esm1-2-hr,mpi-esm1-2-lr,mri-esm2-0,nesm3,noresm2-lm,noresm2-mm,ukesm1-0-ll",World Bank Climate Change Knowledge Portal (CMIP6-x0.25),,1995-2014,SSP2-4.5,Precipitation
AUS,Australia,451.1210979010983,centre_cell_mask_coslat_area_weighted,pr,ssp245,2040-2059,median,climatology,mm,ensemble of Precipitation,50.0,"access-cm2,access-esm1-5,bcc-csm2-mr,canesm5,cmcc-esm2,cnrm-cm6-1,cnrm-esm2-1,ec-earth3,ec-earth3-veg-lr,fgoals-g3,gfdl-cm4,gfdl-esm4,giss-e2-1-g,hadgem3-gc31-ll,inm-cm4-8,inm-cm5-0,ipsl-cm6a-lr,kace-1-0-g,miroc6,miroc-es2l,mpi-esm1-2-hr,mpi-esm1-2-lr,mri-esm2-0,nesm3,noresm2-lm,noresm2-mm,ukesm1-0-ll",World Bank Climate Change Knowledge Portal (CMIP6-x0.25),,,SSP2-4.5,Precipitation
AUT,Austria,12.988880354436663,centre_cell_mask_coslat_area_weighted,pr,ssp245,2040-2059,median,anomaly,mm,ensemble of anomaly of Precipitation with reference period 1995-2014,50.0,"access-cm2,access-esm1-5,bcc-csm2-mr,canesm5,cmcc-esm2,cnrm-cm6-1,cnrm-esm2-1,ec-earth3,ec-earth3-veg-lr,fgoals-g3,gfdl-cm4,gfdl-esm4,giss-e2-1-g,hadgem3-gc31-ll,inm-cm4-8,inm-cm5-0,ipsl-cm6a-lr,kace-1-0-g,miroc6,miroc-es2l,mpi-esm1-2-hr,mpi-esm1-2-lr,mri-esm2-0,nesm3,noresm2-lm,noresm2-mm,ukesm1-0-ll",World Bank Climate Change Knowledge Portal (CMIP6-x0.25),,1995-2014,SSP2-4.5,Precipitation
AUT,Austria,1251.9193790391766,centre_cell_mask_coslat_area_weighted,pr,ssp245,2040-2059,median,climatology,mm,ensemble of Precipitation,50.0,"access-cm2,access-esm1-5,bcc-csm2-mr,canesm5,cmcc-esm2,cnrm-cm6-1,cnrm-esm2-1,ec-earth3,ec-earth3-veg-lr,fgoals-g3,gfdl-cm4,gfdl-esm4,giss-e2-1-g,hadgem3-gc31-ll,inm-cm4-8,inm-cm5-0,ipsl-cm6a-lr,kace-1-0-g,miroc6,miroc-es2l,mpi-esm1-2-hr,mpi-esm1-2-lr,mri-esm2-0,nesm3,noresm2-lm,noresm2-mm,ukesm1-0-ll",World Bank Climate Change Knowledge Portal (CMIP6-x0.25),,,SSP2-4.5,Precipitation
AZE,Azerbaijan,2.87458524605341,centre_cell_mask_coslat_area_weighted,pr,ssp245,2040-2059,median,anomaly,mm,ensemble of anomaly of Precipitation with reference period 1995-2014,50.0,"access-cm2,access-esm1-5,bcc-csm2-mr,canesm5,cmcc-esm2,cnrm-cm6-1,cnrm-esm2-1,ec-earth3,ec-earth3-veg-lr,fgoals-g3,gfdl-cm4,gfdl-esm4,giss-e2-1-g,hadgem3-gc31-ll,inm-cm4-8,inm-cm5-0,ipsl-cm6a-lr,kace-1-0-g,miroc6,miroc-es2l,mpi-esm1-2-hr,mpi-esm1-2-lr,mri-esm2-0,nesm3,noresm2-lm,noresm2-mm,ukesm1-0-ll",World Bank Climate Change Knowledge Portal (CMIP6-x0.25),,1995-2014,SSP2-4.5,Precipitation
AZE,Azerbaijan,637.5925128784514,centre_cell_mask_coslat_area_weighted,pr,ssp245,2040-2059,median,climatology,mm,ensemble of Precipitation,50.0,"access-cm2,access-esm1-5,bcc-csm2-mr,canesm5,cmcc-esm2,cnrm-cm6-1,cnrm-esm2-1,ec-earth3,ec-earth3-veg-lr,fgoals-g3,gfdl-cm4,gfdl-esm4,giss-e2-1-g,hadgem3-gc31-ll,inm-cm4-8,inm-cm5-0,ipsl-cm6a-lr,kace-1-0-g,miroc6,miroc-es2l,mpi-esm1-2-hr,mpi-esm1-2-lr,mri-esm2-0,nesm3,noresm2-lm,noresm2-mm,ukesm1-0-ll",World Bank Climate Change Knowledge Portal (CMIP6-x0.25),,,SSP2-4.5,Precipitation
BDI,Burundi,-4.3566874526190835,centre_cell_mask_coslat_area_weighted,pr,ssp245,2040-2059,median,anomaly,mm,ensemble of anomaly of Precipitation with reference period 1995-2014,50.0,"access-cm2,access-esm1-5,bcc-csm2-mr,canesm5,cmcc-esm2,cnrm-cm6-1,cnrm-esm2-1,ec-earth3,ec-earth3-veg-lr,fgoals-g3,gfdl-cm4,gfdl-esm4,giss-e2-1-g,hadgem3-gc31-ll,inm-cm4-8,inm-cm5-0,ipsl-cm6a-lr,kace-1-0-g,miroc6,miroc-es2l,mpi-esm1-2-hr,mpi-esm1-2-lr,mri-esm2-0,nesm3,noresm2-lm,noresm2-mm,ukesm1-0-ll",World Bank Climate Change Knowledge Portal (CMIP6-x0.25),,1995-2014,SSP2-4.5,Precipitation
BDI,Burundi,2013.7976934385513,centre_cell_mask_coslat_area_weighted,pr,ssp245,2040-2059,median,climatology,mm,ensemble of Precipitation,50.0,"access-cm2,access-esm1-5,bcc-csm2-mr,canesm5,cmcc-esm2,cnrm-cm6-1,cnrm-esm2-1,ec-earth3,ec-earth3-veg-lr,fgoals-g3,gfdl-cm4,gfdl-esm4,giss-e2-1-g,hadgem3-gc31-ll,inm-cm4-8,inm-cm5-0,ipsl-cm6a-lr,kace-1-0-g,miroc6,miroc-es2l,mpi-esm1-2-hr,mpi-esm1-2-lr,mri-esm2-0,nesm3,noresm2-lm,noresm2-mm,ukesm1-0-ll",World Bank Climate Change Knowledge Portal (CMIP6-x0.25),,,SSP2-4.5,Precipitation
BEL,Belgium,-3.171586644647015,centre_cell_mask_coslat_area_weighted,pr,ssp245,2040-2059,median,anomaly,mm,ensemble of anomaly of Precipitation with reference period 1995-2014,50.0,"access-cm2,access-esm1-5,bcc-csm2-mr,canesm5,cmcc-esm2,cnrm-cm6-1,cnrm-esm2-1,ec-earth3,ec-earth3-veg-lr,fgoals-g3,gfdl-cm4,gfdl-esm4,giss-e2-1-g,hadgem3-gc31-ll,inm-cm4-8,inm-cm5-0,ipsl-cm6a-lr,kace-1-0-g,miroc6,miroc-es2l,mpi-esm1-2-hr,mpi-esm1-2-lr,mri-esm2-0,nesm3,noresm2-lm,noresm2-mm,ukesm1-0-ll",World Bank Climate Change Knowledge Portal (CMIP6-x0.25),,1995-2014,SSP2-4.5,Precipitation
BEL,Belgium,899.7287077856205,centre_cell_mask_coslat_area_weighted,pr,ssp245,2040-2059,median,climatology,mm,ensemble of Precipitation,50.0,"access-cm2,access-esm1-5,bcc-csm2-mr,canesm5,cmcc-esm2,cnrm-cm6-1,cnrm-esm2-1,ec-earth3,ec-earth3-veg-lr,fgoals-g3,gfdl-cm4,gfdl-esm4,giss-e2-1-g,hadgem3-gc31-ll,inm-cm4-8,inm-cm5-0,ipsl-cm6a-lr,kace-1-0-g,miroc6,miroc-es2l,mpi-esm1-2-hr,mpi-esm1-2-lr,mri-esm2-0,nesm3,noresm2-lm,noresm2-mm,ukesm1-0-ll",World Bank Climate Change Knowledge Portal (CMIP6-x0.25),,,SSP2-4.5,Precipitation
BEN,Benin,42.42030707638608,centre_cell_mask_coslat_area_weighted,pr,ssp245,2040-2059,median,anomaly,mm,ensemble of anomaly of Precipitation with reference period 1995-2014,50.0,"access-cm2,access-esm1-5,bcc-csm2-mr,canesm5,cmcc-esm2,cnrm-cm6-1,cnrm-esm2-1,ec-earth3,ec-earth3-veg-lr,fgoals-g3,gfdl-cm4,gfdl-esm4,giss-e2-1-g,hadgem3-gc31-ll,inm-cm4-8,inm-cm5-0,ipsl-cm6a-lr,kace-1-0-g,miroc6,miroc-es2l,mpi-esm1-2-hr,mpi-esm1-2-lr,mri-esm2-0,nesm3,noresm2-lm,noresm2-mm,ukesm1-0-ll",World Bank Climate Change Knowledge Portal (CMIP6-x0.25),,1995-2014,SSP2-4.5,Precipitation
BEN,Benin,1166.5329511830287,centre_cell_mask_coslat_area_weighted,pr,ssp245,2040-2059,median,climatology,mm,ensemble of Precipitation,50.0,"access-cm2,access-esm1-5,bcc-csm2-mr,canesm5,cmcc-esm2,cnrm-cm6-1,cnrm-esm2-1,ec-earth3,ec-earth3-veg-lr,fgoals-g3,gfdl-cm4,gfdl-esm4,giss-e2-1-g,hadgem3-gc31-ll,inm-cm4-8,inm-cm5-0,ipsl-cm6a-lr,kace-1-0-g,miroc6,miroc-es2l,mpi-esm1-2-hr,mpi-esm1-2-lr,mri-esm2-0,nesm3,noresm2-lm,noresm2-mm,ukesm1-0-ll",World Bank Climate Change Knowledge Portal (CMIP6-x0.25),,,SSP2-4.5,Precipitation
BES,"Bonaire, Sint Eustatius and Saba",-28.56999969482422,centre_cell_mask_coslat_area_weighted,pr,ssp245,2040-2059,median,anomaly,mm,ensemble of anomaly of Precipitation with reference period 1995-2014,50.0,"access-cm2,access-esm1-5,bcc-csm2-mr,canesm5,cmcc-esm2,cnrm-cm6-1,cnrm-esm2-1,ec-earth3,ec-earth3-veg-lr,fgoals-g3,gfdl-cm4,gfdl-esm4,giss-e2-1-g,hadgem3-gc31-ll,inm-cm4-8,inm-cm5-0,ipsl-cm6a-lr,kace-1-0-g,miroc6,miroc-es2l,mpi-esm1-2-hr,mpi-esm1-2-lr,mri-esm2-0,nesm3,noresm2-lm,noresm2-mm,ukesm1-0-ll",World Bank Climate Change Knowledge Portal (CMIP6-x0.25),,1995-2014,SSP2-4.5,Precipitation
BES,"Bonaire, Sint Eustatius and Saba",801.1890258789062,centre_cell_mask_coslat_area_weighted,pr,ssp245,2040-2059,median,climatology,mm,ensemble of Precipitation,50.0,"access-cm2,access-esm1-5,bcc-csm2-mr,canesm5,cmcc-esm2,cnrm-cm6-1,cnrm-esm2-1,ec-earth3,ec-earth3-veg-lr,fgoals-g3,gfdl-cm4,gfdl-esm4,giss-e2-1-g,hadgem3-gc31-ll,inm-cm4-8,inm-cm5-0,ipsl-cm6a-lr,kace-1-0-g,miroc6,miroc-es2l,mpi-esm1-2-hr,mpi-esm1-2-lr,mri-esm2-0,nesm3,noresm2-lm,noresm2-mm,ukesm1-0-ll",World Bank Climate Change Knowledge Portal (CMIP6-x0.25),,,SSP2-4.5,Precipitation
BFA,Burkina Faso,42.39529737740341,centre_cell_mask_coslat_area_weighted,pr,ssp245,2040-2059,median,anomaly,mm,ensemble of anomaly of Precipitation with reference period 1995-2014,50.0,"access-cm2,access-esm1-5,bcc-csm2-mr,canesm5,cmcc-esm2,cnrm-cm6-1,cnrm-esm2-1,ec-earth3,ec-earth3-veg-lr,fgoals-g3,gfdl-cm4,gfdl-esm4,giss-e2-1-g,hadgem3-gc31-ll,inm-cm4-8,inm-cm5-0,ipsl-cm6a-lr,kace-1-0-g,miroc6,miroc-es2l,mpi-esm1-2-hr,mpi-esm1-2-lr,mri-esm2-0,nesm3,noresm2-lm,noresm2-mm,ukesm1-0-ll",World Bank Climate Change Knowledge Portal (CMIP6-x0.25),,1995-2014,SSP2-4.5,Precipitation
BFA,Burkina Faso,704.0834660258581,centre_cell_mask_coslat_area_weighted,pr,ssp245,2040-2059,median,climatology,mm,ensemble of Precipitation,50.0,"access-cm2,access-esm1-5,bcc-csm2-mr,canesm5,cmcc-esm2,cnrm-cm6-1,cnrm-esm2-1,ec-earth3,ec-earth3-veg-lr,fgoals-g3,gfdl-cm4,gfdl-esm4,giss-e2-1-g,hadgem3-gc31-ll,inm-cm4-8,inm-cm5-0,ipsl-cm6a-lr,kace-1-0-g,miroc6,miroc-es2l,mpi-esm1-2-hr,mpi-esm1-2-lr,mri-esm2-0,nesm3,noresm2-lm,noresm2-mm,ukesm1-0-ll",World Bank Climate Change Knowledge Portal (CMIP6-x0.25),,,SSP2-4.5,Precipitation
BGD,Bangladesh,36.84335762252127,centre_cell_mask_coslat_area_weighted,pr,ssp245,2040-2059,median,anomaly,mm,ensemble of anomaly of Precipitation with reference period 1995-2014,50.0,"access-cm2,access-esm1-5,bcc-csm2-mr,canesm5,cmcc-esm2,cnrm-cm6-1,cnrm-esm2-1,ec-earth3,ec-earth3-veg-lr,fgoals-g3,gfdl-cm4,gfdl-esm4,giss-e2-1-g,hadgem3-gc31-ll,inm-cm4-8,inm-cm5-0,ipsl-cm6a-lr,kace-1-0-g,miroc6,miroc-es2l,mpi-esm1-2-hr,mpi-esm1-2-lr,mri-esm2-0,nesm3,noresm2-lm,noresm2-mm,ukesm1-0-ll",World Bank Climate Change Knowledge Portal (CMIP6-x0.25),,1995-2014,SSP2-4.5,Precipitation
BGD,Bangladesh,2313.801530203925,centre_cell_mask_coslat_area_weighted,pr,ssp245,2040-2059,median,climatology,mm,ensemble of Precipitation,50.0,"access-cm2,access-esm1-5,bcc-csm2-mr,canesm5,cmcc-esm2,cnrm-cm6-1,cnrm-esm2-1,ec-earth3,ec-earth3-veg-lr,fgoals-g3,gfdl-cm4,gfdl-esm4,giss-e2-1-g,hadgem3-gc31-ll,inm-cm4-8,inm-cm5-0,ipsl-cm6a-lr,kace-1-0-g,miroc6,miroc-es2l,mpi-esm1-2-hr,mpi-esm1-2-lr,mri-esm2-0,nesm3,noresm2-lm,noresm2-mm,ukesm1-0-ll",World Bank Climate Change Knowledge Portal (CMIP6-x0.25),,,SSP2-4.5,Precipitation
BGR,Bulgaria,-15.474055804510469,centre_cell_mask_coslat_area_weighted,pr,ssp245,2040-2059,median,anomaly,mm,ensemble of anomaly of Precipitation with reference period 1995-2014,50.0,"access-cm2,access-esm1-5,bcc-csm2-mr,canesm5,cmcc-esm2,cnrm-cm6-1,cnrm-esm2-1,ec-earth3,ec-earth3-veg-lr,fgoals-g3,gfdl-cm4,gfdl-esm4,giss-e2-1-g,hadgem3-gc31-ll,inm-cm4-8,inm-cm5-0,ipsl-cm6a-lr,kace-1-0-g,miroc6,miroc-es2l,mpi-esm1-2-hr,mpi-esm1-2-lr,mri-esm2-0,nesm3,noresm2-lm,noresm2-mm,ukesm1-0-ll",World Bank Climate Change Knowledge Portal (CMIP6-x0.25),,1995-2014,SSP2-4.5,Precipitation
BGR,Bulgaria,761.6568450847795,centre_cell_mask_coslat_area_weighted,pr,ssp245,2040-2059,median,climatology,mm,ensemble of Precipitation,50.0,"access-cm2,access-esm1-5,bcc-csm2-mr,canesm5,cmcc-esm2,cnrm-cm6-1,cnrm-esm2-1,ec-earth3,ec-earth3-veg-lr,fgoals-g3,gfdl-cm4,gfdl-esm4,giss-e2-1-g,hadgem3-gc31-ll,inm-cm4-8,inm-cm5-0,ipsl-cm6a-lr,kace-1-0-g,miroc6,miroc-es2l,mpi-esm1-2-hr,mpi-esm1-2-lr,mri-esm2-0,nesm3,noresm2-lm,noresm2-mm,ukesm1-0-ll",World Bank Climate Change Knowledge Portal (CMIP6-x0.25),,,SSP2-4.5,Precipitation
BHR,Bahrain,8.329999923706055,centre_cell_mask_coslat_area_weighted,pr,ssp245,2040-2059,median,anomaly,mm,ensemble of anomaly of Precipitation with reference period 1995-2014,50.0,"access-cm2,access-esm1-5,bcc-csm2-mr,canesm5,cmcc-esm2,cnrm-cm6-1,cnrm-esm2-1,ec-earth3,ec-earth3-veg-lr,fgoals-g3,gfdl-cm4,gfdl-esm4,giss-e2-1-g,hadgem3-gc31-ll,inm-cm4-8,inm-cm5-0,ipsl-cm6a-lr,kace-1-0-g,miroc6,miroc-es2l,mpi-esm1-2-hr,mpi-esm1-2-lr,mri-esm2-0,nesm3,noresm2-lm,noresm2-mm,ukesm1-0-ll",World Bank Climate Change Knowledge Portal (CMIP6-x0.25),,1995-2014,SSP2-4.5,Precipitation
BHR,Bahrain,68.64099884033203,centre_cell_mask_coslat_area_weighted,pr,ssp245,2040-2059,median,climatology,mm,ensemble of Precipitation,50.0,"access-cm2,access-esm1-5,bcc-csm2-mr,canesm5,cmcc-esm2,cnrm-cm6-1,cnrm-esm2-1,ec-earth3,ec-earth3-veg-lr,fgoals-g3,gfdl-cm4,gfdl-esm4,giss-e2-1-g,hadgem3-gc31-ll,inm-cm4-8,inm-cm5-0,ipsl-cm6a-lr,kace-1-0-g,miroc6,miroc-es2l,mpi-esm1-2-hr,mpi-esm1-2-lr,mri-esm2-0,nesm3,noresm2-lm,noresm2-mm,ukesm1-0-ll",World Bank Climate Change Knowledge Portal (CMIP6-x0.25),,,SSP2-4.5,Precipitation
BHS,The Bahamas,14.044260586770381,centre_cell_mask_coslat_area_weighted,pr,ssp245,2040-2059,median,anomaly,mm,ensemble of anomaly of Precipitation with reference period 1995-2014,50.0,"access-cm2,access-esm1-5,bcc-csm2-mr,canesm5,cmcc-esm2,cnrm-cm6-1,cnrm-esm2-1,ec-earth3,ec-earth3-veg-lr,fgoals-g3,gfdl-cm4,gfdl-esm4,giss-e2-1-g,hadgem3-gc31-ll,inm-cm4-8,inm-cm5-0,ipsl-cm6a-lr,kace-1-0-g,miroc6,miroc-es2l,mpi-esm1-2-hr,mpi-esm1-2-lr,mri-esm2-0,nesm3,noresm2-lm,noresm2-mm,ukesm1-0-ll",World Bank Climate Change Knowledge Portal (CMIP6-x0.25),,1995-2014,SSP2-4.5,Precipitation
BHS,The Bahamas,939.8625750486472,centre_cell_mask_coslat_area_weighted,pr,ssp245,2040-2059,median,climatology,mm,ensemble of Precipitation,50.0,"access-cm2,access-esm1-5,bcc-csm2-mr,canesm5,cmcc-esm2,cnrm-cm6-1,cnrm-esm2-1,ec-earth3,ec-earth3-veg-lr,fgoals-g3,gfdl-cm4,gfdl-esm4,giss-e2-1-g,hadgem3-gc31-ll,inm-cm4-8,inm-cm5-0,ipsl-cm6a-lr,kace-1-0-g,miroc6,miroc-es2l,mpi-esm1-2-hr,mpi-esm1-2-lr,mri-esm2-0,nesm3,noresm2-lm,noresm2-mm,ukesm1-0-ll",World Bank Climate Change Knowledge Portal (CMIP6-x0.25),,,SSP2-4.5,Precipitation
BIH,Bosnia and Herzegovina,-27.585287978657977,centre_cell_mask_coslat_area_weighted,pr,ssp245,2040-2059,median,anomaly,mm,ensemble of anomaly of Precipitation with reference period 1995-2014,50.0,"access-cm2,access-esm1-5,bcc-csm2-mr,canesm5,cmcc-esm2,cnrm-cm6-1,cnrm-esm2-1,ec-earth3,ec-earth3-veg-lr,fgoals-g3,gfdl-cm4,gfdl-esm4,giss-e2-1-g,hadgem3-gc31-ll,inm-cm4-8,inm-cm5-0,ipsl-cm6a-lr,kace-1-0-g,miroc6,miroc-es2l,mpi-esm1-2-hr,mpi-esm1-2-lr,mri-esm2-0,nesm3,noresm2-lm,noresm2-mm,ukesm1-0-ll",World Bank Climate Change Knowledge Portal (CMIP6-x0.25),,1995-2014,SSP2-4.5,Precipitation
BIH,Bosnia and Herzegovina,1203.9423521819017,centre_cell_mask_coslat_area_weighted,pr,ssp245,2040-2059,median,climatology,mm,ensemble of Precipitation,50.0,"access-cm2,access-esm1-5,bcc-csm2-mr,canesm5,cmcc-esm2,cnrm-cm6-1,cnrm-esm2-1,ec-earth3,ec-earth3-veg-lr,fgoals-g3,gfdl-cm4,gfdl-esm4,giss-e2-1-g,hadgem3-gc31-ll,inm-cm4-8,inm-cm5-0,ipsl-cm6a-lr,kace-1-0-g,miroc6,miroc-es2l,mpi-esm1-2-hr,mpi-esm1-2-lr,mri-esm2-0,nesm3,noresm2-lm,noresm2-mm,ukesm1-0-ll",World Bank Climate Change Knowledge Portal (CMIP6-x0.25),,,SSP2-4.5,Precipitation
BLM,Saint-Barthélemy (Fr.),-17.54266014828306,fractional_overlap_equal_area,pr,ssp245,2040-2059,median,anomaly,mm,ensemble of anomaly of Precipitation with reference period 1995-2014,50.0,"access-cm2,access-esm1-5,bcc-csm2-mr,canesm5,cmcc-esm2,cnrm-cm6-1,cnrm-esm2-1,ec-earth3,ec-earth3-veg-lr,fgoals-g3,gfdl-cm4,gfdl-esm4,giss-e2-1-g,hadgem3-gc31-ll,inm-cm4-8,inm-cm5-0,ipsl-cm6a-lr,kace-1-0-g,miroc6,miroc-es2l,mpi-esm1-2-hr,mpi-esm1-2-lr,mri-esm2-0,nesm3,noresm2-lm,noresm2-mm,ukesm1-0-ll",World Bank Climate Change Knowledge Portal (CMIP6-x0.25),,1995-2014,SSP2-4.5,Precipitation
BLM,Saint-Barthélemy (Fr.),835.2492677107583,fractional_overlap_equal_area,pr,ssp245,2040-2059,median,climatology,mm,ensemble of Precipitation,50.0,"access-cm2,access-esm1-5,bcc-csm2-mr,canesm5,cmcc-esm2,cnrm-cm6-1,cnrm-esm2-1,ec-earth3,ec-earth3-veg-lr,fgoals-g3,gfdl-cm4,gfdl-esm4,giss-e2-1-g,hadgem3-gc31-ll,inm-cm4-8,inm-cm5-0,ipsl-cm6a-lr,kace-1-0-g,miroc6,miroc-es2l,mpi-esm1-2-hr,mpi-esm1-2-lr,mri-esm2-0,nesm3,noresm2-lm,noresm2-mm,ukesm1-0-ll",World Bank Climate Change Knowledge Portal (CMIP6-x0.25),,,SSP2-4.5,Precipitation
BLR,Belarus,22.123862905514564,centre_cell_mask_coslat_area_weighted,pr,ssp245,2040-2059,median,anomaly,mm,ensemble of anomaly of Precipitation with reference period 1995-2014,50.0,"access-cm2,access-esm1-5,bcc-csm2-mr,canesm5,cmcc-esm2,cnrm-cm6-1,cnrm-esm2-1,ec-earth3,ec-earth3-veg-lr,fgoals-g3,gfdl-cm4,gfdl-esm4,giss-e2-1-g,hadgem3-gc31-ll,inm-cm4-8,inm-cm5-0,ipsl-cm6a-lr,kace-1-0-g,miroc6,miroc-es2l,mpi-esm1-2-hr,mpi-esm1-2-lr,mri-esm2-0,nesm3,noresm2-lm,noresm2-mm,ukesm1-0-ll",World Bank Climate Change Knowledge Portal (CMIP6-x0.25),,1995-2014,SSP2-4.5,Precipitation
BLR,Belarus,768.2349431718159,centre_cell_mask_coslat_area_weighted,pr,ssp245,2040-2059,median,climatology,mm,ensemble of Precipitation,50.0,"access-cm2,access-esm1-5,bcc-csm2-mr,canesm5,cmcc-esm2,cnrm-cm6-1,cnrm-esm2-1,ec-earth3,ec-earth3-veg-lr,fgoals-g3,gfdl-cm4,gfdl-esm4,giss-e2-1-g,hadgem3-gc31-ll,inm-cm4-8,inm-cm5-0,ipsl-cm6a-lr,kace-1-0-g,miroc6,miroc-es2l,mpi-esm1-2-hr,mpi-esm1-2-lr,mri-esm2-0,nesm3,noresm2-lm,noresm2-mm,ukesm1-0-ll",World Bank Climate Change Knowledge Portal (CMIP6-x0.25),,,SSP2-4.5,Precipitation
BLZ,Belize,-34.194980155017916,centre_cell_mask_coslat_area_weighted,pr,ssp245,2040-2059,median,anomaly,mm,ensemble of anomaly of Precipitation with reference period 1995-2014,50.0,"access-cm2,access-esm1-5,bcc-csm2-mr,canesm5,cmcc-esm2,cnrm-cm6-1,cnrm-esm2-1,ec-earth3,ec-earth3-veg-lr,fgoals-g3,gfdl-cm4,gfdl-esm4,giss-e2-1-g,hadgem3-gc31-ll,inm-cm4-8,inm-cm5-0,ipsl-cm6a-lr,kace-1-0-g,miroc6,miroc-es2l,mpi-esm1-2-hr,mpi-esm1-2-lr,mri-esm2-0,nesm3,noresm2-lm,noresm2-mm,ukesm1-0-ll",World Bank Climate Change Knowledge Portal (CMIP6-x0.25),,1995-2014,SSP2-4.5,Precipitation
BLZ,Belize,1552.4356246204206,centre_cell_mask_coslat_area_weighted,pr,ssp245,2040-2059,median,climatology,mm,ensemble of Precipitation,50.0,"access-cm2,access-esm1-5,bcc-csm2-mr,canesm5,cmcc-esm2,cnrm-cm6-1,cnrm-esm2-1,ec-earth3,ec-earth3-veg-lr,fgoals-g3,gfdl-cm4,gfdl-esm4,giss-e2-1-g,hadgem3-gc31-ll,inm-cm4-8,inm-cm5-0,ipsl-cm6a-lr,kace-1-0-g,miroc6,miroc-es2l,mpi-esm1-2-hr,mpi-esm1-2-lr,mri-esm2-0,nesm3,noresm2-lm,noresm2-mm,ukesm1-0-ll",World Bank Climate Change Knowledge Portal (CMIP6-x0.25),,,SSP2-4.5,Precipitation
BMU,Bermuda (U.K.),18.089464312563006,fractional_overlap_equal_area,pr,ssp245,2040-2059,median,anomaly,mm,ensemble of anomaly of Precipitation with reference period 1995-2014,50.0,"access-cm2,access-esm1-5,bcc-csm2-mr,canesm5,cmcc-esm2,cnrm-cm6-1,cnrm-esm2-1,ec-earth3,ec-earth3-veg-lr,fgoals-g3,gfdl-cm4,gfdl-esm4,giss-e2-1-g,hadgem3-gc31-ll,inm-cm4-8,inm-cm5-0,ipsl-cm6a-lr,kace-1-0-g,miroc6,miroc-es2l,mpi-esm1-2-hr,mpi-esm1-2-lr,mri-esm2-0,nesm3,noresm2-lm,noresm2-mm,ukesm1-0-ll",World Bank Climate Change Knowledge Portal (CMIP6-x0.25),,1995-2014,SSP2-4.5,Precipitation
BMU,Bermuda (U.K.),1400.096425382128,fractional_overlap_equal_area,pr,ssp245,2040-2059,median,climatology,mm,ensemble of Precipitation,50.0,"access-cm2,access-esm1-5,bcc-csm2-mr,canesm5,cmcc-esm2,cnrm-cm6-1,cnrm-esm2-1,ec-earth3,ec-earth3-veg-lr,fgoals-g3,gfdl-cm4,gfdl-esm4,giss-e2-1-g,hadgem3-gc31-ll,inm-cm4-8,inm-cm5-0,ipsl-cm6a-lr,kace-1-0-g,miroc6,miroc-es2l,mpi-esm1-2-hr,mpi-esm1-2-lr,mri-esm2-0,nesm3,noresm2-lm,noresm2-mm,ukesm1-0-ll",World Bank Climate Change Knowledge Portal (CMIP6-x0.25),,,SSP2-4.5,Precipitation
BOL,Bolivia,-32.04986764338195,centre_cell_mask_coslat_area_weighted,pr,ssp245,2040-2059,median,anomaly,mm,ensemble of anomaly of Precipitation with reference period 1995-2014,50.0,"access-cm2,access-esm1-5,bcc-csm2-mr,canesm5,cmcc-esm2,cnrm-cm6-1,cnrm-esm2-1,ec-earth3,ec-earth3-veg-lr,fgoals-g3,gfdl-cm4,gfdl-esm4,giss-e2-1-g,hadgem3-gc31-ll,inm-cm4-8,inm-cm5-0,ipsl-cm6a-lr,kace-1-0-g,miroc6,miroc-es2l,mpi-esm1-2-hr,mpi-esm1-2-lr,mri-esm2-0,nesm3,noresm2-lm,noresm2-mm,ukesm1-0-ll",World Bank Climate Change Knowledge Portal (CMIP6-x0.25),,1995-2014,SSP2-4.5,Precipitation
BOL,Bolivia,1451.413226651532,centre_cell_mask_coslat_area_weighted,pr,ssp245,2040-2059,median,climatology,mm,ensemble of Precipitation,50.0,"access-cm2,access-esm1-5,bcc-csm2-mr,canesm5,cmcc-esm2,cnrm-cm6-1,cnrm-esm2-1,ec-earth3,ec-earth3-veg-lr,fgoals-g3,gfdl-cm4,gfdl-esm4,giss-e2-1-g,hadgem3-gc31-ll,inm-cm4-8,inm-cm5-0,ipsl-cm6a-lr,kace-1-0-g,miroc6,miroc-es2l,mpi-esm1-2-hr,mpi-esm1-2-lr,mri-esm2-0,nesm3,noresm2-lm,noresm2-mm,ukesm1-0-ll",World Bank Climate Change Knowledge Portal (CMIP6-x0.25),,,SSP2-4.5,Precipitation
BRA,Brazil,-47.16947186235136,centre_cell_mask_coslat_area_weighted,pr,ssp245,2040-2059,median,anomaly,mm,ensemble of anomaly of Precipitation with reference period 1995-2014,50.0,"access-cm2,access-esm1-5,bcc-csm2-mr,canesm5,cmcc-esm2,cnrm-cm6-1,cnrm-esm2-1,ec-earth3,ec-earth3-veg-lr,fgoals-g3,gfdl-cm4,gfdl-esm4,giss-e2-1-g,hadgem3-gc31-ll,inm-cm4-8,inm-cm5-0,ipsl-cm6a-lr,kace-1-0-g,miroc6,miroc-es2l,mpi-esm1-2-hr,mpi-esm1-2-lr,mri-esm2-0,nesm3,noresm2-lm,noresm2-mm,ukesm1-0-ll",World Bank Climate Change Knowledge Portal (CMIP6-x0.25),,1995-2014,SSP2-4.5,Precipitation
BRA,Brazil,1727.163829567547,centre_cell_mask_coslat_area_weighted,pr,ssp245,2040-2059,median,climatology,mm,ensemble of Precipitation,50.0,"access-cm2,access-esm1-5,bcc-csm2-mr,canesm5,cmcc-esm2,cnrm-cm6-1,cnrm-esm2-1,ec-earth3,ec-earth3-veg-lr,fgoals-g3,gfdl-cm4,gfdl-esm4,giss-e2-1-g,hadgem3-gc31-ll,inm-cm4-8,inm-cm5-0,ipsl-cm6a-lr,kace-1-0-g,miroc6,miroc-es2l,mpi-esm1-2-hr,mpi-esm1-2-lr,mri-esm2-0,nesm3,noresm2-lm,noresm2-mm,ukesm1-0-ll",World Bank Climate Change Knowledge Portal (CMIP6-x0.25),,,SSP2-4.5,Precipitation
BRB,Barbados,-46.69629425515038,fractional_overlap_equal_area,pr,ssp245,2040-2059,median,anomaly,mm,ensemble of anomaly of Precipitation with reference period 1995-2014,50.0,"access-cm2,access-esm1-5,bcc-csm2-mr,canesm5,cmcc-esm2,cnrm-cm6-1,cnrm-esm2-1,ec-earth3,ec-earth3-veg-lr,fgoals-g3,gfdl-cm4,gfdl-esm4,giss-e2-1-g,hadgem3-gc31-ll,inm-cm4-8,inm-cm5-0,ipsl-cm6a-lr,kace-1-0-g,miroc6,miroc-es2l,mpi-esm1-2-hr,mpi-esm1-2-lr,mri-esm2-0,nesm3,noresm2-lm,noresm2-mm,ukesm1-0-ll",World Bank Climate Change Knowledge Portal (CMIP6-x0.25),,1995-2014,SSP2-4.5,Precipitation
BRB,Barbados,1012.4425695109152,fractional_overlap_equal_area,pr,ssp245,2040-2059,median,climatology,mm,ensemble of Precipitation,50.0,"access-cm2,access-esm1-5,bcc-csm2-mr,canesm5,cmcc-esm2,cnrm-cm6-1,cnrm-esm2-1,ec-earth3,ec-earth3-veg-lr,fgoals-g3,gfdl-cm4,gfdl-esm4,giss-e2-1-g,hadgem3-gc31-ll,inm-cm4-8,inm-cm5-0,ipsl-cm6a-lr,kace-1-0-g,miroc6,miroc-es2l,mpi-esm1-2-hr,mpi-esm1-2-lr,mri-esm2-0,nesm3,noresm2-lm,noresm2-mm,ukesm1-0-ll",World Bank Climate Change Knowledge Portal (CMIP6-x0.25),,,SSP2-4.5,Precipitation
BRN,Brunei Darussalam,115.63941591283788,centre_cell_mask_coslat_area_weighted,pr,ssp245,2040-2059,median,anomaly,mm,ensemble of anomaly of Precipitation with reference period 1995-2014,50.0,"access-cm2,access-esm1-5,bcc-csm2-mr,canesm5,cmcc-esm2,cnrm-cm6-1,cnrm-esm2-1,ec-earth3,ec-earth3-veg-lr,fgoals-g3,gfdl-cm4,gfdl-esm4,giss-e2-1-g,hadgem3-gc31-ll,inm-cm4-8,inm-cm5-0,ipsl-cm6a-lr,kace-1-0-g,miroc6,miroc-es2l,mpi-esm1-2-hr,mpi-esm1-2-lr,mri-esm2-0,nesm3,noresm2-lm,noresm2-mm,ukesm1-0-ll",World Bank Climate Change Knowledge Portal (CMIP6-x0.25),,1995-2014,SSP2-4.5,Precipitation
BRN,Brunei Darussalam,3210.4913099296355,centre_cell_mask_coslat_area_weighted,pr,ssp245,2040-2059,median,climatology,mm,ensemble of Precipitation,50.0,"access-cm2,access-esm1-5,bcc-csm2-mr,canesm5,cmcc-esm2,cnrm-cm6-1,cnrm-esm2-1,ec-earth3,ec-earth3-veg-lr,fgoals-g3,gfdl-cm4,gfdl-esm4,giss-e2-1-g,hadgem3-gc31-ll,inm-cm4-8,inm-cm5-0,ipsl-cm6a-lr,kace-1-0-g,miroc6,miroc-es2l,mpi-esm1-2-hr,mpi-esm1-2-lr,mri-esm2-0,nesm3,noresm2-lm,noresm2-mm,ukesm1-0-ll",World Bank Climate Change Knowledge Portal (CMIP6-x0.25),,,SSP2-4.5,Precipitation
BTN,Bhutan,118.94491088173231,centre_cell_mask_coslat_area_weighted,pr,ssp245,2040-2059,median,anomaly,mm,ensemble of anomaly of Precipitation with reference period 1995-2014,50.0,"access-cm2,access-esm1-5,bcc-csm2-mr,canesm5,cmcc-esm2,cnrm-cm6-1,cnrm-esm2-1,ec-earth3,ec-earth3-veg-lr,fgoals-g3,gfdl-cm4,gfdl-esm4,giss-e2-1-g,hadgem3-gc31-ll,inm-cm4-8,inm-cm5-0,ipsl-cm6a-lr,kace-1-0-g,miroc6,miroc-es2l,mpi-esm1-2-hr,mpi-esm1-2-lr,mri-esm2-0,nesm3,noresm2-lm,noresm2-mm,ukesm1-0-ll",World Bank Climate Change Knowledge Portal (CMIP6-x0.25),,1995-2014,SSP2-4.5,Precipitation
BTN,Bhutan,3376.3011035458444,centre_cell_mask_coslat_area_weighted,pr,ssp245,2040-2059,median,climatology,mm,ensemble of Precipitation,50.0,"access-cm2,access-esm1-5,bcc-csm2-mr,canesm5,cmcc-esm2,cnrm-cm6-1,cnrm-esm2-1,ec-earth3,ec-earth3-veg-lr,fgoals-g3,gfdl-cm4,gfdl-esm4,giss-e2-1-g,hadgem3-gc31-ll,inm-cm4-8,inm-cm5-0,ipsl-cm6a-lr,kace-1-0-g,miroc6,miroc-es2l,mpi-esm1-2-hr,mpi-esm1-2-lr,mri-esm2-0,nesm3,noresm2-lm,noresm2-mm,ukesm1-0-ll",World Bank Climate Change Knowledge Portal (CMIP6-x0.25),,,SSP2-4.5,Precipitation
BVT,Bouvet Island (Nor.),36.01597879735337,fractional_overlap_equal_area,pr,ssp245,2040-2059,median,anomaly,mm,ensemble of anomaly of Precipitation with reference period 1995-2014,50.0,"access-cm2,access-esm1-5,bcc-csm2-mr,canesm5,cmcc-esm2,cnrm-cm6-1,cnrm-esm2-1,ec-earth3,ec-earth3-veg-lr,fgoals-g3,gfdl-cm4,gfdl-esm4,giss-e2-1-g,hadgem3-gc31-ll,inm-cm4-8,inm-cm5-0,ipsl-cm6a-lr,kace-1-0-g,miroc6,miroc-es2l,mpi-esm1-2-hr,mpi-esm1-2-lr,mri-esm2-0,nesm3,noresm2-lm,noresm2-mm,ukesm1-0-ll",World Bank Climate Change Knowledge Portal (CMIP6-x0.25),,1995-2014,SSP2-4.5,Precipitation
BVT,Bouvet Island (Nor.),1009.4613672257378,fractional_overlap_equal_area,pr,ssp245,2040-2059,median,climatology,mm,ensemble of Precipitation,50.0,"access-cm2,access-esm1-5,bcc-csm2-mr,canesm5,cmcc-esm2,cnrm-cm6-1,cnrm-esm2-1,ec-earth3,ec-earth3-veg-lr,fgoals-g3,gfdl-cm4,gfdl-esm4,giss-e2-1-g,hadgem3-gc31-ll,inm-cm4-8,inm-cm5-0,ipsl-cm6a-lr,kace-1-0-g,miroc6,miroc-es2l,mpi-esm1-2-hr,mpi-esm1-2-lr,mri-esm2-0,nesm3,noresm2-lm,noresm2-mm,ukesm1-0-ll",World Bank Climate Change Knowledge Portal (CMIP6-x0.25),,,SSP2-4.5,Precipitation
BWA,Botswana,-23.835486324328766,centre_cell_mask_coslat_area_weighted,pr,ssp245,2040-2059,median,anomaly,mm,ensemble of anomaly of Precipitation with reference period 1995-2014,50.0,"access-cm2,access-esm1-5,bcc-csm2-mr,canesm5,cmcc-esm2,cnrm-cm6-1,cnrm-esm2-1,ec-earth3,ec-earth3-veg-lr,fgoals-g3,gfdl-cm4,gfdl-esm4,giss-e2-1-g,hadgem3-gc31-ll,inm-cm4-8,inm-cm5-0,ipsl-cm6a-lr,kace-1-0-g,miroc6,miroc-es2l,mpi-esm1-2-hr,mpi-esm1-2-lr,mri-esm2-0,nesm3,noresm2-lm,noresm2-mm,ukesm1-0-ll",World Bank Climate Change Knowledge Portal (CMIP6-x0.25),,1995-2014,SSP2-4.5,Precipitation
BWA,Botswana,419.07103807991,centre_cell_mask_coslat_area_weighted,pr,ssp245,2040-2059,median,climatology,mm,ensemble of Precipitation,50.0,"access-cm2,access-esm1-5,bcc-csm2-mr,canesm5,cmcc-esm2,cnrm-cm6-1,cnrm-esm2-1,ec-earth3,ec-earth3-veg-lr,fgoals-g3,gfdl-cm4,gfdl-esm4,giss-e2-1-g,hadgem3-gc31-ll,inm-cm4-8,inm-cm5-0,ipsl-cm6a-lr,kace-1-0-g,miroc6,miroc-es2l,mpi-esm1-2-hr,mpi-esm1-2-lr,mri-esm2-0,nesm3,noresm2-lm,noresm2-mm,ukesm1-0-ll",World Bank Climate Change Knowledge Portal (CMIP6-x0.25),,,SSP2-4.5,Precipitation
CAF,Central African Republic,66.17293707119862,centre_cell_mask_coslat_area_weighted,pr,ssp245,2040-2059,median,anomaly,mm,ensemble of anomaly of Precipitation with reference period 1995-2014,50.0,"access-cm2,access-esm1-5,bcc-csm2-mr,canesm5,cmcc-esm2,cnrm-cm6-1,cnrm-esm2-1,ec-earth3,ec-earth3-veg-lr,fgoals-g3,gfdl-cm4,gfdl-esm4,giss-e2-1-g,hadgem3-gc31-ll,inm-cm4-8,inm-cm5-0,ipsl-cm6a-lr,kace-1-0-g,miroc6,miroc-es2l,mpi-esm1-2-hr,mpi-esm1-2-lr,mri-esm2-0,nesm3,noresm2-lm,noresm2-mm,ukesm1-0-ll",World Bank Climate Change Knowledge Portal (CMIP6-x0.25),,1995-2014,SSP2-4.5,Precipitation
CAF,Central African Republic,1537.3890075064137,centre_cell_mask_coslat_area_weighted,pr,ssp245,2040-2059,median,climatology,mm,ensemble of Precipitation,50.0,"access-cm2,access-esm1-5,bcc-csm2-mr,canesm5,cmcc-esm2,cnrm-cm6-1,cnrm-esm2-1,ec-earth3,ec-earth3-veg-lr,fgoals-g3,gfdl-cm4,gfdl-esm4,giss-e2-1-g,hadgem3-gc31-ll,inm-cm4-8,inm-cm5-0,ipsl-cm6a-lr,kace-1-0-g,miroc6,miroc-es2l,mpi-esm1-2-hr,mpi-esm1-2-lr,mri-esm2-0,nesm3,noresm2-lm,noresm2-mm,ukesm1-0-ll",World Bank Climate Change Knowledge Portal (CMIP6-x0.25),,,SSP2-4.5,Precipitation
CAN,Canada,48.34763228453588,centre_cell_mask_coslat_area_weighted,pr,ssp245,2040-2059,median,anomaly,mm,ensemble of anomaly of Precipitation with reference period 1995-2014,50.0,"access-cm2,access-esm1-5,bcc-csm2-mr,canesm5,cmcc-esm2,cnrm-cm6-1,cnrm-esm2-1,ec-earth3,ec-earth3-veg-lr,fgoals-g3,gfdl-cm4,gfdl-esm4,giss-e2-1-g,hadgem3-gc31-ll,inm-cm4-8,inm-cm5-0,ipsl-cm6a-lr,kace-1-0-g,miroc6,miroc-es2l,mpi-esm1-2-hr,mpi-esm1-2-lr,mri-esm2-0,nesm3,noresm2-lm,noresm2-mm,ukesm1-0-ll",World Bank Climate Change Knowledge Portal (CMIP6-x0.25),,1995-2014,SSP2-4.5,Precipitation
CAN,Canada,715.3984210031801,centre_cell_mask_coslat_area_weighted,pr,ssp245,2040-2059,median,climatology,mm,ensemble of Precipitation,50.0,"access-cm2,access-esm1-5,bcc-csm2-mr,canesm5,cmcc-esm2,cnrm-cm6-1,cnrm-esm2-1,ec-earth3,ec-earth3-veg-lr,fgoals-g3,gfdl-cm4,gfdl-esm4,giss-e2-1-g,hadgem3-gc31-ll,inm-cm4-8,inm-cm5-0,ipsl-cm6a-lr,kace-1-0-g,miroc6,miroc-es2l,mpi-esm1-2-hr,mpi-esm1-2-lr,mri-esm2-0,nesm3,noresm2-lm,noresm2-mm,ukesm1-0-ll",World Bank Climate Change Knowledge Portal (CMIP6-x0.25),,,SSP2-4.5,Precipitation
CCK,Cocos (Keeling) Islands (Aus.),-47.633334223968184,fractional_overlap_equal_area,pr,ssp245,2040-2059,median,anomaly,mm,ensemble of anomaly of Precipitation with reference period 1995-2014,50.0,"access-cm2,access-esm1-5,bcc-csm2-mr,canesm5,cmcc-esm2,cnrm-cm6-1,cnrm-esm2-1,ec-earth3,ec-earth3-veg-lr,fgoals-g3,gfdl-cm4,gfdl-esm4,giss-e2-1-g,hadgem3-gc31-ll,inm-cm4-8,inm-cm5-0,ipsl-cm6a-lr,kace-1-0-g,miroc6,miroc-es2l,mpi-esm1-2-hr,mpi-esm1-2-lr,mri-esm2-0,nesm3,noresm2-lm,noresm2-mm,ukesm1-0-ll",World Bank Climate Change Knowledge Portal (CMIP6-x0.25),,1995-2014,SSP2-4.5,Precipitation
CCK,Cocos (Keeling) Islands (Aus.),1379.915454134969,fractional_overlap_equal_area,pr,ssp245,2040-2059,median,climatology,mm,ensemble of Precipitation,50.0,"access-cm2,access-esm1-5,bcc-csm2-mr,canesm5,cmcc-esm2,cnrm-cm6-1,cnrm-esm2-1,ec-earth3,ec-earth3-veg-lr,fgoals-g3,gfdl-cm4,gfdl-esm4,giss-e2-1-g,hadgem3-gc31-ll,inm-cm4-8,inm-cm5-0,ipsl-cm6a-lr,kace-1-0-g,miroc6,miroc-es2l,mpi-esm1-2-hr,mpi-esm1-2-lr,mri-esm2-0,nesm3,noresm2-lm,noresm2-mm,ukesm1-0-ll",World Bank Climate Change Knowledge Portal (CMIP6-x0.25),,,SSP2-4.5,Precipitation
CHE,Switzerland,-3.78363445992864,centre_cell_mask_coslat_area_weighted,pr,ssp245,2040-2059,median,anomaly,mm,ensemble of anomaly of Precipitation with reference period 1995-2014,50.0,"access-cm2,access-esm1-5,bcc-csm2-mr,canesm5,cmcc-esm2,cnrm-cm6-1,cnrm-esm2-1,ec-earth3,ec-earth3-veg-lr,fgoals-g3,gfdl-cm4,gfdl-esm4,giss-e2-1-g,hadgem3-gc31-ll,inm-cm4-8,inm-cm5-0,ipsl-cm6a-lr,kace-1-0-g,miroc6,miroc-es2l,mpi-esm1-2-hr,mpi-esm1-2-lr,mri-esm2-0,nesm3,noresm2-lm,noresm2-mm,ukesm1-0-ll",World Bank Climate Change Knowledge Portal (CMIP6-x0.25),,1995-2014,SSP2-4.5,Precipitation
CHE,Switzerland,1632.9108515967225,centre_cell_mask_coslat_area_weighted,pr,ssp245,2040-2059,median,climatology,mm,ensemble of Precipitation,50.0,"access-cm2,access-esm1-5,bcc-csm2-mr,canesm5,cmcc-esm2,cnrm-cm6-1,cnrm-esm2-1,ec-earth3,ec-earth3-veg-lr,fgoals-g3,gfdl-cm4,gfdl-esm4,giss-e2-1-g,hadgem3-gc31-ll,inm-cm4-8,inm-cm5-0,ipsl-cm6a-lr,kace-1-0-g,miroc6,miroc-es2l,mpi-esm1-2-hr,mpi-esm1-2-lr,mri-esm2-0,nesm3,noresm2-lm,noresm2-mm,ukesm1-0-ll",World Bank Climate Change Knowledge Portal (CMIP6-x0.25),,,SSP2-4.5,Precipitation
CHL,Chile,-37.45507083013875,centre_cell_mask_coslat_area_weighted,pr,ssp245,2040-2059,median,anomaly,mm,ensemble of anomaly of Precipitation with reference period 1995-2014,50.0,"access-cm2,access-esm1-5,bcc-csm2-mr,canesm5,cmcc-esm2,cnrm-cm6-1,cnrm-esm2-1,ec-earth3,ec-earth3-veg-lr,fgoals-g3,gfdl-cm4,gfdl-esm4,giss-e2-1-g,hadgem3-gc31-ll,inm-cm4-8,inm-cm5-0,ipsl-cm6a-lr,kace-1-0-g,miroc6,miroc-es2l,mpi-esm1-2-hr,mpi-esm1-2-lr,mri-esm2-0,nesm3,noresm2-lm,noresm2-mm,ukesm1-0-ll",World Bank Climate Change Knowledge Portal (CMIP6-x0.25),,1995-2014,SSP2-4.5,Precipitation
CHL,Chile,1437.518003969799,centre_cell_mask_coslat_area_weighted,pr,ssp245,2040-2059,median,climatology,mm,ensemble of Precipitation,50.0,"access-cm2,access-esm1-5,bcc-csm2-mr,canesm5,cmcc-esm2,cnrm-cm6-1,cnrm-esm2-1,ec-earth3,ec-earth3-veg-lr,fgoals-g3,gfdl-cm4,gfdl-esm4,giss-e2-1-g,hadgem3-gc31-ll,inm-cm4-8,inm-cm5-0,ipsl-cm6a-lr,kace-1-0-g,miroc6,miroc-es2l,mpi-esm1-2-hr,mpi-esm1-2-lr,mri-esm2-0,nesm3,noresm2-lm,noresm2-mm,ukesm1-0-ll",World Bank Climate Change Knowledge Portal (CMIP6-x0.25),,,SSP2-4.5,Precipitation
CHN,China,50.528882325501975,centre_cell_mask_coslat_area_weighted,pr,ssp245,2040-2059,median,anomaly,mm,ensemble of anomaly of Precipitation with reference period 1995-2014,50.0,"access-cm2,access-esm1-5,bcc-csm2-mr,canesm5,cmcc-esm2,cnrm-cm6-1,cnrm-esm2-1,ec-earth3,ec-earth3-veg-lr,fgoals-g3,gfdl-cm4,gfdl-esm4,giss-e2-1-g,hadgem3-gc31-ll,inm-cm4-8,inm-cm5-0,ipsl-cm6a-lr,kace-1-0-g,miroc6,miroc-es2l,mpi-esm1-2-hr,mpi-esm1-2-lr,mri-esm2-0,nesm3,noresm2-lm,noresm2-mm,ukesm1-0-ll",World Bank Climate Change Knowledge Portal (CMIP6-x0.25),,1995-2014,SSP2-4.5,Precipitation
CHN,China,882.3727205921795,centre_cell_mask_coslat_area_weighted,pr,ssp245,2040-2059,median,climatology,mm,ensemble of Precipitation,50.0,"access-cm2,access-esm1-5,bcc-csm2-mr,canesm5,cmcc-esm2,cnrm-cm6-1,cnrm-esm2-1,ec-earth3,ec-earth3-veg-lr,fgoals-g3,gfdl-cm4,gfdl-esm4,giss-e2-1-g,hadgem3-gc31-ll,inm-cm4-8,inm-cm5-0,ipsl-cm6a-lr,kace-1-0-g,miroc6,miroc-es2l,mpi-esm1-2-hr,mpi-esm1-2-lr,mri-esm2-0,nesm3,noresm2-lm,noresm2-mm,ukesm1-0-ll",World Bank Climate Change Knowledge Portal (CMIP6-x0.25),,,SSP2-4.5,Precipitation
CIV,Côte d'Ivoire,23.57060882343414,centre_cell_mask_coslat_area_weighted,pr,ssp245,2040-2059,median,anomaly,mm,ensemble of anomaly of Precipitation with reference period 1995-2014,50.0,"access-cm2,access-esm1-5,bcc-csm2-mr,canesm5,cmcc-esm2,cnrm-cm6-1,cnrm-esm2-1,ec-earth3,ec-earth3-veg-lr,fgoals-g3,gfdl-cm4,gfdl-esm4,giss-e2-1-g,hadgem3-gc31-ll,inm-cm4-8,inm-cm5-0,ipsl-cm6a-lr,kace-1-0-g,miroc6,miroc-es2l,mpi-esm1-2-hr,mpi-esm1-2-lr,mri-esm2-0,nesm3,noresm2-lm,noresm2-mm,ukesm1-0-ll",World Bank Climate Change Knowledge Portal (CMIP6-x0.25),,1995-2014,SSP2-4.5,Precipitation
CIV,Côte d'Ivoire,1367.4326758964846,centre_cell_mask_coslat_area_weighted,pr,ssp245,2040-2059,median,climatology,mm,ensemble of Precipitation,50.0,"access-cm2,access-esm1-5,bcc-csm2-mr,canesm5,cmcc-esm2,cnrm-cm6-1,cnrm-esm2-1,ec-earth3,ec-earth3-veg-lr,fgoals-g3,gfdl-cm4,gfdl-esm4,giss-e2-1-g,hadgem3-gc31-ll,inm-cm4-8,inm-cm5-0,ipsl-cm6a-lr,kace-1-0-g,miroc6,miroc-es2l,mpi-esm1-2-hr,mpi-esm1-2-lr,mri-esm2-0,nesm3,noresm2-lm,noresm2-mm,ukesm1-0-ll",World Bank Climate Change Knowledge Portal (CMIP6-x0.25),,,SSP2-4.5,Precipitation
CMR,Cameroon,63.621677303589635,centre_cell_mask_coslat_area_weighted,pr,ssp245,2040-2059,median,anomaly,mm,ensemble of anomaly of Precipitation with reference period 1995-2014,50.0,"access-cm2,access-esm1-5,bcc-csm2-mr,canesm5,cmcc-esm2,cnrm-cm6-1,cnrm-esm2-1,ec-earth3,ec-earth3-veg-lr,fgoals-g3,gfdl-cm4,gfdl-esm4,giss-e2-1-g,hadgem3-gc31-ll,inm-cm4-8,inm-cm5-0,ipsl-cm6a-lr,kace-1-0-g,miroc6,miroc-es2l,mpi-esm1-2-hr,mpi-esm1-2-lr,mri-esm2-0,nesm3,noresm2-lm,noresm2-mm,ukesm1-0-ll",World Bank Climate Change Knowledge Portal (CMIP6-x0.25),,1995-2014,SSP2-4.5,Precipitation
CMR,Cameroon,1889.152125482792,centre_cell_mask_coslat_area_weighted,pr,ssp245,2040-2059,median,climatology,mm,ensemble of Precipitation,50.0,"access-cm2,access-esm1-5,bcc-csm2-mr,canesm5,cmcc-esm2,cnrm-cm6-1,cnrm-esm2-1,ec-earth3,ec-earth3-veg-lr,fgoals-g3,gfdl-cm4,gfdl-esm4,giss-e2-1-g,hadgem3-gc31-ll,inm-cm4-8,inm-cm5-0,ipsl-cm6a-lr,kace-1-0-g,miroc6,miroc-es2l,mpi-esm1-2-hr,mpi-esm1-2-lr,mri-esm2-0,nesm3,noresm2-lm,noresm2-mm,ukesm1-0-ll",World Bank Climate Change Knowledge Portal (CMIP6-x0.25),,,SSP2-4.5,Precipitation
COD,Democratic Republic of Congo,19.632897433794323,centre_cell_mask_coslat_area_weighted,pr,ssp245,2040-2059,median,anomaly,mm,ensemble of anomaly of Precipitation with reference period 1995-2014,50.0,"access-cm2,access-esm1-5,bcc-csm2-mr,canesm5,cmcc-esm2,cnrm-cm6-1,cnrm-esm2-1,ec-earth3,ec-earth3-veg-lr,fgoals-g3,gfdl-cm4,gfdl-esm4,giss-e2-1-g,hadgem3-gc31-ll,inm-cm4-8,inm-cm5-0,ipsl-cm6a-lr,kace-1-0-g,miroc6,miroc-es2l,mpi-esm1-2-hr,mpi-esm1-2-lr,mri-esm2-0,nesm3,noresm2-lm,noresm2-mm,ukesm1-0-ll",World Bank Climate Change Knowledge Portal (CMIP6-x0.25),,1995-2014,SSP2-4.5,Precipitation
COD,Democratic Republic of Congo,1883.2476238682962,centre_cell_mask_coslat_area_weighted,pr,ssp245,2040-2059,median,climatology,mm,ensemble of Precipitation,50.0,"access-cm2,access-esm1-5,bcc-csm2-mr,canesm5,cmcc-esm2,cnrm-cm6-1,cnrm-esm2-1,ec-earth3,ec-earth3-veg-lr,fgoals-g3,gfdl-cm4,gfdl-esm4,giss-e2-1-g,hadgem3-gc31-ll,inm-cm4-8,inm-cm5-0,ipsl-cm6a-lr,kace-1-0-g,miroc6,miroc-es2l,mpi-esm1-2-hr,mpi-esm1-2-lr,mri-esm2-0,nesm3,noresm2-lm,noresm2-mm,ukesm1-0-ll",World Bank Climate Change Knowledge Portal (CMIP6-x0.25),,,SSP2-4.5,Precipitation
COG,Congo,34.15793915283551,centre_cell_mask_coslat_area_weighted,pr,ssp245,2040-2059,median,anomaly,mm,ensemble of anomaly of Precipitation with reference period 1995-2014,50.0,"access-cm2,access-esm1-5,bcc-csm2-mr,canesm5,cmcc-esm2,cnrm-cm6-1,cnrm-esm2-1,ec-earth3,ec-earth3-veg-lr,fgoals-g3,gfdl-cm4,gfdl-esm4,giss-e2-1-g,hadgem3-gc31-ll,inm-cm4-8,inm-cm5-0,ipsl-cm6a-lr,kace-1-0-g,miroc6,miroc-es2l,mpi-esm1-2-hr,mpi-esm1-2-lr,mri-esm2-0,nesm3,noresm2-lm,noresm2-mm,ukesm1-0-ll",World Bank Climate Change Knowledge Portal (CMIP6-x0.25),,1995-2014,SSP2-4.5,Precipitation
COG,Congo,1720.3652302989644,centre_cell_mask_coslat_area_weighted,pr,ssp245,2040-2059,median,climatology,mm,ensemble of Precipitation,50.0,"access-cm2,access-esm1-5,bcc-csm2-mr,canesm5,cmcc-esm2,cnrm-cm6-1,cnrm-esm2-1,ec-earth3,ec-earth3-veg-lr,fgoals-g3,gfdl-cm4,gfdl-esm4,giss-e2-1-g,hadgem3-gc31-ll,inm-cm4-8,inm-cm5-0,ipsl-cm6a-lr,kace-1-0-g,miroc6,miroc-es2l,mpi-esm1-2-hr,mpi-esm1-2-lr,mri-esm2-0,nesm3,noresm2-lm,noresm2-mm,ukesm1-0-ll",World Bank Climate Change Knowledge Portal (CMIP6-x0.25),,,SSP2-4.5,Precipitation
COK,Cook Islands (N.Z.),80.7239990234375,centre_cell_mask_coslat_area_weighted,pr,ssp245,2040-2059,median,anomaly,mm,ensemble of anomaly of Precipitation with reference period 1995-2014,50.0,"access-cm2,access-esm1-5,bcc-csm2-mr,canesm5,cmcc-esm2,cnrm-cm6-1,cnrm-esm2-1,ec-earth3,ec-earth3-veg-lr,fgoals-g3,gfdl-cm4,gfdl-esm4,giss-e2-1-g,hadgem3-gc31-ll,inm-cm4-8,inm-cm5-0,ipsl-cm6a-lr,kace-1-0-g,miroc6,miroc-es2l,mpi-esm1-2-hr,mpi-esm1-2-lr,mri-esm2-0,nesm3,noresm2-lm,noresm2-mm,ukesm1-0-ll",World Bank Climate Change Knowledge Portal (CMIP6-x0.25),,1995-2014,SSP2-4.5,Precipitation
COK,Cook Islands (N.Z.),1741.97900390625,centre_cell_mask_coslat_area_weighted,pr,ssp245,2040-2059,median,climatology,mm,ensemble of Precipitation,50.0,"access-cm2,access-esm1-5,bcc-csm2-mr,canesm5,cmcc-esm2,cnrm-cm6-1,cnrm-esm2-1,ec-earth3,ec-earth3-veg-lr,fgoals-g3,gfdl-cm4,gfdl-esm4,giss-e2-1-g,hadgem3-gc31-ll,inm-cm4-8,inm-cm5-0,ipsl-cm6a-lr,kace-1-0-g,miroc6,miroc-es2l,mpi-esm1-2-hr,mpi-esm1-2-lr,mri-esm2-0,nesm3,noresm2-lm,noresm2-mm,ukesm1-0-ll",World Bank Climate Change Knowledge Portal (CMIP6-x0.25),,,SSP2-4.5,Precipitation
COL,Colombia,40.879237442397724,centre_cell_mask_coslat_area_weighted,pr,ssp245,2040-2059,median,anomaly,mm,ensemble of anomaly of Precipitation with reference period 1995-2014,50.0,"access-cm2,access-esm1-5,bcc-csm2-mr,canesm5,cmcc-esm2,cnrm-cm6-1,cnrm-esm2-1,ec-earth3,ec-earth3-veg-lr,fgoals-g3,gfdl-cm4,gfdl-esm4,giss-e2-1-g,hadgem3-gc31-ll,inm-cm4-8,inm-cm5-0,ipsl-cm6a-lr,kace-1-0-g,miroc6,miroc-es2l,mpi-esm1-2-hr,mpi-esm1-2-lr,mri-esm2-0,nesm3,noresm2-lm,noresm2-mm,ukesm1-0-ll",World Bank Climate Change Knowledge Portal (CMIP6-x0.25),,1995-2014,SSP2-4.5,Precipitation
COL,Colombia,3408.728360213365,centre_cell_mask_coslat_area_weighted,pr,ssp245,2040-2059,median,climatology,mm,ensemble of Precipitation,50.0,"access-cm2,access-esm1-5,bcc-csm2-mr,canesm5,cmcc-esm2,cnrm-cm6-1,cnrm-esm2-1,ec-earth3,ec-earth3-veg-lr,fgoals-g3,gfdl-cm4,gfdl-esm4,giss-e2-1-g,hadgem3-gc31-ll,inm-cm4-8,inm-cm5-0,ipsl-cm6a-lr,kace-1-0-g,miroc6,miroc-es2l,mpi-esm1-2-hr,mpi-esm1-2-lr,mri-esm2-0,nesm3,noresm2-lm,noresm2-mm,ukesm1-0-ll",World Bank Climate Change Knowledge Portal (CMIP6-x0.25),,,SSP2-4.5,Precipitation
COM,Comoros,-16.91978536134277,centre_cell_mask_coslat_area_weighted,pr,ssp245,2040-2059,median,anomaly,mm,ensemble of anomaly of Precipitation with reference period 1995-2014,50.0,"access-cm2,access-esm1-5,bcc-csm2-mr,canesm5,cmcc-esm2,cnrm-cm6-1,cnrm-esm2-1,ec-earth3,ec-earth3-veg-lr,fgoals-g3,gfdl-cm4,gfdl-esm4,giss-e2-1-g,hadgem3-gc31-ll,inm-cm4-8,inm-cm5-0,ipsl-cm6a-lr,kace-1-0-g,miroc6,miroc-es2l,mpi-esm1-2-hr,mpi-esm1-2-lr,mri-esm2-0,nesm3,noresm2-lm,noresm2-mm,ukesm1-0-ll",World Bank Climate Change Knowledge Portal (CMIP6-x0.25),,1995-2014,SSP2-4.5,Precipitation
COM,Comoros,1391.064496147788,centre_cell_mask_coslat_area_weighted,pr,ssp245,2040-2059,median,climatology,mm,ensemble of Precipitation,50.0,"access-cm2,access-esm1-5,bcc-csm2-mr,canesm5,cmcc-esm2,cnrm-cm6-1,cnrm-esm2-1,ec-earth3,ec-earth3-veg-lr,fgoals-g3,gfdl-cm4,gfdl-esm4,giss-e2-1-g,hadgem3-gc31-ll,inm-cm4-8,inm-cm5-0,ipsl-cm6a-lr,kace-1-0-g,miroc6,miroc-es2l,mpi-esm1-2-hr,mpi-esm1-2-lr,mri-esm2-0,nesm3,noresm2-lm,noresm2-mm,ukesm1-0-ll",World Bank Climate Change Knowledge Portal (CMIP6-x0.25),,,SSP2-4.5,Precipitation
CPV,Cabo Verde,1.869683793933447,centre_cell_mask_coslat_area_weighted,pr,ssp245,2040-2059,median,anomaly,mm,ensemble of anomaly of Precipitation with reference period 1995-2014,50.0,"access-cm2,access-esm1-5,bcc-csm2-mr,canesm5,cmcc-esm2,cnrm-cm6-1,cnrm-esm2-1,ec-earth3,ec-earth3-veg-lr,fgoals-g3,gfdl-cm4,gfdl-esm4,giss-e2-1-g,hadgem3-gc31-ll,inm-cm4-8,inm-cm5-0,ipsl-cm6a-lr,kace-1-0-g,miroc6,miroc-es2l,mpi-esm1-2-hr,mpi-esm1-2-lr,mri-esm2-0,nesm3,noresm2-lm,noresm2-mm,ukesm1-0-ll",World Bank Climate Change Knowledge Portal (CMIP6-x0.25),,1995-2014,SSP2-4.5,Precipitation
CPV,Cabo Verde,185.22979602809383,centre_cell_mask_coslat_area_weighted,pr,ssp245,2040-2059,median,climatology,mm,ensemble of Precipitation,50.0,"access-cm2,access-esm1-5,bcc-csm2-mr,canesm5,cmcc-esm2,cnrm-cm6-1,cnrm-esm2-1,ec-earth3,ec-earth3-veg-lr,fgoals-g3,gfdl-cm4,gfdl-esm4,giss-e2-1-g,hadgem3-gc31-ll,inm-cm4-8,inm-cm5-0,ipsl-cm6a-lr,kace-1-0-g,miroc6,miroc-es2l,mpi-esm1-2-hr,mpi-esm1-2-lr,mri-esm2-0,nesm3,noresm2-lm,noresm2-mm,ukesm1-0-ll",World Bank Climate Change Knowledge Portal (CMIP6-x0.25),,,SSP2-4.5,Precipitation
CRI,Costa Rica,48.84583149640628,centre_cell_mask_coslat_area_weighted,pr,ssp245,2040-2059,median,anomaly,mm,ensemble of anomaly of Precipitation with reference period 1995-2014,50.0,"access-cm2,access-esm1-5,bcc-csm2-mr,canesm5,cmcc-esm2,cnrm-cm6-1,cnrm-esm2-1,ec-earth3,ec-earth3-veg-lr,fgoals-g3,gfdl-cm4,gfdl-esm4,giss-e2-1-g,hadgem3-gc31-ll,inm-cm4-8,inm-cm5-0,ipsl-cm6a-lr,kace-1-0-g,miroc6,miroc-es2l,mpi-esm1-2-hr,mpi-esm1-2-lr,mri-esm2-0,nesm3,noresm2-lm,noresm2-mm,ukesm1-0-ll",World Bank Climate Change Knowledge Portal (CMIP6-x0.25),,1995-2014,SSP2-4.5,Precipitation
CRI,Costa Rica,3370.894306769434,centre_cell_mask_coslat_area_weighted,pr,ssp245,2040-2059,median,climatology,mm,ensemble of Precipitation,50.0,"access-cm2,access-esm1-5,bcc-csm2-mr,canesm5,cmcc-esm2,cnrm-cm6-1,cnrm-esm2-1,ec-earth3,ec-earth3-veg-lr,fgoals-g3,gfdl-cm4,gfdl-esm4,giss-e2-1-g,hadgem3-gc31-ll,inm-cm4-8,inm-cm5-0,ipsl-cm6a-lr,kace-1-0-g,miroc6,miroc-es2l,mpi-esm1-2-hr,mpi-esm1-2-lr,mri-esm2-0,nesm3,noresm2-lm,noresm2-mm,ukesm1-0-ll",World Bank Climate Change Knowledge Portal (CMIP6-x0.25),,,SSP2-4.5,Precipitation
CUB,Cuba,21.41728957589455,centre_cell_mask_coslat_area_weighted,pr,ssp245,2040-2059,median,anomaly,mm,ensemble of anomaly of Precipitation with reference period 1995-2014,50.0,"access-cm2,access-esm1-5,bcc-csm2-mr,canesm5,cmcc-esm2,cnrm-cm6-1,cnrm-esm2-1,ec-earth3,ec-earth3-veg-lr,fgoals-g3,gfdl-cm4,gfdl-esm4,giss-e2-1-g,hadgem3-gc31-ll,inm-cm4-8,inm-cm5-0,ipsl-cm6a-lr,kace-1-0-g,miroc6,miroc-es2l,mpi-esm1-2-hr,mpi-esm1-2-lr,mri-esm2-0,nesm3,noresm2-lm,noresm2-mm,ukesm1-0-ll",World Bank Climate Change Knowledge Portal (CMIP6-x0.25),,1995-2014,SSP2-4.5,Precipitation
CUB,Cuba,1001.539660607144,centre_cell_mask_coslat_area_weighted,pr,ssp245,2040-2059,median,climatology,mm,ensemble of Precipitation,50.0,"access-cm2,access-esm1-5,bcc-csm2-mr,canesm5,cmcc-esm2,cnrm-cm6-1,cnrm-esm2-1,ec-earth3,ec-earth3-veg-lr,fgoals-g3,gfdl-cm4,gfdl-esm4,giss-e2-1-g,hadgem3-gc31-ll,inm-cm4-8,inm-cm5-0,ipsl-cm6a-lr,kace-1-0-g,miroc6,miroc-es2l,mpi-esm1-2-hr,mpi-esm1-2-lr,mri-esm2-0,nesm3,noresm2-lm,noresm2-mm,ukesm1-0-ll",World Bank Climate Change Knowledge Portal (CMIP6-x0.25),,,SSP2-4.5,Precipitation
CUW,Curaçao (Neth.),-52.97400031807614,fractional_overlap_equal_area,pr,ssp245,2040-2059,median,anomaly,mm,ensemble of anomaly of Precipitation with reference period 1995-2014,50.0,"access-cm2,access-esm1-5,bcc-csm2-mr,canesm5,cmcc-esm2,cnrm-cm6-1,cnrm-esm2-1,ec-earth3,ec-earth3-veg-lr,fgoals-g3,gfdl-cm4,gfdl-esm4,giss-e2-1-g,hadgem3-gc31-ll,inm-cm4-8,inm-cm5-0,ipsl-cm6a-lr,kace-1-0-g,miroc6,miroc-es2l,mpi-esm1-2-hr,mpi-esm1-2-lr,mri-esm2-0,nesm3,noresm2-lm,noresm2-mm,ukesm1-0-ll",World Bank Climate Change Knowledge Portal (CMIP6-x0.25),,1995-2014,SSP2-4.5,Precipitation
CUW,Curaçao (Neth.),843.3400828229796,fractional_overlap_equal_area,pr,ssp245,2040-2059,median,climatology,mm,ensemble of Precipitation,50.0,"access-cm2,access-esm1-5,bcc-csm2-mr,canesm5,cmcc-esm2,cnrm-cm6-1,cnrm-esm2-1,ec-earth3,ec-earth3-veg-lr,fgoals-g3,gfdl-cm4,gfdl-esm4,giss-e2-1-g,hadgem3-gc31-ll,inm-cm4-8,inm-cm5-0,ipsl-cm6a-lr,kace-1-0-g,miroc6,miroc-es2l,mpi-esm1-2-hr,mpi-esm1-2-lr,mri-esm2-0,nesm3,noresm2-lm,noresm2-mm,ukesm1-0-ll",World Bank Climate Change Knowledge Portal (CMIP6-x0.25),,,SSP2-4.5,Precipitation
CXR,Christmas Island (Aus.),-73.82253687089947,fractional_overlap_equal_area,pr,ssp245,2040-2059,median,anomaly,mm,ensemble of anomaly of Precipitation with reference period 1995-2014,50.0,"access-cm2,access-esm1-5,bcc-csm2-mr,canesm5,cmcc-esm2,cnrm-cm6-1,cnrm-esm2-1,ec-earth3,ec-earth3-veg-lr,fgoals-g3,gfdl-cm4,gfdl-esm4,giss-e2-1-g,hadgem3-gc31-ll,inm-cm4-8,inm-cm5-0,ipsl-cm6a-lr,kace-1-0-g,miroc6,miroc-es2l,mpi-esm1-2-hr,mpi-esm1-2-lr,mri-esm2-0,nesm3,noresm2-lm,noresm2-mm,ukesm1-0-ll",World Bank Climate Change Knowledge Portal (CMIP6-x0.25),,1995-2014,SSP2-4.5,Precipitation
CXR,Christmas Island (Aus.),1240.8000973017743,fractional_overlap_equal_area,pr,ssp245,2040-2059,median,climatology,mm,ensemble of Precipitation,50.0,"access-cm2,access-esm1-5,bcc-csm2-mr,canesm5,cmcc-esm2,cnrm-cm6-1,cnrm-esm2-1,ec-earth3,ec-earth3-veg-lr,fgoals-g3,gfdl-cm4,gfdl-esm4,giss-e2-1-g,hadgem3-gc31-ll,inm-cm4-8,inm-cm5-0,ipsl-cm6a-lr,kace-1-0-g,miroc6,miroc-es2l,mpi-esm1-2-hr,mpi-esm1-2-lr,mri-esm2-0,nesm3,noresm2-lm,noresm2-mm,ukesm1-0-ll",World Bank Climate Change Knowledge Portal (CMIP6-x0.25),,,SSP2-4.5,Precipitation
CYM,Cayman Islands (U.K.),75.28600311279297,centre_cell_mask_coslat_area_weighted,pr,ssp245,2040-2059,median,anomaly,mm,ensemble of anomaly of Precipitation with reference period 1995-2014,50.0,"access-cm2,access-esm1-5,bcc-csm2-mr,canesm5,cmcc-esm2,cnrm-cm6-1,cnrm-esm2-1,ec-earth3,ec-earth3-veg-lr,fgoals-g3,gfdl-cm4,gfdl-esm4,giss-e2-1-g,hadgem3-gc31-ll,inm-cm4-8,inm-cm5-0,ipsl-cm6a-lr,kace-1-0-g,miroc6,miroc-es2l,mpi-esm1-2-hr,mpi-esm1-2-lr,mri-esm2-0,nesm3,noresm2-lm,noresm2-mm,ukesm1-0-ll",World Bank Climate Change Knowledge Portal (CMIP6-x0.25),,1995-2014,SSP2-4.5,Precipitation
CYM,Cayman Islands (U.K.),1024.990966796875,centre_cell_mask_coslat_area_weighted,pr,ssp245,2040-2059,median,climatology,mm,ensemble of Precipitation,50.0,"access-cm2,access-esm1-5,bcc-csm2-mr,canesm5,cmcc-esm2,cnrm-cm6-1,cnrm-esm2-1,ec-earth3,ec-earth3-veg-lr,fgoals-g3,gfdl-cm4,gfdl-esm4,giss-e2-1-g,hadgem3-gc31-ll,inm-cm4-8,inm-cm5-0,ipsl-cm6a-lr,kace-1-0-g,miroc6,miroc-es2l,mpi-esm1-2-hr,mpi-esm1-2-lr,mri-esm2-0,nesm3,noresm2-lm,noresm2-mm,ukesm1-0-ll",World Bank Climate Change Knowledge Portal (CMIP6-x0.25),,,SSP2-4.5,Precipitation
CYP,CYPRUS,-19.61091242511116,centre_cell_mask_coslat_area_weighted,pr,ssp245,2040-2059,median,anomaly,mm,ensemble of anomaly of Precipitation with reference period 1995-2014,50.0,"access-cm2,access-esm1-5,bcc-csm2-mr,canesm5,cmcc-esm2,cnrm-cm6-1,cnrm-esm2-1,ec-earth3,ec-earth3-veg-lr,fgoals-g3,gfdl-cm4,gfdl-esm4,giss-e2-1-g,hadgem3-gc31-ll,inm-cm4-8,inm-cm5-0,ipsl-cm6a-lr,kace-1-0-g,miroc6,miroc-es2l,mpi-esm1-2-hr,mpi-esm1-2-lr,mri-esm2-0,nesm3,noresm2-lm,noresm2-mm,ukesm1-0-ll",World Bank Climate Change Knowledge Portal (CMIP6-x0.25),,1995-2014,SSP2-4.5,Precipitation
CYP,CYPRUS,369.6295502524087,centre_cell_mask_coslat_area_weighted,pr,ssp245,2040-2059,median,climatology,mm,ensemble of Precipitation,50.0,"access-cm2,access-esm1-5,bcc-csm2-mr,canesm5,cmcc-esm2,cnrm-cm6-1,cnrm-esm2-1,ec-earth3,ec-earth3-veg-lr,fgoals-g3,gfdl-cm4,gfdl-esm4,giss-e2-1-g,hadgem3-gc31-ll,inm-cm4-8,inm-cm5-0,ipsl-cm6a-lr,kace-1-0-g,miroc6,miroc-es2l,mpi-esm1-2-hr,mpi-esm1-2-lr,mri-esm2-0,nesm3,noresm2-lm,noresm2-mm,ukesm1-0-ll",World Bank Climate Change Knowledge Portal (CMIP6-x0.25),,,SSP2-4.5,Precipitation
CZE,Czech Republic,10.39731427913637,centre_cell_mask_coslat_area_weighted,pr,ssp245,2040-2059,median,anomaly,mm,ensemble of anomaly of Precipitation with reference period 1995-2014,50.0,"access-cm2,access-esm1-5,bcc-csm2-mr,canesm5,cmcc-esm2,cnrm-cm6-1,cnrm-esm2-1,ec-earth3,ec-earth3-veg-lr,fgoals-g3,gfdl-cm4,gfdl-esm4,giss-e2-1-g,hadgem3-gc31-ll,inm-cm4-8,inm-cm5-0,ipsl-cm6a-lr,kace-1-0-g,miroc6,miroc-es2l,mpi-esm1-2-hr,mpi-esm1-2-lr,mri-esm2-0,nesm3,noresm2-lm,noresm2-mm,ukesm1-0-ll",World Bank Climate Change Knowledge Portal (CMIP6-x0.25),,1995-2014,SSP2-4.5,Precipitation
CZE,Czech Republic,819.1335068994264,centre_cell_mask_coslat_area_weighted,pr,ssp245,2040-2059,median,climatology,mm,ensemble of Precipitation,50.0,"access-cm2,access-esm1-5,bcc-csm2-mr,canesm5,cmcc-esm2,cnrm-cm6-1,cnrm-esm2-1,ec-earth3,ec-earth3-veg-lr,fgoals-g3,gfdl-cm4,gfdl-esm4,giss-e2-1-g,hadgem3-gc31-ll,inm-cm4-8,inm-cm5-0,ipsl-cm6a-lr,kace-1-0-g,miroc6,miroc-es2l,mpi-esm1-2-hr,mpi-esm1-2-lr,mri-esm2-0,nesm3,noresm2-lm,noresm2-mm,ukesm1-0-ll",World Bank Climate Change Knowledge Portal (CMIP6-x0.25),,,SSP2-4.5,Precipitation
DEU,Germany,7.905201234232112,centre_cell_mask_coslat_area_weighted,pr,ssp245,2040-2059,median,anomaly,mm,ensemble of anomaly of Precipitation with reference period 1995-2014,50.0,"access-cm2,access-esm1-5,bcc-csm2-mr,canesm5,cmcc-esm2,cnrm-cm6-1,cnrm-esm2-1,ec-earth3,ec-earth3-veg-lr,fgoals-g3,gfdl-cm4,gfdl-esm4,giss-e2-1-g,hadgem3-gc31-ll,inm-cm4-8,inm-cm5-0,ipsl-cm6a-lr,kace-1-0-g,miroc6,miroc-es2l,mpi-esm1-2-hr,mpi-esm1-2-lr,mri-esm2-0,nesm3,noresm2-lm,noresm2-mm,ukesm1-0-ll",World Bank Climate Change Knowledge Portal (CMIP6-x0.25),,1995-2014,SSP2-4.5,Precipitation
DEU,Germany,901.4919081425774,centre_cell_mask_coslat_area_weighted,pr,ssp245,2040-2059,median,climatology,mm,ensemble of Precipitation,50.0,"access-cm2,access-esm1-5,bcc-csm2-mr,canesm5,cmcc-esm2,cnrm-cm6-1,cnrm-esm2-1,ec-earth3,ec-earth3-veg-lr,fgoals-g3,gfdl-cm4,gfdl-esm4,giss-e2-1-g,hadgem3-gc31-ll,inm-cm4-8,inm-cm5-0,ipsl-cm6a-lr,kace-1-0-g,miroc6,miroc-es2l,mpi-esm1-2-hr,mpi-esm1-2-lr,mri-esm2-0,nesm3,noresm2-lm,noresm2-mm,ukesm1-0-ll",World Bank Climate Change Knowledge Portal (CMIP6-x0.25),,,SSP2-4.5,Precipitation
DJI,Djibouti,34.149810178958035,centre_cell_mask_coslat_area_weighted,pr,ssp245,2040-2059,median,anomaly,mm,ensemble of anomaly of Precipitation with reference period 1995-2014,50.0,"access-cm2,access-esm1-5,bcc-csm2-mr,canesm5,cmcc-esm2,cnrm-cm6-1,cnrm-esm2-1,ec-earth3,ec-earth3-veg-lr,fgoals-g3,gfdl-cm4,gfdl-esm4,giss-e2-1-g,hadgem3-gc31-ll,inm-cm4-8,inm-cm5-0,ipsl-cm6a-lr,kace-1-0-g,miroc6,miroc-es2l,mpi-esm1-2-hr,mpi-esm1-2-lr,mri-esm2-0,nesm3,noresm2-lm,noresm2-mm,ukesm1-0-ll",World Bank Climate Change Knowledge Portal (CMIP6-x0.25),,1995-2014,SSP2-4.5,Precipitation
DJI,Djibouti,273.2098155697085,centre_cell_mask_coslat_area_weighted,pr,ssp245,2040-2059,median,climatology,mm,ensemble of Precipitation,50.0,"access-cm2,access-esm1-5,bcc-csm2-mr,canesm5,cmcc-esm2,cnrm-cm6-1,cnrm-esm2-1,ec-earth3,ec-earth3-veg-lr,fgoals-g3,gfdl-cm4,gfdl-esm4,giss-e2-1-g,hadgem3-gc31-ll,inm-cm4-8,inm-cm5-0,ipsl-cm6a-lr,kace-1-0-g,miroc6,miroc-es2l,mpi-esm1-2-hr,mpi-esm1-2-lr,mri-esm2-0,nesm3,noresm2-lm,noresm2-mm,ukesm1-0-ll",World Bank Climate Change Knowledge Portal (CMIP6-x0.25),,,SSP2-4.5,Precipitation
DMA,Dominica,-44.599456379989796,fractional_overlap_equal_area,pr,ssp245,2040-2059,median,anomaly,mm,ensemble of anomaly of Precipitation with reference period 1995-2014,50.0,"access-cm2,access-esm1-5,bcc-csm2-mr,canesm5,cmcc-esm2,cnrm-cm6-1,cnrm-esm2-1,ec-earth3,ec-earth3-veg-lr,fgoals-g3,gfdl-cm4,gfdl-esm4,giss-e2-1-g,hadgem3-gc31-ll,inm-cm4-8,inm-cm5-0,ipsl-cm6a-lr,kace-1-0-g,miroc6,miroc-es2l,mpi-esm1-2-hr,mpi-esm1-2-lr,mri-esm2-0,nesm3,noresm2-lm,noresm2-mm,ukesm1-0-ll",World Bank Climate Change Knowledge Portal (CMIP6-x0.25),,1995-2014,SSP2-4.5,Precipitation
DMA,Dominica,1050.1372797206257,fractional_overlap_equal_area,pr,ssp245,2040-2059,median,climatology,mm,ensemble of Precipitation,50.0,"access-cm2,access-esm1-5,bcc-csm2-mr,canesm5,cmcc-esm2,cnrm-cm6-1,cnrm-esm2-1,ec-earth3,ec-earth3-veg-lr,fgoals-g3,gfdl-cm4,gfdl-esm4,giss-e2-1-g,hadgem3-gc31-ll,inm-cm4-8,inm-cm5-0,ipsl-cm6a-lr,kace-1-0-g,miroc6,miroc-es2l,mpi-esm1-2-hr,mpi-esm1-2-lr,mri-esm2-0,nesm3,noresm2-lm,noresm2-mm,ukesm1-0-ll",World Bank Climate Change Knowledge Portal (CMIP6-x0.25),,,SSP2-4.5,Precipitation
DNK,Denmark,17.462096380660544,centre_cell_mask_coslat_area_weighted,pr,ssp245,2040-2059,median,anomaly,mm,ensemble of anomaly of Precipitation with reference period 1995-2014,50.0,"access-cm2,access-esm1-5,bcc-csm2-mr,canesm5,cmcc-esm2,cnrm-cm6-1,cnrm-esm2-1,ec-earth3,ec-earth3-veg-lr,fgoals-g3,gfdl-cm4,gfdl-esm4,giss-e2-1-g,hadgem3-gc31-ll,inm-cm4-8,inm-cm5-0,ipsl-cm6a-lr,kace-1-0-g,miroc6,miroc-es2l,mpi-esm1-2-hr,mpi-esm1-2-lr,mri-esm2-0,nesm3,noresm2-lm,noresm2-mm,ukesm1-0-ll",World Bank Climate Change Knowledge Portal (CMIP6-x0.25),,1995-2014,SSP2-4.5,Precipitation
DNK,Denmark,809.2046301537919,centre_cell_mask_coslat_area_weighted,pr,ssp245,2040-2059,median,climatology,mm,ensemble of Precipitation,50.0,"access-cm2,access-esm1-5,bcc-csm2-mr,canesm5,cmcc-esm2,cnrm-cm6-1,cnrm-esm2-1,ec-earth3,ec-earth3-veg-lr,fgoals-g3,gfdl-cm4,gfdl-esm4,giss-e2-1-g,hadgem3-gc31-ll,inm-cm4-8,inm-cm5-0,ipsl-cm6a-lr,kace-1-0-g,miroc6,miroc-es2l,mpi-esm1-2-hr,mpi-esm1-2-lr,mri-esm2-0,nesm3,noresm2-lm,noresm2-mm,ukesm1-0-ll",World Bank Climate Change Knowledge Portal (CMIP6-x0.25),,,SSP2-4.5,Precipitation
DOM,Dominican Republic,-29.876060243917337,centre_cell_mask_coslat_area_weighted,pr,ssp245,2040-2059,median,anomaly,mm,ensemble of anomaly of Precipitation with reference period 1995-2014,50.0,"access-cm2,access-esm1-5,bcc-csm2-mr,canesm5,cmcc-esm2,cnrm-cm6-1,cnrm-esm2-1,ec-earth3,ec-earth3-veg-lr,fgoals-g3,gfdl-cm4,gfdl-esm4,giss-e2-1-g,hadgem3-gc31-ll,inm-cm4-8,inm-cm5-0,ipsl-cm6a-lr,kace-1-0-g,miroc6,miroc-es2l,mpi-esm1-2-hr,mpi-esm1-2-lr,mri-esm2-0,nesm3,noresm2-lm,noresm2-mm,ukesm1-0-ll",World Bank Climate Change Knowledge Portal (CMIP6-x0.25),,1995-2014,SSP2-4.5,Precipitation
DOM,Dominican Republic,1056.1581034418857,centre_cell_mask_coslat_area_weighted,pr,ssp245,2040-2059,median,climatology,mm,ensemble of Precipitation,50.0,"access-cm2,access-esm1-5,bcc-csm2-mr,canesm5,cmcc-esm2,cnrm-cm6-1,cnrm-esm2-1,ec-earth3,ec-earth3-veg-lr,fgoals-g3,gfdl-cm4,gfdl-esm4,giss-e2-1-g,hadgem3-gc31-ll,inm-cm4-8,inm-cm5-0,ipsl-cm6a-lr,kace-1-0-g,miroc6,miroc-es2l,mpi-esm1-2-hr,mpi-esm1-2-lr,mri-esm2-0,nesm3,noresm2-lm,noresm2-mm,ukesm1-0-ll",World Bank Climate Change Knowledge Portal (CMIP6-x0.25),,,SSP2-4.5,Precipitation
DZA,Algeria,-3.7446597036349396,centre_cell_mask_coslat_area_weighted,pr,ssp245,2040-2059,median,anomaly,mm,ensemble of anomaly of Precipitation with reference period 1995-2014,50.0,"access-cm2,access-esm1-5,bcc-csm2-mr,canesm5,cmcc-esm2,cnrm-cm6-1,cnrm-esm2-1,ec-earth3,ec-earth3-veg-lr,fgoals-g3,gfdl-cm4,gfdl-esm4,giss-e2-1-g,hadgem3-gc31-ll,inm-cm4-8,inm-cm5-0,ipsl-cm6a-lr,kace-1-0-g,miroc6,miroc-es2l,mpi-esm1-2-hr,mpi-esm1-2-lr,mri-esm2-0,nesm3,noresm2-lm,noresm2-mm,ukesm1-0-ll",World Bank Climate Change Knowledge Portal (CMIP6-x0.25),,1995-2014,SSP2-4.5,Precipitation
DZA,Algeria,67.78696791840893,centre_cell_mask_coslat_area_weighted,pr,ssp245,2040-2059,median,climatology,mm,ensemble of Precipitation,50.0,"access-cm2,access-esm1-5,bcc-csm2-mr,canesm5,cmcc-esm2,cnrm-cm6-1,cnrm-esm2-1,ec-earth3,ec-earth3-veg-lr,fgoals-g3,gfdl-cm4,gfdl-esm4,giss-e2-1-g,hadgem3-gc31-ll,inm-cm4-8,inm-cm5-0,ipsl-cm6a-lr,kace-1-0-g,miroc6,miroc-es2l,mpi-esm1-2-hr,mpi-esm1-2-lr,mri-esm2-0,nesm3,noresm2-lm,noresm2-mm,ukesm1-0-ll",World Bank Climate Change Knowledge Portal (CMIP6-x0.25),,,SSP2-4.5,Precipitation
ECU,Ecuador,98.55680673577315,centre_cell_mask_coslat_area_weighted,pr,ssp245,2040-2059,median,anomaly,mm,ensemble of anomaly of Precipitation with reference period 1995-2014,50.0,"access-cm2,access-esm1-5,bcc-csm2-mr,canesm5,cmcc-esm2,cnrm-cm6-1,cnrm-esm2-1,ec-earth3,ec-earth3-veg-lr,fgoals-g3,gfdl-cm4,gfdl-esm4,giss-e2-1-g,hadgem3-gc31-ll,inm-cm4-8,inm-cm5-0,ipsl-cm6a-lr,kace-1-0-g,miroc6,miroc-es2l,mpi-esm1-2-hr,mpi-esm1-2-lr,mri-esm2-0,nesm3,noresm2-lm,noresm2-mm,ukesm1-0-ll",World Bank Climate Change Knowledge Portal (CMIP6-x0.25),,1995-2014,SSP2-4.5,Precipitation
ECU,Ecuador,3142.74684748642,centre_cell_mask_coslat_area_weighted,pr,ssp245,2040-2059,median,climatology,mm,ensemble of Precipitation,50.0,"access-cm2,access-esm1-5,bcc-csm2-mr,canesm5,cmcc-esm2,cnrm-cm6-1,cnrm-esm2-1,ec-earth3,ec-earth3-veg-lr,fgoals-g3,gfdl-cm4,gfdl-esm4,giss-e2-1-g,hadgem3-gc31-ll,inm-cm4-8,inm-cm5-0,ipsl-cm6a-lr,kace-1-0-g,miroc6,miroc-es2l,mpi-esm1-2-hr,mpi-esm1-2-lr,mri-esm2-0,nesm3,noresm2-lm,noresm2-mm,ukesm1-0-ll",World Bank Climate Change Knowledge Portal (CMIP6-x0.25),,,SSP2-4.5,Precipitation
EGY,Arab Republic of Egypt,0.3129322128645186,centre_cell_mask_coslat_area_weighted,pr,ssp245,2040-2059,median,anomaly,mm,ensemble of anomaly of Precipitation with reference period 1995-2014,50.0,"access-cm2,access-esm1-5,bcc-csm2-mr,canesm5,cmcc-esm2,cnrm-cm6-1,cnrm-esm2-1,ec-earth3,ec-earth3-veg-lr,fgoals-g3,gfdl-cm4,gfdl-esm4,giss-e2-1-g,hadgem3-gc31-ll,inm-cm4-8,inm-cm5-0,ipsl-cm6a-lr,kace-1-0-g,miroc6,miroc-es2l,mpi-esm1-2-hr,mpi-esm1-2-lr,mri-esm2-0,nesm3,noresm2-lm,noresm2-mm,ukesm1-0-ll",World Bank Climate Change Knowledge Portal (CMIP6-x0.25),,1995-2014,SSP2-4.5,Precipitation
EGY,Arab Republic of Egypt,16.957739273209857,centre_cell_mask_coslat_area_weighted,pr,ssp245,2040-2059,median,climatology,mm,ensemble of Precipitation,50.0,"access-cm2,access-esm1-5,bcc-csm2-mr,canesm5,cmcc-esm2,cnrm-cm6-1,cnrm-esm2-1,ec-earth3,ec-earth3-veg-lr,fgoals-g3,gfdl-cm4,gfdl-esm4,giss-e2-1-g,hadgem3-gc31-ll,inm-cm4-8,inm-cm5-0,ipsl-cm6a-lr,kace-1-0-g,miroc6,miroc-es2l,mpi-esm1-2-hr,mpi-esm1-2-lr,mri-esm2-0,nesm3,noresm2-lm,noresm2-mm,ukesm1-0-ll",World Bank Climate Change Knowledge Portal (CMIP6-x0.25),,,SSP2-4.5,Precipitation
ERI,Eritrea,34.201904697915474,centre_cell_mask_coslat_area_weighted,pr,ssp245,2040-2059,median,anomaly,mm,ensemble of anomaly of Precipitation with reference period 1995-2014,50.0,"access-cm2,access-esm1-5,bcc-csm2-mr,canesm5,cmcc-esm2,cnrm-cm6-1,cnrm-esm2-1,ec-earth3,ec-earth3-veg-lr,fgoals-g3,gfdl-cm4,gfdl-esm4,giss-e2-1-g,hadgem3-gc31-ll,inm-cm4-8,inm-cm5-0,ipsl-cm6a-lr,kace-1-0-g,miroc6,miroc-es2l,mpi-esm1-2-hr,mpi-esm1-2-lr,mri-esm2-0,nesm3,noresm2-lm,noresm2-mm,ukesm1-0-ll",World Bank Climate Change Knowledge Portal (CMIP6-x0.25),,1995-2014,SSP2-4.5,Precipitation
ERI,Eritrea,418.07435247926395,centre_cell_mask_coslat_area_weighted,pr,ssp245,2040-2059,median,climatology,mm,ensemble of Precipitation,50.0,"access-cm2,access-esm1-5,bcc-csm2-mr,canesm5,cmcc-esm2,cnrm-cm6-1,cnrm-esm2-1,ec-earth3,ec-earth3-veg-lr,fgoals-g3,gfdl-cm4,gfdl-esm4,giss-e2-1-g,hadgem3-gc31-ll,inm-cm4-8,inm-cm5-0,ipsl-cm6a-lr,kace-1-0-g,miroc6,miroc-es2l,mpi-esm1-2-hr,mpi-esm1-2-lr,mri-esm2-0,nesm3,noresm2-lm,noresm2-mm,ukesm1-0-ll",World Bank Climate Change Knowledge Portal (CMIP6-x0.25),,,SSP2-4.5,Precipitation
ESP,Spain,-45.35713404692641,centre_cell_mask_coslat_area_weighted,pr,ssp245,2040-2059,median,anomaly,mm,ensemble of anomaly of Precipitation with reference period 1995-2014,50.0,"access-cm2,access-esm1-5,bcc-csm2-mr,canesm5,cmcc-esm2,cnrm-cm6-1,cnrm-esm2-1,ec-earth3,ec-earth3-veg-lr,fgoals-g3,gfdl-cm4,gfdl-esm4,giss-e2-1-g,hadgem3-gc31-ll,inm-cm4-8,inm-cm5-0,ipsl-cm6a-lr,kace-1-0-g,miroc6,miroc-es2l,mpi-esm1-2-hr,mpi-esm1-2-lr,mri-esm2-0,nesm3,noresm2-lm,noresm2-mm,ukesm1-0-ll",World Bank Climate Change Knowledge Portal (CMIP6-x0.25),,1995-2014,SSP2-4.5,Precipitation
ESP,Spain,632.8258076801193,centre_cell_mask_coslat_area_weighted,pr,ssp245,2040-2059,median,climatology,mm,ensemble of Precipitation,50.0,"access-cm2,access-esm1-5,bcc-csm2-mr,canesm5,cmcc-esm2,cnrm-cm6-1,cnrm-esm2-1,ec-earth3,ec-earth3-veg-lr,fgoals-g3,gfdl-cm4,gfdl-esm4,giss-e2-1-g,hadgem3-gc31-ll,inm-cm4-8,inm-cm5-0,ipsl-cm6a-lr,kace-1-0-g,miroc6,miroc-es2l,mpi-esm1-2-hr,mpi-esm1-2-lr,mri-esm2-0,nesm3,noresm2-lm,noresm2-mm,ukesm1-0-ll",World Bank Climate Change Knowledge Portal (CMIP6-x0.25),,,SSP2-4.5,Precipitation
EST,Estonia,31.963840199739714,centre_cell_mask_coslat_area_weighted,pr,ssp245,2040-2059,median,anomaly,mm,ensemble of anomaly of Precipitation with reference period 1995-2014,50.0,"access-cm2,access-esm1-5,bcc-csm2-mr,canesm5,cmcc-esm2,cnrm-cm6-1,cnrm-esm2-1,ec-earth3,ec-earth3-veg-lr,fgoals-g3,gfdl-cm4,gfdl-esm4,giss-e2-1-g,hadgem3-gc31-ll,inm-cm4-8,inm-cm5-0,ipsl-cm6a-lr,kace-1-0-g,miroc6,miroc-es2l,mpi-esm1-2-hr,mpi-esm1-2-lr,mri-esm2-0,nesm3,noresm2-lm,noresm2-mm,ukesm1-0-ll",World Bank Climate Change Knowledge Portal (CMIP6-x0.25),,1995-2014,SSP2-4.5,Precipitation
EST,Estonia,785.3968969288388,centre_cell_mask_coslat_area_weighted,pr,ssp245,2040-2059,median,climatology,mm,ensemble of Precipitation,50.0,"access-cm2,access-esm1-5,bcc-csm2-mr,canesm5,cmcc-esm2,cnrm-cm6-1,cnrm-esm2-1,ec-earth3,ec-earth3-veg-lr,fgoals-g3,gfdl-cm4,gfdl-esm4,giss-e2-1-g,hadgem3-gc31-ll,inm-cm4-8,inm-cm5-0,ipsl-cm6a-lr,kace-1-0-g,miroc6,miroc-es2l,mpi-esm1-2-hr,mpi-esm1-2-lr,mri-esm2-0,nesm3,noresm2-lm,noresm2-mm,ukesm1-0-ll",World Bank Climate Change Knowledge Portal (CMIP6-x0.25),,,SSP2-4.5,Precipitation
ETH,Ethiopia,49.78775006778441,centre_cell_mask_coslat_area_weighted,pr,ssp245,2040-2059,median,anomaly,mm,ensemble of anomaly of Precipitation with reference period 1995-2014,50.0,"access-cm2,access-esm1-5,bcc-csm2-mr,canesm5,cmcc-esm2,cnrm-cm6-1,cnrm-esm2-1,ec-earth3,ec-earth3-veg-lr,fgoals-g3,gfdl-cm4,gfdl-esm4,giss-e2-1-g,hadgem3-gc31-ll,inm-cm4-8,inm-cm5-0,ipsl-cm6a-lr,kace-1-0-g,miroc6,miroc-es2l,mpi-esm1-2-hr,mpi-esm1-2-lr,mri-esm2-0,nesm3,noresm2-lm,noresm2-mm,ukesm1-0-ll",World Bank Climate Change Knowledge Portal (CMIP6-x0.25),,1995-2014,SSP2-4.5,Precipitation
ETH,Ethiopia,1110.0517078511084,centre_cell_mask_coslat_area_weighted,pr,ssp245,2040-2059,median,climatology,mm,ensemble of Precipitation,50.0,"access-cm2,access-esm1-5,bcc-csm2-mr,canesm5,cmcc-esm2,cnrm-cm6-1,cnrm-esm2-1,ec-earth3,ec-earth3-veg-lr,fgoals-g3,gfdl-cm4,gfdl-esm4,giss-e2-1-g,hadgem3-gc31-ll,inm-cm4-8,inm-cm5-0,ipsl-cm6a-lr,kace-1-0-g,miroc6,miroc-es2l,mpi-esm1-2-hr,mpi-esm1-2-lr,mri-esm2-0,nesm3,noresm2-lm,noresm2-mm,ukesm1-0-ll",World Bank Climate Change Knowledge Portal (CMIP6-x0.25),,,SSP2-4.5,Precipitation
FIN,Finland,37.163767376581575,centre_cell_mask_coslat_area_weighted,pr,ssp245,2040-2059,median,anomaly,mm,ensemble of anomaly of Precipitation with reference period 1995-2014,50.0,"access-cm2,access-esm1-5,bcc-csm2-mr,canesm5,cmcc-esm2,cnrm-cm6-1,cnrm-esm2-1,ec-earth3,ec-earth3-veg-lr,fgoals-g3,gfdl-cm4,gfdl-esm4,giss-e2-1-g,hadgem3-gc31-ll,inm-cm4-8,inm-cm5-0,ipsl-cm6a-lr,kace-1-0-g,miroc6,miroc-es2l,mpi-esm1-2-hr,mpi-esm1-2-lr,mri-esm2-0,nesm3,noresm2-lm,noresm2-mm,ukesm1-0-ll",World Bank Climate Change Knowledge Portal (CMIP6-x0.25),,1995-2014,SSP2-4.5,Precipitation
FIN,Finland,745.892613639971,centre_cell_mask_coslat_area_weighted,pr,ssp245,2040-2059,median,climatology,mm,ensemble of Precipitation,50.0,"access-cm2,access-esm1-5,bcc-csm2-mr,canesm5,cmcc-esm2,cnrm-cm6-1,cnrm-esm2-1,ec-earth3,ec-earth3-veg-lr,fgoals-g3,gfdl-cm4,gfdl-esm4,giss-e2-1-g,hadgem3-gc31-ll,inm-cm4-8,inm-cm5-0,ipsl-cm6a-lr,kace-1-0-g,miroc6,miroc-es2l,mpi-esm1-2-hr,mpi-esm1-2-lr,mri-esm2-0,nesm3,noresm2-lm,noresm2-mm,ukesm1-0-ll",World Bank Climate Change Knowledge Portal (CMIP6-x0.25),,,SSP2-4.5,Precipitation
FJI,Fiji,-21.42127931684533,centre_cell_mask_coslat_area_weighted,pr,ssp245,2040-2059,median,anomaly,mm,ensemble of anomaly of Precipitation with reference period 1995-2014,50.0,"access-cm2,access-esm1-5,bcc-csm2-mr,canesm5,cmcc-esm2,cnrm-cm6-1,cnrm-esm2-1,ec-earth3,ec-earth3-veg-lr,fgoals-g3,gfdl-cm4,gfdl-esm4,giss-e2-1-g,hadgem3-gc31-ll,inm-cm4-8,inm-cm5-0,ipsl-cm6a-lr,kace-1-0-g,miroc6,miroc-es2l,mpi-esm1-2-hr,mpi-esm1-2-lr,mri-esm2-0,nesm3,noresm2-lm,noresm2-mm,ukesm1-0-ll",World Bank Climate Change Knowledge Portal (CMIP6-x0.25),,1995-2014,SSP2-4.5,Precipitation
FJI,Fiji,2257.231496892493,centre_cell_mask_coslat_area_weighted,pr,ssp245,2040-2059,median,climatology,mm,ensemble of Precipitation,50.0,"access-cm2,access-esm1-5,bcc-csm2-mr,canesm5,cmcc-esm2,cnrm-cm6-1,cnrm-esm2-1,ec-earth3,ec-earth3-veg-lr,fgoals-g3,gfdl-cm4,gfdl-esm4,giss-e2-1-g,hadgem3-gc31-ll,inm-cm4-8,inm-cm5-0,ipsl-cm6a-lr,kace-1-0-g,miroc6,miroc-es2l,mpi-esm1-2-hr,mpi-esm1-2-lr,mri-esm2-0,nesm3,noresm2-lm,noresm2-mm,ukesm1-0-ll",World Bank Climate Change Knowledge Portal (CMIP6-x0.25),,,SSP2-4.5,Precipitation
FRA,France,-27.272339248473315,centre_cell_mask_coslat_area_weighted,pr,ssp245,2040-2059,median,anomaly,mm,ensemble of anomaly of Precipitation with reference period 1995-2014,50.0,"access-cm2,access-esm1-5,bcc-csm2-mr,canesm5,cmcc-esm2,cnrm-cm6-1,cnrm-esm2-1,ec-earth3,ec-earth3-veg-lr,fgoals-g3,gfdl-cm4,gfdl-esm4,giss-e2-1-g,hadgem3-gc31-ll,inm-cm4-8,inm-cm5-0,ipsl-cm6a-lr,kace-1-0-g,miroc6,miroc-es2l,mpi-esm1-2-hr,mpi-esm1-2-lr,mri-esm2-0,nesm3,noresm2-lm,noresm2-mm,ukesm1-0-ll",World Bank Climate Change Knowledge Portal (CMIP6-x0.25),,1995-2014,SSP2-4.5,Precipitation
FRA,France,947.0411897202872,centre_cell_mask_coslat_area_weighted,pr,ssp245,2040-2059,median,climatology,mm,ensemble of Precipitation,50.0,"access-cm2,access-esm1-5,bcc-csm2-mr,canesm5,cmcc-esm2,cnrm-cm6-1,cnrm-esm2-1,ec-earth3,ec-earth3-veg-lr,fgoals-g3,gfdl-cm4,gfdl-esm4,giss-e2-1-g,hadgem3-gc31-ll,inm-cm4-8,inm-cm5-0,ipsl-cm6a-lr,kace-1-0-g,miroc6,miroc-es2l,mpi-esm1-2-hr,mpi-esm1-2-lr,mri-esm2-0,nesm3,noresm2-lm,noresm2-mm,ukesm1-0-ll",World Bank Climate Change Knowledge Portal (CMIP6-x0.25),,,SSP2-4.5,Precipitation
FRO,Faroe Islands (Den.),34.609500885009766,centre_cell_mask_coslat_area_weighted,pr,ssp245,2040-2059,median,anomaly,mm,ensemble of anomaly of Precipitation with reference period 1995-2014,50.0,"access-cm2,access-esm1-5,bcc-csm2-mr,canesm5,cmcc-esm2,cnrm-cm6-1,cnrm-esm2-1,ec-earth3,ec-earth3-veg-lr,fgoals-g3,gfdl-cm4,gfdl-esm4,giss-e2-1-g,hadgem3-gc31-ll,inm-cm4-8,inm-cm5-0,ipsl-cm6a-lr,kace-1-0-g,miroc6,miroc-es2l,mpi-esm1-2-hr,mpi-esm1-2-lr,mri-esm2-0,nesm3,noresm2-lm,noresm2-mm,ukesm1-0-ll",World Bank Climate Change Knowledge Portal (CMIP6-x0.25),,1995-2014,SSP2-4.5,Precipitation
FRO,Faroe Islands (Den.),1094.1444702148438,centre_cell_mask_coslat_area_weighted,pr,ssp245,2040-2059,median,climatology,mm,ensemble of Precipitation,50.0,"access-cm2,access-esm1-5,bcc-csm2-mr,canesm5,cmcc-esm2,cnrm-cm6-1,cnrm-esm2-1,ec-earth3,ec-earth3-veg-lr,fgoals-g3,gfdl-cm4,gfdl-esm4,giss-e2-1-g,hadgem3-gc31-ll,inm-cm4-8,inm-cm5-0,ipsl-cm6a-lr,kace-1-0-g,miroc6,miroc-es2l,mpi-esm1-2-hr,mpi-esm1-2-lr,mri-esm2-0,nesm3,noresm2-lm,noresm2-mm,ukesm1-0-ll",World Bank Climate Change Knowledge Portal (CMIP6-x0.25),,,SSP2-4.5,Precipitation
FSM,Federated States of Micronesia,98.60299682617188,centre_cell_mask_coslat_area_weighted,pr,ssp245,2040-2059,median,anomaly,mm,ensemble of anomaly of Precipitation with reference period 1995-2014,50.0,"access-cm2,access-esm1-5,bcc-csm2-mr,canesm5,cmcc-esm2,cnrm-cm6-1,cnrm-esm2-1,ec-earth3,ec-earth3-veg-lr,fgoals-g3,gfdl-cm4,gfdl-esm4,giss-e2-1-g,hadgem3-gc31-ll,inm-cm4-8,inm-cm5-0,ipsl-cm6a-lr,kace-1-0-g,miroc6,miroc-es2l,mpi-esm1-2-hr,mpi-esm1-2-lr,mri-esm2-0,nesm3,noresm2-lm,noresm2-mm,ukesm1-0-ll",World Bank Climate Change Knowledge Portal (CMIP6-x0.25),,1995-2014,SSP2-4.5,Precipitation
FSM,Federated States of Micronesia,3345.64990234375,centre_cell_mask_coslat_area_weighted,pr,ssp245,2040-2059,median,climatology,mm,ensemble of Precipitation,50.0,"access-cm2,access-esm1-5,bcc-csm2-mr,canesm5,cmcc-esm2,cnrm-cm6-1,cnrm-esm2-1,ec-earth3,ec-earth3-veg-lr,fgoals-g3,gfdl-cm4,gfdl-esm4,giss-e2-1-g,hadgem3-gc31-ll,inm-cm4-8,inm-cm5-0,ipsl-cm6a-lr,kace-1-0-g,miroc6,miroc-es2l,mpi-esm1-2-hr,mpi-esm1-2-lr,mri-esm2-0,nesm3,noresm2-lm,noresm2-mm,ukesm1-0-ll",World Bank Climate Change Knowledge Portal (CMIP6-x0.25),,,SSP2-4.5,Precipitation
GAB,Gabon,57.28823339392132,centre_cell_mask_coslat_area_weighted,pr,ssp245,2040-2059,median,anomaly,mm,ensemble of anomaly of Precipitation with reference period 1995-2014,50.0,"access-cm2,access-esm1-5,bcc-csm2-mr,canesm5,cmcc-esm2,cnrm-cm6-1,cnrm-esm2-1,ec-earth3,ec-earth3-veg-lr,fgoals-g3,gfdl-cm4,gfdl-esm4,giss-e2-1-g,hadgem3-gc31-ll,inm-cm4-8,inm-cm5-0,ipsl-cm6a-lr,kace-1-0-g,miroc6,miroc-es2l,mpi-esm1-2-hr,mpi-esm1-2-lr,mri-esm2-0,nesm3,noresm2-lm,noresm2-mm,ukesm1-0-ll",World Bank Climate Change Knowledge Portal (CMIP6-x0.25),,1995-2014,SSP2-4.5,Precipitation
GAB,Gabon,2146.534665564337,centre_cell_mask_coslat_area_weighted,pr,ssp245,2040-2059,median,climatology,mm,ensemble of Precipitation,50.0,"access-cm2,access-esm1-5,bcc-csm2-mr,canesm5,cmcc-esm2,cnrm-cm6-1,cnrm-esm2-1,ec-earth3,ec-earth3-veg-lr,fgoals-g3,gfdl-cm4,gfdl-esm4,giss-e2-1-g,hadgem3-gc31-ll,inm-cm4-8,inm-cm5-0,ipsl-cm6a-lr,kace-1-0-g,miroc6,miroc-es2l,mpi-esm1-2-hr,mpi-esm1-2-lr,mri-esm2-0,nesm3,noresm2-lm,noresm2-mm,ukesm1-0-ll",World Bank Climate Change Knowledge Portal (CMIP6-x0.25),,,SSP2-4.5,Precipitation
GBR,Sovereign Base Areas of Akrotiri and Dhekelia (U.K.),0.9681703966665262,centre_cell_mask_coslat_area_weighted,pr,ssp245,2040-2059,median,anomaly,mm,ensemble of anomaly of Precipitation with reference period 1995-2014,50.0,"access-cm2,access-esm1-5,bcc-csm2-mr,canesm5,cmcc-esm2,cnrm-cm6-1,cnrm-esm2-1,ec-earth3,ec-earth3-veg-lr,fgoals-g3,gfdl-cm4,gfdl-esm4,giss-e2-1-g,hadgem3-gc31-ll,inm-cm4-8,inm-cm5-0,ipsl-cm6a-lr,kace-1-0-g,miroc6,miroc-es2l,mpi-esm1-2-hr,mpi-esm1-2-lr,mri-esm2-0,nesm3,noresm2-lm,noresm2-mm,ukesm1-0-ll",World Bank Climate Change Knowledge Portal (CMIP6-x0.25),,1995-2014,SSP2-4.5,Precipitation
GBR,Sovereign Base Areas of Akrotiri and Dhekelia (U.K.),1019.7677489265894,centre_cell_mask_coslat_area_weighted,pr,ssp245,2040-2059,median,climatology,mm,ensemble of Precipitation,50.0,"access-cm2,access-esm1-5,bcc-csm2-mr,canesm5,cmcc-esm2,cnrm-cm6-1,cnrm-esm2-1,ec-earth3,ec-earth3-veg-lr,fgoals-g3,gfdl-cm4,gfdl-esm4,giss-e2-1-g,hadgem3-gc31-ll,inm-cm4-8,inm-cm5-0,ipsl-cm6a-lr,kace-1-0-g,miroc6,miroc-es2l,mpi-esm1-2-hr,mpi-esm1-2-lr,mri-esm2-0,nesm3,noresm2-lm,noresm2-mm,ukesm1-0-ll",World Bank Climate Change Knowledge Portal (CMIP6-x0.25),,,SSP2-4.5,Precipitation
GEO,Georgia,-4.842040255686425,centre_cell_mask_coslat_area_weighted,pr,ssp245,2040-2059,median,anomaly,mm,ensemble of anomaly of Precipitation with reference period 1995-2014,50.0,"access-cm2,access-esm1-5,bcc-csm2-mr,canesm5,cmcc-esm2,cnrm-cm6-1,cnrm-esm2-1,ec-earth3,ec-earth3-veg-lr,fgoals-g3,gfdl-cm4,gfdl-esm4,giss-e2-1-g,hadgem3-gc31-ll,inm-cm4-8,inm-cm5-0,ipsl-cm6a-lr,kace-1-0-g,miroc6,miroc-es2l,mpi-esm1-2-hr,mpi-esm1-2-lr,mri-esm2-0,nesm3,noresm2-lm,noresm2-mm,ukesm1-0-ll",World Bank Climate Change Knowledge Portal (CMIP6-x0.25),,1995-2014,SSP2-4.5,Precipitation
GEO,Georgia,1318.7528908293882,centre_cell_mask_coslat_area_weighted,pr,ssp245,2040-2059,median,climatology,mm,ensemble of Precipitation,50.0,"access-cm2,access-esm1-5,bcc-csm2-mr,canesm5,cmcc-esm2,cnrm-cm6-1,cnrm-esm2-1,ec-earth3,ec-earth3-veg-lr,fgoals-g3,gfdl-cm4,gfdl-esm4,giss-e2-1-g,hadgem3-gc31-ll,inm-cm4-8,inm-cm5-0,ipsl-cm6a-lr,kace-1-0-g,miroc6,miroc-es2l,mpi-esm1-2-hr,mpi-esm1-2-lr,mri-esm2-0,nesm3,noresm2-lm,noresm2-mm,ukesm1-0-ll",World Bank Climate Change Knowledge Portal (CMIP6-x0.25),,,SSP2-4.5,Precipitation
GGY,Guernsey (U.K.),1.2728367119010802,fractional_overlap_equal_area,pr,ssp245,2040-2059,median,anomaly,mm,ensemble of anomaly of Precipitation with reference period 1995-2014,50.0,"access-cm2,access-esm1-5,bcc-csm2-mr,canesm5,cmcc-esm2,cnrm-cm6-1,cnrm-esm2-1,ec-earth3,ec-earth3-veg-lr,fgoals-g3,gfdl-cm4,gfdl-esm4,giss-e2-1-g,hadgem3-gc31-ll,inm-cm4-8,inm-cm5-0,ipsl-cm6a-lr,kace-1-0-g,miroc6,miroc-es2l,mpi-esm1-2-hr,mpi-esm1-2-lr,mri-esm2-0,nesm3,noresm2-lm,noresm2-mm,ukesm1-0-ll",World Bank Climate Change Knowledge Portal (CMIP6-x0.25),,1995-2014,SSP2-4.5,Precipitation
GGY,Guernsey (U.K.),919.8822511574701,fractional_overlap_equal_area,pr,ssp245,2040-2059,median,climatology,mm,ensemble of Precipitation,50.0,"access-cm2,access-esm1-5,bcc-csm2-mr,canesm5,cmcc-esm2,cnrm-cm6-1,cnrm-esm2-1,ec-earth3,ec-earth3-veg-lr,fgoals-g3,gfdl-cm4,gfdl-esm4,giss-e2-1-g,hadgem3-gc31-ll,inm-cm4-8,inm-cm5-0,ipsl-cm6a-lr,kace-1-0-g,miroc6,miroc-es2l,mpi-esm1-2-hr,mpi-esm1-2-lr,mri-esm2-0,nesm3,noresm2-lm,noresm2-mm,ukesm1-0-ll",World Bank Climate Change Knowledge Portal (CMIP6-x0.25),,,SSP2-4.5,Precipitation
GHA,Ghana,14.128851140790465,centre_cell_mask_coslat_area_weighted,pr,ssp245,2040-2059,median,anomaly,mm,ensemble of anomaly of Precipitation with reference period 1995-2014,50.0,"access-cm2,access-esm1-5,bcc-csm2-mr,canesm5,cmcc-esm2,cnrm-cm6-1,cnrm-esm2-1,ec-earth3,ec-earth3-veg-lr,fgoals-g3,gfdl-cm4,gfdl-esm4,giss-e2-1-g,hadgem3-gc31-ll,inm-cm4-8,inm-cm5-0,ipsl-cm6a-lr,kace-1-0-g,miroc6,miroc-es2l,mpi-esm1-2-hr,mpi-esm1-2-lr,mri-esm2-0,nesm3,noresm2-lm,noresm2-mm,ukesm1-0-ll",World Bank Climate Change Knowledge Portal (CMIP6-x0.25),,1995-2014,SSP2-4.5,Precipitation
GHA,Ghana,1210.0713209184332,centre_cell_mask_coslat_area_weighted,pr,ssp245,2040-2059,median,climatology,mm,ensemble of Precipitation,50.0,"access-cm2,access-esm1-5,bcc-csm2-mr,canesm5,cmcc-esm2,cnrm-cm6-1,cnrm-esm2-1,ec-earth3,ec-earth3-veg-lr,fgoals-g3,gfdl-cm4,gfdl-esm4,giss-e2-1-g,hadgem3-gc31-ll,inm-cm4-8,inm-cm5-0,ipsl-cm6a-lr,kace-1-0-g,miroc6,miroc-es2l,mpi-esm1-2-hr,mpi-esm1-2-lr,mri-esm2-0,nesm3,noresm2-lm,noresm2-mm,ukesm1-0-ll",World Bank Climate Change Knowledge Portal (CMIP6-x0.25),,,SSP2-4.5,Precipitation
GIB,Gibraltar,-82.12221146727899,fractional_overlap_equal_area,pr,ssp245,2040-2059,median,anomaly,mm,ensemble of anomaly of Precipitation with reference period 1995-2014,50.0,"access-cm2,access-esm1-5,bcc-csm2-mr,canesm5,cmcc-esm2,cnrm-cm6-1,cnrm-esm2-1,ec-earth3,ec-earth3-veg-lr,fgoals-g3,gfdl-cm4,gfdl-esm4,giss-e2-1-g,hadgem3-gc31-ll,inm-cm4-8,inm-cm5-0,ipsl-cm6a-lr,kace-1-0-g,miroc6,miroc-es2l,mpi-esm1-2-hr,mpi-esm1-2-lr,mri-esm2-0,nesm3,noresm2-lm,noresm2-mm,ukesm1-0-ll",World Bank Climate Change Knowledge Portal (CMIP6-x0.25),,1995-2014,SSP2-4.5,Precipitation
GIB,Gibraltar,659.326478763416,fractional_overlap_equal_area,pr,ssp245,2040-2059,median,climatology,mm,ensemble of Precipitation,50.0,"access-cm2,access-esm1-5,bcc-csm2-mr,canesm5,cmcc-esm2,cnrm-cm6-1,cnrm-esm2-1,ec-earth3,ec-earth3-veg-lr,fgoals-g3,gfdl-cm4,gfdl-esm4,giss-e2-1-g,hadgem3-gc31-ll,inm-cm4-8,inm-cm5-0,ipsl-cm6a-lr,kace-1-0-g,miroc6,miroc-es2l,mpi-esm1-2-hr,mpi-esm1-2-lr,mri-esm2-0,nesm3,noresm2-lm,noresm2-mm,ukesm1-0-ll",World Bank Climate Change Knowledge Portal (CMIP6-x0.25),,,SSP2-4.5,Precipitation
GIN,Guinea,17.20269533498058,centre_cell_mask_coslat_area_weighted,pr,ssp245,2040-2059,median,anomaly,mm,ensemble of anomaly of Precipitation with reference period 1995-2014,50.0,"access-cm2,access-esm1-5,bcc-csm2-mr,canesm5,cmcc-esm2,cnrm-cm6-1,cnrm-esm2-1,ec-earth3,ec-earth3-veg-lr,fgoals-g3,gfdl-cm4,gfdl-esm4,giss-e2-1-g,hadgem3-gc31-ll,inm-cm4-8,inm-cm5-0,ipsl-cm6a-lr,kace-1-0-g,miroc6,miroc-es2l,mpi-esm1-2-hr,mpi-esm1-2-lr,mri-esm2-0,nesm3,noresm2-lm,noresm2-mm,ukesm1-0-ll",World Bank Climate Change Knowledge Portal (CMIP6-x0.25),,1995-2014,SSP2-4.5,Precipitation
GIN,Guinea,1834.5129417322767,centre_cell_mask_coslat_area_weighted,pr,ssp245,2040-2059,median,climatology,mm,ensemble of Precipitation,50.0,"access-cm2,access-esm1-5,bcc-csm2-mr,canesm5,cmcc-esm2,cnrm-cm6-1,cnrm-esm2-1,ec-earth3,ec-earth3-veg-lr,fgoals-g3,gfdl-cm4,gfdl-esm4,giss-e2-1-g,hadgem3-gc31-ll,inm-cm4-8,inm-cm5-0,ipsl-cm6a-lr,kace-1-0-g,miroc6,miroc-es2l,mpi-esm1-2-hr,mpi-esm1-2-lr,mri-esm2-0,nesm3,noresm2-lm,noresm2-mm,ukesm1-0-ll",World Bank Climate Change Knowledge Portal (CMIP6-x0.25),,,SSP2-4.5,Precipitation
GLP,France,-37.345499992370605,centre_cell_mask_coslat_area_weighted,pr,ssp245,2040-2059,median,anomaly,mm,ensemble of anomaly of Precipitation with reference period 1995-2014,50.0,"access-cm2,access-esm1-5,bcc-csm2-mr,canesm5,cmcc-esm2,cnrm-cm6-1,cnrm-esm2-1,ec-earth3,ec-earth3-veg-lr,fgoals-g3,gfdl-cm4,gfdl-esm4,giss-e2-1-g,hadgem3-gc31-ll,inm-cm4-8,inm-cm5-0,ipsl-cm6a-lr,kace-1-0-g,miroc6,miroc-es2l,mpi-esm1-2-hr,mpi-esm1-2-lr,mri-esm2-0,nesm3,noresm2-lm,noresm2-mm,ukesm1-0-ll",World Bank Climate Change Knowledge Portal (CMIP6-x0.25),,1995-2014,SSP2-4.5,Precipitation
GLP,France,913.5145263671874,centre_cell_mask_coslat_area_weighted,pr,ssp245,2040-2059,median,climatology,mm,ensemble of Precipitation,50.0,"access-cm2,access-esm1-5,bcc-csm2-mr,canesm5,cmcc-esm2,cnrm-cm6-1,cnrm-esm2-1,ec-earth3,ec-earth3-veg-lr,fgoals-g3,gfdl-cm4,gfdl-esm4,giss-e2-1-g,hadgem3-gc31-ll,inm-cm4-8,inm-cm5-0,ipsl-cm6a-lr,kace-1-0-g,miroc6,miroc-es2l,mpi-esm1-2-hr,mpi-esm1-2-lr,mri-esm2-0,nesm3,noresm2-lm,noresm2-mm,ukesm1-0-ll",World Bank Climate Change Knowledge Portal (CMIP6-x0.25),,,SSP2-4.5,Precipitation
GMB,The Gambia,-0.07714498328665083,centre_cell_mask_coslat_area_weighted,pr,ssp245,2040-2059,median,anomaly,mm,ensemble of anomaly of Precipitation with reference period 1995-2014,50.0,"access-cm2,access-esm1-5,bcc-csm2-mr,canesm5,cmcc-esm2,cnrm-cm6-1,cnrm-esm2-1,ec-earth3,ec-earth3-veg-lr,fgoals-g3,gfdl-cm4,gfdl-esm4,giss-e2-1-g,hadgem3-gc31-ll,inm-cm4-8,inm-cm5-0,ipsl-cm6a-lr,kace-1-0-g,miroc6,miroc-es2l,mpi-esm1-2-hr,mpi-esm1-2-lr,mri-esm2-0,nesm3,noresm2-lm,noresm2-mm,ukesm1-0-ll",World Bank Climate Change Knowledge Portal (CMIP6-x0.25),,1995-2014,SSP2-4.5,Precipitation
GMB,The Gambia,797.9474159827049,centre_cell_mask_coslat_area_weighted,pr,ssp245,2040-2059,median,climatology,mm,ensemble of Precipitation,50.0,"access-cm2,access-esm1-5,bcc-csm2-mr,canesm5,cmcc-esm2,cnrm-cm6-1,cnrm-esm2-1,ec-earth3,ec-earth3-veg-lr,fgoals-g3,gfdl-cm4,gfdl-esm4,giss-e2-1-g,hadgem3-gc31-ll,inm-cm4-8,inm-cm5-0,ipsl-cm6a-lr,kace-1-0-g,miroc6,miroc-es2l,mpi-esm1-2-hr,mpi-esm1-2-lr,mri-esm2-0,nesm3,noresm2-lm,noresm2-mm,ukesm1-0-ll",World Bank Climate Change Knowledge Portal (CMIP6-x0.25),,,SSP2-4.5,Precipitation
GNB,Guinea-Bissau,15.13102658098522,centre_cell_mask_coslat_area_weighted,pr,ssp245,2040-2059,median,anomaly,mm,ensemble of anomaly of Precipitation with reference period 1995-2014,50.0,"access-cm2,access-esm1-5,bcc-csm2-mr,canesm5,cmcc-esm2,cnrm-cm6-1,cnrm-esm2-1,ec-earth3,ec-earth3-veg-lr,fgoals-g3,gfdl-cm4,gfdl-esm4,giss-e2-1-g,hadgem3-gc31-ll,inm-cm4-8,inm-cm5-0,ipsl-cm6a-lr,kace-1-0-g,miroc6,miroc-es2l,mpi-esm1-2-hr,mpi-esm1-2-lr,mri-esm2-0,nesm3,noresm2-lm,noresm2-mm,ukesm1-0-ll",World Bank Climate Change Knowledge Portal (CMIP6-x0.25),,1995-2014,SSP2-4.5,Precipitation
GNB,Guinea-Bissau,1390.715138089178,centre_cell_mask_coslat_area_weighted,pr,ssp245,2040-2059,median,climatology,mm,ensemble of Precipitation,50.0,"access-cm2,access-esm1-5,bcc-csm2-mr,canesm5,cmcc-esm2,cnrm-cm6-1,cnrm-esm2-1,ec-earth3,ec-earth3-veg-lr,fgoals-g3,gfdl-cm4,gfdl-esm4,giss-e2-1-g,hadgem3-gc31-ll,inm-cm4-8,inm-cm5-0,ipsl-cm6a-lr,kace-1-0-g,miroc6,miroc-es2l,mpi-esm1-2-hr,mpi-esm1-2-lr,mri-esm2-0,nesm3,noresm2-lm,noresm2-mm,ukesm1-0-ll",World Bank Climate Change Knowledge Portal (CMIP6-x0.25),,,SSP2-4.5,Precipitation
GNQ,Equatorial Guinea,79.30165138315242,centre_cell_mask_coslat_area_weighted,pr,ssp245,2040-2059,median,anomaly,mm,ensemble of anomaly of Precipitation with reference period 1995-2014,50.0,"access-cm2,access-esm1-5,bcc-csm2-mr,canesm5,cmcc-esm2,cnrm-cm6-1,cnrm-esm2-1,ec-earth3,ec-earth3-veg-lr,fgoals-g3,gfdl-cm4,gfdl-esm4,giss-e2-1-g,hadgem3-gc31-ll,inm-cm4-8,inm-cm5-0,ipsl-cm6a-lr,kace-1-0-g,miroc6,miroc-es2l,mpi-esm1-2-hr,mpi-esm1-2-lr,mri-esm2-0,nesm3,noresm2-lm,noresm2-mm,ukesm1-0-ll",World Bank Climate Change Knowledge Portal (CMIP6-x0.25),,1995-2014,SSP2-4.5,Precipitation
GNQ,Equatorial Guinea,3088.4404005832284,centre_cell_mask_coslat_area_weighted,pr,ssp245,2040-2059,median,climatology,mm,ensemble of Precipitation,50.0,"access-cm2,access-esm1-5,bcc-csm2-mr,canesm5,cmcc-esm2,cnrm-cm6-1,cnrm-esm2-1,ec-earth3,ec-earth3-veg-lr,fgoals-g3,gfdl-cm4,gfdl-esm4,giss-e2-1-g,hadgem3-gc31-ll,inm-cm4-8,inm-cm5-0,ipsl-cm6a-lr,kace-1-0-g,miroc6,miroc-es2l,mpi-esm1-2-hr,mpi-esm1-2-lr,mri-esm2-0,nesm3,noresm2-lm,noresm2-mm,ukesm1-0-ll",World Bank Climate Change Knowledge Portal (CMIP6-x0.25),,,SSP2-4.5,Precipitation
GRC,Greece,-41.161578387979546,centre_cell_mask_coslat_area_weighted,pr,ssp245,2040-2059,median,anomaly,mm,ensemble of anomaly of Precipitation with reference period 1995-2014,50.0,"access-cm2,access-esm1-5,bcc-csm2-mr,canesm5,cmcc-esm2,cnrm-cm6-1,cnrm-esm2-1,ec-earth3,ec-earth3-veg-lr,fgoals-g3,gfdl-cm4,gfdl-esm4,giss-e2-1-g,hadgem3-gc31-ll,inm-cm4-8,inm-cm5-0,ipsl-cm6a-lr,kace-1-0-g,miroc6,miroc-es2l,mpi-esm1-2-hr,mpi-esm1-2-lr,mri-esm2-0,nesm3,noresm2-lm,noresm2-mm,ukesm1-0-ll",World Bank Climate Change Knowledge Portal (CMIP6-x0.25),,1995-2014,SSP2-4.5,Precipitation
GRC,Greece,748.2883439859006,centre_cell_mask_coslat_area_weighted,pr,ssp245,2040-2059,median,climatology,mm,ensemble of Precipitation,50.0,"access-cm2,access-esm1-5,bcc-csm2-mr,canesm5,cmcc-esm2,cnrm-cm6-1,cnrm-esm2-1,ec-earth3,ec-earth3-veg-lr,fgoals-g3,gfdl-cm4,gfdl-esm4,giss-e2-1-g,hadgem3-gc31-ll,inm-cm4-8,inm-cm5-0,ipsl-cm6a-lr,kace-1-0-g,miroc6,miroc-es2l,mpi-esm1-2-hr,mpi-esm1-2-lr,mri-esm2-0,nesm3,noresm2-lm,noresm2-mm,ukesm1-0-ll",World Bank Climate Change Knowledge Portal (CMIP6-x0.25),,,SSP2-4.5,Precipitation
GRD,Grenada,-52.85500605076771,fractional_overlap_equal_area,pr,ssp245,2040-2059,median,anomaly,mm,ensemble of anomaly of Precipitation with reference period 1995-2014,50.0,"access-cm2,access-esm1-5,bcc-csm2-mr,canesm5,cmcc-esm2,cnrm-cm6-1,cnrm-esm2-1,ec-earth3,ec-earth3-veg-lr,fgoals-g3,gfdl-cm4,gfdl-esm4,giss-e2-1-g,hadgem3-gc31-ll,inm-cm4-8,inm-cm5-0,ipsl-cm6a-lr,kace-1-0-g,miroc6,miroc-es2l,mpi-esm1-2-hr,mpi-esm1-2-lr,mri-esm2-0,nesm3,noresm2-lm,noresm2-mm,ukesm1-0-ll",World Bank Climate Change Knowledge Portal (CMIP6-x0.25),,1995-2014,SSP2-4.5,Precipitation
GRD,Grenada,1168.3520051113262,fractional_overlap_equal_area,pr,ssp245,2040-2059,median,climatology,mm,ensemble of Precipitation,50.0,"access-cm2,access-esm1-5,bcc-csm2-mr,canesm5,cmcc-esm2,cnrm-cm6-1,cnrm-esm2-1,ec-earth3,ec-earth3-veg-lr,fgoals-g3,gfdl-cm4,gfdl-esm4,giss-e2-1-g,hadgem3-gc31-ll,inm-cm4-8,inm-cm5-0,ipsl-cm6a-lr,kace-1-0-g,miroc6,miroc-es2l,mpi-esm1-2-hr,mpi-esm1-2-lr,mri-esm2-0,nesm3,noresm2-lm,noresm2-mm,ukesm1-0-ll",World Bank Climate Change Knowledge Portal (CMIP6-x0.25),,,SSP2-4.5,Precipitation
GRL,Greenland (Den.),40.669359518726985,centre_cell_mask_coslat_area_weighted,pr,ssp245,2040-2059,median,anomaly,mm,ensemble of anomaly of Precipitation with reference period 1995-2014,50.0,"access-cm2,access-esm1-5,bcc-csm2-mr,canesm5,cmcc-esm2,cnrm-cm6-1,cnrm-esm2-1,ec-earth3,ec-earth3-veg-lr,fgoals-g3,gfdl-cm4,gfdl-esm4,giss-e2-1-g,hadgem3-gc31-ll,inm-cm4-8,inm-cm5-0,ipsl-cm6a-lr,kace-1-0-g,miroc6,miroc-es2l,mpi-esm1-2-hr,mpi-esm1-2-lr,mri-esm2-0,nesm3,noresm2-lm,noresm2-mm,ukesm1-0-ll",World Bank Climate Change Knowledge Portal (CMIP6-x0.25),,1995-2014,SSP2-4.5,Precipitation
GRL,Greenland (Den.),473.1618443330902,centre_cell_mask_coslat_area_weighted,pr,ssp245,2040-2059,median,climatology,mm,ensemble of Precipitation,50.0,"access-cm2,access-esm1-5,bcc-csm2-mr,canesm5,cmcc-esm2,cnrm-cm6-1,cnrm-esm2-1,ec-earth3,ec-earth3-veg-lr,fgoals-g3,gfdl-cm4,gfdl-esm4,giss-e2-1-g,hadgem3-gc31-ll,inm-cm4-8,inm-cm5-0,ipsl-cm6a-lr,kace-1-0-g,miroc6,miroc-es2l,mpi-esm1-2-hr,mpi-esm1-2-lr,mri-esm2-0,nesm3,noresm2-lm,noresm2-mm,ukesm1-0-ll",World Bank Climate Change Knowledge Portal (CMIP6-x0.25),,,SSP2-4.5,Precipitation
GTM,Guatemala,-17.505858485509545,centre_cell_mask_coslat_area_weighted,pr,ssp245,2040-2059,median,anomaly,mm,ensemble of anomaly of Precipitation with reference period 1995-2014,50.0,"access-cm2,access-esm1-5,bcc-csm2-mr,canesm5,cmcc-esm2,cnrm-cm6-1,cnrm-esm2-1,ec-earth3,ec-earth3-veg-lr,fgoals-g3,gfdl-cm4,gfdl-esm4,giss-e2-1-g,hadgem3-gc31-ll,inm-cm4-8,inm-cm5-0,ipsl-cm6a-lr,kace-1-0-g,miroc6,miroc-es2l,mpi-esm1-2-hr,mpi-esm1-2-lr,mri-esm2-0,nesm3,noresm2-lm,noresm2-mm,ukesm1-0-ll",World Bank Climate Change Knowledge Portal (CMIP6-x0.25),,1995-2014,SSP2-4.5,Precipitation
GTM,Guatemala,1825.8837378454612,centre_cell_mask_coslat_area_weighted,pr,ssp245,2040-2059,median,climatology,mm,ensemble of Precipitation,50.0,"access-cm2,access-esm1-5,bcc-csm2-mr,canesm5,cmcc-esm2,cnrm-cm6-1,cnrm-esm2-1,ec-earth3,ec-earth3-veg-lr,fgoals-g3,gfdl-cm4,gfdl-esm4,giss-e2-1-g,hadgem3-gc31-ll,inm-cm4-8,inm-cm5-0,ipsl-cm6a-lr,kace-1-0-g,miroc6,miroc-es2l,mpi-esm1-2-hr,mpi-esm1-2-lr,mri-esm2-0,nesm3,noresm2-lm,noresm2-mm,ukesm1-0-ll",World Bank Climate Change Knowledge Portal (CMIP6-x0.25),,,SSP2-4.5,Precipitation
GUF,France,-97.33078362349265,centre_cell_mask_coslat_area_weighted,pr,ssp245,2040-2059,median,anomaly,mm,ensemble of anomaly of Precipitation with reference period 1995-2014,50.0,"access-cm2,access-esm1-5,bcc-csm2-mr,canesm5,cmcc-esm2,cnrm-cm6-1,cnrm-esm2-1,ec-earth3,ec-earth3-veg-lr,fgoals-g3,gfdl-cm4,gfdl-esm4,giss-e2-1-g,hadgem3-gc31-ll,inm-cm4-8,inm-cm5-0,ipsl-cm6a-lr,kace-1-0-g,miroc6,miroc-es2l,mpi-esm1-2-hr,mpi-esm1-2-lr,mri-esm2-0,nesm3,noresm2-lm,noresm2-mm,ukesm1-0-ll",World Bank Climate Change Knowledge Portal (CMIP6-x0.25),,1995-2014,SSP2-4.5,Precipitation
GUF,France,1756.4922232363663,centre_cell_mask_coslat_area_weighted,pr,ssp245,2040-2059,median,climatology,mm,ensemble of Precipitation,50.0,"access-cm2,access-esm1-5,bcc-csm2-mr,canesm5,cmcc-esm2,cnrm-cm6-1,cnrm-esm2-1,ec-earth3,ec-earth3-veg-lr,fgoals-g3,gfdl-cm4,gfdl-esm4,giss-e2-1-g,hadgem3-gc31-ll,inm-cm4-8,inm-cm5-0,ipsl-cm6a-lr,kace-1-0-g,miroc6,miroc-es2l,mpi-esm1-2-hr,mpi-esm1-2-lr,mri-esm2-0,nesm3,noresm2-lm,noresm2-mm,ukesm1-0-ll",World Bank Climate Change Knowledge Portal (CMIP6-x0.25),,,SSP2-4.5,Precipitation
GUM,Guam (U.S.),20.7198820925079,fractional_overlap_equal_area,pr,ssp245,2040-2059,median,anomaly,mm,ensemble of anomaly of Precipitation with reference period 1995-2014,50.0,"access-cm2,access-esm1-5,bcc-csm2-mr,canesm5,cmcc-esm2,cnrm-cm6-1,cnrm-esm2-1,ec-earth3,ec-earth3-veg-lr,fgoals-g3,gfdl-cm4,gfdl-esm4,giss-e2-1-g,hadgem3-gc31-ll,inm-cm4-8,inm-cm5-0,ipsl-cm6a-lr,kace-1-0-g,miroc6,miroc-es2l,mpi-esm1-2-hr,mpi-esm1-2-lr,mri-esm2-0,nesm3,noresm2-lm,noresm2-mm,ukesm1-0-ll",World Bank Climate Change Knowledge Portal (CMIP6-x0.25),,1995-2014,SSP2-4.5,Precipitation
GUM,Guam (U.S.),2076.9694076930155,fractional_overlap_equal_area,pr,ssp245,2040-2059,median,climatology,mm,ensemble of Precipitation,50.0,"access-cm2,access-esm1-5,bcc-csm2-mr,canesm5,cmcc-esm2,cnrm-cm6-1,cnrm-esm2-1,ec-earth3,ec-earth3-veg-lr,fgoals-g3,gfdl-cm4,gfdl-esm4,giss-e2-1-g,hadgem3-gc31-ll,inm-cm4-8,inm-cm5-0,ipsl-cm6a-lr,kace-1-0-g,miroc6,miroc-es2l,mpi-esm1-2-hr,mpi-esm1-2-lr,mri-esm2-0,nesm3,noresm2-lm,noresm2-mm,ukesm1-0-ll",World Bank Climate Change Knowledge Portal (CMIP6-x0.25),,,SSP2-4.5,Precipitation
GUY,Guyana,-103.40116129081503,centre_cell_mask_coslat_area_weighted,pr,ssp245,2040-2059,median,anomaly,mm,ensemble of anomaly of Precipitation with reference period 1995-2014,50.0,"access-cm2,access-esm1-5,bcc-csm2-mr,canesm5,cmcc-esm2,cnrm-cm6-1,cnrm-esm2-1,ec-earth3,ec-earth3-veg-lr,fgoals-g3,gfdl-cm4,gfdl-esm4,giss-e2-1-g,hadgem3-gc31-ll,inm-cm4-8,inm-cm5-0,ipsl-cm6a-lr,kace-1-0-g,miroc6,miroc-es2l,mpi-esm1-2-hr,mpi-esm1-2-lr,mri-esm2-0,nesm3,noresm2-lm,noresm2-mm,ukesm1-0-ll",World Bank Climate Change Knowledge Portal (CMIP6-x0.25),,1995-2014,SSP2-4.5,Precipitation
GUY,Guyana,1732.2765312365539,centre_cell_mask_coslat_area_weighted,pr,ssp245,2040-2059,median,climatology,mm,ensemble of Precipitation,50.0,"access-cm2,access-esm1-5,bcc-csm2-mr,canesm5,cmcc-esm2,cnrm-cm6-1,cnrm-esm2-1,ec-earth3,ec-earth3-veg-lr,fgoals-g3,gfdl-cm4,gfdl-esm4,giss-e2-1-g,hadgem3-gc31-ll,inm-cm4-8,inm-cm5-0,ipsl-cm6a-lr,kace-1-0-g,miroc6,miroc-es2l,mpi-esm1-2-hr,mpi-esm1-2-lr,mri-esm2-0,nesm3,noresm2-lm,noresm2-mm,ukesm1-0-ll",World Bank Climate Change Knowledge Portal (CMIP6-x0.25),,,SSP2-4.5,Precipitation
HKG,"Hong Kong, SAR",112.98647187217564,centre_cell_mask_coslat_area_weighted,pr,ssp245,2040-2059,median,anomaly,mm,ensemble of anomaly of Precipitation with reference period 1995-2014,50.0,"access-cm2,access-esm1-5,bcc-csm2-mr,canesm5,cmcc-esm2,cnrm-cm6-1,cnrm-esm2-1,ec-earth3,ec-earth3-veg-lr,fgoals-g3,gfdl-cm4,gfdl-esm4,giss-e2-1-g,hadgem3-gc31-ll,inm-cm4-8,inm-cm5-0,ipsl-cm6a-lr,kace-1-0-g,miroc6,miroc-es2l,mpi-esm1-2-hr,mpi-esm1-2-lr,mri-esm2-0,nesm3,noresm2-lm,noresm2-mm,ukesm1-0-ll",World Bank Climate Change Knowledge Portal (CMIP6-x0.25),,1995-2014,SSP2-4.5,Precipitation
HKG,"Hong Kong, SAR",1877.39078113649,centre_cell_mask_coslat_area_weighted,pr,ssp245,2040-2059,median,climatology,mm,ensemble of Precipitation,50.0,"access-cm2,access-esm1-5,bcc-csm2-mr,canesm5,cmcc-esm2,cnrm-cm6-1,cnrm-esm2-1,ec-earth3,ec-earth3-veg-lr,fgoals-g3,gfdl-cm4,gfdl-esm4,giss-e2-1-g,hadgem3-gc31-ll,inm-cm4-8,inm-cm5-0,ipsl-cm6a-lr,kace-1-0-g,miroc6,miroc-es2l,mpi-esm1-2-hr,mpi-esm1-2-lr,mri-esm2-0,nesm3,noresm2-lm,noresm2-mm,ukesm1-0-ll",World Bank Climate Change Knowledge Portal (CMIP6-x0.25),,,SSP2-4.5,Precipitation
HMD,Heard Island and McDonald Islands (Aus.),54.901943715060625,fractional_overlap_equal_area,pr,ssp245,2040-2059,median,anomaly,mm,ensemble of anomaly of Precipitation with reference period 1995-2014,50.0,"access-cm2,access-esm1-5,bcc-csm2-mr,canesm5,cmcc-esm2,cnrm-cm6-1,cnrm-esm2-1,ec-earth3,ec-earth3-veg-lr,fgoals-g3,gfdl-cm4,gfdl-esm4,giss-e2-1-g,hadgem3-gc31-ll,inm-cm4-8,inm-cm5-0,ipsl-cm6a-lr,kace-1-0-g,miroc6,miroc-es2l,mpi-esm1-2-hr,mpi-esm1-2-lr,mri-esm2-0,nesm3,noresm2-lm,noresm2-mm,ukesm1-0-ll",World Bank Climate Change Knowledge Portal (CMIP6-x0.25),,1995-2014,SSP2-4.5,Precipitation
HMD,Heard Island and McDonald Islands (Aus.),1242.800351545512,fractional_overlap_equal_area,pr,ssp245,2040-2059,median,climatology,mm,ensemble of Precipitation,50.0,"access-cm2,access-esm1-5,bcc-csm2-mr,canesm5,cmcc-esm2,cnrm-cm6-1,cnrm-esm2-1,ec-earth3,ec-earth3-veg-lr,fgoals-g3,gfdl-cm4,gfdl-esm4,giss-e2-1-g,hadgem3-gc31-ll,inm-cm4-8,inm-cm5-0,ipsl-cm6a-lr,kace-1-0-g,miroc6,miroc-es2l,mpi-esm1-2-hr,mpi-esm1-2-lr,mri-esm2-0,nesm3,noresm2-lm,noresm2-mm,ukesm1-0-ll",World Bank Climate Change Knowledge Portal (CMIP6-x0.25),,,SSP2-4.5,Precipitation
HND,Honduras,-35.891753257600094,centre_cell_mask_coslat_area_weighted,pr,ssp245,2040-2059,median,anomaly,mm,ensemble of anomaly of Precipitation with reference period 1995-2014,50.0,"access-cm2,access-esm1-5,bcc-csm2-mr,canesm5,cmcc-esm2,cnrm-cm6-1,cnrm-esm2-1,ec-earth3,ec-earth3-veg-lr,fgoals-g3,gfdl-cm4,gfdl-esm4,giss-e2-1-g,hadgem3-gc31-ll,inm-cm4-8,inm-cm5-0,ipsl-cm6a-lr,kace-1-0-g,miroc6,miroc-es2l,mpi-esm1-2-hr,mpi-esm1-2-lr,mri-esm2-0,nesm3,noresm2-lm,noresm2-mm,ukesm1-0-ll",World Bank Climate Change Knowledge Portal (CMIP6-x0.25),,1995-2014,SSP2-4.5,Precipitation
HND,Honduras,1625.2789082928516,centre_cell_mask_coslat_area_weighted,pr,ssp245,2040-2059,median,climatology,mm,ensemble of Precipitation,50.0,"access-cm2,access-esm1-5,bcc-csm2-mr,canesm5,cmcc-esm2,cnrm-cm6-1,cnrm-esm2-1,ec-earth3,ec-earth3-veg-lr,fgoals-g3,gfdl-cm4,gfdl-esm4,giss-e2-1-g,hadgem3-gc31-ll,inm-cm4-8,inm-cm5-0,ipsl-cm6a-lr,kace-1-0-g,miroc6,miroc-es2l,mpi-esm1-2-hr,mpi-esm1-2-lr,mri-esm2-0,nesm3,noresm2-lm,noresm2-mm,ukesm1-0-ll",World Bank Climate Change Knowledge Portal (CMIP6-x0.25),,,SSP2-4.5,Precipitation
HRV,Croatia,-10.352834824620514,centre_cell_mask_coslat_area_weighted,pr,ssp245,2040-2059,median,anomaly,mm,ensemble of anomaly of Precipitation with reference period 1995-2014,50.0,"access-cm2,access-esm1-5,bcc-csm2-mr,canesm5,cmcc-esm2,cnrm-cm6-1,cnrm-esm2-1,ec-earth3,ec-earth3-veg-lr,fgoals-g3,gfdl-cm4,gfdl-esm4,giss-e2-1-g,hadgem3-gc31-ll,inm-cm4-8,inm-cm5-0,ipsl-cm6a-lr,kace-1-0-g,miroc6,miroc-es2l,mpi-esm1-2-hr,mpi-esm1-2-lr,mri-esm2-0,nesm3,noresm2-lm,noresm2-mm,ukesm1-0-ll",World Bank Climate Change Knowledge Portal (CMIP6-x0.25),,1995-2014,SSP2-4.5,Precipitation
HRV,Croatia,1107.802159037115,centre_cell_mask_coslat_area_weighted,pr,ssp245,2040-2059,median,climatology,mm,ensemble of Precipitation,50.0,"access-cm2,access-esm1-5,bcc-csm2-mr,canesm5,cmcc-esm2,cnrm-cm6-1,cnrm-esm2-1,ec-earth3,ec-earth3-veg-lr,fgoals-g3,gfdl-cm4,gfdl-esm4,giss-e2-1-g,hadgem3-gc31-ll,inm-cm4-8,inm-cm5-0,ipsl-cm6a-lr,kace-1-0-g,miroc6,miroc-es2l,mpi-esm1-2-hr,mpi-esm1-2-lr,mri-esm2-0,nesm3,noresm2-lm,noresm2-mm,ukesm1-0-ll",World Bank Climate Change Knowledge Portal (CMIP6-x0.25),,,SSP2-4.5,Precipitation
HTI,Haiti,-1.8882211846365098,centre_cell_mask_coslat_area_weighted,pr,ssp245,2040-2059,median,anomaly,mm,ensemble of anomaly of Precipitation with reference period 1995-2014,50.0,"access-cm2,access-esm1-5,bcc-csm2-mr,canesm5,cmcc-esm2,cnrm-cm6-1,cnrm-esm2-1,ec-earth3,ec-earth3-veg-lr,fgoals-g3,gfdl-cm4,gfdl-esm4,giss-e2-1-g,hadgem3-gc31-ll,inm-cm4-8,inm-cm5-0,ipsl-cm6a-lr,kace-1-0-g,miroc6,miroc-es2l,mpi-esm1-2-hr,mpi-esm1-2-lr,mri-esm2-0,nesm3,noresm2-lm,noresm2-mm,ukesm1-0-ll",World Bank Climate Change Knowledge Portal (CMIP6-x0.25),,1995-2014,SSP2-4.5,Precipitation
HTI,Haiti,953.6114934125607,centre_cell_mask_coslat_area_weighted,pr,ssp245,2040-2059,median,climatology,mm,ensemble of Precipitation,50.0,"access-cm2,access-esm1-5,bcc-csm2-mr,canesm5,cmcc-esm2,cnrm-cm6-1,cnrm-esm2-1,ec-earth3,ec-earth3-veg-lr,fgoals-g3,gfdl-cm4,gfdl-esm4,giss-e2-1-g,hadgem3-gc31-ll,inm-cm4-8,inm-cm5-0,ipsl-cm6a-lr,kace-1-0-g,miroc6,miroc-es2l,mpi-esm1-2-hr,mpi-esm1-2-lr,mri-esm2-0,nesm3,noresm2-lm,noresm2-mm,ukesm1-0-ll",World Bank Climate Change Knowledge Portal (CMIP6-x0.25),,,SSP2-4.5,Precipitation
HUN,Hungary,-2.809844680526375,centre_cell_mask_coslat_area_weighted,pr,ssp245,2040-2059,median,anomaly,mm,ensemble of anomaly of Precipitation with reference period 1995-2014,50.0,"access-cm2,access-esm1-5,bcc-csm2-mr,canesm5,cmcc-esm2,cnrm-cm6-1,cnrm-esm2-1,ec-earth3,ec-earth3-veg-lr,fgoals-g3,gfdl-cm4,gfdl-esm4,giss-e2-1-g,hadgem3-gc31-ll,inm-cm4-8,inm-cm5-0,ipsl-cm6a-lr,kace-1-0-g,miroc6,miroc-es2l,mpi-esm1-2-hr,mpi-esm1-2-lr,mri-esm2-0,nesm3,noresm2-lm,noresm2-mm,ukesm1-0-ll",World Bank Climate Change Knowledge Portal (CMIP6-x0.25),,1995-2014,SSP2-4.5,Precipitation
HUN,Hungary,689.8462827234067,centre_cell_mask_coslat_area_weighted,pr,ssp245,2040-2059,median,climatology,mm,ensemble of Precipitation,50.0,"access-cm2,access-esm1-5,bcc-csm2-mr,canesm5,cmcc-esm2,cnrm-cm6-1,cnrm-esm2-1,ec-earth3,ec-earth3-veg-lr,fgoals-g3,gfdl-cm4,gfdl-esm4,giss-e2-1-g,hadgem3-gc31-ll,inm-cm4-8,inm-cm5-0,ipsl-cm6a-lr,kace-1-0-g,miroc6,miroc-es2l,mpi-esm1-2-hr,mpi-esm1-2-lr,mri-esm2-0,nesm3,noresm2-lm,noresm2-mm,ukesm1-0-ll",World Bank Climate Change Knowledge Portal (CMIP6-x0.25),,,SSP2-4.5,Precipitation
IDN,Indonesia,69.25236810130377,centre_cell_mask_coslat_area_weighted,pr,ssp245,2040-2059,median,anomaly,mm,ensemble of anomaly of Precipitation with reference period 1995-2014,50.0,"access-cm2,access-esm1-5,bcc-csm2-mr,canesm5,cmcc-esm2,cnrm-cm6-1,cnrm-esm2-1,ec-earth3,ec-earth3-veg-lr,fgoals-g3,gfdl-cm4,gfdl-esm4,giss-e2-1-g,hadgem3-gc31-ll,inm-cm4-8,inm-cm5-0,ipsl-cm6a-lr,kace-1-0-g,miroc6,miroc-es2l,mpi-esm1-2-hr,mpi-esm1-2-lr,mri-esm2-0,nesm3,noresm2-lm,noresm2-mm,ukesm1-0-ll",World Bank Climate Change Knowledge Portal (CMIP6-x0.25),,1995-2014,SSP2-4.5,Precipitation
IDN,Indonesia,3168.885831491714,centre_cell_mask_coslat_area_weighted,pr,ssp245,2040-2059,median,climatology,mm,ensemble of Precipitation,50.0,"access-cm2,access-esm1-5,bcc-csm2-mr,canesm5,cmcc-esm2,cnrm-cm6-1,cnrm-esm2-1,ec-earth3,ec-earth3-veg-lr,fgoals-g3,gfdl-cm4,gfdl-esm4,giss-e2-1-g,hadgem3-gc31-ll,inm-cm4-8,inm-cm5-0,ipsl-cm6a-lr,kace-1-0-g,miroc6,miroc-es2l,mpi-esm1-2-hr,mpi-esm1-2-lr,mri-esm2-0,nesm3,noresm2-lm,noresm2-mm,ukesm1-0-ll",World Bank Climate Change Knowledge Portal (CMIP6-x0.25),,,SSP2-4.5,Precipitation
IMN,Isle of Man (U.K.),7.4079999923706055,centre_cell_mask_coslat_area_weighted,pr,ssp245,2040-2059,median,anomaly,mm,ensemble of anomaly of Precipitation with reference period 1995-2014,50.0,"access-cm2,access-esm1-5,bcc-csm2-mr,canesm5,cmcc-esm2,cnrm-cm6-1,cnrm-esm2-1,ec-earth3,ec-earth3-veg-lr,fgoals-g3,gfdl-cm4,gfdl-esm4,giss-e2-1-g,hadgem3-gc31-ll,inm-cm4-8,inm-cm5-0,ipsl-cm6a-lr,kace-1-0-g,miroc6,miroc-es2l,mpi-esm1-2-hr,mpi-esm1-2-lr,mri-esm2-0,nesm3,noresm2-lm,noresm2-mm,ukesm1-0-ll",World Bank Climate Change Knowledge Portal (CMIP6-x0.25),,1995-2014,SSP2-4.5,Precipitation
IMN,Isle of Man (U.K.),1083.27294921875,centre_cell_mask_coslat_area_weighted,pr,ssp245,2040-2059,median,climatology,mm,ensemble of Precipitation,50.0,"access-cm2,access-esm1-5,bcc-csm2-mr,canesm5,cmcc-esm2,cnrm-cm6-1,cnrm-esm2-1,ec-earth3,ec-earth3-veg-lr,fgoals-g3,gfdl-cm4,gfdl-esm4,giss-e2-1-g,hadgem3-gc31-ll,inm-cm4-8,inm-cm5-0,ipsl-cm6a-lr,kace-1-0-g,miroc6,miroc-es2l,mpi-esm1-2-hr,mpi-esm1-2-lr,mri-esm2-0,nesm3,noresm2-lm,noresm2-mm,ukesm1-0-ll",World Bank Climate Change Knowledge Portal (CMIP6-x0.25),,,SSP2-4.5,Precipitation
IND,India,82.829473453517,centre_cell_mask_coslat_area_weighted,pr,ssp245,2040-2059,median,anomaly,mm,ensemble of anomaly of Precipitation with reference period 1995-2014,50.0,"access-cm2,access-esm1-5,bcc-csm2-mr,canesm5,cmcc-esm2,cnrm-cm6-1,cnrm-esm2-1,ec-earth3,ec-earth3-veg-lr,fgoals-g3,gfdl-cm4,gfdl-esm4,giss-e2-1-g,hadgem3-gc31-ll,inm-cm4-8,inm-cm5-0,ipsl-cm6a-lr,kace-1-0-g,miroc6,miroc-es2l,mpi-esm1-2-hr,mpi-esm1-2-lr,mri-esm2-0,nesm3,noresm2-lm,noresm2-mm,ukesm1-0-ll",World Bank Climate Change Knowledge Portal (CMIP6-x0.25),,1995-2014,SSP2-4.5,Precipitation
IND,India,1272.5740960849962,centre_cell_mask_coslat_area_weighted,pr,ssp245,2040-2059,median,climatology,mm,ensemble of Precipitation,50.0,"access-cm2,access-esm1-5,bcc-csm2-mr,canesm5,cmcc-esm2,cnrm-cm6-1,cnrm-esm2-1,ec-earth3,ec-earth3-veg-lr,fgoals-g3,gfdl-cm4,gfdl-esm4,giss-e2-1-g,hadgem3-gc31-ll,inm-cm4-8,inm-cm5-0,ipsl-cm6a-lr,kace-1-0-g,miroc6,miroc-es2l,mpi-esm1-2-hr,mpi-esm1-2-lr,mri-esm2-0,nesm3,noresm2-lm,noresm2-mm,ukesm1-0-ll",World Bank Climate Change Knowledge Portal (CMIP6-x0.25),,,SSP2-4.5,Precipitation
IRL,Ireland,-1.4547547710277409,centre_cell_mask_coslat_area_weighted,pr,ssp245,2040-2059,median,anomaly,mm,ensemble of anomaly of Precipitation with reference period 1995-2014,50.0,"access-cm2,access-esm1-5,bcc-csm2-mr,canesm5,cmcc-esm2,cnrm-cm6-1,cnrm-esm2-1,ec-earth3,ec-earth3-veg-lr,fgoals-g3,gfdl-cm4,gfdl-esm4,giss-e2-1-g,hadgem3-gc31-ll,inm-cm4-8,inm-cm5-0,ipsl-cm6a-lr,kace-1-0-g,miroc6,miroc-es2l,mpi-esm1-2-hr,mpi-esm1-2-lr,mri-esm2-0,nesm3,noresm2-lm,noresm2-mm,ukesm1-0-ll",World Bank Climate Change Knowledge Portal (CMIP6-x0.25),,1995-2014,SSP2-4.5,Precipitation
IRL,Ireland,1078.4698462629017,centre_cell_mask_coslat_area_weighted,pr,ssp245,2040-2059,median,climatology,mm,ensemble of Precipitation,50.0,"access-cm2,access-esm1-5,bcc-csm2-mr,canesm5,cmcc-esm2,cnrm-cm6-1,cnrm-esm2-1,ec-earth3,ec-earth3-veg-lr,fgoals-g3,gfdl-cm4,gfdl-esm4,giss-e2-1-g,hadgem3-gc31-ll,inm-cm4-8,inm-cm5-0,ipsl-cm6a-lr,kace-1-0-g,miroc6,miroc-es2l,mpi-esm1-2-hr,mpi-esm1-2-lr,mri-esm2-0,nesm3,noresm2-lm,noresm2-mm,ukesm1-0-ll",World Bank Climate Change Knowledge Portal (CMIP6-x0.25),,,SSP2-4.5,Precipitation
IRN,Islamic Republic of Iran,9.812746317805303,centre_cell_mask_coslat_area_weighted,pr,ssp245,2040-2059,median,anomaly,mm,ensemble of anomaly of Precipitation with reference period 1995-2014,50.0,"access-cm2,access-esm1-5,bcc-csm2-mr,canesm5,cmcc-esm2,cnrm-cm6-1,cnrm-esm2-1,ec-earth3,ec-earth3-veg-lr,fgoals-g3,gfdl-cm4,gfdl-esm4,giss-e2-1-g,hadgem3-gc31-ll,inm-cm4-8,inm-cm5-0,ipsl-cm6a-lr,kace-1-0-g,miroc6,miroc-es2l,mpi-esm1-2-hr,mpi-esm1-2-lr,mri-esm2-0,nesm3,noresm2-lm,noresm2-mm,ukesm1-0-ll",World Bank Climate Change Knowledge Portal (CMIP6-x0.25),,1995-2014,SSP2-4.5,Precipitation
IRN,Islamic Republic of Iran,289.42807690861997,centre_cell_mask_coslat_area_weighted,pr,ssp245,2040-2059,median,climatology,mm,ensemble of Precipitation,50.0,"access-cm2,access-esm1-5,bcc-csm2-mr,canesm5,cmcc-esm2,cnrm-cm6-1,cnrm-esm2-1,ec-earth3,ec-earth3-veg-lr,fgoals-g3,gfdl-cm4,gfdl-esm4,giss-e2-1-g,hadgem3-gc31-ll,inm-cm4-8,inm-cm5-0,ipsl-cm6a-lr,kace-1-0-g,miroc6,miroc-es2l,mpi-esm1-2-hr,mpi-esm1-2-lr,mri-esm2-0,nesm3,noresm2-lm,noresm2-mm,ukesm1-0-ll",World Bank Climate Change Knowledge Portal (CMIP6-x0.25),,,SSP2-4.5,Precipitation
IRQ,Iraq,7.1051215503195415,centre_cell_mask_coslat_area_weighted,pr,ssp245,2040-2059,median,anomaly,mm,ensemble of anomaly of Precipitation with reference period 1995-2014,50.0,"access-cm2,access-esm1-5,bcc-csm2-mr,canesm5,cmcc-esm2,cnrm-cm6-1,cnrm-esm2-1,ec-earth3,ec-earth3-veg-lr,fgoals-g3,gfdl-cm4,gfdl-esm4,giss-e2-1-g,hadgem3-gc31-ll,inm-cm4-8,inm-cm5-0,ipsl-cm6a-lr,kace-1-0-g,miroc6,miroc-es2l,mpi-esm1-2-hr,mpi-esm1-2-lr,mri-esm2-0,nesm3,noresm2-lm,noresm2-mm,ukesm1-0-ll",World Bank Climate Change Knowledge Portal (CMIP6-x0.25),,1995-2014,SSP2-4.5,Precipitation
IRQ,Iraq,221.13481292266093,centre_cell_mask_coslat_area_weighted,pr,ssp245,2040-2059,median,climatology,mm,ensemble of Precipitation,50.0,"access-cm2,access-esm1-5,bcc-csm2-mr,canesm5,cmcc-esm2,cnrm-cm6-1,cnrm-esm2-1,ec-earth3,ec-earth3-veg-lr,fgoals-g3,gfdl-cm4,gfdl-esm4,giss-e2-1-g,hadgem3-gc31-ll,inm-cm4-8,inm-cm5-0,ipsl-cm6a-lr,kace-1-0-g,miroc6,miroc-es2l,mpi-esm1-2-hr,mpi-esm1-2-lr,mri-esm2-0,nesm3,noresm2-lm,noresm2-mm,ukesm1-0-ll",World Bank Climate Change Knowledge Portal (CMIP6-x0.25),,,SSP2-4.5,Precipitation
ISL,Iceland,27.412872428453003,centre_cell_mask_coslat_area_weighted,pr,ssp245,2040-2059,median,anomaly,mm,ensemble of anomaly of Precipitation with reference period 1995-2014,50.0,"access-cm2,access-esm1-5,bcc-csm2-mr,canesm5,cmcc-esm2,cnrm-cm6-1,cnrm-esm2-1,ec-earth3,ec-earth3-veg-lr,fgoals-g3,gfdl-cm4,gfdl-esm4,giss-e2-1-g,hadgem3-gc31-ll,inm-cm4-8,inm-cm5-0,ipsl-cm6a-lr,kace-1-0-g,miroc6,miroc-es2l,mpi-esm1-2-hr,mpi-esm1-2-lr,mri-esm2-0,nesm3,noresm2-lm,noresm2-mm,ukesm1-0-ll",World Bank Climate Change Knowledge Portal (CMIP6-x0.25),,1995-2014,SSP2-4.5,Precipitation
ISL,Iceland,1414.448854233882,centre_cell_mask_coslat_area_weighted,pr,ssp245,2040-2059,median,climatology,mm,ensemble of Precipitation,50.0,"access-cm2,access-esm1-5,bcc-csm2-mr,canesm5,cmcc-esm2,cnrm-cm6-1,cnrm-esm2-1,ec-earth3,ec-earth3-veg-lr,fgoals-g3,gfdl-cm4,gfdl-esm4,giss-e2-1-g,hadgem3-gc31-ll,inm-cm4-8,inm-cm5-0,ipsl-cm6a-lr,kace-1-0-g,miroc6,miroc-es2l,mpi-esm1-2-hr,mpi-esm1-2-lr,mri-esm2-0,nesm3,noresm2-lm,noresm2-mm,ukesm1-0-ll",World Bank Climate Change Knowledge Portal (CMIP6-x0.25),,,SSP2-4.5,Precipitation
ISR,Israel,-15.398650158288028,centre_cell_mask_coslat_area_weighted,pr,ssp245,2040-2059,median,anomaly,mm,ensemble of anomaly of Precipitation with reference period 1995-2014,50.0,"access-cm2,access-esm1-5,bcc-csm2-mr,canesm5,cmcc-esm2,cnrm-cm6-1,cnrm-esm2-1,ec-earth3,ec-earth3-veg-lr,fgoals-g3,gfdl-cm4,gfdl-esm4,giss-e2-1-g,hadgem3-gc31-ll,inm-cm4-8,inm-cm5-0,ipsl-cm6a-lr,kace-1-0-g,miroc6,miroc-es2l,mpi-esm1-2-hr,mpi-esm1-2-lr,mri-esm2-0,nesm3,noresm2-lm,noresm2-mm,ukesm1-0-ll",World Bank Climate Change Knowledge Portal (CMIP6-x0.25),,1995-2014,SSP2-4.5,Precipitation
ISR,Israel,203.18161216672664,centre_cell_mask_coslat_area_weighted,pr,ssp245,2040-2059,median,climatology,mm,ensemble of Precipitation,50.0,"access-cm2,access-esm1-5,bcc-csm2-mr,canesm5,cmcc-esm2,cnrm-cm6-1,cnrm-esm2-1,ec-earth3,ec-earth3-veg-lr,fgoals-g3,gfdl-cm4,gfdl-esm4,giss-e2-1-g,hadgem3-gc31-ll,inm-cm4-8,inm-cm5-0,ipsl-cm6a-lr,kace-1-0-g,miroc6,miroc-es2l,mpi-esm1-2-hr,mpi-esm1-2-lr,mri-esm2-0,nesm3,noresm2-lm,noresm2-mm,ukesm1-0-ll",World Bank Climate Change Knowledge Portal (CMIP6-x0.25),,,SSP2-4.5,Precipitation
ITA,Italy,-29.243276847580756,centre_cell_mask_coslat_area_weighted,pr,ssp245,2040-2059,median,anomaly,mm,ensemble of anomaly of Precipitation with reference period 1995-2014,50.0,"access-cm2,access-esm1-5,bcc-csm2-mr,canesm5,cmcc-esm2,cnrm-cm6-1,cnrm-esm2-1,ec-earth3,ec-earth3-veg-lr,fgoals-g3,gfdl-cm4,gfdl-esm4,giss-e2-1-g,hadgem3-gc31-ll,inm-cm4-8,inm-cm5-0,ipsl-cm6a-lr,kace-1-0-g,miroc6,miroc-es2l,mpi-esm1-2-hr,mpi-esm1-2-lr,mri-esm2-0,nesm3,noresm2-lm,noresm2-mm,ukesm1-0-ll",World Bank Climate Change Knowledge Portal (CMIP6-x0.25),,1995-2014,SSP2-4.5,Precipitation
ITA,Italy,998.8682495352817,centre_cell_mask_coslat_area_weighted,pr,ssp245,2040-2059,median,climatology,mm,ensemble of Precipitation,50.0,"access-cm2,access-esm1-5,bcc-csm2-mr,canesm5,cmcc-esm2,cnrm-cm6-1,cnrm-esm2-1,ec-earth3,ec-earth3-veg-lr,fgoals-g3,gfdl-cm4,gfdl-esm4,giss-e2-1-g,hadgem3-gc31-ll,inm-cm4-8,inm-cm5-0,ipsl-cm6a-lr,kace-1-0-g,miroc6,miroc-es2l,mpi-esm1-2-hr,mpi-esm1-2-lr,mri-esm2-0,nesm3,noresm2-lm,noresm2-mm,ukesm1-0-ll",World Bank Climate Change Knowledge Portal (CMIP6-x0.25),,,SSP2-4.5,Precipitation
JAM,Jamaica,18.357796488387528,centre_cell_mask_coslat_area_weighted,pr,ssp245,2040-2059,median,anomaly,mm,ensemble of anomaly of Precipitation with reference period 1995-2014,50.0,"access-cm2,access-esm1-5,bcc-csm2-mr,canesm5,cmcc-esm2,cnrm-cm6-1,cnrm-esm2-1,ec-earth3,ec-earth3-veg-lr,fgoals-g3,gfdl-cm4,gfdl-esm4,giss-e2-1-g,hadgem3-gc31-ll,inm-cm4-8,inm-cm5-0,ipsl-cm6a-lr,kace-1-0-g,miroc6,miroc-es2l,mpi-esm1-2-hr,mpi-esm1-2-lr,mri-esm2-0,nesm3,noresm2-lm,noresm2-mm,ukesm1-0-ll",World Bank Climate Change Knowledge Portal (CMIP6-x0.25),,1995-2014,SSP2-4.5,Precipitation
JAM,Jamaica,1098.150873251417,centre_cell_mask_coslat_area_weighted,pr,ssp245,2040-2059,median,climatology,mm,ensemble of Precipitation,50.0,"access-cm2,access-esm1-5,bcc-csm2-mr,canesm5,cmcc-esm2,cnrm-cm6-1,cnrm-esm2-1,ec-earth3,ec-earth3-veg-lr,fgoals-g3,gfdl-cm4,gfdl-esm4,giss-e2-1-g,hadgem3-gc31-ll,inm-cm4-8,inm-cm5-0,ipsl-cm6a-lr,kace-1-0-g,miroc6,miroc-es2l,mpi-esm1-2-hr,mpi-esm1-2-lr,mri-esm2-0,nesm3,noresm2-lm,noresm2-mm,ukesm1-0-ll",World Bank Climate Change Knowledge Portal (CMIP6-x0.25),,,SSP2-4.5,Precipitation
JEY,Jersey (U.K.),-2.997999906539917,centre_cell_mask_coslat_area_weighted,pr,ssp245,2040-2059,median,anomaly,mm,ensemble of anomaly of Precipitation with reference period 1995-2014,50.0,"access-cm2,access-esm1-5,bcc-csm2-mr,canesm5,cmcc-esm2,cnrm-cm6-1,cnrm-esm2-1,ec-earth3,ec-earth3-veg-lr,fgoals-g3,gfdl-cm4,gfdl-esm4,giss-e2-1-g,hadgem3-gc31-ll,inm-cm4-8,inm-cm5-0,ipsl-cm6a-lr,kace-1-0-g,miroc6,miroc-es2l,mpi-esm1-2-hr,mpi-esm1-2-lr,mri-esm2-0,nesm3,noresm2-lm,noresm2-mm,ukesm1-0-ll",World Bank Climate Change Knowledge Portal (CMIP6-x0.25),,1995-2014,SSP2-4.5,Precipitation
JEY,Jersey (U.K.),983.781005859375,centre_cell_mask_coslat_area_weighted,pr,ssp245,2040-2059,median,climatology,mm,ensemble of Precipitation,50.0,"access-cm2,access-esm1-5,bcc-csm2-mr,canesm5,cmcc-esm2,cnrm-cm6-1,cnrm-esm2-1,ec-earth3,ec-earth3-veg-lr,fgoals-g3,gfdl-cm4,gfdl-esm4,giss-e2-1-g,hadgem3-gc31-ll,inm-cm4-8,inm-cm5-0,ipsl-cm6a-lr,kace-1-0-g,miroc6,miroc-es2l,mpi-esm1-2-hr,mpi-esm1-2-lr,mri-esm2-0,nesm3,noresm2-lm,noresm2-mm,ukesm1-0-ll",World Bank Climate Change Knowledge Portal (CMIP6-x0.25),,,SSP2-4.5,Precipitation
JOR,Jordan,-2.3870171925711765,centre_cell_mask_coslat_area_weighted,pr,ssp245,2040-2059,median,anomaly,mm,ensemble of anomaly of Precipitation with reference period 1995-2014,50.0,"access-cm2,access-esm1-5,bcc-csm2-mr,canesm5,cmcc-esm2,cnrm-cm6-1,cnrm-esm2-1,ec-earth3,ec-earth3-veg-lr,fgoals-g3,gfdl-cm4,gfdl-esm4,giss-e2-1-g,hadgem3-gc31-ll,inm-cm4-8,inm-cm5-0,ipsl-cm6a-lr,kace-1-0-g,miroc6,miroc-es2l,mpi-esm1-2-hr,mpi-esm1-2-lr,mri-esm2-0,nesm3,noresm2-lm,noresm2-mm,ukesm1-0-ll",World Bank Climate Change Knowledge Portal (CMIP6-x0.25),,1995-2014,SSP2-4.5,Precipitation
JOR,Jordan,72.49585122007167,centre_cell_mask_coslat_area_weighted,pr,ssp245,2040-2059,median,climatology,mm,ensemble of Precipitation,50.0,"access-cm2,access-esm1-5,bcc-csm2-mr,canesm5,cmcc-esm2,cnrm-cm6-1,cnrm-esm2-1,ec-earth3,ec-earth3-veg-lr,fgoals-g3,gfdl-cm4,gfdl-esm4,giss-e2-1-g,hadgem3-gc31-ll,inm-cm4-8,inm-cm5-0,ipsl-cm6a-lr,kace-1-0-g,miroc6,miroc-es2l,mpi-esm1-2-hr,mpi-esm1-2-lr,mri-esm2-0,nesm3,noresm2-lm,noresm2-mm,ukesm1-0-ll",World Bank Climate Change Knowledge Portal (CMIP6-x0.25),,,SSP2-4.5,Precipitation
JPN,Japan,61.361400587157476,centre_cell_mask_coslat_area_weighted,pr,ssp245,2040-2059,median,anomaly,mm,ensemble of anomaly of Precipitation with reference period 1995-2014,50.0,"access-cm2,access-esm1-5,bcc-csm2-mr,canesm5,cmcc-esm2,cnrm-cm6-1,cnrm-esm2-1,ec-earth3,ec-earth3-veg-lr,fgoals-g3,gfdl-cm4,gfdl-esm4,giss-e2-1-g,hadgem3-gc31-ll,inm-cm4-8,inm-cm5-0,ipsl-cm6a-lr,kace-1-0-g,miroc6,miroc-es2l,mpi-esm1-2-hr,mpi-esm1-2-lr,mri-esm2-0,nesm3,noresm2-lm,noresm2-mm,ukesm1-0-ll",World Bank Climate Change Knowledge Portal (CMIP6-x0.25),,1995-2014,SSP2-4.5,Precipitation
JPN,Japan,1823.8110192340991,centre_cell_mask_coslat_area_weighted,pr,ssp245,2040-2059,median,climatology,mm,ensemble of Precipitation,50.0,"access-cm2,access-esm1-5,bcc-csm2-mr,canesm5,cmcc-esm2,cnrm-cm6-1,cnrm-esm2-1,ec-earth3,ec-earth3-veg-lr,fgoals-g3,gfdl-cm4,gfdl-esm4,giss-e2-1-g,hadgem3-gc31-ll,inm-cm4-8,inm-cm5-0,ipsl-cm6a-lr,kace-1-0-g,miroc6,miroc-es2l,mpi-esm1-2-hr,mpi-esm1-2-lr,mri-esm2-0,nesm3,noresm2-lm,noresm2-mm,ukesm1-0-ll",World Bank Climate Change Knowledge Portal (CMIP6-x0.25),,,SSP2-4.5,Precipitation
KAZ,Kazakhstan,17.99026994732261,centre_cell_mask_coslat_area_weighted,pr,ssp245,2040-2059,median,anomaly,mm,ensemble of anomaly of Precipitation with reference period 1995-2014,50.0,"access-cm2,access-esm1-5,bcc-csm2-mr,canesm5,cmcc-esm2,cnrm-cm6-1,cnrm-esm2-1,ec-earth3,ec-earth3-veg-lr,fgoals-g3,gfdl-cm4,gfdl-esm4,giss-e2-1-g,hadgem3-gc31-ll,inm-cm4-8,inm-cm5-0,ipsl-cm6a-lr,kace-1-0-g,miroc6,miroc-es2l,mpi-esm1-2-hr,mpi-esm1-2-lr,mri-esm2-0,nesm3,noresm2-lm,noresm2-mm,ukesm1-0-ll",World Bank Climate Change Knowledge Portal (CMIP6-x0.25),,1995-2014,SSP2-4.5,Precipitation
KAZ,Kazakhstan,361.3883671987773,centre_cell_mask_coslat_area_weighted,pr,ssp245,2040-2059,median,climatology,mm,ensemble of Precipitation,50.0,"access-cm2,access-esm1-5,bcc-csm2-mr,canesm5,cmcc-esm2,cnrm-cm6-1,cnrm-esm2-1,ec-earth3,ec-earth3-veg-lr,fgoals-g3,gfdl-cm4,gfdl-esm4,giss-e2-1-g,hadgem3-gc31-ll,inm-cm4-8,inm-cm5-0,ipsl-cm6a-lr,kace-1-0-g,miroc6,miroc-es2l,mpi-esm1-2-hr,mpi-esm1-2-lr,mri-esm2-0,nesm3,noresm2-lm,noresm2-mm,ukesm1-0-ll",World Bank Climate Change Knowledge Portal (CMIP6-x0.25),,,SSP2-4.5,Precipitation
KEN,Kenya,44.370157480196696,centre_cell_mask_coslat_area_weighted,pr,ssp245,2040-2059,median,anomaly,mm,ensemble of anomaly of Precipitation with reference period 1995-2014,50.0,"access-cm2,access-esm1-5,bcc-csm2-mr,canesm5,cmcc-esm2,cnrm-cm6-1,cnrm-esm2-1,ec-earth3,ec-earth3-veg-lr,fgoals-g3,gfdl-cm4,gfdl-esm4,giss-e2-1-g,hadgem3-gc31-ll,inm-cm4-8,inm-cm5-0,ipsl-cm6a-lr,kace-1-0-g,miroc6,miroc-es2l,mpi-esm1-2-hr,mpi-esm1-2-lr,mri-esm2-0,nesm3,noresm2-lm,noresm2-mm,ukesm1-0-ll",World Bank Climate Change Knowledge Portal (CMIP6-x0.25),,1995-2014,SSP2-4.5,Precipitation
KEN,Kenya,813.951592177979,centre_cell_mask_coslat_area_weighted,pr,ssp245,2040-2059,median,climatology,mm,ensemble of Precipitation,50.0,"access-cm2,access-esm1-5,bcc-csm2-mr,canesm5,cmcc-esm2,cnrm-cm6-1,cnrm-esm2-1,ec-earth3,ec-earth3-veg-lr,fgoals-g3,gfdl-cm4,gfdl-esm4,giss-e2-1-g,hadgem3-gc31-ll,inm-cm4-8,inm-cm5-0,ipsl-cm6a-lr,kace-1-0-g,miroc6,miroc-es2l,mpi-esm1-2-hr,mpi-esm1-2-lr,mri-esm2-0,nesm3,noresm2-lm,noresm2-mm,ukesm1-0-ll",World Bank Climate Change Knowledge Portal (CMIP6-x0.25),,,SSP2-4.5,Precipitation
KGZ,Kyrgyz Republic,32.716710118347684,centre_cell_mask_coslat_area_weighted,pr,ssp245,2040-2059,median,anomaly,mm,ensemble of anomaly of Precipitation with reference period 1995-2014,50.0,"access-cm2,access-esm1-5,bcc-csm2-mr,canesm5,cmcc-esm2,cnrm-cm6-1,cnrm-esm2-1,ec-earth3,ec-earth3-veg-lr,fgoals-g3,gfdl-cm4,gfdl-esm4,giss-e2-1-g,hadgem3-gc31-ll,inm-cm4-8,inm-cm5-0,ipsl-cm6a-lr,kace-1-0-g,miroc6,miroc-es2l,mpi-esm1-2-hr,mpi-esm1-2-lr,mri-esm2-0,nesm3,noresm2-lm,noresm2-mm,ukesm1-0-ll",World Bank Climate Change Knowledge Portal (CMIP6-x0.25),,1995-2014,SSP2-4.5,Precipitation
KGZ,Kyrgyz Republic,945.8781653920284,centre_cell_mask_coslat_area_weighted,pr,ssp245,2040-2059,median,climatology,mm,ensemble of Precipitation,50.0,"access-cm2,access-esm1-5,bcc-csm2-mr,canesm5,cmcc-esm2,cnrm-cm6-1,cnrm-esm2-1,ec-earth3,ec-earth3-veg-lr,fgoals-g3,gfdl-cm4,gfdl-esm4,giss-e2-1-g,hadgem3-gc31-ll,inm-cm4-8,inm-cm5-0,ipsl-cm6a-lr,kace-1-0-g,miroc6,miroc-es2l,mpi-esm1-2-hr,mpi-esm1-2-lr,mri-esm2-0,nesm3,noresm2-lm,noresm2-mm,ukesm1-0-ll",World Bank Climate Change Knowledge Portal (CMIP6-x0.25),,,SSP2-4.5,Precipitation
KHM,Cambodia,55.01239206167655,centre_cell_mask_coslat_area_weighted,pr,ssp245,2040-2059,median,anomaly,mm,ensemble of anomaly of Precipitation with reference period 1995-2014,50.0,"access-cm2,access-esm1-5,bcc-csm2-mr,canesm5,cmcc-esm2,cnrm-cm6-1,cnrm-esm2-1,ec-earth3,ec-earth3-veg-lr,fgoals-g3,gfdl-cm4,gfdl-esm4,giss-e2-1-g,hadgem3-gc31-ll,inm-cm4-8,inm-cm5-0,ipsl-cm6a-lr,kace-1-0-g,miroc6,miroc-es2l,mpi-esm1-2-hr,mpi-esm1-2-lr,mri-esm2-0,nesm3,noresm2-lm,noresm2-mm,ukesm1-0-ll",World Bank Climate Change Knowledge Portal (CMIP6-x0.25),,1995-2014,SSP2-4.5,Precipitation
KHM,Cambodia,1817.667226006141,centre_cell_mask_coslat_area_weighted,pr,ssp245,2040-2059,median,climatology,mm,ensemble of Precipitation,50.0,"access-cm2,access-esm1-5,bcc-csm2-mr,canesm5,cmcc-esm2,cnrm-cm6-1,cnrm-esm2-1,ec-earth3,ec-earth3-veg-lr,fgoals-g3,gfdl-cm4,gfdl-esm4,giss-e2-1-g,hadgem3-gc31-ll,inm-cm4-8,inm-cm5-0,ipsl-cm6a-lr,kace-1-0-g,miroc6,miroc-es2l,mpi-esm1-2-hr,mpi-esm1-2-lr,mri-esm2-0,nesm3,noresm2-lm,noresm2-mm,ukesm1-0-ll",World Bank Climate Change Knowledge Portal (CMIP6-x0.25),,,SSP2-4.5,Precipitation
KIR,Kiribati,267.5249938964844,centre_cell_mask_coslat_area_weighted,pr,ssp245,2040-2059,median,anomaly,mm,ensemble of anomaly of Precipitation with reference period 1995-2014,50.0,"access-cm2,access-esm1-5,bcc-csm2-mr,canesm5,cmcc-esm2,cnrm-cm6-1,cnrm-esm2-1,ec-earth3,ec-earth3-veg-lr,fgoals-g3,gfdl-cm4,gfdl-esm4,giss-e2-1-g,hadgem3-gc31-ll,inm-cm4-8,inm-cm5-0,ipsl-cm6a-lr,kace-1-0-g,miroc6,miroc-es2l,mpi-esm1-2-hr,mpi-esm1-2-lr,mri-esm2-0,nesm3,noresm2-lm,noresm2-mm,ukesm1-0-ll",World Bank Climate Change Knowledge Portal (CMIP6-x0.25),,1995-2014,SSP2-4.5,Precipitation
KIR,Kiribati,1094.18798828125,centre_cell_mask_coslat_area_weighted,pr,ssp245,2040-2059,median,climatology,mm,ensemble of Precipitation,50.0,"access-cm2,access-esm1-5,bcc-csm2-mr,canesm5,cmcc-esm2,cnrm-cm6-1,cnrm-esm2-1,ec-earth3,ec-earth3-veg-lr,fgoals-g3,gfdl-cm4,gfdl-esm4,giss-e2-1-g,hadgem3-gc31-ll,inm-cm4-8,inm-cm5-0,ipsl-cm6a-lr,kace-1-0-g,miroc6,miroc-es2l,mpi-esm1-2-hr,mpi-esm1-2-lr,mri-esm2-0,nesm3,noresm2-lm,noresm2-mm,ukesm1-0-ll",World Bank Climate Change Knowledge Portal (CMIP6-x0.25),,,SSP2-4.5,Precipitation
KNA,Saint Kitts and Nevis,-31.930205127530698,fractional_overlap_equal_area,pr,ssp245,2040-2059,median,anomaly,mm,ensemble of anomaly of Precipitation with reference period 1995-2014,50.0,"access-cm2,access-esm1-5,bcc-csm2-mr,canesm5,cmcc-esm2,cnrm-cm6-1,cnrm-esm2-1,ec-earth3,ec-earth3-veg-lr,fgoals-g3,gfdl-cm4,gfdl-esm4,giss-e2-1-g,hadgem3-gc31-ll,inm-cm4-8,inm-cm5-0,ipsl-cm6a-lr,kace-1-0-g,miroc6,miroc-es2l,mpi-esm1-2-hr,mpi-esm1-2-lr,mri-esm2-0,nesm3,noresm2-lm,noresm2-mm,ukesm1-0-ll",World Bank Climate Change Knowledge Portal (CMIP6-x0.25),,1995-2014,SSP2-4.5,Precipitation
KNA,Saint Kitts and Nevis,825.1100721690242,fractional_overlap_equal_area,pr,ssp245,2040-2059,median,climatology,mm,ensemble of Precipitation,50.0,"access-cm2,access-esm1-5,bcc-csm2-mr,canesm5,cmcc-esm2,cnrm-cm6-1,cnrm-esm2-1,ec-earth3,ec-earth3-veg-lr,fgoals-g3,gfdl-cm4,gfdl-esm4,giss-e2-1-g,hadgem3-gc31-ll,inm-cm4-8,inm-cm5-0,ipsl-cm6a-lr,kace-1-0-g,miroc6,miroc-es2l,mpi-esm1-2-hr,mpi-esm1-2-lr,mri-esm2-0,nesm3,noresm2-lm,noresm2-mm,ukesm1-0-ll",World Bank Climate Change Knowledge Portal (CMIP6-x0.25),,,SSP2-4.5,Precipitation
KOR,Republic of Korea,76.86790533818836,centre_cell_mask_coslat_area_weighted,pr,ssp245,2040-2059,median,anomaly,mm,ensemble of anomaly of Precipitation with reference period 1995-2014,50.0,"access-cm2,access-esm1-5,bcc-csm2-mr,canesm5,cmcc-esm2,cnrm-cm6-1,cnrm-esm2-1,ec-earth3,ec-earth3-veg-lr,fgoals-g3,gfdl-cm4,gfdl-esm4,giss-e2-1-g,hadgem3-gc31-ll,inm-cm4-8,inm-cm5-0,ipsl-cm6a-lr,kace-1-0-g,miroc6,miroc-es2l,mpi-esm1-2-hr,mpi-esm1-2-lr,mri-esm2-0,nesm3,noresm2-lm,noresm2-mm,ukesm1-0-ll",World Bank Climate Change Knowledge Portal (CMIP6-x0.25),,1995-2014,SSP2-4.5,Precipitation
KOR,Republic of Korea,1368.399155889986,centre_cell_mask_coslat_area_weighted,pr,ssp245,2040-2059,median,climatology,mm,ensemble of Precipitation,50.0,"access-cm2,access-esm1-5,bcc-csm2-mr,canesm5,cmcc-esm2,cnrm-cm6-1,cnrm-esm2-1,ec-earth3,ec-earth3-veg-lr,fgoals-g3,gfdl-cm4,gfdl-esm4,giss-e2-1-g,hadgem3-gc31-ll,inm-cm4-8,inm-cm5-0,ipsl-cm6a-lr,kace-1-0-g,miroc6,miroc-es2l,mpi-esm1-2-hr,mpi-esm1-2-lr,mri-esm2-0,nesm3,noresm2-lm,noresm2-mm,ukesm1-0-ll",World Bank Climate Change Knowledge Portal (CMIP6-x0.25),,,SSP2-4.5,Precipitation
KSV,Kosovo,-28.491153348107613,centre_cell_mask_coslat_area_weighted,pr,ssp245,2040-2059,median,anomaly,mm,ensemble of anomaly of Precipitation with reference period 1995-2014,50.0,"access-cm2,access-esm1-5,bcc-csm2-mr,canesm5,cmcc-esm2,cnrm-cm6-1,cnrm-esm2-1,ec-earth3,ec-earth3-veg-lr,fgoals-g3,gfdl-cm4,gfdl-esm4,giss-e2-1-g,hadgem3-gc31-ll,inm-cm4-8,inm-cm5-0,ipsl-cm6a-lr,kace-1-0-g,miroc6,miroc-es2l,mpi-esm1-2-hr,mpi-esm1-2-lr,mri-esm2-0,nesm3,noresm2-lm,noresm2-mm,ukesm1-0-ll",World Bank Climate Change Knowledge Portal (CMIP6-x0.25),,1995-2014,SSP2-4.5,Precipitation
KSV,Kosovo,797.8021047745815,centre_cell_mask_coslat_area_weighted,pr,ssp245,2040-2059,median,climatology,mm,ensemble of Precipitation,50.0,"access-cm2,access-esm1-5,bcc-csm2-mr,canesm5,cmcc-esm2,cnrm-cm6-1,cnrm-esm2-1,ec-earth3,ec-earth3-veg-lr,fgoals-g3,gfdl-cm4,gfdl-esm4,giss-e2-1-g,hadgem3-gc31-ll,inm-cm4-8,inm-cm5-0,ipsl-cm6a-lr,kace-1-0-g,miroc6,miroc-es2l,mpi-esm1-2-hr,mpi-esm1-2-lr,mri-esm2-0,nesm3,noresm2-lm,noresm2-mm,ukesm1-0-ll",World Bank Climate Change Knowledge Portal (CMIP6-x0.25),,,SSP2-4.5,Precipitation
KWT,Kuwait,9.1938135967572,centre_cell_mask_coslat_area_weighted,pr,ssp245,2040-2059,median,anomaly,mm,ensemble of anomaly of Precipitation with reference period 1995-2014,50.0,"access-cm2,access-esm1-5,bcc-csm2-mr,canesm5,cmcc-esm2,cnrm-cm6-1,cnrm-esm2-1,ec-earth3,ec-earth3-veg-lr,fgoals-g3,gfdl-cm4,gfdl-esm4,giss-e2-1-g,hadgem3-gc31-ll,inm-cm4-8,inm-cm5-0,ipsl-cm6a-lr,kace-1-0-g,miroc6,miroc-es2l,mpi-esm1-2-hr,mpi-esm1-2-lr,mri-esm2-0,nesm3,noresm2-lm,noresm2-mm,ukesm1-0-ll",World Bank Climate Change Knowledge Portal (CMIP6-x0.25),,1995-2014,SSP2-4.5,Precipitation
KWT,Kuwait,135.71606566296973,centre_cell_mask_coslat_area_weighted,pr,ssp245,2040-2059,median,climatology,mm,ensemble of Precipitation,50.0,"access-cm2,access-esm1-5,bcc-csm2-mr,canesm5,cmcc-esm2,cnrm-cm6-1,cnrm-esm2-1,ec-earth3,ec-earth3-veg-lr,fgoals-g3,gfdl-cm4,gfdl-esm4,giss-e2-1-g,hadgem3-gc31-ll,inm-cm4-8,inm-cm5-0,ipsl-cm6a-lr,kace-1-0-g,miroc6,miroc-es2l,mpi-esm1-2-hr,mpi-esm1-2-lr,mri-esm2-0,nesm3,noresm2-lm,noresm2-mm,ukesm1-0-ll",World Bank Climate Change Knowledge Portal (CMIP6-x0.25),,,SSP2-4.5,Precipitation
LAO,Lao People's Democratic Republic,65.47959123807028,centre_cell_mask_coslat_area_weighted,pr,ssp245,2040-2059,median,anomaly,mm,ensemble of anomaly of Precipitation with reference period 1995-2014,50.0,"access-cm2,access-esm1-5,bcc-csm2-mr,canesm5,cmcc-esm2,cnrm-cm6-1,cnrm-esm2-1,ec-earth3,ec-earth3-veg-lr,fgoals-g3,gfdl-cm4,gfdl-esm4,giss-e2-1-g,hadgem3-gc31-ll,inm-cm4-8,inm-cm5-0,ipsl-cm6a-lr,kace-1-0-g,miroc6,miroc-es2l,mpi-esm1-2-hr,mpi-esm1-2-lr,mri-esm2-0,nesm3,noresm2-lm,noresm2-mm,ukesm1-0-ll",World Bank Climate Change Knowledge Portal (CMIP6-x0.25),,1995-2014,SSP2-4.5,Precipitation
LAO,Lao People's Democratic Republic,2052.22396606162,centre_cell_mask_coslat_area_weighted,pr,ssp245,2040-2059,median,climatology,mm,ensemble of Precipitation,50.0,"access-cm2,access-esm1-5,bcc-csm2-mr,canesm5,cmcc-esm2,cnrm-cm6-1,cnrm-esm2-1,ec-earth3,ec-earth3-veg-lr,fgoals-g3,gfdl-cm4,gfdl-esm4,giss-e2-1-g,hadgem3-gc31-ll,inm-cm4-8,inm-cm5-0,ipsl-cm6a-lr,kace-1-0-g,miroc6,miroc-es2l,mpi-esm1-2-hr,mpi-esm1-2-lr,mri-esm2-0,nesm3,noresm2-lm,noresm2-mm,ukesm1-0-ll",World Bank Climate Change Knowledge Portal (CMIP6-x0.25),,,SSP2-4.5,Precipitation
LBN,Lebanon,-38.20629702244109,centre_cell_mask_coslat_area_weighted,pr,ssp245,2040-2059,median,anomaly,mm,ensemble of anomaly of Precipitation with reference period 1995-2014,50.0,"access-cm2,access-esm1-5,bcc-csm2-mr,canesm5,cmcc-esm2,cnrm-cm6-1,cnrm-esm2-1,ec-earth3,ec-earth3-veg-lr,fgoals-g3,gfdl-cm4,gfdl-esm4,giss-e2-1-g,hadgem3-gc31-ll,inm-cm4-8,inm-cm5-0,ipsl-cm6a-lr,kace-1-0-g,miroc6,miroc-es2l,mpi-esm1-2-hr,mpi-esm1-2-lr,mri-esm2-0,nesm3,noresm2-lm,noresm2-mm,ukesm1-0-ll",World Bank Climate Change Knowledge Portal (CMIP6-x0.25),,1995-2014,SSP2-4.5,Precipitation
LBN,Lebanon,538.4905042656742,centre_cell_mask_coslat_area_weighted,pr,ssp245,2040-2059,median,climatology,mm,ensemble of Precipitation,50.0,"access-cm2,access-esm1-5,bcc-csm2-mr,canesm5,cmcc-esm2,cnrm-cm6-1,cnrm-esm2-1,ec-earth3,ec-earth3-veg-lr,fgoals-g3,gfdl-cm4,gfdl-esm4,giss-e2-1-g,hadgem3-gc31-ll,inm-cm4-8,inm-cm5-0,ipsl-cm6a-lr,kace-1-0-g,miroc6,miroc-es2l,mpi-esm1-2-hr,mpi-esm1-2-lr,mri-esm2-0,nesm3,noresm2-lm,noresm2-mm,ukesm1-0-ll",World Bank Climate Change Knowledge Portal (CMIP6-x0.25),,,SSP2-4.5,Precipitation
LBR,Liberia,23.886673001853232,centre_cell_mask_coslat_area_weighted,pr,ssp245,2040-2059,median,anomaly,mm,ensemble of anomaly of Precipitation with reference period 1995-2014,50.0,"access-cm2,access-esm1-5,bcc-csm2-mr,canesm5,cmcc-esm2,cnrm-cm6-1,cnrm-esm2-1,ec-earth3,ec-earth3-veg-lr,fgoals-g3,gfdl-cm4,gfdl-esm4,giss-e2-1-g,hadgem3-gc31-ll,inm-cm4-8,inm-cm5-0,ipsl-cm6a-lr,kace-1-0-g,miroc6,miroc-es2l,mpi-esm1-2-hr,mpi-esm1-2-lr,mri-esm2-0,nesm3,noresm2-lm,noresm2-mm,ukesm1-0-ll",World Bank Climate Change Knowledge Portal (CMIP6-x0.25),,1995-2014,SSP2-4.5,Precipitation
LBR,Liberia,2346.1930873870424,centre_cell_mask_coslat_area_weighted,pr,ssp245,2040-2059,median,climatology,mm,ensemble of Precipitation,50.0,"access-cm2,access-esm1-5,bcc-csm2-mr,canesm5,cmcc-esm2,cnrm-cm6-1,cnrm-esm2-1,ec-earth3,ec-earth3-veg-lr,fgoals-g3,gfdl-cm4,gfdl-esm4,giss-e2-1-g,hadgem3-gc31-ll,inm-cm4-8,inm-cm5-0,ipsl-cm6a-lr,kace-1-0-g,miroc6,miroc-es2l,mpi-esm1-2-hr,mpi-esm1-2-lr,mri-esm2-0,nesm3,noresm2-lm,noresm2-mm,ukesm1-0-ll",World Bank Climate Change Knowledge Portal (CMIP6-x0.25),,,SSP2-4.5,Precipitation
LBY,Libya,-0.6865237967983121,centre_cell_mask_coslat_area_weighted,pr,ssp245,2040-2059,median,anomaly,mm,ensemble of anomaly of Precipitation with reference period 1995-2014,50.0,"access-cm2,access-esm1-5,bcc-csm2-mr,canesm5,cmcc-esm2,cnrm-cm6-1,cnrm-esm2-1,ec-earth3,ec-earth3-veg-lr,fgoals-g3,gfdl-cm4,gfdl-esm4,giss-e2-1-g,hadgem3-gc31-ll,inm-cm4-8,inm-cm5-0,ipsl-cm6a-lr,kace-1-0-g,miroc6,miroc-es2l,mpi-esm1-2-hr,mpi-esm1-2-lr,mri-esm2-0,nesm3,noresm2-lm,noresm2-mm,ukesm1-0-ll",World Bank Climate Change Knowledge Portal (CMIP6-x0.25),,1995-2014,SSP2-4.5,Precipitation
LBY,Libya,24.165066336598308,centre_cell_mask_coslat_area_weighted,pr,ssp245,2040-2059,median,climatology,mm,ensemble of Precipitation,50.0,"access-cm2,access-esm1-5,bcc-csm2-mr,canesm5,cmcc-esm2,cnrm-cm6-1,cnrm-esm2-1,ec-earth3,ec-earth3-veg-lr,fgoals-g3,gfdl-cm4,gfdl-esm4,giss-e2-1-g,hadgem3-gc31-ll,inm-cm4-8,inm-cm5-0,ipsl-cm6a-lr,kace-1-0-g,miroc6,miroc-es2l,mpi-esm1-2-hr,mpi-esm1-2-lr,mri-esm2-0,nesm3,noresm2-lm,noresm2-mm,ukesm1-0-ll",World Bank Climate Change Knowledge Portal (CMIP6-x0.25),,,SSP2-4.5,Precipitation
LCA,Saint Lucia,-47.41299819946289,centre_cell_mask_coslat_area_weighted,pr,ssp245,2040-2059,median,anomaly,mm,ensemble of anomaly of Precipitation with reference period 1995-2014,50.0,"access-cm2,access-esm1-5,bcc-csm2-mr,canesm5,cmcc-esm2,cnrm-cm6-1,cnrm-esm2-1,ec-earth3,ec-earth3-veg-lr,fgoals-g3,gfdl-cm4,gfdl-esm4,giss-e2-1-g,hadgem3-gc31-ll,inm-cm4-8,inm-cm5-0,ipsl-cm6a-lr,kace-1-0-g,miroc6,miroc-es2l,mpi-esm1-2-hr,mpi-esm1-2-lr,mri-esm2-0,nesm3,noresm2-lm,noresm2-mm,ukesm1-0-ll",World Bank Climate Change Knowledge Portal (CMIP6-x0.25),,1995-2014,SSP2-4.5,Precipitation
LCA,Saint Lucia,852.197998046875,centre_cell_mask_coslat_area_weighted,pr,ssp245,2040-2059,median,climatology,mm,ensemble of Precipitation,50.0,"access-cm2,access-esm1-5,bcc-csm2-mr,canesm5,cmcc-esm2,cnrm-cm6-1,cnrm-esm2-1,ec-earth3,ec-earth3-veg-lr,fgoals-g3,gfdl-cm4,gfdl-esm4,giss-e2-1-g,hadgem3-gc31-ll,inm-cm4-8,inm-cm5-0,ipsl-cm6a-lr,kace-1-0-g,miroc6,miroc-es2l,mpi-esm1-2-hr,mpi-esm1-2-lr,mri-esm2-0,nesm3,noresm2-lm,noresm2-mm,ukesm1-0-ll",World Bank Climate Change Knowledge Portal (CMIP6-x0.25),,,SSP2-4.5,Precipitation
LIE,Liechtenstein,14.522809321121096,fractional_overlap_equal_area,pr,ssp245,2040-2059,median,anomaly,mm,ensemble of anomaly of Precipitation with reference period 1995-2014,50.0,"access-cm2,access-esm1-5,bcc-csm2-mr,canesm5,cmcc-esm2,cnrm-cm6-1,cnrm-esm2-1,ec-earth3,ec-earth3-veg-lr,fgoals-g3,gfdl-cm4,gfdl-esm4,giss-e2-1-g,hadgem3-gc31-ll,inm-cm4-8,inm-cm5-0,ipsl-cm6a-lr,kace-1-0-g,miroc6,miroc-es2l,mpi-esm1-2-hr,mpi-esm1-2-lr,mri-esm2-0,nesm3,noresm2-lm,noresm2-mm,ukesm1-0-ll",World Bank Climate Change Knowledge Portal (CMIP6-x0.25),,1995-2014,SSP2-4.5,Precipitation
LIE,Liechtenstein,1959.8249084533952,fractional_overlap_equal_area,pr,ssp245,2040-2059,median,climatology,mm,ensemble of Precipitation,50.0,"access-cm2,access-esm1-5,bcc-csm2-mr,canesm5,cmcc-esm2,cnrm-cm6-1,cnrm-esm2-1,ec-earth3,ec-earth3-veg-lr,fgoals-g3,gfdl-cm4,gfdl-esm4,giss-e2-1-g,hadgem3-gc31-ll,inm-cm4-8,inm-cm5-0,ipsl-cm6a-lr,kace-1-0-g,miroc6,miroc-es2l,mpi-esm1-2-hr,mpi-esm1-2-lr,mri-esm2-0,nesm3,noresm2-lm,noresm2-mm,ukesm1-0-ll",World Bank Climate Change Knowledge Portal (CMIP6-x0.25),,,SSP2-4.5,Precipitation
LKA,Sri Lanka,96.9778436448085,centre_cell_mask_coslat_area_weighted,pr,ssp245,2040-2059,median,anomaly,mm,ensemble of anomaly of Precipitation with reference period 1995-2014,50.0,"access-cm2,access-esm1-5,bcc-csm2-mr,canesm5,cmcc-esm2,cnrm-cm6-1,cnrm-esm2-1,ec-earth3,ec-earth3-veg-lr,fgoals-g3,gfdl-cm4,gfdl-esm4,giss-e2-1-g,hadgem3-gc31-ll,inm-cm4-8,inm-cm5-0,ipsl-cm6a-lr,kace-1-0-g,miroc6,miroc-es2l,mpi-esm1-2-hr,mpi-esm1-2-lr,mri-esm2-0,nesm3,noresm2-lm,noresm2-mm,ukesm1-0-ll",World Bank Climate Change Knowledge Portal (CMIP6-x0.25),,1995-2014,SSP2-4.5,Precipitation
LKA,Sri Lanka,1771.674736264319,centre_cell_mask_coslat_area_weighted,pr,ssp245,2040-2059,median,climatology,mm,ensemble of Precipitation,50.0,"access-cm2,access-esm1-5,bcc-csm2-mr,canesm5,cmcc-esm2,cnrm-cm6-1,cnrm-esm2-1,ec-earth3,ec-earth3-veg-lr,fgoals-g3,gfdl-cm4,gfdl-esm4,giss-e2-1-g,hadgem3-gc31-ll,inm-cm4-8,inm-cm5-0,ipsl-cm6a-lr,kace-1-0-g,miroc6,miroc-es2l,mpi-esm1-2-hr,mpi-esm1-2-lr,mri-esm2-0,nesm3,noresm2-lm,noresm2-mm,ukesm1-0-ll",World Bank Climate Change Knowledge Portal (CMIP6-x0.25),,,SSP2-4.5,Precipitation
LSO,Lesotho,15.578214579093972,centre_cell_mask_coslat_area_weighted,pr,ssp245,2040-2059,median,anomaly,mm,ensemble of anomaly of Precipitation with reference period 1995-2014,50.0,"access-cm2,access-esm1-5,bcc-csm2-mr,canesm5,cmcc-esm2,cnrm-cm6-1,cnrm-esm2-1,ec-earth3,ec-earth3-veg-lr,fgoals-g3,gfdl-cm4,gfdl-esm4,giss-e2-1-g,hadgem3-gc31-ll,inm-cm4-8,inm-cm5-0,ipsl-cm6a-lr,kace-1-0-g,miroc6,miroc-es2l,mpi-esm1-2-hr,mpi-esm1-2-lr,mri-esm2-0,nesm3,noresm2-lm,noresm2-mm,ukesm1-0-ll",World Bank Climate Change Knowledge Portal (CMIP6-x0.25),,1995-2014,SSP2-4.5,Precipitation
LSO,Lesotho,1105.701460749262,centre_cell_mask_coslat_area_weighted,pr,ssp245,2040-2059,median,climatology,mm,ensemble of Precipitation,50.0,"access-cm2,access-esm1-5,bcc-csm2-mr,canesm5,cmcc-esm2,cnrm-cm6-1,cnrm-esm2-1,ec-earth3,ec-earth3-veg-lr,fgoals-g3,gfdl-cm4,gfdl-esm4,giss-e2-1-g,hadgem3-gc31-ll,inm-cm4-8,inm-cm5-0,ipsl-cm6a-lr,kace-1-0-g,miroc6,miroc-es2l,mpi-esm1-2-hr,mpi-esm1-2-lr,mri-esm2-0,nesm3,noresm2-lm,noresm2-mm,ukesm1-0-ll",World Bank Climate Change Knowledge Portal (CMIP6-x0.25),,,SSP2-4.5,Precipitation
LTU,Lithuania,23.202875056229683,centre_cell_mask_coslat_area_weighted,pr,ssp245,2040-2059,median,anomaly,mm,ensemble of anomaly of Precipitation with reference period 1995-2014,50.0,"access-cm2,access-esm1-5,bcc-csm2-mr,canesm5,cmcc-esm2,cnrm-cm6-1,cnrm-esm2-1,ec-earth3,ec-earth3-veg-lr,fgoals-g3,gfdl-cm4,gfdl-esm4,giss-e2-1-g,hadgem3-gc31-ll,inm-cm4-8,inm-cm5-0,ipsl-cm6a-lr,kace-1-0-g,miroc6,miroc-es2l,mpi-esm1-2-hr,mpi-esm1-2-lr,mri-esm2-0,nesm3,noresm2-lm,noresm2-mm,ukesm1-0-ll",World Bank Climate Change Knowledge Portal (CMIP6-x0.25),,1995-2014,SSP2-4.5,Precipitation
LTU,Lithuania,793.3260461923944,centre_cell_mask_coslat_area_weighted,pr,ssp245,2040-2059,median,climatology,mm,ensemble of Precipitation,50.0,"access-cm2,access-esm1-5,bcc-csm2-mr,canesm5,cmcc-esm2,cnrm-cm6-1,cnrm-esm2-1,ec-earth3,ec-earth3-veg-lr,fgoals-g3,gfdl-cm4,gfdl-esm4,giss-e2-1-g,hadgem3-gc31-ll,inm-cm4-8,inm-cm5-0,ipsl-cm6a-lr,kace-1-0-g,miroc6,miroc-es2l,mpi-esm1-2-hr,mpi-esm1-2-lr,mri-esm2-0,nesm3,noresm2-lm,noresm2-mm,ukesm1-0-ll",World Bank Climate Change Knowledge Portal (CMIP6-x0.25),,,SSP2-4.5,Precipitation
LUX,Luxembourg,-0.2844892475721588,centre_cell_mask_coslat_area_weighted,pr,ssp245,2040-2059,median,anomaly,mm,ensemble of anomaly of Precipitation with reference period 1995-2014,50.0,"access-cm2,access-esm1-5,bcc-csm2-mr,canesm5,cmcc-esm2,cnrm-cm6-1,cnrm-esm2-1,ec-earth3,ec-earth3-veg-lr,fgoals-g3,gfdl-cm4,gfdl-esm4,giss-e2-1-g,hadgem3-gc31-ll,inm-cm4-8,inm-cm5-0,ipsl-cm6a-lr,kace-1-0-g,miroc6,miroc-es2l,mpi-esm1-2-hr,mpi-esm1-2-lr,mri-esm2-0,nesm3,noresm2-lm,noresm2-mm,ukesm1-0-ll",World Bank Climate Change Knowledge Portal (CMIP6-x0.25),,1995-2014,SSP2-4.5,Precipitation
LUX,Luxembourg,910.4858095434226,centre_cell_mask_coslat_area_weighted,pr,ssp245,2040-2059,median,climatology,mm,ensemble of Precipitation,50.0,"access-cm2,access-esm1-5,bcc-csm2-mr,canesm5,cmcc-esm2,cnrm-cm6-1,cnrm-esm2-1,ec-earth3,ec-earth3-veg-lr,fgoals-g3,gfdl-cm4,gfdl-esm4,giss-e2-1-g,hadgem3-gc31-ll,inm-cm4-8,inm-cm5-0,ipsl-cm6a-lr,kace-1-0-g,miroc6,miroc-es2l,mpi-esm1-2-hr,mpi-esm1-2-lr,mri-esm2-0,nesm3,noresm2-lm,noresm2-mm,ukesm1-0-ll",World Bank Climate Change Knowledge Portal (CMIP6-x0.25),,,SSP2-4.5,Precipitation
LVA,Latvia,27.331046484104007,centre_cell_mask_coslat_area_weighted,pr,ssp245,2040-2059,median,anomaly,mm,ensemble of anomaly of Precipitation with reference period 1995-2014,50.0,"access-cm2,access-esm1-5,bcc-csm2-mr,canesm5,cmcc-esm2,cnrm-cm6-1,cnrm-esm2-1,ec-earth3,ec-earth3-veg-lr,fgoals-g3,gfdl-cm4,gfdl-esm4,giss-e2-1-g,hadgem3-gc31-ll,inm-cm4-8,inm-cm5-0,ipsl-cm6a-lr,kace-1-0-g,miroc6,miroc-es2l,mpi-esm1-2-hr,mpi-esm1-2-lr,mri-esm2-0,nesm3,noresm2-lm,noresm2-mm,ukesm1-0-ll",World Bank Climate Change Knowledge Portal (CMIP6-x0.25),,1995-2014,SSP2-4.5,Precipitation
LVA,Latvia,795.972200183111,centre_cell_mask_coslat_area_weighted,pr,ssp245,2040-2059,median,climatology,mm,ensemble of Precipitation,50.0,"access-cm2,access-esm1-5,bcc-csm2-mr,canesm5,cmcc-esm2,cnrm-cm6-1,cnrm-esm2-1,ec-earth3,ec-earth3-veg-lr,fgoals-g3,gfdl-cm4,gfdl-esm4,giss-e2-1-g,hadgem3-gc31-ll,inm-cm4-8,inm-cm5-0,ipsl-cm6a-lr,kace-1-0-g,miroc6,miroc-es2l,mpi-esm1-2-hr,mpi-esm1-2-lr,mri-esm2-0,nesm3,noresm2-lm,noresm2-mm,ukesm1-0-ll",World Bank Climate Change Knowledge Portal (CMIP6-x0.25),,,SSP2-4.5,Precipitation
MAC,"Macau, SAR",108.90457145701976,fractional_overlap_equal_area,pr,ssp245,2040-2059,median,anomaly,mm,ensemble of anomaly of Precipitation with reference period 1995-2014,50.0,"access-cm2,access-esm1-5,bcc-csm2-mr,canesm5,cmcc-esm2,cnrm-cm6-1,cnrm-esm2-1,ec-earth3,ec-earth3-veg-lr,fgoals-g3,gfdl-cm4,gfdl-esm4,giss-e2-1-g,hadgem3-gc31-ll,inm-cm4-8,inm-cm5-0,ipsl-cm6a-lr,kace-1-0-g,miroc6,miroc-es2l,mpi-esm1-2-hr,mpi-esm1-2-lr,mri-esm2-0,nesm3,noresm2-lm,noresm2-mm,ukesm1-0-ll",World Bank Climate Change Knowledge Portal (CMIP6-x0.25),,1995-2014,SSP2-4.5,Precipitation
MAC,"Macau, SAR",1927.1222042372742,fractional_overlap_equal_area,pr,ssp245,2040-2059,median,climatology,mm,ensemble of Precipitation,50.0,"access-cm2,access-esm1-5,bcc-csm2-mr,canesm5,cmcc-esm2,cnrm-cm6-1,cnrm-esm2-1,ec-earth3,ec-earth3-veg-lr,fgoals-g3,gfdl-cm4,gfdl-esm4,giss-e2-1-g,hadgem3-gc31-ll,inm-cm4-8,inm-cm5-0,ipsl-cm6a-lr,kace-1-0-g,miroc6,miroc-es2l,mpi-esm1-2-hr,mpi-esm1-2-lr,mri-esm2-0,nesm3,noresm2-lm,noresm2-mm,ukesm1-0-ll",World Bank Climate Change Knowledge Portal (CMIP6-x0.25),,,SSP2-4.5,Precipitation
MAF,Saint-Martin (Fr.),-16.655205576196355,fractional_overlap_equal_area,pr,ssp245,2040-2059,median,anomaly,mm,ensemble of anomaly of Precipitation with reference period 1995-2014,50.0,"access-cm2,access-esm1-5,bcc-csm2-mr,canesm5,cmcc-esm2,cnrm-cm6-1,cnrm-esm2-1,ec-earth3,ec-earth3-veg-lr,fgoals-g3,gfdl-cm4,gfdl-esm4,giss-e2-1-g,hadgem3-gc31-ll,inm-cm4-8,inm-cm5-0,ipsl-cm6a-lr,kace-1-0-g,miroc6,miroc-es2l,mpi-esm1-2-hr,mpi-esm1-2-lr,mri-esm2-0,nesm3,noresm2-lm,noresm2-mm,ukesm1-0-ll",World Bank Climate Change Knowledge Portal (CMIP6-x0.25),,1995-2014,SSP2-4.5,Precipitation
MAF,Saint-Martin (Fr.),839.8313253264649,fractional_overlap_equal_area,pr,ssp245,2040-2059,median,climatology,mm,ensemble of Precipitation,50.0,"access-cm2,access-esm1-5,bcc-csm2-mr,canesm5,cmcc-esm2,cnrm-cm6-1,cnrm-esm2-1,ec-earth3,ec-earth3-veg-lr,fgoals-g3,gfdl-cm4,gfdl-esm4,giss-e2-1-g,hadgem3-gc31-ll,inm-cm4-8,inm-cm5-0,ipsl-cm6a-lr,kace-1-0-g,miroc6,miroc-es2l,mpi-esm1-2-hr,mpi-esm1-2-lr,mri-esm2-0,nesm3,noresm2-lm,noresm2-mm,ukesm1-0-ll",World Bank Climate Change Knowledge Portal (CMIP6-x0.25),,,SSP2-4.5,Precipitation
MAR,Morocco,-26.389522932413183,centre_cell_mask_coslat_area_weighted,pr,ssp245,2040-2059,median,anomaly,mm,ensemble of anomaly of Precipitation with reference period 1995-2014,50.0,"access-cm2,access-esm1-5,bcc-csm2-mr,canesm5,cmcc-esm2,cnrm-cm6-1,cnrm-esm2-1,ec-earth3,ec-earth3-veg-lr,fgoals-g3,gfdl-cm4,gfdl-esm4,giss-e2-1-g,hadgem3-gc31-ll,inm-cm4-8,inm-cm5-0,ipsl-cm6a-lr,kace-1-0-g,miroc6,miroc-es2l,mpi-esm1-2-hr,mpi-esm1-2-lr,mri-esm2-0,nesm3,noresm2-lm,noresm2-mm,ukesm1-0-ll",World Bank Climate Change Knowledge Portal (CMIP6-x0.25),,1995-2014,SSP2-4.5,Precipitation
MAR,Morocco,275.1458585135365,centre_cell_mask_coslat_area_weighted,pr,ssp245,2040-2059,median,climatology,mm,ensemble of Precipitation,50.0,"access-cm2,access-esm1-5,bcc-csm2-mr,canesm5,cmcc-esm2,cnrm-cm6-1,cnrm-esm2-1,ec-earth3,ec-earth3-veg-lr,fgoals-g3,gfdl-cm4,gfdl-esm4,giss-e2-1-g,hadgem3-gc31-ll,inm-cm4-8,inm-cm5-0,ipsl-cm6a-lr,kace-1-0-g,miroc6,miroc-es2l,mpi-esm1-2-hr,mpi-esm1-2-lr,mri-esm2-0,nesm3,noresm2-lm,noresm2-mm,ukesm1-0-ll",World Bank Climate Change Knowledge Portal (CMIP6-x0.25),,,SSP2-4.5,Precipitation
MCO,Monaco,-20.27199935913086,fractional_overlap_equal_area,pr,ssp245,2040-2059,median,anomaly,mm,ensemble of anomaly of Precipitation with reference period 1995-2014,50.0,"access-cm2,access-esm1-5,bcc-csm2-mr,canesm5,cmcc-esm2,cnrm-cm6-1,cnrm-esm2-1,ec-earth3,ec-earth3-veg-lr,fgoals-g3,gfdl-cm4,gfdl-esm4,giss-e2-1-g,hadgem3-gc31-ll,inm-cm4-8,inm-cm5-0,ipsl-cm6a-lr,kace-1-0-g,miroc6,miroc-es2l,mpi-esm1-2-hr,mpi-esm1-2-lr,mri-esm2-0,nesm3,noresm2-lm,noresm2-mm,ukesm1-0-ll",World Bank Climate Change Knowledge Portal (CMIP6-x0.25),,1995-2014,SSP2-4.5,Precipitation
MCO,Monaco,835.9600219726562,fractional_overlap_equal_area,pr,ssp245,2040-2059,median,climatology,mm,ensemble of Precipitation,50.0,"access-cm2,access-esm1-5,bcc-csm2-mr,canesm5,cmcc-esm2,cnrm-cm6-1,cnrm-esm2-1,ec-earth3,ec-earth3-veg-lr,fgoals-g3,gfdl-cm4,gfdl-esm4,giss-e2-1-g,hadgem3-gc31-ll,inm-cm4-8,inm-cm5-0,ipsl-cm6a-lr,kace-1-0-g,miroc6,miroc-es2l,mpi-esm1-2-hr,mpi-esm1-2-lr,mri-esm2-0,nesm3,noresm2-lm,noresm2-mm,ukesm1-0-ll",World Bank Climate Change Knowledge Portal (CMIP6-x0.25),,,SSP2-4.5,Precipitation
MDA,Moldova,-2.0726324755759666,centre_cell_mask_coslat_area_weighted,pr,ssp245,2040-2059,median,anomaly,mm,ensemble of anomaly of Precipitation with reference period 1995-2014,50.0,"access-cm2,access-esm1-5,bcc-csm2-mr,canesm5,cmcc-esm2,cnrm-cm6-1,cnrm-esm2-1,ec-earth3,ec-earth3-veg-lr,fgoals-g3,gfdl-cm4,gfdl-esm4,giss-e2-1-g,hadgem3-gc31-ll,inm-cm4-8,inm-cm5-0,ipsl-cm6a-lr,kace-1-0-g,miroc6,miroc-es2l,mpi-esm1-2-hr,mpi-esm1-2-lr,mri-esm2-0,nesm3,noresm2-lm,noresm2-mm,ukesm1-0-ll",World Bank Climate Change Knowledge Portal (CMIP6-x0.25),,1995-2014,SSP2-4.5,Precipitation
MDA,Moldova,621.4983350900943,centre_cell_mask_coslat_area_weighted,pr,ssp245,2040-2059,median,climatology,mm,ensemble of Precipitation,50.0,"access-cm2,access-esm1-5,bcc-csm2-mr,canesm5,cmcc-esm2,cnrm-cm6-1,cnrm-esm2-1,ec-earth3,ec-earth3-veg-lr,fgoals-g3,gfdl-cm4,gfdl-esm4,giss-e2-1-g,hadgem3-gc31-ll,inm-cm4-8,inm-cm5-0,ipsl-cm6a-lr,kace-1-0-g,miroc6,miroc-es2l,mpi-esm1-2-hr,mpi-esm1-2-lr,mri-esm2-0,nesm3,noresm2-lm,noresm2-mm,ukesm1-0-ll",World Bank Climate Change Knowledge Portal (CMIP6-x0.25),,,SSP2-4.5,Precipitation
MDG,Madagascar,-4.610223880010959,centre_cell_mask_coslat_area_weighted,pr,ssp245,2040-2059,median,anomaly,mm,ensemble of anomaly of Precipitation with reference period 1995-2014,50.0,"access-cm2,access-esm1-5,bcc-csm2-mr,canesm5,cmcc-esm2,cnrm-cm6-1,cnrm-esm2-1,ec-earth3,ec-earth3-veg-lr,fgoals-g3,gfdl-cm4,gfdl-esm4,giss-e2-1-g,hadgem3-gc31-ll,inm-cm4-8,inm-cm5-0,ipsl-cm6a-lr,kace-1-0-g,miroc6,miroc-es2l,mpi-esm1-2-hr,mpi-esm1-2-lr,mri-esm2-0,nesm3,noresm2-lm,noresm2-mm,ukesm1-0-ll",World Bank Climate Change Knowledge Portal (CMIP6-x0.25),,1995-2014,SSP2-4.5,Precipitation
MDG,Madagascar,1394.9414544316814,centre_cell_mask_coslat_area_weighted,pr,ssp245,2040-2059,median,climatology,mm,ensemble of Precipitation,50.0,"access-cm2,access-esm1-5,bcc-csm2-mr,canesm5,cmcc-esm2,cnrm-cm6-1,cnrm-esm2-1,ec-earth3,ec-earth3-veg-lr,fgoals-g3,gfdl-cm4,gfdl-esm4,giss-e2-1-g,hadgem3-gc31-ll,inm-cm4-8,inm-cm5-0,ipsl-cm6a-lr,kace-1-0-g,miroc6,miroc-es2l,mpi-esm1-2-hr,mpi-esm1-2-lr,mri-esm2-0,nesm3,noresm2-lm,noresm2-mm,ukesm1-0-ll",World Bank Climate Change Knowledge Portal (CMIP6-x0.25),,,SSP2-4.5,Precipitation
MDV,Maldives,146.56500244140625,centre_cell_mask_coslat_area_weighted,pr,ssp245,2040-2059,median,anomaly,mm,ensemble of anomaly of Precipitation with reference period 1995-2014,50.0,"access-cm2,access-esm1-5,bcc-csm2-mr,canesm5,cmcc-esm2,cnrm-cm6-1,cnrm-esm2-1,ec-earth3,ec-earth3-veg-lr,fgoals-g3,gfdl-cm4,gfdl-esm4,giss-e2-1-g,hadgem3-gc31-ll,inm-cm4-8,inm-cm5-0,ipsl-cm6a-lr,kace-1-0-g,miroc6,miroc-es2l,mpi-esm1-2-hr,mpi-esm1-2-lr,mri-esm2-0,nesm3,noresm2-lm,noresm2-mm,ukesm1-0-ll",World Bank Climate Change Knowledge Portal (CMIP6-x0.25),,1995-2014,SSP2-4.5,Precipitation
MDV,Maldives,1903.7490234375,centre_cell_mask_coslat_area_weighted,pr,ssp245,2040-2059,median,climatology,mm,ensemble of Precipitation,50.0,"access-cm2,access-esm1-5,bcc-csm2-mr,canesm5,cmcc-esm2,cnrm-cm6-1,cnrm-esm2-1,ec-earth3,ec-earth3-veg-lr,fgoals-g3,gfdl-cm4,gfdl-esm4,giss-e2-1-g,hadgem3-gc31-ll,inm-cm4-8,inm-cm5-0,ipsl-cm6a-lr,kace-1-0-g,miroc6,miroc-es2l,mpi-esm1-2-hr,mpi-esm1-2-lr,mri-esm2-0,nesm3,noresm2-lm,noresm2-mm,ukesm1-0-ll",World Bank Climate Change Knowledge Portal (CMIP6-x0.25),,,SSP2-4.5,Precipitation
MEX,Mexico,2.074991313038882,centre_cell_mask_coslat_area_weighted,pr,ssp245,2040-2059,median,anomaly,mm,ensemble of anomaly of Precipitation with reference period 1995-2014,50.0,"access-cm2,access-esm1-5,bcc-csm2-mr,canesm5,cmcc-esm2,cnrm-cm6-1,cnrm-esm2-1,ec-earth3,ec-earth3-veg-lr,fgoals-g3,gfdl-cm4,gfdl-esm4,giss-e2-1-g,hadgem3-gc31-ll,inm-cm4-8,inm-cm5-0,ipsl-cm6a-lr,kace-1-0-g,miroc6,miroc-es2l,mpi-esm1-2-hr,mpi-esm1-2-lr,mri-esm2-0,nesm3,noresm2-lm,noresm2-mm,ukesm1-0-ll",World Bank Climate Change Knowledge Portal (CMIP6-x0.25),,1995-2014,SSP2-4.5,Precipitation
MEX,Mexico,808.1652222052359,centre_cell_mask_coslat_area_weighted,pr,ssp245,2040-2059,median,climatology,mm,ensemble of Precipitation,50.0,"access-cm2,access-esm1-5,bcc-csm2-mr,canesm5,cmcc-esm2,cnrm-cm6-1,cnrm-esm2-1,ec-earth3,ec-earth3-veg-lr,fgoals-g3,gfdl-cm4,gfdl-esm4,giss-e2-1-g,hadgem3-gc31-ll,inm-cm4-8,inm-cm5-0,ipsl-cm6a-lr,kace-1-0-g,miroc6,miroc-es2l,mpi-esm1-2-hr,mpi-esm1-2-lr,mri-esm2-0,nesm3,noresm2-lm,noresm2-mm,ukesm1-0-ll",World Bank Climate Change Knowledge Portal (CMIP6-x0.25),,,SSP2-4.5,Precipitation
MHL,Marshall Islands,29.583283540278828,fractional_overlap_equal_area,pr,ssp245,2040-2059,median,anomaly,mm,ensemble of anomaly of Precipitation with reference period 1995-2014,50.0,"access-cm2,access-esm1-5,bcc-csm2-mr,canesm5,cmcc-esm2,cnrm-cm6-1,cnrm-esm2-1,ec-earth3,ec-earth3-veg-lr,fgoals-g3,gfdl-cm4,gfdl-esm4,giss-e2-1-g,hadgem3-gc31-ll,inm-cm4-8,inm-cm5-0,ipsl-cm6a-lr,kace-1-0-g,miroc6,miroc-es2l,mpi-esm1-2-hr,mpi-esm1-2-lr,mri-esm2-0,nesm3,noresm2-lm,noresm2-mm,ukesm1-0-ll",World Bank Climate Change Knowledge Portal (CMIP6-x0.25),,1995-2014,SSP2-4.5,Precipitation
MHL,Marshall Islands,2700.1640342141554,fractional_overlap_equal_area,pr,ssp245,2040-2059,median,climatology,mm,ensemble of Precipitation,50.0,"access-cm2,access-esm1-5,bcc-csm2-mr,canesm5,cmcc-esm2,cnrm-cm6-1,cnrm-esm2-1,ec-earth3,ec-earth3-veg-lr,fgoals-g3,gfdl-cm4,gfdl-esm4,giss-e2-1-g,hadgem3-gc31-ll,inm-cm4-8,inm-cm5-0,ipsl-cm6a-lr,kace-1-0-g,miroc6,miroc-es2l,mpi-esm1-2-hr,mpi-esm1-2-lr,mri-esm2-0,nesm3,noresm2-lm,noresm2-mm,ukesm1-0-ll",World Bank Climate Change Knowledge Portal (CMIP6-x0.25),,,SSP2-4.5,Precipitation
MKD,North Macedonia,-28.609598430930088,centre_cell_mask_coslat_area_weighted,pr,ssp245,2040-2059,median,anomaly,mm,ensemble of anomaly of Precipitation with reference period 1995-2014,50.0,"access-cm2,access-esm1-5,bcc-csm2-mr,canesm5,cmcc-esm2,cnrm-cm6-1,cnrm-esm2-1,ec-earth3,ec-earth3-veg-lr,fgoals-g3,gfdl-cm4,gfdl-esm4,giss-e2-1-g,hadgem3-gc31-ll,inm-cm4-8,inm-cm5-0,ipsl-cm6a-lr,kace-1-0-g,miroc6,miroc-es2l,mpi-esm1-2-hr,mpi-esm1-2-lr,mri-esm2-0,nesm3,noresm2-lm,noresm2-mm,ukesm1-0-ll",World Bank Climate Change Knowledge Portal (CMIP6-x0.25),,1995-2014,SSP2-4.5,Precipitation
MKD,North Macedonia,726.5882266850949,centre_cell_mask_coslat_area_weighted,pr,ssp245,2040-2059,median,climatology,mm,ensemble of Precipitation,50.0,"access-cm2,access-esm1-5,bcc-csm2-mr,canesm5,cmcc-esm2,cnrm-cm6-1,cnrm-esm2-1,ec-earth3,ec-earth3-veg-lr,fgoals-g3,gfdl-cm4,gfdl-esm4,giss-e2-1-g,hadgem3-gc31-ll,inm-cm4-8,inm-cm5-0,ipsl-cm6a-lr,kace-1-0-g,miroc6,miroc-es2l,mpi-esm1-2-hr,mpi-esm1-2-lr,mri-esm2-0,nesm3,noresm2-lm,noresm2-mm,ukesm1-0-ll",World Bank Climate Change Knowledge Portal (CMIP6-x0.25),,,SSP2-4.5,Precipitation
MLI,Mali,10.689181695321073,centre_cell_mask_coslat_area_weighted,pr,ssp245,2040-2059,median,anomaly,mm,ensemble of anomaly of Precipitation with reference period 1995-2014,50.0,"access-cm2,access-esm1-5,bcc-csm2-mr,canesm5,cmcc-esm2,cnrm-cm6-1,cnrm-esm2-1,ec-earth3,ec-earth3-veg-lr,fgoals-g3,gfdl-cm4,gfdl-esm4,giss-e2-1-g,hadgem3-gc31-ll,inm-cm4-8,inm-cm5-0,ipsl-cm6a-lr,kace-1-0-g,miroc6,miroc-es2l,mpi-esm1-2-hr,mpi-esm1-2-lr,mri-esm2-0,nesm3,noresm2-lm,noresm2-mm,ukesm1-0-ll",World Bank Climate Change Knowledge Portal (CMIP6-x0.25),,1995-2014,SSP2-4.5,Precipitation
MLI,Mali,294.98386378764303,centre_cell_mask_coslat_area_weighted,pr,ssp245,2040-2059,median,climatology,mm,ensemble of Precipitation,50.0,"access-cm2,access-esm1-5,bcc-csm2-mr,canesm5,cmcc-esm2,cnrm-cm6-1,cnrm-esm2-1,ec-earth3,ec-earth3-veg-lr,fgoals-g3,gfdl-cm4,gfdl-esm4,giss-e2-1-g,hadgem3-gc31-ll,inm-cm4-8,inm-cm5-0,ipsl-cm6a-lr,kace-1-0-g,miroc6,miroc-es2l,mpi-esm1-2-hr,mpi-esm1-2-lr,mri-esm2-0,nesm3,noresm2-lm,noresm2-mm,ukesm1-0-ll",World Bank Climate Change Knowledge Portal (CMIP6-x0.25),,,SSP2-4.5,Precipitation
MLT,Malta,-38.8111491200212,fractional_overlap_equal_area,pr,ssp245,2040-2059,median,anomaly,mm,ensemble of anomaly of Precipitation with reference period 1995-2014,50.0,"access-cm2,access-esm1-5,bcc-csm2-mr,canesm5,cmcc-esm2,cnrm-cm6-1,cnrm-esm2-1,ec-earth3,ec-earth3-veg-lr,fgoals-g3,gfdl-cm4,gfdl-esm4,giss-e2-1-g,hadgem3-gc31-ll,inm-cm4-8,inm-cm5-0,ipsl-cm6a-lr,kace-1-0-g,miroc6,miroc-es2l,mpi-esm1-2-hr,mpi-esm1-2-lr,mri-esm2-0,nesm3,noresm2-lm,noresm2-mm,ukesm1-0-ll",World Bank Climate Change Knowledge Portal (CMIP6-x0.25),,1995-2014,SSP2-4.5,Precipitation
MLT,Malta,406.5698584417542,fractional_overlap_equal_area,pr,ssp245,2040-2059,median,climatology,mm,ensemble of Precipitation,50.0,"access-cm2,access-esm1-5,bcc-csm2-mr,canesm5,cmcc-esm2,cnrm-cm6-1,cnrm-esm2-1,ec-earth3,ec-earth3-veg-lr,fgoals-g3,gfdl-cm4,gfdl-esm4,giss-e2-1-g,hadgem3-gc31-ll,inm-cm4-8,inm-cm5-0,ipsl-cm6a-lr,kace-1-0-g,miroc6,miroc-es2l,mpi-esm1-2-hr,mpi-esm1-2-lr,mri-esm2-0,nesm3,noresm2-lm,noresm2-mm,ukesm1-0-ll",World Bank Climate Change Knowledge Portal (CMIP6-x0.25),,,SSP2-4.5,Precipitation
MMR,Myanmar,87.24952322684886,centre_cell_mask_coslat_area_weighted,pr,ssp245,2040-2059,median,anomaly,mm,ensemble of anomaly of Precipitation with reference period 1995-2014,50.0,"access-cm2,access-esm1-5,bcc-csm2-mr,canesm5,cmcc-esm2,cnrm-cm6-1,cnrm-esm2-1,ec-earth3,ec-earth3-veg-lr,fgoals-g3,gfdl-cm4,gfdl-esm4,giss-e2-1-g,hadgem3-gc31-ll,inm-cm4-8,inm-cm5-0,ipsl-cm6a-lr,kace-1-0-g,miroc6,miroc-es2l,mpi-esm1-2-hr,mpi-esm1-2-lr,mri-esm2-0,nesm3,noresm2-lm,noresm2-mm,ukesm1-0-ll",World Bank Climate Change Knowledge Portal (CMIP6-x0.25),,1995-2014,SSP2-4.5,Precipitation
MMR,Myanmar,2482.3152131794427,centre_cell_mask_coslat_area_weighted,pr,ssp245,2040-2059,median,climatology,mm,ensemble of Precipitation,50.0,"access-cm2,access-esm1-5,bcc-csm2-mr,canesm5,cmcc-esm2,cnrm-cm6-1,cnrm-esm2-1,ec-earth3,ec-earth3-veg-lr,fgoals-g3,gfdl-cm4,gfdl-esm4,giss-e2-1-g,hadgem3-gc31-ll,inm-cm4-8,inm-cm5-0,ipsl-cm6a-lr,kace-1-0-g,miroc6,miroc-es2l,mpi-esm1-2-hr,mpi-esm1-2-lr,mri-esm2-0,nesm3,noresm2-lm,noresm2-mm,ukesm1-0-ll",World Bank Climate Change Knowledge Portal (CMIP6-x0.25),,,SSP2-4.5,Precipitation
MNE,Montenegro,-43.10071261101689,centre_cell_mask_coslat_area_weighted,pr,ssp245,2040-2059,median,anomaly,mm,ensemble of anomaly of Precipitation with reference period 1995-2014,50.0,"access-cm2,access-esm1-5,bcc-csm2-mr,canesm5,cmcc-esm2,cnrm-cm6-1,cnrm-esm2-1,ec-earth3,ec-earth3-veg-lr,fgoals-g3,gfdl-cm4,gfdl-esm4,giss-e2-1-g,hadgem3-gc31-ll,inm-cm4-8,inm-cm5-0,ipsl-cm6a-lr,kace-1-0-g,miroc6,miroc-es2l,mpi-esm1-2-hr,mpi-esm1-2-lr,mri-esm2-0,nesm3,noresm2-lm,noresm2-mm,ukesm1-0-ll",World Bank Climate Change Knowledge Portal (CMIP6-x0.25),,1995-2014,SSP2-4.5,Precipitation
MNE,Montenegro,1570.708328256635,centre_cell_mask_coslat_area_weighted,pr,ssp245,2040-2059,median,climatology,mm,ensemble of Precipitation,50.0,"access-cm2,access-esm1-5,bcc-csm2-mr,canesm5,cmcc-esm2,cnrm-cm6-1,cnrm-esm2-1,ec-earth3,ec-earth3-veg-lr,fgoals-g3,gfdl-cm4,gfdl-esm4,giss-e2-1-g,hadgem3-gc31-ll,inm-cm4-8,inm-cm5-0,ipsl-cm6a-lr,kace-1-0-g,miroc6,miroc-es2l,mpi-esm1-2-hr,mpi-esm1-2-lr,mri-esm2-0,nesm3,noresm2-lm,noresm2-mm,ukesm1-0-ll",World Bank Climate Change Knowledge Portal (CMIP6-x0.25),,,SSP2-4.5,Precipitation
MNG,Mongolia,12.259375854201476,centre_cell_mask_coslat_area_weighted,pr,ssp245,2040-2059,median,anomaly,mm,ensemble of anomaly of Precipitation with reference period 1995-2014,50.0,"access-cm2,access-esm1-5,bcc-csm2-mr,canesm5,cmcc-esm2,cnrm-cm6-1,cnrm-esm2-1,ec-earth3,ec-earth3-veg-lr,fgoals-g3,gfdl-cm4,gfdl-esm4,giss-e2-1-g,hadgem3-gc31-ll,inm-cm4-8,inm-cm5-0,ipsl-cm6a-lr,kace-1-0-g,miroc6,miroc-es2l,mpi-esm1-2-hr,mpi-esm1-2-lr,mri-esm2-0,nesm3,noresm2-lm,noresm2-mm,ukesm1-0-ll",World Bank Climate Change Knowledge Portal (CMIP6-x0.25),,1995-2014,SSP2-4.5,Precipitation
MNG,Mongolia,298.99558061263207,centre_cell_mask_coslat_area_weighted,pr,ssp245,2040-2059,median,climatology,mm,ensemble of Precipitation,50.0,"access-cm2,access-esm1-5,bcc-csm2-mr,canesm5,cmcc-esm2,cnrm-cm6-1,cnrm-esm2-1,ec-earth3,ec-earth3-veg-lr,fgoals-g3,gfdl-cm4,gfdl-esm4,giss-e2-1-g,hadgem3-gc31-ll,inm-cm4-8,inm-cm5-0,ipsl-cm6a-lr,kace-1-0-g,miroc6,miroc-es2l,mpi-esm1-2-hr,mpi-esm1-2-lr,mri-esm2-0,nesm3,noresm2-lm,noresm2-mm,ukesm1-0-ll",World Bank Climate Change Knowledge Portal (CMIP6-x0.25),,,SSP2-4.5,Precipitation
MNP,Northern Mariana Islands (U.S.),38.62073755911522,fractional_overlap_equal_area,pr,ssp245,2040-2059,median,anomaly,mm,ensemble of anomaly of Precipitation with reference period 1995-2014,50.0,"access-cm2,access-esm1-5,bcc-csm2-mr,canesm5,cmcc-esm2,cnrm-cm6-1,cnrm-esm2-1,ec-earth3,ec-earth3-veg-lr,fgoals-g3,gfdl-cm4,gfdl-esm4,giss-e2-1-g,hadgem3-gc31-ll,inm-cm4-8,inm-cm5-0,ipsl-cm6a-lr,kace-1-0-g,miroc6,miroc-es2l,mpi-esm1-2-hr,mpi-esm1-2-lr,mri-esm2-0,nesm3,noresm2-lm,noresm2-mm,ukesm1-0-ll",World Bank Climate Change Knowledge Portal (CMIP6-x0.25),,1995-2014,SSP2-4.5,Precipitation
MNP,Northern Mariana Islands (U.S.),1830.0509761540297,fractional_overlap_equal_area,pr,ssp245,2040-2059,median,climatology,mm,ensemble of Precipitation,50.0,"access-cm2,access-esm1-5,bcc-csm2-mr,canesm5,cmcc-esm2,cnrm-cm6-1,cnrm-esm2-1,ec-earth3,ec-earth3-veg-lr,fgoals-g3,gfdl-cm4,gfdl-esm4,giss-e2-1-g,hadgem3-gc31-ll,inm-cm4-8,inm-cm5-0,ipsl-cm6a-lr,kace-1-0-g,miroc6,miroc-es2l,mpi-esm1-2-hr,mpi-esm1-2-lr,mri-esm2-0,nesm3,noresm2-lm,noresm2-mm,ukesm1-0-ll",World Bank Climate Change Knowledge Portal (CMIP6-x0.25),,,SSP2-4.5,Precipitation
MOZ,Mozambique,-21.611174374606023,centre_cell_mask_coslat_area_weighted,pr,ssp245,2040-2059,median,anomaly,mm,ensemble of anomaly of Precipitation with reference period 1995-2014,50.0,"access-cm2,access-esm1-5,bcc-csm2-mr,canesm5,cmcc-esm2,cnrm-cm6-1,cnrm-esm2-1,ec-earth3,ec-earth3-veg-lr,fgoals-g3,gfdl-cm4,gfdl-esm4,giss-e2-1-g,hadgem3-gc31-ll,inm-cm4-8,inm-cm5-0,ipsl-cm6a-lr,kace-1-0-g,miroc6,miroc-es2l,mpi-esm1-2-hr,mpi-esm1-2-lr,mri-esm2-0,nesm3,noresm2-lm,noresm2-mm,ukesm1-0-ll",World Bank Climate Change Knowledge Portal (CMIP6-x0.25),,1995-2014,SSP2-4.5,Precipitation
MOZ,Mozambique,858.1653493658866,centre_cell_mask_coslat_area_weighted,pr,ssp245,2040-2059,median,climatology,mm,ensemble of Precipitation,50.0,"access-cm2,access-esm1-5,bcc-csm2-mr,canesm5,cmcc-esm2,cnrm-cm6-1,cnrm-esm2-1,ec-earth3,ec-earth3-veg-lr,fgoals-g3,gfdl-cm4,gfdl-esm4,giss-e2-1-g,hadgem3-gc31-ll,inm-cm4-8,inm-cm5-0,ipsl-cm6a-lr,kace-1-0-g,miroc6,miroc-es2l,mpi-esm1-2-hr,mpi-esm1-2-lr,mri-esm2-0,nesm3,noresm2-lm,noresm2-mm,ukesm1-0-ll",World Bank Climate Change Knowledge Portal (CMIP6-x0.25),,,SSP2-4.5,Precipitation
MRT,Mauritania,2.667504064321251,centre_cell_mask_coslat_area_weighted,pr,ssp245,2040-2059,median,anomaly,mm,ensemble of anomaly of Precipitation with reference period 1995-2014,50.0,"access-cm2,access-esm1-5,bcc-csm2-mr,canesm5,cmcc-esm2,cnrm-cm6-1,cnrm-esm2-1,ec-earth3,ec-earth3-veg-lr,fgoals-g3,gfdl-cm4,gfdl-esm4,giss-e2-1-g,hadgem3-gc31-ll,inm-cm4-8,inm-cm5-0,ipsl-cm6a-lr,kace-1-0-g,miroc6,miroc-es2l,mpi-esm1-2-hr,mpi-esm1-2-lr,mri-esm2-0,nesm3,noresm2-lm,noresm2-mm,ukesm1-0-ll",World Bank Climate Change Knowledge Portal (CMIP6-x0.25),,1995-2014,SSP2-4.5,Precipitation
MRT,Mauritania,77.62780891506033,centre_cell_mask_coslat_area_weighted,pr,ssp245,2040-2059,median,climatology,mm,ensemble of Precipitation,50.0,"access-cm2,access-esm1-5,bcc-csm2-mr,canesm5,cmcc-esm2,cnrm-cm6-1,cnrm-esm2-1,ec-earth3,ec-earth3-veg-lr,fgoals-g3,gfdl-cm4,gfdl-esm4,giss-e2-1-g,hadgem3-gc31-ll,inm-cm4-8,inm-cm5-0,ipsl-cm6a-lr,kace-1-0-g,miroc6,miroc-es2l,mpi-esm1-2-hr,mpi-esm1-2-lr,mri-esm2-0,nesm3,noresm2-lm,noresm2-mm,ukesm1-0-ll",World Bank Climate Change Knowledge Portal (CMIP6-x0.25),,,SSP2-4.5,Precipitation
MSR,Montserrat (U.K.),-30.136999130249023,fractional_overlap_equal_area,pr,ssp245,2040-2059,median,anomaly,mm,ensemble of anomaly of Precipitation with reference period 1995-2014,50.0,"access-cm2,access-esm1-5,bcc-csm2-mr,canesm5,cmcc-esm2,cnrm-cm6-1,cnrm-esm2-1,ec-earth3,ec-earth3-veg-lr,fgoals-g3,gfdl-cm4,gfdl-esm4,giss-e2-1-g,hadgem3-gc31-ll,inm-cm4-8,inm-cm5-0,ipsl-cm6a-lr,kace-1-0-g,miroc6,miroc-es2l,mpi-esm1-2-hr,mpi-esm1-2-lr,mri-esm2-0,nesm3,noresm2-lm,noresm2-mm,ukesm1-0-ll",World Bank Climate Change Knowledge Portal (CMIP6-x0.25),,1995-2014,SSP2-4.5,Precipitation
MSR,Montserrat (U.K.),802.7459716796875,fractional_overlap_equal_area,pr,ssp245,2040-2059,median,climatology,mm,ensemble of Precipitation,50.0,"access-cm2,access-esm1-5,bcc-csm2-mr,canesm5,cmcc-esm2,cnrm-cm6-1,cnrm-esm2-1,ec-earth3,ec-earth3-veg-lr,fgoals-g3,gfdl-cm4,gfdl-esm4,giss-e2-1-g,hadgem3-gc31-ll,inm-cm4-8,inm-cm5-0,ipsl-cm6a-lr,kace-1-0-g,miroc6,miroc-es2l,mpi-esm1-2-hr,mpi-esm1-2-lr,mri-esm2-0,nesm3,noresm2-lm,noresm2-mm,ukesm1-0-ll",World Bank Climate Change Knowledge Portal (CMIP6-x0.25),,,SSP2-4.5,Precipitation
MTQ,France,-66.73919692709521,centre_cell_mask_coslat_area_weighted,pr,ssp245,2040-2059,median,anomaly,mm,ensemble of anomaly of Precipitation with reference period 1995-2014,50.0,"access-cm2,access-esm1-5,bcc-csm2-mr,canesm5,cmcc-esm2,cnrm-cm6-1,cnrm-esm2-1,ec-earth3,ec-earth3-veg-lr,fgoals-g3,gfdl-cm4,gfdl-esm4,giss-e2-1-g,hadgem3-gc31-ll,inm-cm4-8,inm-cm5-0,ipsl-cm6a-lr,kace-1-0-g,miroc6,miroc-es2l,mpi-esm1-2-hr,mpi-esm1-2-lr,mri-esm2-0,nesm3,noresm2-lm,noresm2-mm,ukesm1-0-ll",World Bank Climate Change Knowledge Portal (CMIP6-x0.25),,1995-2014,SSP2-4.5,Precipitation
MTQ,France,1045.9605091680382,centre_cell_mask_coslat_area_weighted,pr,ssp245,2040-2059,median,climatology,mm,ensemble of Precipitation,50.0,"access-cm2,access-esm1-5,bcc-csm2-mr,canesm5,cmcc-esm2,cnrm-cm6-1,cnrm-esm2-1,ec-earth3,ec-earth3-veg-lr,fgoals-g3,gfdl-cm4,gfdl-esm4,giss-e2-1-g,hadgem3-gc31-ll,inm-cm4-8,inm-cm5-0,ipsl-cm6a-lr,kace-1-0-g,miroc6,miroc-es2l,mpi-esm1-2-hr,mpi-esm1-2-lr,mri-esm2-0,nesm3,noresm2-lm,noresm2-mm,ukesm1-0-ll",World Bank Climate Change Knowledge Portal (CMIP6-x0.25),,,SSP2-4.5,Precipitation
MUS,Mauritius,16.425753725376136,centre_cell_mask_coslat_area_weighted,pr,ssp245,2040-2059,median,anomaly,mm,ensemble of anomaly of Precipitation with reference period 1995-2014,50.0,"access-cm2,access-esm1-5,bcc-csm2-mr,canesm5,cmcc-esm2,cnrm-cm6-1,cnrm-esm2-1,ec-earth3,ec-earth3-veg-lr,fgoals-g3,gfdl-cm4,gfdl-esm4,giss-e2-1-g,hadgem3-gc31-ll,inm-cm4-8,inm-cm5-0,ipsl-cm6a-lr,kace-1-0-g,miroc6,miroc-es2l,mpi-esm1-2-hr,mpi-esm1-2-lr,mri-esm2-0,nesm3,noresm2-lm,noresm2-mm,ukesm1-0-ll",World Bank Climate Change Knowledge Portal (CMIP6-x0.25),,1995-2014,SSP2-4.5,Precipitation
MUS,Mauritius,1128.6520987023296,centre_cell_mask_coslat_area_weighted,pr,ssp245,2040-2059,median,climatology,mm,ensemble of Precipitation,50.0,"access-cm2,access-esm1-5,bcc-csm2-mr,canesm5,cmcc-esm2,cnrm-cm6-1,cnrm-esm2-1,ec-earth3,ec-earth3-veg-lr,fgoals-g3,gfdl-cm4,gfdl-esm4,giss-e2-1-g,hadgem3-gc31-ll,inm-cm4-8,inm-cm5-0,ipsl-cm6a-lr,kace-1-0-g,miroc6,miroc-es2l,mpi-esm1-2-hr,mpi-esm1-2-lr,mri-esm2-0,nesm3,noresm2-lm,noresm2-mm,ukesm1-0-ll",World Bank Climate Change Knowledge Portal (CMIP6-x0.25),,,SSP2-4.5,Precipitation
MWI,Malawi,-27.963466373177493,centre_cell_mask_coslat_area_weighted,pr,ssp245,2040-2059,median,anomaly,mm,ensemble of anomaly of Precipitation with reference period 1995-2014,50.0,"access-cm2,access-esm1-5,bcc-csm2-mr,canesm5,cmcc-esm2,cnrm-cm6-1,cnrm-esm2-1,ec-earth3,ec-earth3-veg-lr,fgoals-g3,gfdl-cm4,gfdl-esm4,giss-e2-1-g,hadgem3-gc31-ll,inm-cm4-8,inm-cm5-0,ipsl-cm6a-lr,kace-1-0-g,miroc6,miroc-es2l,mpi-esm1-2-hr,mpi-esm1-2-lr,mri-esm2-0,nesm3,noresm2-lm,noresm2-mm,ukesm1-0-ll",World Bank Climate Change Knowledge Portal (CMIP6-x0.25),,1995-2014,SSP2-4.5,Precipitation
MWI,Malawi,1333.2129017454747,centre_cell_mask_coslat_area_weighted,pr,ssp245,2040-2059,median,climatology,mm,ensemble of Precipitation,50.0,"access-cm2,access-esm1-5,bcc-csm2-mr,canesm5,cmcc-esm2,cnrm-cm6-1,cnrm-esm2-1,ec-earth3,ec-earth3-veg-lr,fgoals-g3,gfdl-cm4,gfdl-esm4,giss-e2-1-g,hadgem3-gc31-ll,inm-cm4-8,inm-cm5-0,ipsl-cm6a-lr,kace-1-0-g,miroc6,miroc-es2l,mpi-esm1-2-hr,mpi-esm1-2-lr,mri-esm2-0,nesm3,noresm2-lm,noresm2-mm,ukesm1-0-ll",World Bank Climate Change Knowledge Portal (CMIP6-x0.25),,,SSP2-4.5,Precipitation
MYS,Malaysia,104.10234868673896,centre_cell_mask_coslat_area_weighted,pr,ssp245,2040-2059,median,anomaly,mm,ensemble of anomaly of Precipitation with reference period 1995-2014,50.0,"access-cm2,access-esm1-5,bcc-csm2-mr,canesm5,cmcc-esm2,cnrm-cm6-1,cnrm-esm2-1,ec-earth3,ec-earth3-veg-lr,fgoals-g3,gfdl-cm4,gfdl-esm4,giss-e2-1-g,hadgem3-gc31-ll,inm-cm4-8,inm-cm5-0,ipsl-cm6a-lr,kace-1-0-g,miroc6,miroc-es2l,mpi-esm1-2-hr,mpi-esm1-2-lr,mri-esm2-0,nesm3,noresm2-lm,noresm2-mm,ukesm1-0-ll",World Bank Climate Change Knowledge Portal (CMIP6-x0.25),,1995-2014,SSP2-4.5,Precipitation
MYS,Malaysia,2921.184942937895,centre_cell_mask_coslat_area_weighted,pr,ssp245,2040-2059,median,climatology,mm,ensemble of Precipitation,50.0,"access-cm2,access-esm1-5,bcc-csm2-mr,canesm5,cmcc-esm2,cnrm-cm6-1,cnrm-esm2-1,ec-earth3,ec-earth3-veg-lr,fgoals-g3,gfdl-cm4,gfdl-esm4,giss-e2-1-g,hadgem3-gc31-ll,inm-cm4-8,inm-cm5-0,ipsl-cm6a-lr,kace-1-0-g,miroc6,miroc-es2l,mpi-esm1-2-hr,mpi-esm1-2-lr,mri-esm2-0,nesm3,noresm2-lm,noresm2-mm,ukesm1-0-ll",World Bank Climate Change Knowledge Portal (CMIP6-x0.25),,,SSP2-4.5,Precipitation
MYT,France,-5.739284466551549,fractional_overlap_equal_area,pr,ssp245,2040-2059,median,anomaly,mm,ensemble of anomaly of Precipitation with reference period 1995-2014,50.0,"access-cm2,access-esm1-5,bcc-csm2-mr,canesm5,cmcc-esm2,cnrm-cm6-1,cnrm-esm2-1,ec-earth3,ec-earth3-veg-lr,fgoals-g3,gfdl-cm4,gfdl-esm4,giss-e2-1-g,hadgem3-gc31-ll,inm-cm4-8,inm-cm5-0,ipsl-cm6a-lr,kace-1-0-g,miroc6,miroc-es2l,mpi-esm1-2-hr,mpi-esm1-2-lr,mri-esm2-0,nesm3,noresm2-lm,noresm2-mm,ukesm1-0-ll",World Bank Climate Change Knowledge Portal (CMIP6-x0.25),,1995-2014,SSP2-4.5,Precipitation
MYT,France,1034.4102302751585,fractional_overlap_equal_area,pr,ssp245,2040-2059,median,climatology,mm,ensemble of Precipitation,50.0,"access-cm2,access-esm1-5,bcc-csm2-mr,canesm5,cmcc-esm2,cnrm-cm6-1,cnrm-esm2-1,ec-earth3,ec-earth3-veg-lr,fgoals-g3,gfdl-cm4,gfdl-esm4,giss-e2-1-g,hadgem3-gc31-ll,inm-cm4-8,inm-cm5-0,ipsl-cm6a-lr,kace-1-0-g,miroc6,miroc-es2l,mpi-esm1-2-hr,mpi-esm1-2-lr,mri-esm2-0,nesm3,noresm2-lm,noresm2-mm,ukesm1-0-ll",World Bank Climate Change Knowledge Portal (CMIP6-x0.25),,,SSP2-4.5,Precipitation
NAM,Namibia,-18.845253454354875,centre_cell_mask_coslat_area_weighted,pr,ssp245,2040-2059,median,anomaly,mm,ensemble of anomaly of Precipitation with reference period 1995-2014,50.0,"access-cm2,access-esm1-5,bcc-csm2-mr,canesm5,cmcc-esm2,cnrm-cm6-1,cnrm-esm2-1,ec-earth3,ec-earth3-veg-lr,fgoals-g3,gfdl-cm4,gfdl-esm4,giss-e2-1-g,hadgem3-gc31-ll,inm-cm4-8,inm-cm5-0,ipsl-cm6a-lr,kace-1-0-g,miroc6,miroc-es2l,mpi-esm1-2-hr,mpi-esm1-2-lr,mri-esm2-0,nesm3,noresm2-lm,noresm2-mm,ukesm1-0-ll",World Bank Climate Change Knowledge Portal (CMIP6-x0.25),,1995-2014,SSP2-4.5,Precipitation
NAM,Namibia,308.492563160682,centre_cell_mask_coslat_area_weighted,pr,ssp245,2040-2059,median,climatology,mm,ensemble of Precipitation,50.0,"access-cm2,access-esm1-5,bcc-csm2-mr,canesm5,cmcc-esm2,cnrm-cm6-1,cnrm-esm2-1,ec-earth3,ec-earth3-veg-lr,fgoals-g3,gfdl-cm4,gfdl-esm4,giss-e2-1-g,hadgem3-gc31-ll,inm-cm4-8,inm-cm5-0,ipsl-cm6a-lr,kace-1-0-g,miroc6,miroc-es2l,mpi-esm1-2-hr,mpi-esm1-2-lr,mri-esm2-0,nesm3,noresm2-lm,noresm2-mm,ukesm1-0-ll",World Bank Climate Change Knowledge Portal (CMIP6-x0.25),,,SSP2-4.5,Precipitation
NCL,New Caledonia (Fr.),7.952368679101146,centre_cell_mask_coslat_area_weighted,pr,ssp245,2040-2059,median,anomaly,mm,ensemble of anomaly of Precipitation with reference period 1995-2014,50.0,"access-cm2,access-esm1-5,bcc-csm2-mr,canesm5,cmcc-esm2,cnrm-cm6-1,cnrm-esm2-1,ec-earth3,ec-earth3-veg-lr,fgoals-g3,gfdl-cm4,gfdl-esm4,giss-e2-1-g,hadgem3-gc31-ll,inm-cm4-8,inm-cm5-0,ipsl-cm6a-lr,kace-1-0-g,miroc6,miroc-es2l,mpi-esm1-2-hr,mpi-esm1-2-lr,mri-esm2-0,nesm3,noresm2-lm,noresm2-mm,ukesm1-0-ll",World Bank Climate Change Knowledge Portal (CMIP6-x0.25),,1995-2014,SSP2-4.5,Precipitation
NCL,New Caledonia (Fr.),1461.147357994227,centre_cell_mask_coslat_area_weighted,pr,ssp245,2040-2059,median,climatology,mm,ensemble of Precipitation,50.0,"access-cm2,access-esm1-5,bcc-csm2-mr,canesm5,cmcc-esm2,cnrm-cm6-1,cnrm-esm2-1,ec-earth3,ec-earth3-veg-lr,fgoals-g3,gfdl-cm4,gfdl-esm4,giss-e2-1-g,hadgem3-gc31-ll,inm-cm4-8,inm-cm5-0,ipsl-cm6a-lr,kace-1-0-g,miroc6,miroc-es2l,mpi-esm1-2-hr,mpi-esm1-2-lr,mri-esm2-0,nesm3,noresm2-lm,noresm2-mm,ukesm1-0-ll",World Bank Climate Change Knowledge Portal (CMIP6-x0.25),,,SSP2-4.5,Precipitation
NER,Niger,19.13579854103461,centre_cell_mask_coslat_area_weighted,pr,ssp245,2040-2059,median,anomaly,mm,ensemble of anomaly of Precipitation with reference period 1995-2014,50.0,"access-cm2,access-esm1-5,bcc-csm2-mr,canesm5,cmcc-esm2,cnrm-cm6-1,cnrm-esm2-1,ec-earth3,ec-earth3-veg-lr,fgoals-g3,gfdl-cm4,gfdl-esm4,giss-e2-1-g,hadgem3-gc31-ll,inm-cm4-8,inm-cm5-0,ipsl-cm6a-lr,kace-1-0-g,miroc6,miroc-es2l,mpi-esm1-2-hr,mpi-esm1-2-lr,mri-esm2-0,nesm3,noresm2-lm,noresm2-mm,ukesm1-0-ll",World Bank Climate Change Knowledge Portal (CMIP6-x0.25),,1995-2014,SSP2-4.5,Precipitation
NER,Niger,124.12933420720019,centre_cell_mask_coslat_area_weighted,pr,ssp245,2040-2059,median,climatology,mm,ensemble of Precipitation,50.0,"access-cm2,access-esm1-5,bcc-csm2-mr,canesm5,cmcc-esm2,cnrm-cm6-1,cnrm-esm2-1,ec-earth3,ec-earth3-veg-lr,fgoals-g3,gfdl-cm4,gfdl-esm4,giss-e2-1-g,hadgem3-gc31-ll,inm-cm4-8,inm-cm5-0,ipsl-cm6a-lr,kace-1-0-g,miroc6,miroc-es2l,mpi-esm1-2-hr,mpi-esm1-2-lr,mri-esm2-0,nesm3,noresm2-lm,noresm2-mm,ukesm1-0-ll",World Bank Climate Change Knowledge Portal (CMIP6-x0.25),,,SSP2-4.5,Precipitation
NFK,Norfolk Island (Aus.),-25.53391425082226,fractional_overlap_equal_area,pr,ssp245,2040-2059,median,anomaly,mm,ensemble of anomaly of Precipitation with reference period 1995-2014,50.0,"access-cm2,access-esm1-5,bcc-csm2-mr,canesm5,cmcc-esm2,cnrm-cm6-1,cnrm-esm2-1,ec-earth3,ec-earth3-veg-lr,fgoals-g3,gfdl-cm4,gfdl-esm4,giss-e2-1-g,hadgem3-gc31-ll,inm-cm4-8,inm-cm5-0,ipsl-cm6a-lr,kace-1-0-g,miroc6,miroc-es2l,mpi-esm1-2-hr,mpi-esm1-2-lr,mri-esm2-0,nesm3,noresm2-lm,noresm2-mm,ukesm1-0-ll",World Bank Climate Change Knowledge Portal (CMIP6-x0.25),,1995-2014,SSP2-4.5,Precipitation
NFK,Norfolk Island (Aus.),989.1757930785678,fractional_overlap_equal_area,pr,ssp245,2040-2059,median,climatology,mm,ensemble of Precipitation,50.0,"access-cm2,access-esm1-5,bcc-csm2-mr,canesm5,cmcc-esm2,cnrm-cm6-1,cnrm-esm2-1,ec-earth3,ec-earth3-veg-lr,fgoals-g3,gfdl-cm4,gfdl-esm4,giss-e2-1-g,hadgem3-gc31-ll,inm-cm4-8,inm-cm5-0,ipsl-cm6a-lr,kace-1-0-g,miroc6,miroc-es2l,mpi-esm1-2-hr,mpi-esm1-2-lr,mri-esm2-0,nesm3,noresm2-lm,noresm2-mm,ukesm1-0-ll",World Bank Climate Change Knowledge Portal (CMIP6-x0.25),,,SSP2-4.5,Precipitation
NGA,Nigeria,56.048116207823334,centre_cell_mask_coslat_area_weighted,pr,ssp245,2040-2059,median,anomaly,mm,ensemble of anomaly of Precipitation with reference period 1995-2014,50.0,"access-cm2,access-esm1-5,bcc-csm2-mr,canesm5,cmcc-esm2,cnrm-cm6-1,cnrm-esm2-1,ec-earth3,ec-earth3-veg-lr,fgoals-g3,gfdl-cm4,gfdl-esm4,giss-e2-1-g,hadgem3-gc31-ll,inm-cm4-8,inm-cm5-0,ipsl-cm6a-lr,kace-1-0-g,miroc6,miroc-es2l,mpi-esm1-2-hr,mpi-esm1-2-lr,mri-esm2-0,nesm3,noresm2-lm,noresm2-mm,ukesm1-0-ll",World Bank Climate Change Knowledge Portal (CMIP6-x0.25),,1995-2014,SSP2-4.5,Precipitation
NGA,Nigeria,1166.7218295992595,centre_cell_mask_coslat_area_weighted,pr,ssp245,2040-2059,median,climatology,mm,ensemble of Precipitation,50.0,"access-cm2,access-esm1-5,bcc-csm2-mr,canesm5,cmcc-esm2,cnrm-cm6-1,cnrm-esm2-1,ec-earth3,ec-earth3-veg-lr,fgoals-g3,gfdl-cm4,gfdl-esm4,giss-e2-1-g,hadgem3-gc31-ll,inm-cm4-8,inm-cm5-0,ipsl-cm6a-lr,kace-1-0-g,miroc6,miroc-es2l,mpi-esm1-2-hr,mpi-esm1-2-lr,mri-esm2-0,nesm3,noresm2-lm,noresm2-mm,ukesm1-0-ll",World Bank Climate Change Knowledge Portal (CMIP6-x0.25),,,SSP2-4.5,Precipitation
NIC,Nicaragua,-30.478133844168497,centre_cell_mask_coslat_area_weighted,pr,ssp245,2040-2059,median,anomaly,mm,ensemble of anomaly of Precipitation with reference period 1995-2014,50.0,"access-cm2,access-esm1-5,bcc-csm2-mr,canesm5,cmcc-esm2,cnrm-cm6-1,cnrm-esm2-1,ec-earth3,ec-earth3-veg-lr,fgoals-g3,gfdl-cm4,gfdl-esm4,giss-e2-1-g,hadgem3-gc31-ll,inm-cm4-8,inm-cm5-0,ipsl-cm6a-lr,kace-1-0-g,miroc6,miroc-es2l,mpi-esm1-2-hr,mpi-esm1-2-lr,mri-esm2-0,nesm3,noresm2-lm,noresm2-mm,ukesm1-0-ll",World Bank Climate Change Knowledge Portal (CMIP6-x0.25),,1995-2014,SSP2-4.5,Precipitation
NIC,Nicaragua,1660.6549608654948,centre_cell_mask_coslat_area_weighted,pr,ssp245,2040-2059,median,climatology,mm,ensemble of Precipitation,50.0,"access-cm2,access-esm1-5,bcc-csm2-mr,canesm5,cmcc-esm2,cnrm-cm6-1,cnrm-esm2-1,ec-earth3,ec-earth3-veg-lr,fgoals-g3,gfdl-cm4,gfdl-esm4,giss-e2-1-g,hadgem3-gc31-ll,inm-cm4-8,inm-cm5-0,ipsl-cm6a-lr,kace-1-0-g,miroc6,miroc-es2l,mpi-esm1-2-hr,mpi-esm1-2-lr,mri-esm2-0,nesm3,noresm2-lm,noresm2-mm,ukesm1-0-ll",World Bank Climate Change Knowledge Portal (CMIP6-x0.25),,,SSP2-4.5,Precipitation
NIU,Niue (N.Z.),22.269126009507158,fractional_overlap_equal_area,pr,ssp245,2040-2059,median,anomaly,mm,ensemble of anomaly of Precipitation with reference period 1995-2014,50.0,"access-cm2,access-esm1-5,bcc-csm2-mr,canesm5,cmcc-esm2,cnrm-cm6-1,cnrm-esm2-1,ec-earth3,ec-earth3-veg-lr,fgoals-g3,gfdl-cm4,gfdl-esm4,giss-e2-1-g,hadgem3-gc31-ll,inm-cm4-8,inm-cm5-0,ipsl-cm6a-lr,kace-1-0-g,miroc6,miroc-es2l,mpi-esm1-2-hr,mpi-esm1-2-lr,mri-esm2-0,nesm3,noresm2-lm,noresm2-mm,ukesm1-0-ll",World Bank Climate Change Knowledge Portal (CMIP6-x0.25),,1995-2014,SSP2-4.5,Precipitation
NIU,Niue (N.Z.),1819.3874119475465,fractional_overlap_equal_area,pr,ssp245,2040-2059,median,climatology,mm,ensemble of Precipitation,50.0,"access-cm2,access-esm1-5,bcc-csm2-mr,canesm5,cmcc-esm2,cnrm-cm6-1,cnrm-esm2-1,ec-earth3,ec-earth3-veg-lr,fgoals-g3,gfdl-cm4,gfdl-esm4,giss-e2-1-g,hadgem3-gc31-ll,inm-cm4-8,inm-cm5-0,ipsl-cm6a-lr,kace-1-0-g,miroc6,miroc-es2l,mpi-esm1-2-hr,mpi-esm1-2-lr,mri-esm2-0,nesm3,noresm2-lm,noresm2-mm,ukesm1-0-ll",World Bank Climate Change Knowledge Portal (CMIP6-x0.25),,,SSP2-4.5,Precipitation
NLD,Netherlands,4.010218622432012,centre_cell_mask_coslat_area_weighted,pr,ssp245,2040-2059,median,anomaly,mm,ensemble of anomaly of Precipitation with reference period 1995-2014,50.0,"access-cm2,access-esm1-5,bcc-csm2-mr,canesm5,cmcc-esm2,cnrm-cm6-1,cnrm-esm2-1,ec-earth3,ec-earth3-veg-lr,fgoals-g3,gfdl-cm4,gfdl-esm4,giss-e2-1-g,hadgem3-gc31-ll,inm-cm4-8,inm-cm5-0,ipsl-cm6a-lr,kace-1-0-g,miroc6,miroc-es2l,mpi-esm1-2-hr,mpi-esm1-2-lr,mri-esm2-0,nesm3,noresm2-lm,noresm2-mm,ukesm1-0-ll",World Bank Climate Change Knowledge Portal (CMIP6-x0.25),,1995-2014,SSP2-4.5,Precipitation
NLD,Netherlands,856.4790688511832,centre_cell_mask_coslat_area_weighted,pr,ssp245,2040-2059,median,climatology,mm,ensemble of Precipitation,50.0,"access-cm2,access-esm1-5,bcc-csm2-mr,canesm5,cmcc-esm2,cnrm-cm6-1,cnrm-esm2-1,ec-earth3,ec-earth3-veg-lr,fgoals-g3,gfdl-cm4,gfdl-esm4,giss-e2-1-g,hadgem3-gc31-ll,inm-cm4-8,inm-cm5-0,ipsl-cm6a-lr,kace-1-0-g,miroc6,miroc-es2l,mpi-esm1-2-hr,mpi-esm1-2-lr,mri-esm2-0,nesm3,noresm2-lm,noresm2-mm,ukesm1-0-ll",World Bank Climate Change Knowledge Portal (CMIP6-x0.25),,,SSP2-4.5,Precipitation
NOR,Norway,79.92072304523113,centre_cell_mask_coslat_area_weighted,pr,ssp245,2040-2059,median,anomaly,mm,ensemble of anomaly of Precipitation with reference period 1995-2014,50.0,"access-cm2,access-esm1-5,bcc-csm2-mr,canesm5,cmcc-esm2,cnrm-cm6-1,cnrm-esm2-1,ec-earth3,ec-earth3-veg-lr,fgoals-g3,gfdl-cm4,gfdl-esm4,giss-e2-1-g,hadgem3-gc31-ll,inm-cm4-8,inm-cm5-0,ipsl-cm6a-lr,kace-1-0-g,miroc6,miroc-es2l,mpi-esm1-2-hr,mpi-esm1-2-lr,mri-esm2-0,nesm3,noresm2-lm,noresm2-mm,ukesm1-0-ll",World Bank Climate Change Knowledge Portal (CMIP6-x0.25),,1995-2014,SSP2-4.5,Precipitation
NOR,Norway,1364.919375416421,centre_cell_mask_coslat_area_weighted,pr,ssp245,2040-2059,median,climatology,mm,ensemble of Precipitation,50.0,"access-cm2,access-esm1-5,bcc-csm2-mr,canesm5,cmcc-esm2,cnrm-cm6-1,cnrm-esm2-1,ec-earth3,ec-earth3-veg-lr,fgoals-g3,gfdl-cm4,gfdl-esm4,giss-e2-1-g,hadgem3-gc31-ll,inm-cm4-8,inm-cm5-0,ipsl-cm6a-lr,kace-1-0-g,miroc6,miroc-es2l,mpi-esm1-2-hr,mpi-esm1-2-lr,mri-esm2-0,nesm3,noresm2-lm,noresm2-mm,ukesm1-0-ll",World Bank Climate Change Knowledge Portal (CMIP6-x0.25),,,SSP2-4.5,Precipitation
NPL,Nepal,109.53643975463287,centre_cell_mask_coslat_area_weighted,pr,ssp245,2040-2059,median,anomaly,mm,ensemble of anomaly of Precipitation with reference period 1995-2014,50.0,"access-cm2,access-esm1-5,bcc-csm2-mr,canesm5,cmcc-esm2,cnrm-cm6-1,cnrm-esm2-1,ec-earth3,ec-earth3-veg-lr,fgoals-g3,gfdl-cm4,gfdl-esm4,giss-e2-1-g,hadgem3-gc31-ll,inm-cm4-8,inm-cm5-0,ipsl-cm6a-lr,kace-1-0-g,miroc6,miroc-es2l,mpi-esm1-2-hr,mpi-esm1-2-lr,mri-esm2-0,nesm3,noresm2-lm,noresm2-mm,ukesm1-0-ll",World Bank Climate Change Knowledge Portal (CMIP6-x0.25),,1995-2014,SSP2-4.5,Precipitation
NPL,Nepal,2157.421813973429,centre_cell_mask_coslat_area_weighted,pr,ssp245,2040-2059,median,climatology,mm,ensemble of Precipitation,50.0,"access-cm2,access-esm1-5,bcc-csm2-mr,canesm5,cmcc-esm2,cnrm-cm6-1,cnrm-esm2-1,ec-earth3,ec-earth3-veg-lr,fgoals-g3,gfdl-cm4,gfdl-esm4,giss-e2-1-g,hadgem3-gc31-ll,inm-cm4-8,inm-cm5-0,ipsl-cm6a-lr,kace-1-0-g,miroc6,miroc-es2l,mpi-esm1-2-hr,mpi-esm1-2-lr,mri-esm2-0,nesm3,noresm2-lm,noresm2-mm,ukesm1-0-ll",World Bank Climate Change Knowledge Portal (CMIP6-x0.25),,,SSP2-4.5,Precipitation
NRU,Nauru,251.15699768066406,fractional_overlap_equal_area,pr,ssp245,2040-2059,median,anomaly,mm,ensemble of anomaly of Precipitation with reference period 1995-2014,50.0,"access-cm2,access-esm1-5,bcc-csm2-mr,canesm5,cmcc-esm2,cnrm-cm6-1,cnrm-esm2-1,ec-earth3,ec-earth3-veg-lr,fgoals-g3,gfdl-cm4,gfdl-esm4,giss-e2-1-g,hadgem3-gc31-ll,inm-cm4-8,inm-cm5-0,ipsl-cm6a-lr,kace-1-0-g,miroc6,miroc-es2l,mpi-esm1-2-hr,mpi-esm1-2-lr,mri-esm2-0,nesm3,noresm2-lm,noresm2-mm,ukesm1-0-ll",World Bank Climate Change Knowledge Portal (CMIP6-x0.25),,1995-2014,SSP2-4.5,Precipitation
NRU,Nauru,2220.90087890625,fractional_overlap_equal_area,pr,ssp245,2040-2059,median,climatology,mm,ensemble of Precipitation,50.0,"access-cm2,access-esm1-5,bcc-csm2-mr,canesm5,cmcc-esm2,cnrm-cm6-1,cnrm-esm2-1,ec-earth3,ec-earth3-veg-lr,fgoals-g3,gfdl-cm4,gfdl-esm4,giss-e2-1-g,hadgem3-gc31-ll,inm-cm4-8,inm-cm5-0,ipsl-cm6a-lr,kace-1-0-g,miroc6,miroc-es2l,mpi-esm1-2-hr,mpi-esm1-2-lr,mri-esm2-0,nesm3,noresm2-lm,noresm2-mm,ukesm1-0-ll",World Bank Climate Change Knowledge Portal (CMIP6-x0.25),,,SSP2-4.5,Precipitation
NZL,New Zealand,24.64604028492442,centre_cell_mask_coslat_area_weighted,pr,ssp245,2040-2059,median,anomaly,mm,ensemble of anomaly of Precipitation with reference period 1995-2014,50.0,"access-cm2,access-esm1-5,bcc-csm2-mr,canesm5,cmcc-esm2,cnrm-cm6-1,cnrm-esm2-1,ec-earth3,ec-earth3-veg-lr,fgoals-g3,gfdl-cm4,gfdl-esm4,giss-e2-1-g,hadgem3-gc31-ll,inm-cm4-8,inm-cm5-0,ipsl-cm6a-lr,kace-1-0-g,miroc6,miroc-es2l,mpi-esm1-2-hr,mpi-esm1-2-lr,mri-esm2-0,nesm3,noresm2-lm,noresm2-mm,ukesm1-0-ll",World Bank Climate Change Knowledge Portal (CMIP6-x0.25),,1995-2014,SSP2-4.5,Precipitation
NZL,New Zealand,1607.6508816515714,centre_cell_mask_coslat_area_weighted,pr,ssp245,2040-2059,median,climatology,mm,ensemble of Precipitation,50.0,"access-cm2,access-esm1-5,bcc-csm2-mr,canesm5,cmcc-esm2,cnrm-cm6-1,cnrm-esm2-1,ec-earth3,ec-earth3-veg-lr,fgoals-g3,gfdl-cm4,gfdl-esm4,giss-e2-1-g,hadgem3-gc31-ll,inm-cm4-8,inm-cm5-0,ipsl-cm6a-lr,kace-1-0-g,miroc6,miroc-es2l,mpi-esm1-2-hr,mpi-esm1-2-lr,mri-esm2-0,nesm3,noresm2-lm,noresm2-mm,ukesm1-0-ll",World Bank Climate Change Knowledge Portal (CMIP6-x0.25),,,SSP2-4.5,Precipitation
OMN,Oman,11.053368009071141,centre_cell_mask_coslat_area_weighted,pr,ssp245,2040-2059,median,anomaly,mm,ensemble of anomaly of Precipitation with reference period 1995-2014,50.0,"access-cm2,access-esm1-5,bcc-csm2-mr,canesm5,cmcc-esm2,cnrm-cm6-1,cnrm-esm2-1,ec-earth3,ec-earth3-veg-lr,fgoals-g3,gfdl-cm4,gfdl-esm4,giss-e2-1-g,hadgem3-gc31-ll,inm-cm4-8,inm-cm5-0,ipsl-cm6a-lr,kace-1-0-g,miroc6,miroc-es2l,mpi-esm1-2-hr,mpi-esm1-2-lr,mri-esm2-0,nesm3,noresm2-lm,noresm2-mm,ukesm1-0-ll",World Bank Climate Change Knowledge Portal (CMIP6-x0.25),,1995-2014,SSP2-4.5,Precipitation
OMN,Oman,59.49215331350993,centre_cell_mask_coslat_area_weighted,pr,ssp245,2040-2059,median,climatology,mm,ensemble of Precipitation,50.0,"access-cm2,access-esm1-5,bcc-csm2-mr,canesm5,cmcc-esm2,cnrm-cm6-1,cnrm-esm2-1,ec-earth3,ec-earth3-veg-lr,fgoals-g3,gfdl-cm4,gfdl-esm4,giss-e2-1-g,hadgem3-gc31-ll,inm-cm4-8,inm-cm5-0,ipsl-cm6a-lr,kace-1-0-g,miroc6,miroc-es2l,mpi-esm1-2-hr,mpi-esm1-2-lr,mri-esm2-0,nesm3,noresm2-lm,noresm2-mm,ukesm1-0-ll",World Bank Climate Change Knowledge Portal (CMIP6-x0.25),,,SSP2-4.5,Precipitation
PAK,Pakistan,29.28611283575474,centre_cell_mask_coslat_area_weighted,pr,ssp245,2040-2059,median,anomaly,mm,ensemble of anomaly of Precipitation with reference period 1995-2014,50.0,"access-cm2,access-esm1-5,bcc-csm2-mr,canesm5,cmcc-esm2,cnrm-cm6-1,cnrm-esm2-1,ec-earth3,ec-earth3-veg-lr,fgoals-g3,gfdl-cm4,gfdl-esm4,giss-e2-1-g,hadgem3-gc31-ll,inm-cm4-8,inm-cm5-0,ipsl-cm6a-lr,kace-1-0-g,miroc6,miroc-es2l,mpi-esm1-2-hr,mpi-esm1-2-lr,mri-esm2-0,nesm3,noresm2-lm,noresm2-mm,ukesm1-0-ll",World Bank Climate Change Knowledge Portal (CMIP6-x0.25),,1995-2014,SSP2-4.5,Precipitation
PAK,Pakistan,412.57032290529,centre_cell_mask_coslat_area_weighted,pr,ssp245,2040-2059,median,climatology,mm,ensemble of Precipitation,50.0,"access-cm2,access-esm1-5,bcc-csm2-mr,canesm5,cmcc-esm2,cnrm-cm6-1,cnrm-esm2-1,ec-earth3,ec-earth3-veg-lr,fgoals-g3,gfdl-cm4,gfdl-esm4,giss-e2-1-g,hadgem3-gc31-ll,inm-cm4-8,inm-cm5-0,ipsl-cm6a-lr,kace-1-0-g,miroc6,miroc-es2l,mpi-esm1-2-hr,mpi-esm1-2-lr,mri-esm2-0,nesm3,noresm2-lm,noresm2-mm,ukesm1-0-ll",World Bank Climate Change Knowledge Portal (CMIP6-x0.25),,,SSP2-4.5,Precipitation
PAN,Panama,156.80007864590718,centre_cell_mask_coslat_area_weighted,pr,ssp245,2040-2059,median,anomaly,mm,ensemble of anomaly of Precipitation with reference period 1995-2014,50.0,"access-cm2,access-esm1-5,bcc-csm2-mr,canesm5,cmcc-esm2,cnrm-cm6-1,cnrm-esm2-1,ec-earth3,ec-earth3-veg-lr,fgoals-g3,gfdl-cm4,gfdl-esm4,giss-e2-1-g,hadgem3-gc31-ll,inm-cm4-8,inm-cm5-0,ipsl-cm6a-lr,kace-1-0-g,miroc6,miroc-es2l,mpi-esm1-2-hr,mpi-esm1-2-lr,mri-esm2-0,nesm3,noresm2-lm,noresm2-mm,ukesm1-0-ll",World Bank Climate Change Knowledge Portal (CMIP6-x0.25),,1995-2014,SSP2-4.5,Precipitation
PAN,Panama,3376.5825081439634,centre_cell_mask_coslat_area_weighted,pr,ssp245,2040-2059,median,climatology,mm,ensemble of Precipitation,50.0,"access-cm2,access-esm1-5,bcc-csm2-mr,canesm5,cmcc-esm2,cnrm-cm6-1,cnrm-esm2-1,ec-earth3,ec-earth3-veg-lr,fgoals-g3,gfdl-cm4,gfdl-esm4,giss-e2-1-g,hadgem3-gc31-ll,inm-cm4-8,inm-cm5-0,ipsl-cm6a-lr,kace-1-0-g,miroc6,miroc-es2l,mpi-esm1-2-hr,mpi-esm1-2-lr,mri-esm2-0,nesm3,noresm2-lm,noresm2-mm,ukesm1-0-ll",World Bank Climate Change Knowledge Portal (CMIP6-x0.25),,,SSP2-4.5,Precipitation
PCN,Pitcairn Islands (U.K.),-101.69507868846996,fractional_overlap_equal_area,pr,ssp245,2040-2059,median,anomaly,mm,ensemble of anomaly of Precipitation with reference period 1995-2014,50.0,"access-cm2,access-esm1-5,bcc-csm2-mr,canesm5,cmcc-esm2,cnrm-cm6-1,cnrm-esm2-1,ec-earth3,ec-earth3-veg-lr,fgoals-g3,gfdl-cm4,gfdl-esm4,giss-e2-1-g,hadgem3-gc31-ll,inm-cm4-8,inm-cm5-0,ipsl-cm6a-lr,kace-1-0-g,miroc6,miroc-es2l,mpi-esm1-2-hr,mpi-esm1-2-lr,mri-esm2-0,nesm3,noresm2-lm,noresm2-mm,ukesm1-0-ll",World Bank Climate Change Knowledge Portal (CMIP6-x0.25),,1995-2014,SSP2-4.5,Precipitation
PCN,Pitcairn Islands (U.K.),1265.3055666574487,fractional_overlap_equal_area,pr,ssp245,2040-2059,median,climatology,mm,ensemble of Precipitation,50.0,"access-cm2,access-esm1-5,bcc-csm2-mr,canesm5,cmcc-esm2,cnrm-cm6-1,cnrm-esm2-1,ec-earth3,ec-earth3-veg-lr,fgoals-g3,gfdl-cm4,gfdl-esm4,giss-e2-1-g,hadgem3-gc31-ll,inm-cm4-8,inm-cm5-0,ipsl-cm6a-lr,kace-1-0-g,miroc6,miroc-es2l,mpi-esm1-2-hr,mpi-esm1-2-lr,mri-esm2-0,nesm3,noresm2-lm,noresm2-mm,ukesm1-0-ll",World Bank Climate Change Knowledge Portal (CMIP6-x0.25),,,SSP2-4.5,Precipitation
PER,Peru,2.011546618939406,centre_cell_mask_coslat_area_weighted,pr,ssp245,2040-2059,median,anomaly,mm,ensemble of anomaly of Precipitation with reference period 1995-2014,50.0,"access-cm2,access-esm1-5,bcc-csm2-mr,canesm5,cmcc-esm2,cnrm-cm6-1,cnrm-esm2-1,ec-earth3,ec-earth3-veg-lr,fgoals-g3,gfdl-cm4,gfdl-esm4,giss-e2-1-g,hadgem3-gc31-ll,inm-cm4-8,inm-cm5-0,ipsl-cm6a-lr,kace-1-0-g,miroc6,miroc-es2l,mpi-esm1-2-hr,mpi-esm1-2-lr,mri-esm2-0,nesm3,noresm2-lm,noresm2-mm,ukesm1-0-ll",World Bank Climate Change Knowledge Portal (CMIP6-x0.25),,1995-2014,SSP2-4.5,Precipitation
PER,Peru,2110.1454700393165,centre_cell_mask_coslat_area_weighted,pr,ssp245,2040-2059,median,climatology,mm,ensemble of Precipitation,50.0,"access-cm2,access-esm1-5,bcc-csm2-mr,canesm5,cmcc-esm2,cnrm-cm6-1,cnrm-esm2-1,ec-earth3,ec-earth3-veg-lr,fgoals-g3,gfdl-cm4,gfdl-esm4,giss-e2-1-g,hadgem3-gc31-ll,inm-cm4-8,inm-cm5-0,ipsl-cm6a-lr,kace-1-0-g,miroc6,miroc-es2l,mpi-esm1-2-hr,mpi-esm1-2-lr,mri-esm2-0,nesm3,noresm2-lm,noresm2-mm,ukesm1-0-ll",World Bank Climate Change Knowledge Portal (CMIP6-x0.25),,,SSP2-4.5,Precipitation
PHL,Philippines,94.85143462469279,centre_cell_mask_coslat_area_weighted,pr,ssp245,2040-2059,median,anomaly,mm,ensemble of anomaly of Precipitation with reference period 1995-2014,50.0,"access-cm2,access-esm1-5,bcc-csm2-mr,canesm5,cmcc-esm2,cnrm-cm6-1,cnrm-esm2-1,ec-earth3,ec-earth3-veg-lr,fgoals-g3,gfdl-cm4,gfdl-esm4,giss-e2-1-g,hadgem3-gc31-ll,inm-cm4-8,inm-cm5-0,ipsl-cm6a-lr,kace-1-0-g,miroc6,miroc-es2l,mpi-esm1-2-hr,mpi-esm1-2-lr,mri-esm2-0,nesm3,noresm2-lm,noresm2-mm,ukesm1-0-ll",World Bank Climate Change Knowledge Portal (CMIP6-x0.25),,1995-2014,SSP2-4.5,Precipitation
PHL,Philippines,2563.9189127897685,centre_cell_mask_coslat_area_weighted,pr,ssp245,2040-2059,median,climatology,mm,ensemble of Precipitation,50.0,"access-cm2,access-esm1-5,bcc-csm2-mr,canesm5,cmcc-esm2,cnrm-cm6-1,cnrm-esm2-1,ec-earth3,ec-earth3-veg-lr,fgoals-g3,gfdl-cm4,gfdl-esm4,giss-e2-1-g,hadgem3-gc31-ll,inm-cm4-8,inm-cm5-0,ipsl-cm6a-lr,kace-1-0-g,miroc6,miroc-es2l,mpi-esm1-2-hr,mpi-esm1-2-lr,mri-esm2-0,nesm3,noresm2-lm,noresm2-mm,ukesm1-0-ll",World Bank Climate Change Knowledge Portal (CMIP6-x0.25),,,SSP2-4.5,Precipitation
PLW,Palau,85.37506488892296,centre_cell_mask_coslat_area_weighted,pr,ssp245,2040-2059,median,anomaly,mm,ensemble of anomaly of Precipitation with reference period 1995-2014,50.0,"access-cm2,access-esm1-5,bcc-csm2-mr,canesm5,cmcc-esm2,cnrm-cm6-1,cnrm-esm2-1,ec-earth3,ec-earth3-veg-lr,fgoals-g3,gfdl-cm4,gfdl-esm4,giss-e2-1-g,hadgem3-gc31-ll,inm-cm4-8,inm-cm5-0,ipsl-cm6a-lr,kace-1-0-g,miroc6,miroc-es2l,mpi-esm1-2-hr,mpi-esm1-2-lr,mri-esm2-0,nesm3,noresm2-lm,noresm2-mm,ukesm1-0-ll",World Bank Climate Change Knowledge Portal (CMIP6-x0.25),,1995-2014,SSP2-4.5,Precipitation
PLW,Palau,2983.1206368068224,centre_cell_mask_coslat_area_weighted,pr,ssp245,2040-2059,median,climatology,mm,ensemble of Precipitation,50.0,"access-cm2,access-esm1-5,bcc-csm2-mr,canesm5,cmcc-esm2,cnrm-cm6-1,cnrm-esm2-1,ec-earth3,ec-earth3-veg-lr,fgoals-g3,gfdl-cm4,gfdl-esm4,giss-e2-1-g,hadgem3-gc31-ll,inm-cm4-8,inm-cm5-0,ipsl-cm6a-lr,kace-1-0-g,miroc6,miroc-es2l,mpi-esm1-2-hr,mpi-esm1-2-lr,mri-esm2-0,nesm3,noresm2-lm,noresm2-mm,ukesm1-0-ll",World Bank Climate Change Knowledge Portal (CMIP6-x0.25),,,SSP2-4.5,Precipitation
PNG,Papua New Guinea,142.97615618108122,centre_cell_mask_coslat_area_weighted,pr,ssp245,2040-2059,median,anomaly,mm,ensemble of anomaly of Precipitation with reference period 1995-2014,50.0,"access-cm2,access-esm1-5,bcc-csm2-mr,canesm5,cmcc-esm2,cnrm-cm6-1,cnrm-esm2-1,ec-earth3,ec-earth3-veg-lr,fgoals-g3,gfdl-cm4,gfdl-esm4,giss-e2-1-g,hadgem3-gc31-ll,inm-cm4-8,inm-cm5-0,ipsl-cm6a-lr,kace-1-0-g,miroc6,miroc-es2l,mpi-esm1-2-hr,mpi-esm1-2-lr,mri-esm2-0,nesm3,noresm2-lm,noresm2-mm,ukesm1-0-ll",World Bank Climate Change Knowledge Portal (CMIP6-x0.25),,1995-2014,SSP2-4.5,Precipitation
PNG,Papua New Guinea,3905.294007677262,centre_cell_mask_coslat_area_weighted,pr,ssp245,2040-2059,median,climatology,mm,ensemble of Precipitation,50.0,"access-cm2,access-esm1-5,bcc-csm2-mr,canesm5,cmcc-esm2,cnrm-cm6-1,cnrm-esm2-1,ec-earth3,ec-earth3-veg-lr,fgoals-g3,gfdl-cm4,gfdl-esm4,giss-e2-1-g,hadgem3-gc31-ll,inm-cm4-8,inm-cm5-0,ipsl-cm6a-lr,kace-1-0-g,miroc6,miroc-es2l,mpi-esm1-2-hr,mpi-esm1-2-lr,mri-esm2-0,nesm3,noresm2-lm,noresm2-mm,ukesm1-0-ll",World Bank Climate Change Knowledge Portal (CMIP6-x0.25),,,SSP2-4.5,Precipitation
POL,Poland,20.688694425313674,centre_cell_mask_coslat_area_weighted,pr,ssp245,2040-2059,median,anomaly,mm,ensemble of anomaly of Precipitation with reference period 1995-2014,50.0,"access-cm2,access-esm1-5,bcc-csm2-mr,canesm5,cmcc-esm2,cnrm-cm6-1,cnrm-esm2-1,ec-earth3,ec-earth3-veg-lr,fgoals-g3,gfdl-cm4,gfdl-esm4,giss-e2-1-g,hadgem3-gc31-ll,inm-cm4-8,inm-cm5-0,ipsl-cm6a-lr,kace-1-0-g,miroc6,miroc-es2l,mpi-esm1-2-hr,mpi-esm1-2-lr,mri-esm2-0,nesm3,noresm2-lm,noresm2-mm,ukesm1-0-ll",World Bank Climate Change Knowledge Portal (CMIP6-x0.25),,1995-2014,SSP2-4.5,Precipitation
POL,Poland,786.4372657872594,centre_cell_mask_coslat_area_weighted,pr,ssp245,2040-2059,median,climatology,mm,ensemble of Precipitation,50.0,"access-cm2,access-esm1-5,bcc-csm2-mr,canesm5,cmcc-esm2,cnrm-cm6-1,cnrm-esm2-1,ec-earth3,ec-earth3-veg-lr,fgoals-g3,gfdl-cm4,gfdl-esm4,giss-e2-1-g,hadgem3-gc31-ll,inm-cm4-8,inm-cm5-0,ipsl-cm6a-lr,kace-1-0-g,miroc6,miroc-es2l,mpi-esm1-2-hr,mpi-esm1-2-lr,mri-esm2-0,nesm3,noresm2-lm,noresm2-mm,ukesm1-0-ll",World Bank Climate Change Knowledge Portal (CMIP6-x0.25),,,SSP2-4.5,Precipitation
PRI,Puerto Rico (U.S.),-34.323968104565836,centre_cell_mask_coslat_area_weighted,pr,ssp245,2040-2059,median,anomaly,mm,ensemble of anomaly of Precipitation with reference period 1995-2014,50.0,"access-cm2,access-esm1-5,bcc-csm2-mr,canesm5,cmcc-esm2,cnrm-cm6-1,cnrm-esm2-1,ec-earth3,ec-earth3-veg-lr,fgoals-g3,gfdl-cm4,gfdl-esm4,giss-e2-1-g,hadgem3-gc31-ll,inm-cm4-8,inm-cm5-0,ipsl-cm6a-lr,kace-1-0-g,miroc6,miroc-es2l,mpi-esm1-2-hr,mpi-esm1-2-lr,mri-esm2-0,nesm3,noresm2-lm,noresm2-mm,ukesm1-0-ll",World Bank Climate Change Knowledge Portal (CMIP6-x0.25),,1995-2014,SSP2-4.5,Precipitation
PRI,Puerto Rico (U.S.),1046.524927223819,centre_cell_mask_coslat_area_weighted,pr,ssp245,2040-2059,median,climatology,mm,ensemble of Precipitation,50.0,"access-cm2,access-esm1-5,bcc-csm2-mr,canesm5,cmcc-esm2,cnrm-cm6-1,cnrm-esm2-1,ec-earth3,ec-earth3-veg-lr,fgoals-g3,gfdl-cm4,gfdl-esm4,giss-e2-1-g,hadgem3-gc31-ll,inm-cm4-8,inm-cm5-0,ipsl-cm6a-lr,kace-1-0-g,miroc6,miroc-es2l,mpi-esm1-2-hr,mpi-esm1-2-lr,mri-esm2-0,nesm3,noresm2-lm,noresm2-mm,ukesm1-0-ll",World Bank Climate Change Knowledge Portal (CMIP6-x0.25),,,SSP2-4.5,Precipitation
PRK,D. P. R. of Korea,91.6103685873948,centre_cell_mask_coslat_area_weighted,pr,ssp245,2040-2059,median,anomaly,mm,ensemble of anomaly of Precipitation with reference period 1995-2014,50.0,"access-cm2,access-esm1-5,bcc-csm2-mr,canesm5,cmcc-esm2,cnrm-cm6-1,cnrm-esm2-1,ec-earth3,ec-earth3-veg-lr,fgoals-g3,gfdl-cm4,gfdl-esm4,giss-e2-1-g,hadgem3-gc31-ll,inm-cm4-8,inm-cm5-0,ipsl-cm6a-lr,kace-1-0-g,miroc6,miroc-es2l,mpi-esm1-2-hr,mpi-esm1-2-lr,mri-esm2-0,nesm3,noresm2-lm,noresm2-mm,ukesm1-0-ll",World Bank Climate Change Knowledge Portal (CMIP6-x0.25),,1995-2014,SSP2-4.5,Precipitation
PRK,D. P. R. of Korea,1290.5219374317717,centre_cell_mask_coslat_area_weighted,pr,ssp245,2040-2059,median,climatology,mm,ensemble of Precipitation,50.0,"access-cm2,access-esm1-5,bcc-csm2-mr,canesm5,cmcc-esm2,cnrm-cm6-1,cnrm-esm2-1,ec-earth3,ec-earth3-veg-lr,fgoals-g3,gfdl-cm4,gfdl-esm4,giss-e2-1-g,hadgem3-gc31-ll,inm-cm4-8,inm-cm5-0,ipsl-cm6a-lr,kace-1-0-g,miroc6,miroc-es2l,mpi-esm1-2-hr,mpi-esm1-2-lr,mri-esm2-0,nesm3,noresm2-lm,noresm2-mm,ukesm1-0-ll",World Bank Climate Change Knowledge Portal (CMIP6-x0.25),,,SSP2-4.5,Precipitation
PRT,Portugal,-67.83191003591395,centre_cell_mask_coslat_area_weighted,pr,ssp245,2040-2059,median,anomaly,mm,ensemble of anomaly of Precipitation with reference period 1995-2014,50.0,"access-cm2,access-esm1-5,bcc-csm2-mr,canesm5,cmcc-esm2,cnrm-cm6-1,cnrm-esm2-1,ec-earth3,ec-earth3-veg-lr,fgoals-g3,gfdl-cm4,gfdl-esm4,giss-e2-1-g,hadgem3-gc31-ll,inm-cm4-8,inm-cm5-0,ipsl-cm6a-lr,kace-1-0-g,miroc6,miroc-es2l,mpi-esm1-2-hr,mpi-esm1-2-lr,mri-esm2-0,nesm3,noresm2-lm,noresm2-mm,ukesm1-0-ll",World Bank Climate Change Knowledge Portal (CMIP6-x0.25),,1995-2014,SSP2-4.5,Precipitation
PRT,Portugal,756.7959276012886,centre_cell_mask_coslat_area_weighted,pr,ssp245,2040-2059,median,climatology,mm,ensemble of Precipitation,50.0,"access-cm2,access-esm1-5,bcc-csm2-mr,canesm5,cmcc-esm2,cnrm-cm6-1,cnrm-esm2-1,ec-earth3,ec-earth3-veg-lr,fgoals-g3,gfdl-cm4,gfdl-esm4,giss-e2-1-g,hadgem3-gc31-ll,inm-cm4-8,inm-cm5-0,ipsl-cm6a-lr,kace-1-0-g,miroc6,miroc-es2l,mpi-esm1-2-hr,mpi-esm1-2-lr,mri-esm2-0,nesm3,noresm2-lm,noresm2-mm,ukesm1-0-ll",World Bank Climate Change Knowledge Portal (CMIP6-x0.25),,,SSP2-4.5,Precipitation
PRY,Paraguay,-12.028461301180458,centre_cell_mask_coslat_area_weighted,pr,ssp245,2040-2059,median,anomaly,mm,ensemble of anomaly of Precipitation with reference period 1995-2014,50.0,"access-cm2,access-esm1-5,bcc-csm2-mr,canesm5,cmcc-esm2,cnrm-cm6-1,cnrm-esm2-1,ec-earth3,ec-earth3-veg-lr,fgoals-g3,gfdl-cm4,gfdl-esm4,giss-e2-1-g,hadgem3-gc31-ll,inm-cm4-8,inm-cm5-0,ipsl-cm6a-lr,kace-1-0-g,miroc6,miroc-es2l,mpi-esm1-2-hr,mpi-esm1-2-lr,mri-esm2-0,nesm3,noresm2-lm,noresm2-mm,ukesm1-0-ll",World Bank Climate Change Knowledge Portal (CMIP6-x0.25),,1995-2014,SSP2-4.5,Precipitation
PRY,Paraguay,1375.2373285006406,centre_cell_mask_coslat_area_weighted,pr,ssp245,2040-2059,median,climatology,mm,ensemble of Precipitation,50.0,"access-cm2,access-esm1-5,bcc-csm2-mr,canesm5,cmcc-esm2,cnrm-cm6-1,cnrm-esm2-1,ec-earth3,ec-earth3-veg-lr,fgoals-g3,gfdl-cm4,gfdl-esm4,giss-e2-1-g,hadgem3-gc31-ll,inm-cm4-8,inm-cm5-0,ipsl-cm6a-lr,kace-1-0-g,miroc6,miroc-es2l,mpi-esm1-2-hr,mpi-esm1-2-lr,mri-esm2-0,nesm3,noresm2-lm,noresm2-mm,ukesm1-0-ll",World Bank Climate Change Knowledge Portal (CMIP6-x0.25),,,SSP2-4.5,Precipitation
PSE,West Bank and Gaza,-25.245669100325042,centre_cell_mask_coslat_area_weighted,pr,ssp245,2040-2059,median,anomaly,mm,ensemble of anomaly of Precipitation with reference period 1995-2014,50.0,"access-cm2,access-esm1-5,bcc-csm2-mr,canesm5,cmcc-esm2,cnrm-cm6-1,cnrm-esm2-1,ec-earth3,ec-earth3-veg-lr,fgoals-g3,gfdl-cm4,gfdl-esm4,giss-e2-1-g,hadgem3-gc31-ll,inm-cm4-8,inm-cm5-0,ipsl-cm6a-lr,kace-1-0-g,miroc6,miroc-es2l,mpi-esm1-2-hr,mpi-esm1-2-lr,mri-esm2-0,nesm3,noresm2-lm,noresm2-mm,ukesm1-0-ll",World Bank Climate Change Knowledge Portal (CMIP6-x0.25),,1995-2014,SSP2-4.5,Precipitation
PSE,West Bank and Gaza,313.6417069309713,centre_cell_mask_coslat_area_weighted,pr,ssp245,2040-2059,median,climatology,mm,ensemble of Precipitation,50.0,"access-cm2,access-esm1-5,bcc-csm2-mr,canesm5,cmcc-esm2,cnrm-cm6-1,cnrm-esm2-1,ec-earth3,ec-earth3-veg-lr,fgoals-g3,gfdl-cm4,gfdl-esm4,giss-e2-1-g,hadgem3-gc31-ll,inm-cm4-8,inm-cm5-0,ipsl-cm6a-lr,kace-1-0-g,miroc6,miroc-es2l,mpi-esm1-2-hr,mpi-esm1-2-lr,mri-esm2-0,nesm3,noresm2-lm,noresm2-mm,ukesm1-0-ll",World Bank Climate Change Knowledge Portal (CMIP6-x0.25),,,SSP2-4.5,Precipitation
PYF,French Polynesia (Fr.),-27.011801717526446,centre_cell_mask_coslat_area_weighted,pr,ssp245,2040-2059,median,anomaly,mm,ensemble of anomaly of Precipitation with reference period 1995-2014,50.0,"access-cm2,access-esm1-5,bcc-csm2-mr,canesm5,cmcc-esm2,cnrm-cm6-1,cnrm-esm2-1,ec-earth3,ec-earth3-veg-lr,fgoals-g3,gfdl-cm4,gfdl-esm4,giss-e2-1-g,hadgem3-gc31-ll,inm-cm4-8,inm-cm5-0,ipsl-cm6a-lr,kace-1-0-g,miroc6,miroc-es2l,mpi-esm1-2-hr,mpi-esm1-2-lr,mri-esm2-0,nesm3,noresm2-lm,noresm2-mm,ukesm1-0-ll",World Bank Climate Change Knowledge Portal (CMIP6-x0.25),,1995-2014,SSP2-4.5,Precipitation
PYF,French Polynesia (Fr.),1494.9093454488232,centre_cell_mask_coslat_area_weighted,pr,ssp245,2040-2059,median,climatology,mm,ensemble of Precipitation,50.0,"access-cm2,access-esm1-5,bcc-csm2-mr,canesm5,cmcc-esm2,cnrm-cm6-1,cnrm-esm2-1,ec-earth3,ec-earth3-veg-lr,fgoals-g3,gfdl-cm4,gfdl-esm4,giss-e2-1-g,hadgem3-gc31-ll,inm-cm4-8,inm-cm5-0,ipsl-cm6a-lr,kace-1-0-g,miroc6,miroc-es2l,mpi-esm1-2-hr,mpi-esm1-2-lr,mri-esm2-0,nesm3,noresm2-lm,noresm2-mm,ukesm1-0-ll",World Bank Climate Change Knowledge Portal (CMIP6-x0.25),,,SSP2-4.5,Precipitation
QAT,Qatar,9.559530048381637,centre_cell_mask_coslat_area_weighted,pr,ssp245,2040-2059,median,anomaly,mm,ensemble of anomaly of Precipitation with reference period 1995-2014,50.0,"access-cm2,access-esm1-5,bcc-csm2-mr,canesm5,cmcc-esm2,cnrm-cm6-1,cnrm-esm2-1,ec-earth3,ec-earth3-veg-lr,fgoals-g3,gfdl-cm4,gfdl-esm4,giss-e2-1-g,hadgem3-gc31-ll,inm-cm4-8,inm-cm5-0,ipsl-cm6a-lr,kace-1-0-g,miroc6,miroc-es2l,mpi-esm1-2-hr,mpi-esm1-2-lr,mri-esm2-0,nesm3,noresm2-lm,noresm2-mm,ukesm1-0-ll",World Bank Climate Change Knowledge Portal (CMIP6-x0.25),,1995-2014,SSP2-4.5,Precipitation
QAT,Qatar,68.86559796643817,centre_cell_mask_coslat_area_weighted,pr,ssp245,2040-2059,median,climatology,mm,ensemble of Precipitation,50.0,"access-cm2,access-esm1-5,bcc-csm2-mr,canesm5,cmcc-esm2,cnrm-cm6-1,cnrm-esm2-1,ec-earth3,ec-earth3-veg-lr,fgoals-g3,gfdl-cm4,gfdl-esm4,giss-e2-1-g,hadgem3-gc31-ll,inm-cm4-8,inm-cm5-0,ipsl-cm6a-lr,kace-1-0-g,miroc6,miroc-es2l,mpi-esm1-2-hr,mpi-esm1-2-lr,mri-esm2-0,nesm3,noresm2-lm,noresm2-mm,ukesm1-0-ll",World Bank Climate Change Knowledge Portal (CMIP6-x0.25),,,SSP2-4.5,Precipitation
REU,France,29.846517473804585,centre_cell_mask_coslat_area_weighted,pr,ssp245,2040-2059,median,anomaly,mm,ensemble of anomaly of Precipitation with reference period 1995-2014,50.0,"access-cm2,access-esm1-5,bcc-csm2-mr,canesm5,cmcc-esm2,cnrm-cm6-1,cnrm-esm2-1,ec-earth3,ec-earth3-veg-lr,fgoals-g3,gfdl-cm4,gfdl-esm4,giss-e2-1-g,hadgem3-gc31-ll,inm-cm4-8,inm-cm5-0,ipsl-cm6a-lr,kace-1-0-g,miroc6,miroc-es2l,mpi-esm1-2-hr,mpi-esm1-2-lr,mri-esm2-0,nesm3,noresm2-lm,noresm2-mm,ukesm1-0-ll",World Bank Climate Change Knowledge Portal (CMIP6-x0.25),,1995-2014,SSP2-4.5,Precipitation
REU,France,1830.1718303207883,centre_cell_mask_coslat_area_weighted,pr,ssp245,2040-2059,median,climatology,mm,ensemble of Precipitation,50.0,"access-cm2,access-esm1-5,bcc-csm2-mr,canesm5,cmcc-esm2,cnrm-cm6-1,cnrm-esm2-1,ec-earth3,ec-earth3-veg-lr,fgoals-g3,gfdl-cm4,gfdl-esm4,giss-e2-1-g,hadgem3-gc31-ll,inm-cm4-8,inm-cm5-0,ipsl-cm6a-lr,kace-1-0-g,miroc6,miroc-es2l,mpi-esm1-2-hr,mpi-esm1-2-lr,mri-esm2-0,nesm3,noresm2-lm,noresm2-mm,ukesm1-0-ll",World Bank Climate Change Knowledge Portal (CMIP6-x0.25),,,SSP2-4.5,Precipitation
ROU,Romania,-8.05314460607714,centre_cell_mask_coslat_area_weighted,pr,ssp245,2040-2059,median,anomaly,mm,ensemble of anomaly of Precipitation with reference period 1995-2014,50.0,"access-cm2,access-esm1-5,bcc-csm2-mr,canesm5,cmcc-esm2,cnrm-cm6-1,cnrm-esm2-1,ec-earth3,ec-earth3-veg-lr,fgoals-g3,gfdl-cm4,gfdl-esm4,giss-e2-1-g,hadgem3-gc31-ll,inm-cm4-8,inm-cm5-0,ipsl-cm6a-lr,kace-1-0-g,miroc6,miroc-es2l,mpi-esm1-2-hr,mpi-esm1-2-lr,mri-esm2-0,nesm3,noresm2-lm,noresm2-mm,ukesm1-0-ll",World Bank Climate Change Knowledge Portal (CMIP6-x0.25),,1995-2014,SSP2-4.5,Precipitation
ROU,Romania,832.1703323049185,centre_cell_mask_coslat_area_weighted,pr,ssp245,2040-2059,median,climatology,mm,ensemble of Precipitation,50.0,"access-cm2,access-esm1-5,bcc-csm2-mr,canesm5,cmcc-esm2,cnrm-cm6-1,cnrm-esm2-1,ec-earth3,ec-earth3-veg-lr,fgoals-g3,gfdl-cm4,gfdl-esm4,giss-e2-1-g,hadgem3-gc31-ll,inm-cm4-8,inm-cm5-0,ipsl-cm6a-lr,kace-1-0-g,miroc6,miroc-es2l,mpi-esm1-2-hr,mpi-esm1-2-lr,mri-esm2-0,nesm3,noresm2-lm,noresm2-mm,ukesm1-0-ll",World Bank Climate Change Knowledge Portal (CMIP6-x0.25),,,SSP2-4.5,Precipitation
RUS,Russian Federation,46.148144744483865,centre_cell_mask_coslat_area_weighted,pr,ssp245,2040-2059,median,anomaly,mm,ensemble of anomaly of Precipitation with reference period 1995-2014,50.0,"access-cm2,access-esm1-5,bcc-csm2-mr,canesm5,cmcc-esm2,cnrm-cm6-1,cnrm-esm2-1,ec-earth3,ec-earth3-veg-lr,fgoals-g3,gfdl-cm4,gfdl-esm4,giss-e2-1-g,hadgem3-gc31-ll,inm-cm4-8,inm-cm5-0,ipsl-cm6a-lr,kace-1-0-g,miroc6,miroc-es2l,mpi-esm1-2-hr,mpi-esm1-2-lr,mri-esm2-0,nesm3,noresm2-lm,noresm2-mm,ukesm1-0-ll",World Bank Climate Change Knowledge Portal (CMIP6-x0.25),,1995-2014,SSP2-4.5,Precipitation
RUS,Russian Federation,646.6836635207866,centre_cell_mask_coslat_area_weighted,pr,ssp245,2040-2059,median,climatology,mm,ensemble of Precipitation,50.0,"access-cm2,access-esm1-5,bcc-csm2-mr,canesm5,cmcc-esm2,cnrm-cm6-1,cnrm-esm2-1,ec-earth3,ec-earth3-veg-lr,fgoals-g3,gfdl-cm4,gfdl-esm4,giss-e2-1-g,hadgem3-gc31-ll,inm-cm4-8,inm-cm5-0,ipsl-cm6a-lr,kace-1-0-g,miroc6,miroc-es2l,mpi-esm1-2-hr,mpi-esm1-2-lr,mri-esm2-0,nesm3,noresm2-lm,noresm2-mm,ukesm1-0-ll",World Bank Climate Change Knowledge Portal (CMIP6-x0.25),,,SSP2-4.5,Precipitation
RWA,Rwanda,7.994993110185251,centre_cell_mask_coslat_area_weighted,pr,ssp245,2040-2059,median,anomaly,mm,ensemble of anomaly of Precipitation with reference period 1995-2014,50.0,"access-cm2,access-esm1-5,bcc-csm2-mr,canesm5,cmcc-esm2,cnrm-cm6-1,cnrm-esm2-1,ec-earth3,ec-earth3-veg-lr,fgoals-g3,gfdl-cm4,gfdl-esm4,giss-e2-1-g,hadgem3-gc31-ll,inm-cm4-8,inm-cm5-0,ipsl-cm6a-lr,kace-1-0-g,miroc6,miroc-es2l,mpi-esm1-2-hr,mpi-esm1-2-lr,mri-esm2-0,nesm3,noresm2-lm,noresm2-mm,ukesm1-0-ll",World Bank Climate Change Knowledge Portal (CMIP6-x0.25),,1995-2014,SSP2-4.5,Precipitation
RWA,Rwanda,1724.796083708716,centre_cell_mask_coslat_area_weighted,pr,ssp245,2040-2059,median,climatology,mm,ensemble of Precipitation,50.0,"access-cm2,access-esm1-5,bcc-csm2-mr,canesm5,cmcc-esm2,cnrm-cm6-1,cnrm-esm2-1,ec-earth3,ec-earth3-veg-lr,fgoals-g3,gfdl-cm4,gfdl-esm4,giss-e2-1-g,hadgem3-gc31-ll,inm-cm4-8,inm-cm5-0,ipsl-cm6a-lr,kace-1-0-g,miroc6,miroc-es2l,mpi-esm1-2-hr,mpi-esm1-2-lr,mri-esm2-0,nesm3,noresm2-lm,noresm2-mm,ukesm1-0-ll",World Bank Climate Change Knowledge Portal (CMIP6-x0.25),,,SSP2-4.5,Precipitation
SAU,Saudi Arabia,9.413596929123711,centre_cell_mask_coslat_area_weighted,pr,ssp245,2040-2059,median,anomaly,mm,ensemble of anomaly of Precipitation with reference period 1995-2014,50.0,"access-cm2,access-esm1-5,bcc-csm2-mr,canesm5,cmcc-esm2,cnrm-cm6-1,cnrm-esm2-1,ec-earth3,ec-earth3-veg-lr,fgoals-g3,gfdl-cm4,gfdl-esm4,giss-e2-1-g,hadgem3-gc31-ll,inm-cm4-8,inm-cm5-0,ipsl-cm6a-lr,kace-1-0-g,miroc6,miroc-es2l,mpi-esm1-2-hr,mpi-esm1-2-lr,mri-esm2-0,nesm3,noresm2-lm,noresm2-mm,ukesm1-0-ll",World Bank Climate Change Knowledge Portal (CMIP6-x0.25),,1995-2014,SSP2-4.5,Precipitation
SAU,Saudi Arabia,75.92156757442343,centre_cell_mask_coslat_area_weighted,pr,ssp245,2040-2059,median,climatology,mm,ensemble of Precipitation,50.0,"access-cm2,access-esm1-5,bcc-csm2-mr,canesm5,cmcc-esm2,cnrm-cm6-1,cnrm-esm2-1,ec-earth3,ec-earth3-veg-lr,fgoals-g3,gfdl-cm4,gfdl-esm4,giss-e2-1-g,hadgem3-gc31-ll,inm-cm4-8,inm-cm5-0,ipsl-cm6a-lr,kace-1-0-g,miroc6,miroc-es2l,mpi-esm1-2-hr,mpi-esm1-2-lr,mri-esm2-0,nesm3,noresm2-lm,noresm2-mm,ukesm1-0-ll",World Bank Climate Change Knowledge Portal (CMIP6-x0.25),,,SSP2-4.5,Precipitation
SDN,Sudan,28.139284976437338,centre_cell_mask_coslat_area_weighted,pr,ssp245,2040-2059,median,anomaly,mm,ensemble of anomaly of Precipitation with reference period 1995-2014,50.0,"access-cm2,access-esm1-5,bcc-csm2-mr,canesm5,cmcc-esm2,cnrm-cm6-1,cnrm-esm2-1,ec-earth3,ec-earth3-veg-lr,fgoals-g3,gfdl-cm4,gfdl-esm4,giss-e2-1-g,hadgem3-gc31-ll,inm-cm4-8,inm-cm5-0,ipsl-cm6a-lr,kace-1-0-g,miroc6,miroc-es2l,mpi-esm1-2-hr,mpi-esm1-2-lr,mri-esm2-0,nesm3,noresm2-lm,noresm2-mm,ukesm1-0-ll",World Bank Climate Change Knowledge Portal (CMIP6-x0.25),,1995-2014,SSP2-4.5,Precipitation
SDN,Sudan,264.7544924503939,centre_cell_mask_coslat_area_weighted,pr,ssp245,2040-2059,median,climatology,mm,ensemble of Precipitation,50.0,"access-cm2,access-esm1-5,bcc-csm2-mr,canesm5,cmcc-esm2,cnrm-cm6-1,cnrm-esm2-1,ec-earth3,ec-earth3-veg-lr,fgoals-g3,gfdl-cm4,gfdl-esm4,giss-e2-1-g,hadgem3-gc31-ll,inm-cm4-8,inm-cm5-0,ipsl-cm6a-lr,kace-1-0-g,miroc6,miroc-es2l,mpi-esm1-2-hr,mpi-esm1-2-lr,mri-esm2-0,nesm3,noresm2-lm,noresm2-mm,ukesm1-0-ll",World Bank Climate Change Knowledge Portal (CMIP6-x0.25),,,SSP2-4.5,Precipitation
SEN,Senegal,-2.258504100746902,centre_cell_mask_coslat_area_weighted,pr,ssp245,2040-2059,median,anomaly,mm,ensemble of anomaly of Precipitation with reference period 1995-2014,50.0,"access-cm2,access-esm1-5,bcc-csm2-mr,canesm5,cmcc-esm2,cnrm-cm6-1,cnrm-esm2-1,ec-earth3,ec-earth3-veg-lr,fgoals-g3,gfdl-cm4,gfdl-esm4,giss-e2-1-g,hadgem3-gc31-ll,inm-cm4-8,inm-cm5-0,ipsl-cm6a-lr,kace-1-0-g,miroc6,miroc-es2l,mpi-esm1-2-hr,mpi-esm1-2-lr,mri-esm2-0,nesm3,noresm2-lm,noresm2-mm,ukesm1-0-ll",World Bank Climate Change Knowledge Portal (CMIP6-x0.25),,1995-2014,SSP2-4.5,Precipitation
SEN,Senegal,553.8173375181528,centre_cell_mask_coslat_area_weighted,pr,ssp245,2040-2059,median,climatology,mm,ensemble of Precipitation,50.0,"access-cm2,access-esm1-5,bcc-csm2-mr,canesm5,cmcc-esm2,cnrm-cm6-1,cnrm-esm2-1,ec-earth3,ec-earth3-veg-lr,fgoals-g3,gfdl-cm4,gfdl-esm4,giss-e2-1-g,hadgem3-gc31-ll,inm-cm4-8,inm-cm5-0,ipsl-cm6a-lr,kace-1-0-g,miroc6,miroc-es2l,mpi-esm1-2-hr,mpi-esm1-2-lr,mri-esm2-0,nesm3,noresm2-lm,noresm2-mm,ukesm1-0-ll",World Bank Climate Change Knowledge Portal (CMIP6-x0.25),,,SSP2-4.5,Precipitation
SGP,Singapore,53.07532388727179,fractional_overlap_equal_area,pr,ssp245,2040-2059,median,anomaly,mm,ensemble of anomaly of Precipitation with reference period 1995-2014,50.0,"access-cm2,access-esm1-5,bcc-csm2-mr,canesm5,cmcc-esm2,cnrm-cm6-1,cnrm-esm2-1,ec-earth3,ec-earth3-veg-lr,fgoals-g3,gfdl-cm4,gfdl-esm4,giss-e2-1-g,hadgem3-gc31-ll,inm-cm4-8,inm-cm5-0,ipsl-cm6a-lr,kace-1-0-g,miroc6,miroc-es2l,mpi-esm1-2-hr,mpi-esm1-2-lr,mri-esm2-0,nesm3,noresm2-lm,noresm2-mm,ukesm1-0-ll",World Bank Climate Change Knowledge Portal (CMIP6-x0.25),,1995-2014,SSP2-4.5,Precipitation
SGP,Singapore,2293.871417002112,fractional_overlap_equal_area,pr,ssp245,2040-2059,median,climatology,mm,ensemble of Precipitation,50.0,"access-cm2,access-esm1-5,bcc-csm2-mr,canesm5,cmcc-esm2,cnrm-cm6-1,cnrm-esm2-1,ec-earth3,ec-earth3-veg-lr,fgoals-g3,gfdl-cm4,gfdl-esm4,giss-e2-1-g,hadgem3-gc31-ll,inm-cm4-8,inm-cm5-0,ipsl-cm6a-lr,kace-1-0-g,miroc6,miroc-es2l,mpi-esm1-2-hr,mpi-esm1-2-lr,mri-esm2-0,nesm3,noresm2-lm,noresm2-mm,ukesm1-0-ll",World Bank Climate Change Knowledge Portal (CMIP6-x0.25),,,SSP2-4.5,Precipitation
SHN,"Saint Helena, Ascension and Tristan da Cunha (U.K.)",-0.24199999868869781,centre_cell_mask_coslat_area_weighted,pr,ssp245,2040-2059,median,anomaly,mm,ensemble of anomaly of Precipitation with reference period 1995-2014,50.0,"access-cm2,access-esm1-5,bcc-csm2-mr,canesm5,cmcc-esm2,cnrm-cm6-1,cnrm-esm2-1,ec-earth3,ec-earth3-veg-lr,fgoals-g3,gfdl-cm4,gfdl-esm4,giss-e2-1-g,hadgem3-gc31-ll,inm-cm4-8,inm-cm5-0,ipsl-cm6a-lr,kace-1-0-g,miroc6,miroc-es2l,mpi-esm1-2-hr,mpi-esm1-2-lr,mri-esm2-0,nesm3,noresm2-lm,noresm2-mm,ukesm1-0-ll",World Bank Climate Change Knowledge Portal (CMIP6-x0.25),,1995-2014,SSP2-4.5,Precipitation
SHN,"Saint Helena, Ascension and Tristan da Cunha (U.K.)",164.38900756835938,centre_cell_mask_coslat_area_weighted,pr,ssp245,2040-2059,median,climatology,mm,ensemble of Precipitation,50.0,"access-cm2,access-esm1-5,bcc-csm2-mr,canesm5,cmcc-esm2,cnrm-cm6-1,cnrm-esm2-1,ec-earth3,ec-earth3-veg-lr,fgoals-g3,gfdl-cm4,gfdl-esm4,giss-e2-1-g,hadgem3-gc31-ll,inm-cm4-8,inm-cm5-0,ipsl-cm6a-lr,kace-1-0-g,miroc6,miroc-es2l,mpi-esm1-2-hr,mpi-esm1-2-lr,mri-esm2-0,nesm3,noresm2-lm,noresm2-mm,ukesm1-0-ll",World Bank Climate Change Knowledge Portal (CMIP6-x0.25),,,SSP2-4.5,Precipitation
SJM,Svalbard and Jan Mayen (Nor.),83.17538935386267,centre_cell_mask_coslat_area_weighted,pr,ssp245,2040-2059,median,anomaly,mm,ensemble of anomaly of Precipitation with reference period 1995-2014,50.0,"access-cm2,access-esm1-5,bcc-csm2-mr,canesm5,cmcc-esm2,cnrm-cm6-1,cnrm-esm2-1,ec-earth3,ec-earth3-veg-lr,fgoals-g3,gfdl-cm4,gfdl-esm4,giss-e2-1-g,hadgem3-gc31-ll,inm-cm4-8,inm-cm5-0,ipsl-cm6a-lr,kace-1-0-g,miroc6,miroc-es2l,mpi-esm1-2-hr,mpi-esm1-2-lr,mri-esm2-0,nesm3,noresm2-lm,noresm2-mm,ukesm1-0-ll",World Bank Climate Change Knowledge Portal (CMIP6-x0.25),,1995-2014,SSP2-4.5,Precipitation
SJM,Svalbard and Jan Mayen (Nor.),643.1274015266275,centre_cell_mask_coslat_area_weighted,pr,ssp245,2040-2059,median,climatology,mm,ensemble of Precipitation,50.0,"access-cm2,access-esm1-5,bcc-csm2-mr,canesm5,cmcc-esm2,cnrm-cm6-1,cnrm-esm2-1,ec-earth3,ec-earth3-veg-lr,fgoals-g3,gfdl-cm4,gfdl-esm4,giss-e2-1-g,hadgem3-gc31-ll,inm-cm4-8,inm-cm5-0,ipsl-cm6a-lr,kace-1-0-g,miroc6,miroc-es2l,mpi-esm1-2-hr,mpi-esm1-2-lr,mri-esm2-0,nesm3,noresm2-lm,noresm2-mm,ukesm1-0-ll",World Bank Climate Change Knowledge Portal (CMIP6-x0.25),,,SSP2-4.5,Precipitation
SLB,Solomon Islands,67.80735263698968,centre_cell_mask_coslat_area_weighted,pr,ssp245,2040-2059,median,anomaly,mm,ensemble of anomaly of Precipitation with reference period 1995-2014,50.0,"access-cm2,access-esm1-5,bcc-csm2-mr,canesm5,cmcc-esm2,cnrm-cm6-1,cnrm-esm2-1,ec-earth3,ec-earth3-veg-lr,fgoals-g3,gfdl-cm4,gfdl-esm4,giss-e2-1-g,hadgem3-gc31-ll,inm-cm4-8,inm-cm5-0,ipsl-cm6a-lr,kace-1-0-g,miroc6,miroc-es2l,mpi-esm1-2-hr,mpi-esm1-2-lr,mri-esm2-0,nesm3,noresm2-lm,noresm2-mm,ukesm1-0-ll",World Bank Climate Change Knowledge Portal (CMIP6-x0.25),,1995-2014,SSP2-4.5,Precipitation
SLB,Solomon Islands,3700.3093331608875,centre_cell_mask_coslat_area_weighted,pr,ssp245,2040-2059,median,climatology,mm,ensemble of Precipitation,50.0,"access-cm2,access-esm1-5,bcc-csm2-mr,canesm5,cmcc-esm2,cnrm-cm6-1,cnrm-esm2-1,ec-earth3,ec-earth3-veg-lr,fgoals-g3,gfdl-cm4,gfdl-esm4,giss-e2-1-g,hadgem3-gc31-ll,inm-cm4-8,inm-cm5-0,ipsl-cm6a-lr,kace-1-0-g,miroc6,miroc-es2l,mpi-esm1-2-hr,mpi-esm1-2-lr,mri-esm2-0,nesm3,noresm2-lm,noresm2-mm,ukesm1-0-ll",World Bank Climate Change Knowledge Portal (CMIP6-x0.25),,,SSP2-4.5,Precipitation
SLE,Sierra Leone,32.88638902399007,centre_cell_mask_coslat_area_weighted,pr,ssp245,2040-2059,median,anomaly,mm,ensemble of anomaly of Precipitation with reference period 1995-2014,50.0,"access-cm2,access-esm1-5,bcc-csm2-mr,canesm5,cmcc-esm2,cnrm-cm6-1,cnrm-esm2-1,ec-earth3,ec-earth3-veg-lr,fgoals-g3,gfdl-cm4,gfdl-esm4,giss-e2-1-g,hadgem3-gc31-ll,inm-cm4-8,inm-cm5-0,ipsl-cm6a-lr,kace-1-0-g,miroc6,miroc-es2l,mpi-esm1-2-hr,mpi-esm1-2-lr,mri-esm2-0,nesm3,noresm2-lm,noresm2-mm,ukesm1-0-ll",World Bank Climate Change Knowledge Portal (CMIP6-x0.25),,1995-2014,SSP2-4.5,Precipitation
SLE,Sierra Leone,2626.319643383929,centre_cell_mask_coslat_area_weighted,pr,ssp245,2040-2059,median,climatology,mm,ensemble of Precipitation,50.0,"access-cm2,access-esm1-5,bcc-csm2-mr,canesm5,cmcc-esm2,cnrm-cm6-1,cnrm-esm2-1,ec-earth3,ec-earth3-veg-lr,fgoals-g3,gfdl-cm4,gfdl-esm4,giss-e2-1-g,hadgem3-gc31-ll,inm-cm4-8,inm-cm5-0,ipsl-cm6a-lr,kace-1-0-g,miroc6,miroc-es2l,mpi-esm1-2-hr,mpi-esm1-2-lr,mri-esm2-0,nesm3,noresm2-lm,noresm2-mm,ukesm1-0-ll",World Bank Climate Change Knowledge Portal (CMIP6-x0.25),,,SSP2-4.5,Precipitation
SLV,El Salvador,2.081662987276904,centre_cell_mask_coslat_area_weighted,pr,ssp245,2040-2059,median,anomaly,mm,ensemble of anomaly of Precipitation with reference period 1995-2014,50.0,"access-cm2,access-esm1-5,bcc-csm2-mr,canesm5,cmcc-esm2,cnrm-cm6-1,cnrm-esm2-1,ec-earth3,ec-earth3-veg-lr,fgoals-g3,gfdl-cm4,gfdl-esm4,giss-e2-1-g,hadgem3-gc31-ll,inm-cm4-8,inm-cm5-0,ipsl-cm6a-lr,kace-1-0-g,miroc6,miroc-es2l,mpi-esm1-2-hr,mpi-esm1-2-lr,mri-esm2-0,nesm3,noresm2-lm,noresm2-mm,ukesm1-0-ll",World Bank Climate Change Knowledge Portal (CMIP6-x0.25),,1995-2014,SSP2-4.5,Precipitation
SLV,El Salvador,1493.8654707346143,centre_cell_mask_coslat_area_weighted,pr,ssp245,2040-2059,median,climatology,mm,ensemble of Precipitation,50.0,"access-cm2,access-esm1-5,bcc-csm2-mr,canesm5,cmcc-esm2,cnrm-cm6-1,cnrm-esm2-1,ec-earth3,ec-earth3-veg-lr,fgoals-g3,gfdl-cm4,gfdl-esm4,giss-e2-1-g,hadgem3-gc31-ll,inm-cm4-8,inm-cm5-0,ipsl-cm6a-lr,kace-1-0-g,miroc6,miroc-es2l,mpi-esm1-2-hr,mpi-esm1-2-lr,mri-esm2-0,nesm3,noresm2-lm,noresm2-mm,ukesm1-0-ll",World Bank Climate Change Knowledge Portal (CMIP6-x0.25),,,SSP2-4.5,Precipitation
SMR,San Marino,-24.06399917602539,fractional_overlap_equal_area,pr,ssp245,2040-2059,median,anomaly,mm,ensemble of anomaly of Precipitation with reference period 1995-2014,50.0,"access-cm2,access-esm1-5,bcc-csm2-mr,canesm5,cmcc-esm2,cnrm-cm6-1,cnrm-esm2-1,ec-earth3,ec-earth3-veg-lr,fgoals-g3,gfdl-cm4,gfdl-esm4,giss-e2-1-g,hadgem3-gc31-ll,inm-cm4-8,inm-cm5-0,ipsl-cm6a-lr,kace-1-0-g,miroc6,miroc-es2l,mpi-esm1-2-hr,mpi-esm1-2-lr,mri-esm2-0,nesm3,noresm2-lm,noresm2-mm,ukesm1-0-ll",World Bank Climate Change Knowledge Portal (CMIP6-x0.25),,1995-2014,SSP2-4.5,Precipitation
SMR,San Marino,854.1309814453125,fractional_overlap_equal_area,pr,ssp245,2040-2059,median,climatology,mm,ensemble of Precipitation,50.0,"access-cm2,access-esm1-5,bcc-csm2-mr,canesm5,cmcc-esm2,cnrm-cm6-1,cnrm-esm2-1,ec-earth3,ec-earth3-veg-lr,fgoals-g3,gfdl-cm4,gfdl-esm4,giss-e2-1-g,hadgem3-gc31-ll,inm-cm4-8,inm-cm5-0,ipsl-cm6a-lr,kace-1-0-g,miroc6,miroc-es2l,mpi-esm1-2-hr,mpi-esm1-2-lr,mri-esm2-0,nesm3,noresm2-lm,noresm2-mm,ukesm1-0-ll",World Bank Climate Change Knowledge Portal (CMIP6-x0.25),,,SSP2-4.5,Precipitation
SOM,Somalia,38.1670969816286,centre_cell_mask_coslat_area_weighted,pr,ssp245,2040-2059,median,anomaly,mm,ensemble of anomaly of Precipitation with reference period 1995-2014,50.0,"access-cm2,access-esm1-5,bcc-csm2-mr,canesm5,cmcc-esm2,cnrm-cm6-1,cnrm-esm2-1,ec-earth3,ec-earth3-veg-lr,fgoals-g3,gfdl-cm4,gfdl-esm4,giss-e2-1-g,hadgem3-gc31-ll,inm-cm4-8,inm-cm5-0,ipsl-cm6a-lr,kace-1-0-g,miroc6,miroc-es2l,mpi-esm1-2-hr,mpi-esm1-2-lr,mri-esm2-0,nesm3,noresm2-lm,noresm2-mm,ukesm1-0-ll",World Bank Climate Change Knowledge Portal (CMIP6-x0.25),,1995-2014,SSP2-4.5,Precipitation
SOM,Somalia,359.5571428071901,centre_cell_mask_coslat_area_weighted,pr,ssp245,2040-2059,median,climatology,mm,ensemble of Precipitation,50.0,"access-cm2,access-esm1-5,bcc-csm2-mr,canesm5,cmcc-esm2,cnrm-cm6-1,cnrm-esm2-1,ec-earth3,ec-earth3-veg-lr,fgoals-g3,gfdl-cm4,gfdl-esm4,giss-e2-1-g,hadgem3-gc31-ll,inm-cm4-8,inm-cm5-0,ipsl-cm6a-lr,kace-1-0-g,miroc6,miroc-es2l,mpi-esm1-2-hr,mpi-esm1-2-lr,mri-esm2-0,nesm3,noresm2-lm,noresm2-mm,ukesm1-0-ll",World Bank Climate Change Knowledge Portal (CMIP6-x0.25),,,SSP2-4.5,Precipitation
SPM,Saint-Pierre-et-Miquelon (Fr.),74.91530543636512,fractional_overlap_equal_area,pr,ssp245,2040-2059,median,anomaly,mm,ensemble of anomaly of Precipitation with reference period 1995-2014,50.0,"access-cm2,access-esm1-5,bcc-csm2-mr,canesm5,cmcc-esm2,cnrm-cm6-1,cnrm-esm2-1,ec-earth3,ec-earth3-veg-lr,fgoals-g3,gfdl-cm4,gfdl-esm4,giss-e2-1-g,hadgem3-gc31-ll,inm-cm4-8,inm-cm5-0,ipsl-cm6a-lr,kace-1-0-g,miroc6,miroc-es2l,mpi-esm1-2-hr,mpi-esm1-2-lr,mri-esm2-0,nesm3,noresm2-lm,noresm2-mm,ukesm1-0-ll",World Bank Climate Change Knowledge Portal (CMIP6-x0.25),,1995-2014,SSP2-4.5,Precipitation
SPM,Saint-Pierre-et-Miquelon (Fr.),1598.5383616819786,fractional_overlap_equal_area,pr,ssp245,2040-2059,median,climatology,mm,ensemble of Precipitation,50.0,"access-cm2,access-esm1-5,bcc-csm2-mr,canesm5,cmcc-esm2,cnrm-cm6-1,cnrm-esm2-1,ec-earth3,ec-earth3-veg-lr,fgoals-g3,gfdl-cm4,gfdl-esm4,giss-e2-1-g,hadgem3-gc31-ll,inm-cm4-8,inm-cm5-0,ipsl-cm6a-lr,kace-1-0-g,miroc6,miroc-es2l,mpi-esm1-2-hr,mpi-esm1-2-lr,mri-esm2-0,nesm3,noresm2-lm,noresm2-mm,ukesm1-0-ll",World Bank Climate Change Knowledge Portal (CMIP6-x0.25),,,SSP2-4.5,Precipitation
SRB,Serbia,-11.997763307470422,centre_cell_mask_coslat_area_weighted,pr,ssp245,2040-2059,median,anomaly,mm,ensemble of anomaly of Precipitation with reference period 1995-2014,50.0,"access-cm2,access-esm1-5,bcc-csm2-mr,canesm5,cmcc-esm2,cnrm-cm6-1,cnrm-esm2-1,ec-earth3,ec-earth3-veg-lr,fgoals-g3,gfdl-cm4,gfdl-esm4,giss-e2-1-g,hadgem3-gc31-ll,inm-cm4-8,inm-cm5-0,ipsl-cm6a-lr,kace-1-0-g,miroc6,miroc-es2l,mpi-esm1-2-hr,mpi-esm1-2-lr,mri-esm2-0,nesm3,noresm2-lm,noresm2-mm,ukesm1-0-ll",World Bank Climate Change Knowledge Portal (CMIP6-x0.25),,1995-2014,SSP2-4.5,Precipitation
SRB,Serbia,780.0555720384804,centre_cell_mask_coslat_area_weighted,pr,ssp245,2040-2059,median,climatology,mm,ensemble of Precipitation,50.0,"access-cm2,access-esm1-5,bcc-csm2-mr,canesm5,cmcc-esm2,cnrm-cm6-1,cnrm-esm2-1,ec-earth3,ec-earth3-veg-lr,fgoals-g3,gfdl-cm4,gfdl-esm4,giss-e2-1-g,hadgem3-gc31-ll,inm-cm4-8,inm-cm5-0,ipsl-cm6a-lr,kace-1-0-g,miroc6,miroc-es2l,mpi-esm1-2-hr,mpi-esm1-2-lr,mri-esm2-0,nesm3,noresm2-lm,noresm2-mm,ukesm1-0-ll",World Bank Climate Change Knowledge Portal (CMIP6-x0.25),,,SSP2-4.5,Precipitation
SSD,South Sudan,55.61913936537415,centre_cell_mask_coslat_area_weighted,pr,ssp245,2040-2059,median,anomaly,mm,ensemble of anomaly of Precipitation with reference period 1995-2014,50.0,"access-cm2,access-esm1-5,bcc-csm2-mr,canesm5,cmcc-esm2,cnrm-cm6-1,cnrm-esm2-1,ec-earth3,ec-earth3-veg-lr,fgoals-g3,gfdl-cm4,gfdl-esm4,giss-e2-1-g,hadgem3-gc31-ll,inm-cm4-8,inm-cm5-0,ipsl-cm6a-lr,kace-1-0-g,miroc6,miroc-es2l,mpi-esm1-2-hr,mpi-esm1-2-lr,mri-esm2-0,nesm3,noresm2-lm,noresm2-mm,ukesm1-0-ll",World Bank Climate Change Knowledge Portal (CMIP6-x0.25),,1995-2014,SSP2-4.5,Precipitation
SSD,South Sudan,1242.1804767300844,centre_cell_mask_coslat_area_weighted,pr,ssp245,2040-2059,median,climatology,mm,ensemble of Precipitation,50.0,"access-cm2,access-esm1-5,bcc-csm2-mr,canesm5,cmcc-esm2,cnrm-cm6-1,cnrm-esm2-1,ec-earth3,ec-earth3-veg-lr,fgoals-g3,gfdl-cm4,gfdl-esm4,giss-e2-1-g,hadgem3-gc31-ll,inm-cm4-8,inm-cm5-0,ipsl-cm6a-lr,kace-1-0-g,miroc6,miroc-es2l,mpi-esm1-2-hr,mpi-esm1-2-lr,mri-esm2-0,nesm3,noresm2-lm,noresm2-mm,ukesm1-0-ll",World Bank Climate Change Knowledge Portal (CMIP6-x0.25),,,SSP2-4.5,Precipitation
STP,São Tomé and Príncipe,62.516998291015625,centre_cell_mask_coslat_area_weighted,pr,ssp245,2040-2059,median,anomaly,mm,ensemble of anomaly of Precipitation with reference period 1995-2014,50.0,"access-cm2,access-esm1-5,bcc-csm2-mr,canesm5,cmcc-esm2,cnrm-cm6-1,cnrm-esm2-1,ec-earth3,ec-earth3-veg-lr,fgoals-g3,gfdl-cm4,gfdl-esm4,giss-e2-1-g,hadgem3-gc31-ll,inm-cm4-8,inm-cm5-0,ipsl-cm6a-lr,kace-1-0-g,miroc6,miroc-es2l,mpi-esm1-2-hr,mpi-esm1-2-lr,mri-esm2-0,nesm3,noresm2-lm,noresm2-mm,ukesm1-0-ll",World Bank Climate Change Knowledge Portal (CMIP6-x0.25),,1995-2014,SSP2-4.5,Precipitation
STP,São Tomé and Príncipe,1564.3289794921875,centre_cell_mask_coslat_area_weighted,pr,ssp245,2040-2059,median,climatology,mm,ensemble of Precipitation,50.0,"access-cm2,access-esm1-5,bcc-csm2-mr,canesm5,cmcc-esm2,cnrm-cm6-1,cnrm-esm2-1,ec-earth3,ec-earth3-veg-lr,fgoals-g3,gfdl-cm4,gfdl-esm4,giss-e2-1-g,hadgem3-gc31-ll,inm-cm4-8,inm-cm5-0,ipsl-cm6a-lr,kace-1-0-g,miroc6,miroc-es2l,mpi-esm1-2-hr,mpi-esm1-2-lr,mri-esm2-0,nesm3,noresm2-lm,noresm2-mm,ukesm1-0-ll",World Bank Climate Change Knowledge Portal (CMIP6-x0.25),,,SSP2-4.5,Precipitation
SUR,Suriname,-92.42118254878304,centre_cell_mask_coslat_area_weighted,pr,ssp245,2040-2059,median,anomaly,mm,ensemble of anomaly of Precipitation with reference period 1995-2014,50.0,"access-cm2,access-esm1-5,bcc-csm2-mr,canesm5,cmcc-esm2,cnrm-cm6-1,cnrm-esm2-1,ec-earth3,ec-earth3-veg-lr,fgoals-g3,gfdl-cm4,gfdl-esm4,giss-e2-1-g,hadgem3-gc31-ll,inm-cm4-8,inm-cm5-0,ipsl-cm6a-lr,kace-1-0-g,miroc6,miroc-es2l,mpi-esm1-2-hr,mpi-esm1-2-lr,mri-esm2-0,nesm3,noresm2-lm,noresm2-mm,ukesm1-0-ll",World Bank Climate Change Knowledge Portal (CMIP6-x0.25),,1995-2014,SSP2-4.5,Precipitation
SUR,Suriname,1567.218628760527,centre_cell_mask_coslat_area_weighted,pr,ssp245,2040-2059,median,climatology,mm,ensemble of Precipitation,50.0,"access-cm2,access-esm1-5,bcc-csm2-mr,canesm5,cmcc-esm2,cnrm-cm6-1,cnrm-esm2-1,ec-earth3,ec-earth3-veg-lr,fgoals-g3,gfdl-cm4,gfdl-esm4,giss-e2-1-g,hadgem3-gc31-ll,inm-cm4-8,inm-cm5-0,ipsl-cm6a-lr,kace-1-0-g,miroc6,miroc-es2l,mpi-esm1-2-hr,mpi-esm1-2-lr,mri-esm2-0,nesm3,noresm2-lm,noresm2-mm,ukesm1-0-ll",World Bank Climate Change Knowledge Portal (CMIP6-x0.25),,,SSP2-4.5,Precipitation
SVK,Slovak Republic,9.929590507126765,centre_cell_mask_coslat_area_weighted,pr,ssp245,2040-2059,median,anomaly,mm,ensemble of anomaly of Precipitation with reference period 1995-2014,50.0,"access-cm2,access-esm1-5,bcc-csm2-mr,canesm5,cmcc-esm2,cnrm-cm6-1,cnrm-esm2-1,ec-earth3,ec-earth3-veg-lr,fgoals-g3,gfdl-cm4,gfdl-esm4,giss-e2-1-g,hadgem3-gc31-ll,inm-cm4-8,inm-cm5-0,ipsl-cm6a-lr,kace-1-0-g,miroc6,miroc-es2l,mpi-esm1-2-hr,mpi-esm1-2-lr,mri-esm2-0,nesm3,noresm2-lm,noresm2-mm,ukesm1-0-ll",World Bank Climate Change Knowledge Portal (CMIP6-x0.25),,1995-2014,SSP2-4.5,Precipitation
SVK,Slovak Republic,856.0683593428982,centre_cell_mask_coslat_area_weighted,pr,ssp245,2040-2059,median,climatology,mm,ensemble of Precipitation,50.0,"access-cm2,access-esm1-5,bcc-csm2-mr,canesm5,cmcc-esm2,cnrm-cm6-1,cnrm-esm2-1,ec-earth3,ec-earth3-veg-lr,fgoals-g3,gfdl-cm4,gfdl-esm4,giss-e2-1-g,hadgem3-gc31-ll,inm-cm4-8,inm-cm5-0,ipsl-cm6a-lr,kace-1-0-g,miroc6,miroc-es2l,mpi-esm1-2-hr,mpi-esm1-2-lr,mri-esm2-0,nesm3,noresm2-lm,noresm2-mm,ukesm1-0-ll",World Bank Climate Change Knowledge Portal (CMIP6-x0.25),,,SSP2-4.5,Precipitation
SVN,Slovenia,13.047645424466475,centre_cell_mask_coslat_area_weighted,pr,ssp245,2040-2059,median,anomaly,mm,ensemble of anomaly of Precipitation with reference period 1995-2014,50.0,"access-cm2,access-esm1-5,bcc-csm2-mr,canesm5,cmcc-esm2,cnrm-cm6-1,cnrm-esm2-1,ec-earth3,ec-earth3-veg-lr,fgoals-g3,gfdl-cm4,gfdl-esm4,giss-e2-1-g,hadgem3-gc31-ll,inm-cm4-8,inm-cm5-0,ipsl-cm6a-lr,kace-1-0-g,miroc6,miroc-es2l,mpi-esm1-2-hr,mpi-esm1-2-lr,mri-esm2-0,nesm3,noresm2-lm,noresm2-mm,ukesm1-0-ll",World Bank Climate Change Knowledge Portal (CMIP6-x0.25),,1995-2014,SSP2-4.5,Precipitation
SVN,Slovenia,1334.3288884401238,centre_cell_mask_coslat_area_weighted,pr,ssp245,2040-2059,median,climatology,mm,ensemble of Precipitation,50.0,"access-cm2,access-esm1-5,bcc-csm2-mr,canesm5,cmcc-esm2,cnrm-cm6-1,cnrm-esm2-1,ec-earth3,ec-earth3-veg-lr,fgoals-g3,gfdl-cm4,gfdl-esm4,giss-e2-1-g,hadgem3-gc31-ll,inm-cm4-8,inm-cm5-0,ipsl-cm6a-lr,kace-1-0-g,miroc6,miroc-es2l,mpi-esm1-2-hr,mpi-esm1-2-lr,mri-esm2-0,nesm3,noresm2-lm,noresm2-mm,ukesm1-0-ll",World Bank Climate Change Knowledge Portal (CMIP6-x0.25),,,SSP2-4.5,Precipitation
SWE,Sweden,42.31277800001649,centre_cell_mask_coslat_area_weighted,pr,ssp245,2040-2059,median,anomaly,mm,ensemble of anomaly of Precipitation with reference period 1995-2014,50.0,"access-cm2,access-esm1-5,bcc-csm2-mr,canesm5,cmcc-esm2,cnrm-cm6-1,cnrm-esm2-1,ec-earth3,ec-earth3-veg-lr,fgoals-g3,gfdl-cm4,gfdl-esm4,giss-e2-1-g,hadgem3-gc31-ll,inm-cm4-8,inm-cm5-0,ipsl-cm6a-lr,kace-1-0-g,miroc6,miroc-es2l,mpi-esm1-2-hr,mpi-esm1-2-lr,mri-esm2-0,nesm3,noresm2-lm,noresm2-mm,ukesm1-0-ll",World Bank Climate Change Knowledge Portal (CMIP6-x0.25),,1995-2014,SSP2-4.5,Precipitation
SWE,Sweden,828.3095034774341,centre_cell_mask_coslat_area_weighted,pr,ssp245,2040-2059,median,climatology,mm,ensemble of Precipitation,50.0,"access-cm2,access-esm1-5,bcc-csm2-mr,canesm5,cmcc-esm2,cnrm-cm6-1,cnrm-esm2-1,ec-earth3,ec-earth3-veg-lr,fgoals-g3,gfdl-cm4,gfdl-esm4,giss-e2-1-g,hadgem3-gc31-ll,inm-cm4-8,inm-cm5-0,ipsl-cm6a-lr,kace-1-0-g,miroc6,miroc-es2l,mpi-esm1-2-hr,mpi-esm1-2-lr,mri-esm2-0,nesm3,noresm2-lm,noresm2-mm,ukesm1-0-ll",World Bank Climate Change Knowledge Portal (CMIP6-x0.25),,,SSP2-4.5,Precipitation
SWZ,Eswatini,14.748569139015615,centre_cell_mask_coslat_area_weighted,pr,ssp245,2040-2059,median,anomaly,mm,ensemble of anomaly of Precipitation with reference period 1995-2014,50.0,"access-cm2,access-esm1-5,bcc-csm2-mr,canesm5,cmcc-esm2,cnrm-cm6-1,cnrm-esm2-1,ec-earth3,ec-earth3-veg-lr,fgoals-g3,gfdl-cm4,gfdl-esm4,giss-e2-1-g,hadgem3-gc31-ll,inm-cm4-8,inm-cm5-0,ipsl-cm6a-lr,kace-1-0-g,miroc6,miroc-es2l,mpi-esm1-2-hr,mpi-esm1-2-lr,mri-esm2-0,nesm3,noresm2-lm,noresm2-mm,ukesm1-0-ll",World Bank Climate Change Knowledge Portal (CMIP6-x0.25),,1995-2014,SSP2-4.5,Precipitation
SWZ,Eswatini,894.6523096288546,centre_cell_mask_coslat_area_weighted,pr,ssp245,2040-2059,median,climatology,mm,ensemble of Precipitation,50.0,"access-cm2,access-esm1-5,bcc-csm2-mr,canesm5,cmcc-esm2,cnrm-cm6-1,cnrm-esm2-1,ec-earth3,ec-earth3-veg-lr,fgoals-g3,gfdl-cm4,gfdl-esm4,giss-e2-1-g,hadgem3-gc31-ll,inm-cm4-8,inm-cm5-0,ipsl-cm6a-lr,kace-1-0-g,miroc6,miroc-es2l,mpi-esm1-2-hr,mpi-esm1-2-lr,mri-esm2-0,nesm3,noresm2-lm,noresm2-mm,ukesm1-0-ll",World Bank Climate Change Knowledge Portal (CMIP6-x0.25),,,SSP2-4.5,Precipitation
SXM,Sint Maarten (Neth.),-16.684127243133997,fractional_overlap_equal_area,pr,ssp245,2040-2059,median,anomaly,mm,ensemble of anomaly of Precipitation with reference period 1995-2014,50.0,"access-cm2,access-esm1-5,bcc-csm2-mr,canesm5,cmcc-esm2,cnrm-cm6-1,cnrm-esm2-1,ec-earth3,ec-earth3-veg-lr,fgoals-g3,gfdl-cm4,gfdl-esm4,giss-e2-1-g,hadgem3-gc31-ll,inm-cm4-8,inm-cm5-0,ipsl-cm6a-lr,kace-1-0-g,miroc6,miroc-es2l,mpi-esm1-2-hr,mpi-esm1-2-lr,mri-esm2-0,nesm3,noresm2-lm,noresm2-mm,ukesm1-0-ll",World Bank Climate Change Knowledge Portal (CMIP6-x0.25),,1995-2014,SSP2-4.5,Precipitation
SXM,Sint Maarten (Neth.),839.838540404049,fractional_overlap_equal_area,pr,ssp245,2040-2059,median,climatology,mm,ensemble of Precipitation,50.0,"access-cm2,access-esm1-5,bcc-csm2-mr,canesm5,cmcc-esm2,cnrm-cm6-1,cnrm-esm2-1,ec-earth3,ec-earth3-veg-lr,fgoals-g3,gfdl-cm4,gfdl-esm4,giss-e2-1-g,hadgem3-gc31-ll,inm-cm4-8,inm-cm5-0,ipsl-cm6a-lr,kace-1-0-g,miroc6,miroc-es2l,mpi-esm1-2-hr,mpi-esm1-2-lr,mri-esm2-0,nesm3,noresm2-lm,noresm2-mm,ukesm1-0-ll",World Bank Climate Change Knowledge Portal (CMIP6-x0.25),,,SSP2-4.5,Precipitation
SYC,Seychelles,66.74585130479754,centre_cell_mask_coslat_area_weighted,pr,ssp245,2040-2059,median,anomaly,mm,ensemble of anomaly of Precipitation with reference period 1995-2014,50.0,"access-cm2,access-esm1-5,bcc-csm2-mr,canesm5,cmcc-esm2,cnrm-cm6-1,cnrm-esm2-1,ec-earth3,ec-earth3-veg-lr,fgoals-g3,gfdl-cm4,gfdl-esm4,giss-e2-1-g,hadgem3-gc31-ll,inm-cm4-8,inm-cm5-0,ipsl-cm6a-lr,kace-1-0-g,miroc6,miroc-es2l,mpi-esm1-2-hr,mpi-esm1-2-lr,mri-esm2-0,nesm3,noresm2-lm,noresm2-mm,ukesm1-0-ll",World Bank Climate Change Knowledge Portal (CMIP6-x0.25),,1995-2014,SSP2-4.5,Precipitation
SYC,Seychelles,1392.4736944057568,centre_cell_mask_coslat_area_weighted,pr,ssp245,2040-2059,median,climatology,mm,ensemble of Precipitation,50.0,"access-cm2,access-esm1-5,bcc-csm2-mr,canesm5,cmcc-esm2,cnrm-cm6-1,cnrm-esm2-1,ec-earth3,ec-earth3-veg-lr,fgoals-g3,gfdl-cm4,gfdl-esm4,giss-e2-1-g,hadgem3-gc31-ll,inm-cm4-8,inm-cm5-0,ipsl-cm6a-lr,kace-1-0-g,miroc6,miroc-es2l,mpi-esm1-2-hr,mpi-esm1-2-lr,mri-esm2-0,nesm3,noresm2-lm,noresm2-mm,ukesm1-0-ll",World Bank Climate Change Knowledge Portal (CMIP6-x0.25),,,SSP2-4.5,Precipitation
SYR,Syrian Arab Republic,-6.738612143605074,centre_cell_mask_coslat_area_weighted,pr,ssp245,2040-2059,median,anomaly,mm,ensemble of anomaly of Precipitation with reference period 1995-2014,50.0,"access-cm2,access-esm1-5,bcc-csm2-mr,canesm5,cmcc-esm2,cnrm-cm6-1,cnrm-esm2-1,ec-earth3,ec-earth3-veg-lr,fgoals-g3,gfdl-cm4,gfdl-esm4,giss-e2-1-g,hadgem3-gc31-ll,inm-cm4-8,inm-cm5-0,ipsl-cm6a-lr,kace-1-0-g,miroc6,miroc-es2l,mpi-esm1-2-hr,mpi-esm1-2-lr,mri-esm2-0,nesm3,noresm2-lm,noresm2-mm,ukesm1-0-ll",World Bank Climate Change Knowledge Portal (CMIP6-x0.25),,1995-2014,SSP2-4.5,Precipitation
SYR,Syrian Arab Republic,221.25154506632433,centre_cell_mask_coslat_area_weighted,pr,ssp245,2040-2059,median,climatology,mm,ensemble of Precipitation,50.0,"access-cm2,access-esm1-5,bcc-csm2-mr,canesm5,cmcc-esm2,cnrm-cm6-1,cnrm-esm2-1,ec-earth3,ec-earth3-veg-lr,fgoals-g3,gfdl-cm4,gfdl-esm4,giss-e2-1-g,hadgem3-gc31-ll,inm-cm4-8,inm-cm5-0,ipsl-cm6a-lr,kace-1-0-g,miroc6,miroc-es2l,mpi-esm1-2-hr,mpi-esm1-2-lr,mri-esm2-0,nesm3,noresm2-lm,noresm2-mm,ukesm1-0-ll",World Bank Climate Change Knowledge Portal (CMIP6-x0.25),,,SSP2-4.5,Precipitation
TCA,Turks and Caicos Islands (U.K.),6.554999828338623,centre_cell_mask_coslat_area_weighted,pr,ssp245,2040-2059,median,anomaly,mm,ensemble of anomaly of Precipitation with reference period 1995-2014,50.0,"access-cm2,access-esm1-5,bcc-csm2-mr,canesm5,cmcc-esm2,cnrm-cm6-1,cnrm-esm2-1,ec-earth3,ec-earth3-veg-lr,fgoals-g3,gfdl-cm4,gfdl-esm4,giss-e2-1-g,hadgem3-gc31-ll,inm-cm4-8,inm-cm5-0,ipsl-cm6a-lr,kace-1-0-g,miroc6,miroc-es2l,mpi-esm1-2-hr,mpi-esm1-2-lr,mri-esm2-0,nesm3,noresm2-lm,noresm2-mm,ukesm1-0-ll",World Bank Climate Change Knowledge Portal (CMIP6-x0.25),,1995-2014,SSP2-4.5,Precipitation
TCA,Turks and Caicos Islands (U.K.),757.4639892578125,centre_cell_mask_coslat_area_weighted,pr,ssp245,2040-2059,median,climatology,mm,ensemble of Precipitation,50.0,"access-cm2,access-esm1-5,bcc-csm2-mr,canesm5,cmcc-esm2,cnrm-cm6-1,cnrm-esm2-1,ec-earth3,ec-earth3-veg-lr,fgoals-g3,gfdl-cm4,gfdl-esm4,giss-e2-1-g,hadgem3-gc31-ll,inm-cm4-8,inm-cm5-0,ipsl-cm6a-lr,kace-1-0-g,miroc6,miroc-es2l,mpi-esm1-2-hr,mpi-esm1-2-lr,mri-esm2-0,nesm3,noresm2-lm,noresm2-mm,ukesm1-0-ll",World Bank Climate Change Knowledge Portal (CMIP6-x0.25),,,SSP2-4.5,Precipitation
TCD,Chad,46.20590920776916,centre_cell_mask_coslat_area_weighted,pr,ssp245,2040-2059,median,anomaly,mm,ensemble of anomaly of Precipitation with reference period 1995-2014,50.0,"access-cm2,access-esm1-5,bcc-csm2-mr,canesm5,cmcc-esm2,cnrm-cm6-1,cnrm-esm2-1,ec-earth3,ec-earth3-veg-lr,fgoals-g3,gfdl-cm4,gfdl-esm4,giss-e2-1-g,hadgem3-gc31-ll,inm-cm4-8,inm-cm5-0,ipsl-cm6a-lr,kace-1-0-g,miroc6,miroc-es2l,mpi-esm1-2-hr,mpi-esm1-2-lr,mri-esm2-0,nesm3,noresm2-lm,noresm2-mm,ukesm1-0-ll",World Bank Climate Change Knowledge Portal (CMIP6-x0.25),,1995-2014,SSP2-4.5,Precipitation
TCD,Chad,380.5389753980807,centre_cell_mask_coslat_area_weighted,pr,ssp245,2040-2059,median,climatology,mm,ensemble of Precipitation,50.0,"access-cm2,access-esm1-5,bcc-csm2-mr,canesm5,cmcc-esm2,cnrm-cm6-1,cnrm-esm2-1,ec-earth3,ec-earth3-veg-lr,fgoals-g3,gfdl-cm4,gfdl-esm4,giss-e2-1-g,hadgem3-gc31-ll,inm-cm4-8,inm-cm5-0,ipsl-cm6a-lr,kace-1-0-g,miroc6,miroc-es2l,mpi-esm1-2-hr,mpi-esm1-2-lr,mri-esm2-0,nesm3,noresm2-lm,noresm2-mm,ukesm1-0-ll",World Bank Climate Change Knowledge Portal (CMIP6-x0.25),,,SSP2-4.5,Precipitation
TGO,Togo,24.00939390489595,centre_cell_mask_coslat_area_weighted,pr,ssp245,2040-2059,median,anomaly,mm,ensemble of anomaly of Precipitation with reference period 1995-2014,50.0,"access-cm2,access-esm1-5,bcc-csm2-mr,canesm5,cmcc-esm2,cnrm-cm6-1,cnrm-esm2-1,ec-earth3,ec-earth3-veg-lr,fgoals-g3,gfdl-cm4,gfdl-esm4,giss-e2-1-g,hadgem3-gc31-ll,inm-cm4-8,inm-cm5-0,ipsl-cm6a-lr,kace-1-0-g,miroc6,miroc-es2l,mpi-esm1-2-hr,mpi-esm1-2-lr,mri-esm2-0,nesm3,noresm2-lm,noresm2-mm,ukesm1-0-ll",World Bank Climate Change Knowledge Portal (CMIP6-x0.25),,1995-2014,SSP2-4.5,Precipitation
TGO,Togo,1379.299123426086,centre_cell_mask_coslat_area_weighted,pr,ssp245,2040-2059,median,climatology,mm,ensemble of Precipitation,50.0,"access-cm2,access-esm1-5,bcc-csm2-mr,canesm5,cmcc-esm2,cnrm-cm6-1,cnrm-esm2-1,ec-earth3,ec-earth3-veg-lr,fgoals-g3,gfdl-cm4,gfdl-esm4,giss-e2-1-g,hadgem3-gc31-ll,inm-cm4-8,inm-cm5-0,ipsl-cm6a-lr,kace-1-0-g,miroc6,miroc-es2l,mpi-esm1-2-hr,mpi-esm1-2-lr,mri-esm2-0,nesm3,noresm2-lm,noresm2-mm,ukesm1-0-ll",World Bank Climate Change Knowledge Portal (CMIP6-x0.25),,,SSP2-4.5,Precipitation
THA,Thailand,45.912724892730544,centre_cell_mask_coslat_area_weighted,pr,ssp245,2040-2059,median,anomaly,mm,ensemble of anomaly of Precipitation with reference period 1995-2014,50.0,"access-cm2,access-esm1-5,bcc-csm2-mr,canesm5,cmcc-esm2,cnrm-cm6-1,cnrm-esm2-1,ec-earth3,ec-earth3-veg-lr,fgoals-g3,gfdl-cm4,gfdl-esm4,giss-e2-1-g,hadgem3-gc31-ll,inm-cm4-8,inm-cm5-0,ipsl-cm6a-lr,kace-1-0-g,miroc6,miroc-es2l,mpi-esm1-2-hr,mpi-esm1-2-lr,mri-esm2-0,nesm3,noresm2-lm,noresm2-mm,ukesm1-0-ll",World Bank Climate Change Knowledge Portal (CMIP6-x0.25),,1995-2014,SSP2-4.5,Precipitation
THA,Thailand,1673.6781768729204,centre_cell_mask_coslat_area_weighted,pr,ssp245,2040-2059,median,climatology,mm,ensemble of Precipitation,50.0,"access-cm2,access-esm1-5,bcc-csm2-mr,canesm5,cmcc-esm2,cnrm-cm6-1,cnrm-esm2-1,ec-earth3,ec-earth3-veg-lr,fgoals-g3,gfdl-cm4,gfdl-esm4,giss-e2-1-g,hadgem3-gc31-ll,inm-cm4-8,inm-cm5-0,ipsl-cm6a-lr,kace-1-0-g,miroc6,miroc-es2l,mpi-esm1-2-hr,mpi-esm1-2-lr,mri-esm2-0,nesm3,noresm2-lm,noresm2-mm,ukesm1-0-ll",World Bank Climate Change Knowledge Portal (CMIP6-x0.25),,,SSP2-4.5,Precipitation
TJK,Tajikistan,33.65212942539618,centre_cell_mask_coslat_area_weighted,pr,ssp245,2040-2059,median,anomaly,mm,ensemble of anomaly of Precipitation with reference period 1995-2014,50.0,"access-cm2,access-esm1-5,bcc-csm2-mr,canesm5,cmcc-esm2,cnrm-cm6-1,cnrm-esm2-1,ec-earth3,ec-earth3-veg-lr,fgoals-g3,gfdl-cm4,gfdl-esm4,giss-e2-1-g,hadgem3-gc31-ll,inm-cm4-8,inm-cm5-0,ipsl-cm6a-lr,kace-1-0-g,miroc6,miroc-es2l,mpi-esm1-2-hr,mpi-esm1-2-lr,mri-esm2-0,nesm3,noresm2-lm,noresm2-mm,ukesm1-0-ll",World Bank Climate Change Knowledge Portal (CMIP6-x0.25),,1995-2014,SSP2-4.5,Precipitation
TJK,Tajikistan,772.0300974042565,centre_cell_mask_coslat_area_weighted,pr,ssp245,2040-2059,median,climatology,mm,ensemble of Precipitation,50.0,"access-cm2,access-esm1-5,bcc-csm2-mr,canesm5,cmcc-esm2,cnrm-cm6-1,cnrm-esm2-1,ec-earth3,ec-earth3-veg-lr,fgoals-g3,gfdl-cm4,gfdl-esm4,giss-e2-1-g,hadgem3-gc31-ll,inm-cm4-8,inm-cm5-0,ipsl-cm6a-lr,kace-1-0-g,miroc6,miroc-es2l,mpi-esm1-2-hr,mpi-esm1-2-lr,mri-esm2-0,nesm3,noresm2-lm,noresm2-mm,ukesm1-0-ll",World Bank Climate Change Knowledge Portal (CMIP6-x0.25),,,SSP2-4.5,Precipitation
TKL,Tokelau (N.Z.),79.46263229263025,fractional_overlap_equal_area,pr,ssp245,2040-2059,median,anomaly,mm,ensemble of anomaly of Precipitation with reference period 1995-2014,50.0,"access-cm2,access-esm1-5,bcc-csm2-mr,canesm5,cmcc-esm2,cnrm-cm6-1,cnrm-esm2-1,ec-earth3,ec-earth3-veg-lr,fgoals-g3,gfdl-cm4,gfdl-esm4,giss-e2-1-g,hadgem3-gc31-ll,inm-cm4-8,inm-cm5-0,ipsl-cm6a-lr,kace-1-0-g,miroc6,miroc-es2l,mpi-esm1-2-hr,mpi-esm1-2-lr,mri-esm2-0,nesm3,noresm2-lm,noresm2-mm,ukesm1-0-ll",World Bank Climate Change Knowledge Portal (CMIP6-x0.25),,1995-2014,SSP2-4.5,Precipitation
TKL,Tokelau (N.Z.),2745.5168278581273,fractional_overlap_equal_area,pr,ssp245,2040-2059,median,climatology,mm,ensemble of Precipitation,50.0,"access-cm2,access-esm1-5,bcc-csm2-mr,canesm5,cmcc-esm2,cnrm-cm6-1,cnrm-esm2-1,ec-earth3,ec-earth3-veg-lr,fgoals-g3,gfdl-cm4,gfdl-esm4,giss-e2-1-g,hadgem3-gc31-ll,inm-cm4-8,inm-cm5-0,ipsl-cm6a-lr,kace-1-0-g,miroc6,miroc-es2l,mpi-esm1-2-hr,mpi-esm1-2-lr,mri-esm2-0,nesm3,noresm2-lm,noresm2-mm,ukesm1-0-ll",World Bank Climate Change Knowledge Portal (CMIP6-x0.25),,,SSP2-4.5,Precipitation
TKM,Turkmenistan,10.795646497014612,centre_cell_mask_coslat_area_weighted,pr,ssp245,2040-2059,median,anomaly,mm,ensemble of anomaly of Precipitation with reference period 1995-2014,50.0,"access-cm2,access-esm1-5,bcc-csm2-mr,canesm5,cmcc-esm2,cnrm-cm6-1,cnrm-esm2-1,ec-earth3,ec-earth3-veg-lr,fgoals-g3,gfdl-cm4,gfdl-esm4,giss-e2-1-g,hadgem3-gc31-ll,inm-cm4-8,inm-cm5-0,ipsl-cm6a-lr,kace-1-0-g,miroc6,miroc-es2l,mpi-esm1-2-hr,mpi-esm1-2-lr,mri-esm2-0,nesm3,noresm2-lm,noresm2-mm,ukesm1-0-ll",World Bank Climate Change Knowledge Portal (CMIP6-x0.25),,1995-2014,SSP2-4.5,Precipitation
TKM,Turkmenistan,188.11345509535084,centre_cell_mask_coslat_area_weighted,pr,ssp245,2040-2059,median,climatology,mm,ensemble of Precipitation,50.0,"access-cm2,access-esm1-5,bcc-csm2-mr,canesm5,cmcc-esm2,cnrm-cm6-1,cnrm-esm2-1,ec-earth3,ec-earth3-veg-lr,fgoals-g3,gfdl-cm4,gfdl-esm4,giss-e2-1-g,hadgem3-gc31-ll,inm-cm4-8,inm-cm5-0,ipsl-cm6a-lr,kace-1-0-g,miroc6,miroc-es2l,mpi-esm1-2-hr,mpi-esm1-2-lr,mri-esm2-0,nesm3,noresm2-lm,noresm2-mm,ukesm1-0-ll",World Bank Climate Change Knowledge Portal (CMIP6-x0.25),,,SSP2-4.5,Precipitation
TLS,Timor-Leste,7.506115865683752,centre_cell_mask_coslat_area_weighted,pr,ssp245,2040-2059,median,anomaly,mm,ensemble of anomaly of Precipitation with reference period 1995-2014,50.0,"access-cm2,access-esm1-5,bcc-csm2-mr,canesm5,cmcc-esm2,cnrm-cm6-1,cnrm-esm2-1,ec-earth3,ec-earth3-veg-lr,fgoals-g3,gfdl-cm4,gfdl-esm4,giss-e2-1-g,hadgem3-gc31-ll,inm-cm4-8,inm-cm5-0,ipsl-cm6a-lr,kace-1-0-g,miroc6,miroc-es2l,mpi-esm1-2-hr,mpi-esm1-2-lr,mri-esm2-0,nesm3,noresm2-lm,noresm2-mm,ukesm1-0-ll",World Bank Climate Change Knowledge Portal (CMIP6-x0.25),,1995-2014,SSP2-4.5,Precipitation
TLS,Timor-Leste,1682.1594225100173,centre_cell_mask_coslat_area_weighted,pr,ssp245,2040-2059,median,climatology,mm,ensemble of Precipitation,50.0,"access-cm2,access-esm1-5,bcc-csm2-mr,canesm5,cmcc-esm2,cnrm-cm6-1,cnrm-esm2-1,ec-earth3,ec-earth3-veg-lr,fgoals-g3,gfdl-cm4,gfdl-esm4,giss-e2-1-g,hadgem3-gc31-ll,inm-cm4-8,inm-cm5-0,ipsl-cm6a-lr,kace-1-0-g,miroc6,miroc-es2l,mpi-esm1-2-hr,mpi-esm1-2-lr,mri-esm2-0,nesm3,noresm2-lm,noresm2-mm,ukesm1-0-ll",World Bank Climate Change Knowledge Portal (CMIP6-x0.25),,,SSP2-4.5,Precipitation
TON,Tonga,0.8755403108264838,fractional_overlap_equal_area,pr,ssp245,2040-2059,median,anomaly,mm,ensemble of anomaly of Precipitation with reference period 1995-2014,50.0,"access-cm2,access-esm1-5,bcc-csm2-mr,canesm5,cmcc-esm2,cnrm-cm6-1,cnrm-esm2-1,ec-earth3,ec-earth3-veg-lr,fgoals-g3,gfdl-cm4,gfdl-esm4,giss-e2-1-g,hadgem3-gc31-ll,inm-cm4-8,inm-cm5-0,ipsl-cm6a-lr,kace-1-0-g,miroc6,miroc-es2l,mpi-esm1-2-hr,mpi-esm1-2-lr,mri-esm2-0,nesm3,noresm2-lm,noresm2-mm,ukesm1-0-ll",World Bank Climate Change Knowledge Portal (CMIP6-x0.25),,1995-2014,SSP2-4.5,Precipitation
TON,Tonga,1744.6225127400057,fractional_overlap_equal_area,pr,ssp245,2040-2059,median,climatology,mm,ensemble of Precipitation,50.0,"access-cm2,access-esm1-5,bcc-csm2-mr,canesm5,cmcc-esm2,cnrm-cm6-1,cnrm-esm2-1,ec-earth3,ec-earth3-veg-lr,fgoals-g3,gfdl-cm4,gfdl-esm4,giss-e2-1-g,hadgem3-gc31-ll,inm-cm4-8,inm-cm5-0,ipsl-cm6a-lr,kace-1-0-g,miroc6,miroc-es2l,mpi-esm1-2-hr,mpi-esm1-2-lr,mri-esm2-0,nesm3,noresm2-lm,noresm2-mm,ukesm1-0-ll",World Bank Climate Change Knowledge Portal (CMIP6-x0.25),,,SSP2-4.5,Precipitation
TTO,Trinidad and Tobago,-64.5753672577014,centre_cell_mask_coslat_area_weighted,pr,ssp245,2040-2059,median,anomaly,mm,ensemble of anomaly of Precipitation with reference period 1995-2014,50.0,"access-cm2,access-esm1-5,bcc-csm2-mr,canesm5,cmcc-esm2,cnrm-cm6-1,cnrm-esm2-1,ec-earth3,ec-earth3-veg-lr,fgoals-g3,gfdl-cm4,gfdl-esm4,giss-e2-1-g,hadgem3-gc31-ll,inm-cm4-8,inm-cm5-0,ipsl-cm6a-lr,kace-1-0-g,miroc6,miroc-es2l,mpi-esm1-2-hr,mpi-esm1-2-lr,mri-esm2-0,nesm3,noresm2-lm,noresm2-mm,ukesm1-0-ll",World Bank Climate Change Knowledge Portal (CMIP6-x0.25),,1995-2014,SSP2-4.5,Precipitation
TTO,Trinidad and Tobago,1392.8535857555507,centre_cell_mask_coslat_area_weighted,pr,ssp245,2040-2059,median,climatology,mm,ensemble of Precipitation,50.0,"access-cm2,access-esm1-5,bcc-csm2-mr,canesm5,cmcc-esm2,cnrm-cm6-1,cnrm-esm2-1,ec-earth3,ec-earth3-veg-lr,fgoals-g3,gfdl-cm4,gfdl-esm4,giss-e2-1-g,hadgem3-gc31-ll,inm-cm4-8,inm-cm5-0,ipsl-cm6a-lr,kace-1-0-g,miroc6,miroc-es2l,mpi-esm1-2-hr,mpi-esm1-2-lr,mri-esm2-0,nesm3,noresm2-lm,noresm2-mm,ukesm1-0-ll",World Bank Climate Change Knowledge Portal (CMIP6-x0.25),,,SSP2-4.5,Precipitation
TUN,Tunisia,-16.158270529050856,centre_cell_mask_coslat_area_weighted,pr,ssp245,2040-2059,median,anomaly,mm,ensemble of anomaly of Precipitation with reference period 1995-2014,50.0,"access-cm2,access-esm1-5,bcc-csm2-mr,canesm5,cmcc-esm2,cnrm-cm6-1,cnrm-esm2-1,ec-earth3,ec-earth3-veg-lr,fgoals-g3,gfdl-cm4,gfdl-esm4,giss-e2-1-g,hadgem3-gc31-ll,inm-cm4-8,inm-cm5-0,ipsl-cm6a-lr,kace-1-0-g,miroc6,miroc-es2l,mpi-esm1-2-hr,mpi-esm1-2-lr,mri-esm2-0,nesm3,noresm2-lm,noresm2-mm,ukesm1-0-ll",World Bank Climate Change Knowledge Portal (CMIP6-x0.25),,1995-2014,SSP2-4.5,Precipitation
TUN,Tunisia,194.8031203068061,centre_cell_mask_coslat_area_weighted,pr,ssp245,2040-2059,median,climatology,mm,ensemble of Precipitation,50.0,"access-cm2,access-esm1-5,bcc-csm2-mr,canesm5,cmcc-esm2,cnrm-cm6-1,cnrm-esm2-1,ec-earth3,ec-earth3-veg-lr,fgoals-g3,gfdl-cm4,gfdl-esm4,giss-e2-1-g,hadgem3-gc31-ll,inm-cm4-8,inm-cm5-0,ipsl-cm6a-lr,kace-1-0-g,miroc6,miroc-es2l,mpi-esm1-2-hr,mpi-esm1-2-lr,mri-esm2-0,nesm3,noresm2-lm,noresm2-mm,ukesm1-0-ll",World Bank Climate Change Knowledge Portal (CMIP6-x0.25),,,SSP2-4.5,Precipitation
TUR,Turkey,-18.97608168434376,centre_cell_mask_coslat_area_weighted,pr,ssp245,2040-2059,median,anomaly,mm,ensemble of anomaly of Precipitation with reference period 1995-2014,50.0,"access-cm2,access-esm1-5,bcc-csm2-mr,canesm5,cmcc-esm2,cnrm-cm6-1,cnrm-esm2-1,ec-earth3,ec-earth3-veg-lr,fgoals-g3,gfdl-cm4,gfdl-esm4,giss-e2-1-g,hadgem3-gc31-ll,inm-cm4-8,inm-cm5-0,ipsl-cm6a-lr,kace-1-0-g,miroc6,miroc-es2l,mpi-esm1-2-hr,mpi-esm1-2-lr,mri-esm2-0,nesm3,noresm2-lm,noresm2-mm,ukesm1-0-ll",World Bank Climate Change Knowledge Portal (CMIP6-x0.25),,1995-2014,SSP2-4.5,Precipitation
TUR,Turkey,700.2730496418773,centre_cell_mask_coslat_area_weighted,pr,ssp245,2040-2059,median,climatology,mm,ensemble of Precipitation,50.0,"access-cm2,access-esm1-5,bcc-csm2-mr,canesm5,cmcc-esm2,cnrm-cm6-1,cnrm-esm2-1,ec-earth3,ec-earth3-veg-lr,fgoals-g3,gfdl-cm4,gfdl-esm4,giss-e2-1-g,hadgem3-gc31-ll,inm-cm4-8,inm-cm5-0,ipsl-cm6a-lr,kace-1-0-g,miroc6,miroc-es2l,mpi-esm1-2-hr,mpi-esm1-2-lr,mri-esm2-0,nesm3,noresm2-lm,noresm2-mm,ukesm1-0-ll",World Bank Climate Change Knowledge Portal (CMIP6-x0.25),,,SSP2-4.5,Precipitation
TUV,Tuvalu,186.8187844695112,fractional_overlap_equal_area,pr,ssp245,2040-2059,median,anomaly,mm,ensemble of anomaly of Precipitation with reference period 1995-2014,50.0,"access-cm2,access-esm1-5,bcc-csm2-mr,canesm5,cmcc-esm2,cnrm-cm6-1,cnrm-esm2-1,ec-earth3,ec-earth3-veg-lr,fgoals-g3,gfdl-cm4,gfdl-esm4,giss-e2-1-g,hadgem3-gc31-ll,inm-cm4-8,inm-cm5-0,ipsl-cm6a-lr,kace-1-0-g,miroc6,miroc-es2l,mpi-esm1-2-hr,mpi-esm1-2-lr,mri-esm2-0,nesm3,noresm2-lm,noresm2-mm,ukesm1-0-ll",World Bank Climate Change Knowledge Portal (CMIP6-x0.25),,1995-2014,SSP2-4.5,Precipitation
TUV,Tuvalu,3169.7836030997596,fractional_overlap_equal_area,pr,ssp245,2040-2059,median,climatology,mm,ensemble of Precipitation,50.0,"access-cm2,access-esm1-5,bcc-csm2-mr,canesm5,cmcc-esm2,cnrm-cm6-1,cnrm-esm2-1,ec-earth3,ec-earth3-veg-lr,fgoals-g3,gfdl-cm4,gfdl-esm4,giss-e2-1-g,hadgem3-gc31-ll,inm-cm4-8,inm-cm5-0,ipsl-cm6a-lr,kace-1-0-g,miroc6,miroc-es2l,mpi-esm1-2-hr,mpi-esm1-2-lr,mri-esm2-0,nesm3,noresm2-lm,noresm2-mm,ukesm1-0-ll",World Bank Climate Change Knowledge Portal (CMIP6-x0.25),,,SSP2-4.5,Precipitation
TWN,China,101.4752689874437,centre_cell_mask_coslat_area_weighted,pr,ssp245,2040-2059,median,anomaly,mm,ensemble of anomaly of Precipitation with reference period 1995-2014,50.0,"access-cm2,access-esm1-5,bcc-csm2-mr,canesm5,cmcc-esm2,cnrm-cm6-1,cnrm-esm2-1,ec-earth3,ec-earth3-veg-lr,fgoals-g3,gfdl-cm4,gfdl-esm4,giss-e2-1-g,hadgem3-gc31-ll,inm-cm4-8,inm-cm5-0,ipsl-cm6a-lr,kace-1-0-g,miroc6,miroc-es2l,mpi-esm1-2-hr,mpi-esm1-2-lr,mri-esm2-0,nesm3,noresm2-lm,noresm2-mm,ukesm1-0-ll",World Bank Climate Change Knowledge Portal (CMIP6-x0.25),,1995-2014,SSP2-4.5,Precipitation
TWN,China,2916.011146748116,centre_cell_mask_coslat_area_weighted,pr,ssp245,2040-2059,median,climatology,mm,ensemble of Precipitation,50.0,"access-cm2,access-esm1-5,bcc-csm2-mr,canesm5,cmcc-esm2,cnrm-cm6-1,cnrm-esm2-1,ec-earth3,ec-earth3-veg-lr,fgoals-g3,gfdl-cm4,gfdl-esm4,giss-e2-1-g,hadgem3-gc31-ll,inm-cm4-8,inm-cm5-0,ipsl-cm6a-lr,kace-1-0-g,miroc6,miroc-es2l,mpi-esm1-2-hr,mpi-esm1-2-lr,mri-esm2-0,nesm3,noresm2-lm,noresm2-mm,ukesm1-0-ll",World Bank Climate Change Knowledge Portal (CMIP6-x0.25),,,SSP2-4.5,Precipitation
TZA,Tanzania,10.427088091688256,centre_cell_mask_coslat_area_weighted,pr,ssp245,2040-2059,median,anomaly,mm,ensemble of anomaly of Precipitation with reference period 1995-2014,50.0,"access-cm2,access-esm1-5,bcc-csm2-mr,canesm5,cmcc-esm2,cnrm-cm6-1,cnrm-esm2-1,ec-earth3,ec-earth3-veg-lr,fgoals-g3,gfdl-cm4,gfdl-esm4,giss-e2-1-g,hadgem3-gc31-ll,inm-cm4-8,inm-cm5-0,ipsl-cm6a-lr,kace-1-0-g,miroc6,miroc-es2l,mpi-esm1-2-hr,mpi-esm1-2-lr,mri-esm2-0,nesm3,noresm2-lm,noresm2-mm,ukesm1-0-ll",World Bank Climate Change Knowledge Portal (CMIP6-x0.25),,1995-2014,SSP2-4.5,Precipitation
TZA,Tanzania,1174.2213567513488,centre_cell_mask_coslat_area_weighted,pr,ssp245,2040-2059,median,climatology,mm,ensemble of Precipitation,50.0,"access-cm2,access-esm1-5,bcc-csm2-mr,canesm5,cmcc-esm2,cnrm-cm6-1,cnrm-esm2-1,ec-earth3,ec-earth3-veg-lr,fgoals-g3,gfdl-cm4,gfdl-esm4,giss-e2-1-g,hadgem3-gc31-ll,inm-cm4-8,inm-cm5-0,ipsl-cm6a-lr,kace-1-0-g,miroc6,miroc-es2l,mpi-esm1-2-hr,mpi-esm1-2-lr,mri-esm2-0,nesm3,noresm2-lm,noresm2-mm,ukesm1-0-ll",World Bank Climate Change Knowledge Portal (CMIP6-x0.25),,,SSP2-4.5,Precipitation
UGA,Uganda,28.67365141161487,centre_cell_mask_coslat_area_weighted,pr,ssp245,2040-2059,median,anomaly,mm,ensemble of anomaly of Precipitation with reference period 1995-2014,50.0,"access-cm2,access-esm1-5,bcc-csm2-mr,canesm5,cmcc-esm2,cnrm-cm6-1,cnrm-esm2-1,ec-earth3,ec-earth3-veg-lr,fgoals-g3,gfdl-cm4,gfdl-esm4,giss-e2-1-g,hadgem3-gc31-ll,inm-cm4-8,inm-cm5-0,ipsl-cm6a-lr,kace-1-0-g,miroc6,miroc-es2l,mpi-esm1-2-hr,mpi-esm1-2-lr,mri-esm2-0,nesm3,noresm2-lm,noresm2-mm,ukesm1-0-ll",World Bank Climate Change Knowledge Portal (CMIP6-x0.25),,1995-2014,SSP2-4.5,Precipitation
UGA,Uganda,1791.2307714935723,centre_cell_mask_coslat_area_weighted,pr,ssp245,2040-2059,median,climatology,mm,ensemble of Precipitation,50.0,"access-cm2,access-esm1-5,bcc-csm2-mr,canesm5,cmcc-esm2,cnrm-cm6-1,cnrm-esm2-1,ec-earth3,ec-earth3-veg-lr,fgoals-g3,gfdl-cm4,gfdl-esm4,giss-e2-1-g,hadgem3-gc31-ll,inm-cm4-8,inm-cm5-0,ipsl-cm6a-lr,kace-1-0-g,miroc6,miroc-es2l,mpi-esm1-2-hr,mpi-esm1-2-lr,mri-esm2-0,nesm3,noresm2-lm,noresm2-mm,ukesm1-0-ll",World Bank Climate Change Knowledge Portal (CMIP6-x0.25),,,SSP2-4.5,Precipitation
UKR,Ukraine,0.4619829821050107,centre_cell_mask_coslat_area_weighted,pr,ssp245,2040-2059,median,anomaly,mm,ensemble of anomaly of Precipitation with reference period 1995-2014,50.0,"access-cm2,access-esm1-5,bcc-csm2-mr,canesm5,cmcc-esm2,cnrm-cm6-1,cnrm-esm2-1,ec-earth3,ec-earth3-veg-lr,fgoals-g3,gfdl-cm4,gfdl-esm4,giss-e2-1-g,hadgem3-gc31-ll,inm-cm4-8,inm-cm5-0,ipsl-cm6a-lr,kace-1-0-g,miroc6,miroc-es2l,mpi-esm1-2-hr,mpi-esm1-2-lr,mri-esm2-0,nesm3,noresm2-lm,noresm2-mm,ukesm1-0-ll",World Bank Climate Change Knowledge Portal (CMIP6-x0.25),,1995-2014,SSP2-4.5,Precipitation
UKR,Ukraine,673.8377565884632,centre_cell_mask_coslat_area_weighted,pr,ssp245,2040-2059,median,climatology,mm,ensemble of Precipitation,50.0,"access-cm2,access-esm1-5,bcc-csm2-mr,canesm5,cmcc-esm2,cnrm-cm6-1,cnrm-esm2-1,ec-earth3,ec-earth3-veg-lr,fgoals-g3,gfdl-cm4,gfdl-esm4,giss-e2-1-g,hadgem3-gc31-ll,inm-cm4-8,inm-cm5-0,ipsl-cm6a-lr,kace-1-0-g,miroc6,miroc-es2l,mpi-esm1-2-hr,mpi-esm1-2-lr,mri-esm2-0,nesm3,noresm2-lm,noresm2-mm,ukesm1-0-ll",World Bank Climate Change Knowledge Portal (CMIP6-x0.25),,,SSP2-4.5,Precipitation
UMI,U.S. Minor Outlying Islands,84.15812322972515,fractional_overlap_equal_area,pr,ssp245,2040-2059,median,anomaly,mm,ensemble of anomaly of Precipitation with reference period 1995-2014,50.0,"access-cm2,access-esm1-5,bcc-csm2-mr,canesm5,cmcc-esm2,cnrm-cm6-1,cnrm-esm2-1,ec-earth3,ec-earth3-veg-lr,fgoals-g3,gfdl-cm4,gfdl-esm4,giss-e2-1-g,hadgem3-gc31-ll,inm-cm4-8,inm-cm5-0,ipsl-cm6a-lr,kace-1-0-g,miroc6,miroc-es2l,mpi-esm1-2-hr,mpi-esm1-2-lr,mri-esm2-0,nesm3,noresm2-lm,noresm2-mm,ukesm1-0-ll",World Bank Climate Change Knowledge Portal (CMIP6-x0.25),,1995-2014,SSP2-4.5,Precipitation
UMI,U.S. Minor Outlying Islands,1208.9517791111523,fractional_overlap_equal_area,pr,ssp245,2040-2059,median,climatology,mm,ensemble of Precipitation,50.0,"access-cm2,access-esm1-5,bcc-csm2-mr,canesm5,cmcc-esm2,cnrm-cm6-1,cnrm-esm2-1,ec-earth3,ec-earth3-veg-lr,fgoals-g3,gfdl-cm4,gfdl-esm4,giss-e2-1-g,hadgem3-gc31-ll,inm-cm4-8,inm-cm5-0,ipsl-cm6a-lr,kace-1-0-g,miroc6,miroc-es2l,mpi-esm1-2-hr,mpi-esm1-2-lr,mri-esm2-0,nesm3,noresm2-lm,noresm2-mm,ukesm1-0-ll",World Bank Climate Change Knowledge Portal (CMIP6-x0.25),,,SSP2-4.5,Precipitation
URY,Uruguay,30.855717309894597,centre_cell_mask_coslat_area_weighted,pr,ssp245,2040-2059,median,anomaly,mm,ensemble of anomaly of Precipitation with reference period 1995-2014,50.0,"access-cm2,access-esm1-5,bcc-csm2-mr,canesm5,cmcc-esm2,cnrm-cm6-1,cnrm-esm2-1,ec-earth3,ec-earth3-veg-lr,fgoals-g3,gfdl-cm4,gfdl-esm4,giss-e2-1-g,hadgem3-gc31-ll,inm-cm4-8,inm-cm5-0,ipsl-cm6a-lr,kace-1-0-g,miroc6,miroc-es2l,mpi-esm1-2-hr,mpi-esm1-2-lr,mri-esm2-0,nesm3,noresm2-lm,noresm2-mm,ukesm1-0-ll",World Bank Climate Change Knowledge Portal (CMIP6-x0.25),,1995-2014,SSP2-4.5,Precipitation
URY,Uruguay,1306.6861702548601,centre_cell_mask_coslat_area_weighted,pr,ssp245,2040-2059,median,climatology,mm,ensemble of Precipitation,50.0,"access-cm2,access-esm1-5,bcc-csm2-mr,canesm5,cmcc-esm2,cnrm-cm6-1,cnrm-esm2-1,ec-earth3,ec-earth3-veg-lr,fgoals-g3,gfdl-cm4,gfdl-esm4,giss-e2-1-g,hadgem3-gc31-ll,inm-cm4-8,inm-cm5-0,ipsl-cm6a-lr,kace-1-0-g,miroc6,miroc-es2l,mpi-esm1-2-hr,mpi-esm1-2-lr,mri-esm2-0,nesm3,noresm2-lm,noresm2-mm,ukesm1-0-ll",World Bank Climate Change Knowledge Portal (CMIP6-x0.25),,,SSP2-4.5,Precipitation
USA,United States of America,39.169606517184164,centre_cell_mask_coslat_area_weighted,pr,ssp245,2040-2059,median,anomaly,mm,ensemble of anomaly of Precipitation with reference period 1995-2014,50.0,"access-cm2,access-esm1-5,bcc-csm2-mr,canesm5,cmcc-esm2,cnrm-cm6-1,cnrm-esm2-1,ec-earth3,ec-earth3-veg-lr,fgoals-g3,gfdl-cm4,gfdl-esm4,giss-e2-1-g,hadgem3-gc31-ll,inm-cm4-8,inm-cm5-0,ipsl-cm6a-lr,kace-1-0-g,miroc6,miroc-es2l,mpi-esm1-2-hr,mpi-esm1-2-lr,mri-esm2-0,nesm3,noresm2-lm,noresm2-mm,ukesm1-0-ll",World Bank Climate Change Knowledge Portal (CMIP6-x0.25),,1995-2014,SSP2-4.5,Precipitation
USA,United States of America,858.316393158862,centre_cell_mask_coslat_area_weighted,pr,ssp245,2040-2059,median,climatology,mm,ensemble of Precipitation,50.0,"access-cm2,access-esm1-5,bcc-csm2-mr,canesm5,cmcc-esm2,cnrm-cm6-1,cnrm-esm2-1,ec-earth3,ec-earth3-veg-lr,fgoals-g3,gfdl-cm4,gfdl-esm4,giss-e2-1-g,hadgem3-gc31-ll,inm-cm4-8,inm-cm5-0,ipsl-cm6a-lr,kace-1-0-g,miroc6,miroc-es2l,mpi-esm1-2-hr,mpi-esm1-2-lr,mri-esm2-0,nesm3,noresm2-lm,noresm2-mm,ukesm1-0-ll",World Bank Climate Change Knowledge Portal (CMIP6-x0.25),,,SSP2-4.5,Precipitation
UZB,Uzbekistan,15.722617478146043,centre_cell_mask_coslat_area_weighted,pr,ssp245,2040-2059,median,anomaly,mm,ensemble of anomaly of Precipitation with reference period 1995-2014,50.0,"access-cm2,access-esm1-5,bcc-csm2-mr,canesm5,cmcc-esm2,cnrm-cm6-1,cnrm-esm2-1,ec-earth3,ec-earth3-veg-lr,fgoals-g3,gfdl-cm4,gfdl-esm4,giss-e2-1-g,hadgem3-gc31-ll,inm-cm4-8,inm-cm5-0,ipsl-cm6a-lr,kace-1-0-g,miroc6,miroc-es2l,mpi-esm1-2-hr,mpi-esm1-2-lr,mri-esm2-0,nesm3,noresm2-lm,noresm2-mm,ukesm1-0-ll",World Bank Climate Change Knowledge Portal (CMIP6-x0.25),,1995-2014,SSP2-4.5,Precipitation
UZB,Uzbekistan,268.65514501445193,centre_cell_mask_coslat_area_weighted,pr,ssp245,2040-2059,median,climatology,mm,ensemble of Precipitation,50.0,"access-cm2,access-esm1-5,bcc-csm2-mr,canesm5,cmcc-esm2,cnrm-cm6-1,cnrm-esm2-1,ec-earth3,ec-earth3-veg-lr,fgoals-g3,gfdl-cm4,gfdl-esm4,giss-e2-1-g,hadgem3-gc31-ll,inm-cm4-8,inm-cm5-0,ipsl-cm6a-lr,kace-1-0-g,miroc6,miroc-es2l,mpi-esm1-2-hr,mpi-esm1-2-lr,mri-esm2-0,nesm3,noresm2-lm,noresm2-mm,ukesm1-0-ll",World Bank Climate Change Knowledge Portal (CMIP6-x0.25),,,SSP2-4.5,Precipitation
VAT,Vatican City,-46.30699920654297,fractional_overlap_equal_area,pr,ssp245,2040-2059,median,anomaly,mm,ensemble of anomaly of Precipitation with reference period 1995-2014,50.0,"access-cm2,access-esm1-5,bcc-csm2-mr,canesm5,cmcc-esm2,cnrm-cm6-1,cnrm-esm2-1,ec-earth3,ec-earth3-veg-lr,fgoals-g3,gfdl-cm4,gfdl-esm4,giss-e2-1-g,hadgem3-gc31-ll,inm-cm4-8,inm-cm5-0,ipsl-cm6a-lr,kace-1-0-g,miroc6,miroc-es2l,mpi-esm1-2-hr,mpi-esm1-2-lr,mri-esm2-0,nesm3,noresm2-lm,noresm2-mm,ukesm1-0-ll",World Bank Climate Change Knowledge Portal (CMIP6-x0.25),,1995-2014,SSP2-4.5,Precipitation
VAT,Vatican City,888.3590087890626,fractional_overlap_equal_area,pr,ssp245,2040-2059,median,climatology,mm,ensemble of Precipitation,50.0,"access-cm2,access-esm1-5,bcc-csm2-mr,canesm5,cmcc-esm2,cnrm-cm6-1,cnrm-esm2-1,ec-earth3,ec-earth3-veg-lr,fgoals-g3,gfdl-cm4,gfdl-esm4,giss-e2-1-g,hadgem3-gc31-ll,inm-cm4-8,inm-cm5-0,ipsl-cm6a-lr,kace-1-0-g,miroc6,miroc-es2l,mpi-esm1-2-hr,mpi-esm1-2-lr,mri-esm2-0,nesm3,noresm2-lm,noresm2-mm,ukesm1-0-ll",World Bank Climate Change Knowledge Portal (CMIP6-x0.25),,,SSP2-4.5,Precipitation
VCT,Saint Vincent and the Grenadines,-55.18199920654297,centre_cell_mask_coslat_area_weighted,pr,ssp245,2040-2059,median,anomaly,mm,ensemble of anomaly of Precipitation with reference period 1995-2014,50.0,"access-cm2,access-esm1-5,bcc-csm2-mr,canesm5,cmcc-esm2,cnrm-cm6-1,cnrm-esm2-1,ec-earth3,ec-earth3-veg-lr,fgoals-g3,gfdl-cm4,gfdl-esm4,giss-e2-1-g,hadgem3-gc31-ll,inm-cm4-8,inm-cm5-0,ipsl-cm6a-lr,kace-1-0-g,miroc6,miroc-es2l,mpi-esm1-2-hr,mpi-esm1-2-lr,mri-esm2-0,nesm3,noresm2-lm,noresm2-mm,ukesm1-0-ll",World Bank Climate Change Knowledge Portal (CMIP6-x0.25),,1995-2014,SSP2-4.5,Precipitation
VCT,Saint Vincent and the Grenadines,1070.9429931640623,centre_cell_mask_coslat_area_weighted,pr,ssp245,2040-2059,median,climatology,mm,ensemble of Precipitation,50.0,"access-cm2,access-esm1-5,bcc-csm2-mr,canesm5,cmcc-esm2,cnrm-cm6-1,cnrm-esm2-1,ec-earth3,ec-earth3-veg-lr,fgoals-g3,gfdl-cm4,gfdl-esm4,giss-e2-1-g,hadgem3-gc31-ll,inm-cm4-8,inm-cm5-0,ipsl-cm6a-lr,kace-1-0-g,miroc6,miroc-es2l,mpi-esm1-2-hr,mpi-esm1-2-lr,mri-esm2-0,nesm3,noresm2-lm,noresm2-mm,ukesm1-0-ll",World Bank Climate Change Knowledge Portal (CMIP6-x0.25),,,SSP2-4.5,Precipitation
VEN,R. B. de Venezuela,-66.24599278826977,centre_cell_mask_coslat_area_weighted,pr,ssp245,2040-2059,median,anomaly,mm,ensemble of anomaly of Precipitation with reference period 1995-2014,50.0,"access-cm2,access-esm1-5,bcc-csm2-mr,canesm5,cmcc-esm2,cnrm-cm6-1,cnrm-esm2-1,ec-earth3,ec-earth3-veg-lr,fgoals-g3,gfdl-cm4,gfdl-esm4,giss-e2-1-g,hadgem3-gc31-ll,inm-cm4-8,inm-cm5-0,ipsl-cm6a-lr,kace-1-0-g,miroc6,miroc-es2l,mpi-esm1-2-hr,mpi-esm1-2-lr,mri-esm2-0,nesm3,noresm2-lm,noresm2-mm,ukesm1-0-ll",World Bank Climate Change Knowledge Portal (CMIP6-x0.25),,1995-2014,SSP2-4.5,Precipitation
VEN,R. B. de Venezuela,2099.696933287158,centre_cell_mask_coslat_area_weighted,pr,ssp245,2040-2059,median,climatology,mm,ensemble of Precipitation,50.0,"access-cm2,access-esm1-5,bcc-csm2-mr,canesm5,cmcc-esm2,cnrm-cm6-1,cnrm-esm2-1,ec-earth3,ec-earth3-veg-lr,fgoals-g3,gfdl-cm4,gfdl-esm4,giss-e2-1-g,hadgem3-gc31-ll,inm-cm4-8,inm-cm5-0,ipsl-cm6a-lr,kace-1-0-g,miroc6,miroc-es2l,mpi-esm1-2-hr,mpi-esm1-2-lr,mri-esm2-0,nesm3,noresm2-lm,noresm2-mm,ukesm1-0-ll",World Bank Climate Change Knowledge Portal (CMIP6-x0.25),,,SSP2-4.5,Precipitation
VGB,British Virgin Islands (U.K.),-17.427890623169347,fractional_overlap_equal_area,pr,ssp245,2040-2059,median,anomaly,mm,ensemble of anomaly of Precipitation with reference period 1995-2014,50.0,"access-cm2,access-esm1-5,bcc-csm2-mr,canesm5,cmcc-esm2,cnrm-cm6-1,cnrm-esm2-1,ec-earth3,ec-earth3-veg-lr,fgoals-g3,gfdl-cm4,gfdl-esm4,giss-e2-1-g,hadgem3-gc31-ll,inm-cm4-8,inm-cm5-0,ipsl-cm6a-lr,kace-1-0-g,miroc6,miroc-es2l,mpi-esm1-2-hr,mpi-esm1-2-lr,mri-esm2-0,nesm3,noresm2-lm,noresm2-mm,ukesm1-0-ll",World Bank Climate Change Knowledge Portal (CMIP6-x0.25),,1995-2014,SSP2-4.5,Precipitation
VGB,British Virgin Islands (U.K.),907.5289613409345,fractional_overlap_equal_area,pr,ssp245,2040-2059,median,climatology,mm,ensemble of Precipitation,50.0,"access-cm2,access-esm1-5,bcc-csm2-mr,canesm5,cmcc-esm2,cnrm-cm6-1,cnrm-esm2-1,ec-earth3,ec-earth3-veg-lr,fgoals-g3,gfdl-cm4,gfdl-esm4,giss-e2-1-g,hadgem3-gc31-ll,inm-cm4-8,inm-cm5-0,ipsl-cm6a-lr,kace-1-0-g,miroc6,miroc-es2l,mpi-esm1-2-hr,mpi-esm1-2-lr,mri-esm2-0,nesm3,noresm2-lm,noresm2-mm,ukesm1-0-ll",World Bank Climate Change Knowledge Portal (CMIP6-x0.25),,,SSP2-4.5,Precipitation
VIR,United States Virgin Islands (U.S.),-33.77799987792969,centre_cell_mask_coslat_area_weighted,pr,ssp245,2040-2059,median,anomaly,mm,ensemble of anomaly of Precipitation with reference period 1995-2014,50.0,"access-cm2,access-esm1-5,bcc-csm2-mr,canesm5,cmcc-esm2,cnrm-cm6-1,cnrm-esm2-1,ec-earth3,ec-earth3-veg-lr,fgoals-g3,gfdl-cm4,gfdl-esm4,giss-e2-1-g,hadgem3-gc31-ll,inm-cm4-8,inm-cm5-0,ipsl-cm6a-lr,kace-1-0-g,miroc6,miroc-es2l,mpi-esm1-2-hr,mpi-esm1-2-lr,mri-esm2-0,nesm3,noresm2-lm,noresm2-mm,ukesm1-0-ll",World Bank Climate Change Knowledge Portal (CMIP6-x0.25),,1995-2014,SSP2-4.5,Precipitation
VIR,United States Virgin Islands (U.S.),952.7860107421875,centre_cell_mask_coslat_area_weighted,pr,ssp245,2040-2059,median,climatology,mm,ensemble of Precipitation,50.0,"access-cm2,access-esm1-5,bcc-csm2-mr,canesm5,cmcc-esm2,cnrm-cm6-1,cnrm-esm2-1,ec-earth3,ec-earth3-veg-lr,fgoals-g3,gfdl-cm4,gfdl-esm4,giss-e2-1-g,hadgem3-gc31-ll,inm-cm4-8,inm-cm5-0,ipsl-cm6a-lr,kace-1-0-g,miroc6,miroc-es2l,mpi-esm1-2-hr,mpi-esm1-2-lr,mri-esm2-0,nesm3,noresm2-lm,noresm2-mm,ukesm1-0-ll",World Bank Climate Change Knowledge Portal (CMIP6-x0.25),,,SSP2-4.5,Precipitation
VNM,Vietnam,87.18247243061623,centre_cell_mask_coslat_area_weighted,pr,ssp245,2040-2059,median,anomaly,mm,ensemble of anomaly of Precipitation with reference period 1995-2014,50.0,"access-cm2,access-esm1-5,bcc-csm2-mr,canesm5,cmcc-esm2,cnrm-cm6-1,cnrm-esm2-1,ec-earth3,ec-earth3-veg-lr,fgoals-g3,gfdl-cm4,gfdl-esm4,giss-e2-1-g,hadgem3-gc31-ll,inm-cm4-8,inm-cm5-0,ipsl-cm6a-lr,kace-1-0-g,miroc6,miroc-es2l,mpi-esm1-2-hr,mpi-esm1-2-lr,mri-esm2-0,nesm3,noresm2-lm,noresm2-mm,ukesm1-0-ll",World Bank Climate Change Knowledge Portal (CMIP6-x0.25),,1995-2014,SSP2-4.5,Precipitation
VNM,Vietnam,2097.5734385879673,centre_cell_mask_coslat_area_weighted,pr,ssp245,2040-2059,median,climatology,mm,ensemble of Precipitation,50.0,"access-cm2,access-esm1-5,bcc-csm2-mr,canesm5,cmcc-esm2,cnrm-cm6-1,cnrm-esm2-1,ec-earth3,ec-earth3-veg-lr,fgoals-g3,gfdl-cm4,gfdl-esm4,giss-e2-1-g,hadgem3-gc31-ll,inm-cm4-8,inm-cm5-0,ipsl-cm6a-lr,kace-1-0-g,miroc6,miroc-es2l,mpi-esm1-2-hr,mpi-esm1-2-lr,mri-esm2-0,nesm3,noresm2-lm,noresm2-mm,ukesm1-0-ll",World Bank Climate Change Knowledge Portal (CMIP6-x0.25),,,SSP2-4.5,Precipitation
VUT,Vanuatu,-15.55423625237605,centre_cell_mask_coslat_area_weighted,pr,ssp245,2040-2059,median,anomaly,mm,ensemble of anomaly of Precipitation with reference period 1995-2014,50.0,"access-cm2,access-esm1-5,bcc-csm2-mr,canesm5,cmcc-esm2,cnrm-cm6-1,cnrm-esm2-1,ec-earth3,ec-earth3-veg-lr,fgoals-g3,gfdl-cm4,gfdl-esm4,giss-e2-1-g,hadgem3-gc31-ll,inm-cm4-8,inm-cm5-0,ipsl-cm6a-lr,kace-1-0-g,miroc6,miroc-es2l,mpi-esm1-2-hr,mpi-esm1-2-lr,mri-esm2-0,nesm3,noresm2-lm,noresm2-mm,ukesm1-0-ll",World Bank Climate Change Knowledge Portal (CMIP6-x0.25),,1995-2014,SSP2-4.5,Precipitation
VUT,Vanuatu,2218.3484717514475,centre_cell_mask_coslat_area_weighted,pr,ssp245,2040-2059,median,climatology,mm,ensemble of Precipitation,50.0,"access-cm2,access-esm1-5,bcc-csm2-mr,canesm5,cmcc-esm2,cnrm-cm6-1,cnrm-esm2-1,ec-earth3,ec-earth3-veg-lr,fgoals-g3,gfdl-cm4,gfdl-esm4,giss-e2-1-g,hadgem3-gc31-ll,inm-cm4-8,inm-cm5-0,ipsl-cm6a-lr,kace-1-0-g,miroc6,miroc-es2l,mpi-esm1-2-hr,mpi-esm1-2-lr,mri-esm2-0,nesm3,noresm2-lm,noresm2-mm,ukesm1-0-ll",World Bank Climate Change Knowledge Portal (CMIP6-x0.25),,,SSP2-4.5,Precipitation
WLF,Wallis and Futuna (Fr.),63.26069854539623,fractional_overlap_equal_area,pr,ssp245,2040-2059,median,anomaly,mm,ensemble of anomaly of Precipitation with reference period 1995-2014,50.0,"access-cm2,access-esm1-5,bcc-csm2-mr,canesm5,cmcc-esm2,cnrm-cm6-1,cnrm-esm2-1,ec-earth3,ec-earth3-veg-lr,fgoals-g3,gfdl-cm4,gfdl-esm4,giss-e2-1-g,hadgem3-gc31-ll,inm-cm4-8,inm-cm5-0,ipsl-cm6a-lr,kace-1-0-g,miroc6,miroc-es2l,mpi-esm1-2-hr,mpi-esm1-2-lr,mri-esm2-0,nesm3,noresm2-lm,noresm2-mm,ukesm1-0-ll",World Bank Climate Change Knowledge Portal (CMIP6-x0.25),,1995-2014,SSP2-4.5,Precipitation
WLF,Wallis and Futuna (Fr.),2796.174512075156,fractional_overlap_equal_area,pr,ssp245,2040-2059,median,climatology,mm,ensemble of Precipitation,50.0,"access-cm2,access-esm1-5,bcc-csm2-mr,canesm5,cmcc-esm2,cnrm-cm6-1,cnrm-esm2-1,ec-earth3,ec-earth3-veg-lr,fgoals-g3,gfdl-cm4,gfdl-esm4,giss-e2-1-g,hadgem3-gc31-ll,inm-cm4-8,inm-cm5-0,ipsl-cm6a-lr,kace-1-0-g,miroc6,miroc-es2l,mpi-esm1-2-hr,mpi-esm1-2-lr,mri-esm2-0,nesm3,noresm2-lm,noresm2-mm,ukesm1-0-ll",World Bank Climate Change Knowledge Portal (CMIP6-x0.25),,,SSP2-4.5,Precipitation
WSM,Samoa,59.23977265477053,centre_cell_mask_coslat_area_weighted,pr,ssp245,2040-2059,median,anomaly,mm,ensemble of anomaly of Precipitation with reference period 1995-2014,50.0,"access-cm2,access-esm1-5,bcc-csm2-mr,canesm5,cmcc-esm2,cnrm-cm6-1,cnrm-esm2-1,ec-earth3,ec-earth3-veg-lr,fgoals-g3,gfdl-cm4,gfdl-esm4,giss-e2-1-g,hadgem3-gc31-ll,inm-cm4-8,inm-cm5-0,ipsl-cm6a-lr,kace-1-0-g,miroc6,miroc-es2l,mpi-esm1-2-hr,mpi-esm1-2-lr,mri-esm2-0,nesm3,noresm2-lm,noresm2-mm,ukesm1-0-ll",World Bank Climate Change Knowledge Portal (CMIP6-x0.25),,1995-2014,SSP2-4.5,Precipitation
WSM,Samoa,2607.631904139587,centre_cell_mask_coslat_area_weighted,pr,ssp245,2040-2059,median,climatology,mm,ensemble of Precipitation,50.0,"access-cm2,access-esm1-5,bcc-csm2-mr,canesm5,cmcc-esm2,cnrm-cm6-1,cnrm-esm2-1,ec-earth3,ec-earth3-veg-lr,fgoals-g3,gfdl-cm4,gfdl-esm4,giss-e2-1-g,hadgem3-gc31-ll,inm-cm4-8,inm-cm5-0,ipsl-cm6a-lr,kace-1-0-g,miroc6,miroc-es2l,mpi-esm1-2-hr,mpi-esm1-2-lr,mri-esm2-0,nesm3,noresm2-lm,noresm2-mm,ukesm1-0-ll",World Bank Climate Change Knowledge Portal (CMIP6-x0.25),,,SSP2-4.5,Precipitation
YEM,Republic of Yemen,22.18148016653998,centre_cell_mask_coslat_area_weighted,pr,ssp245,2040-2059,median,anomaly,mm,ensemble of anomaly of Precipitation with reference period 1995-2014,50.0,"access-cm2,access-esm1-5,bcc-csm2-mr,canesm5,cmcc-esm2,cnrm-cm6-1,cnrm-esm2-1,ec-earth3,ec-earth3-veg-lr,fgoals-g3,gfdl-cm4,gfdl-esm4,giss-e2-1-g,hadgem3-gc31-ll,inm-cm4-8,inm-cm5-0,ipsl-cm6a-lr,kace-1-0-g,miroc6,miroc-es2l,mpi-esm1-2-hr,mpi-esm1-2-lr,mri-esm2-0,nesm3,noresm2-lm,noresm2-mm,ukesm1-0-ll",World Bank Climate Change Knowledge Portal (CMIP6-x0.25),,1995-2014,SSP2-4.5,Precipitation
YEM,Republic of Yemen,180.92757141407213,centre_cell_mask_coslat_area_weighted,pr,ssp245,2040-2059,median,climatology,mm,ensemble of Precipitation,50.0,"access-cm2,access-esm1-5,bcc-csm2-mr,canesm5,cmcc-esm2,cnrm-cm6-1,cnrm-esm2-1,ec-earth3,ec-earth3-veg-lr,fgoals-g3,gfdl-cm4,gfdl-esm4,giss-e2-1-g,hadgem3-gc31-ll,inm-cm4-8,inm-cm5-0,ipsl-cm6a-lr,kace-1-0-g,miroc6,miroc-es2l,mpi-esm1-2-hr,mpi-esm1-2-lr,mri-esm2-0,nesm3,noresm2-lm,noresm2-mm,ukesm1-0-ll",World Bank Climate Change Knowledge Portal (CMIP6-x0.25),,,SSP2-4.5,Precipitation
ZAF,South Africa,-7.507538732618042,centre_cell_mask_coslat_area_weighted,pr,ssp245,2040-2059,median,anomaly,mm,ensemble of anomaly of Precipitation with reference period 1995-2014,50.0,"access-cm2,access-esm1-5,bcc-csm2-mr,canesm5,cmcc-esm2,cnrm-cm6-1,cnrm-esm2-1,ec-earth3,ec-earth3-veg-lr,fgoals-g3,gfdl-cm4,gfdl-esm4,giss-e2-1-g,hadgem3-gc31-ll,inm-cm4-8,inm-cm5-0,ipsl-cm6a-lr,kace-1-0-g,miroc6,miroc-es2l,mpi-esm1-2-hr,mpi-esm1-2-lr,mri-esm2-0,nesm3,noresm2-lm,noresm2-mm,ukesm1-0-ll",World Bank Climate Change Knowledge Portal (CMIP6-x0.25),,1995-2014,SSP2-4.5,Precipitation
ZAF,South Africa,535.4256617459362,centre_cell_mask_coslat_area_weighted,pr,ssp245,2040-2059,median,climatology,mm,ensemble of Precipitation,50.0,"access-cm2,access-esm1-5,bcc-csm2-mr,canesm5,cmcc-esm2,cnrm-cm6-1,cnrm-esm2-1,ec-earth3,ec-earth3-veg-lr,fgoals-g3,gfdl-cm4,gfdl-esm4,giss-e2-1-g,hadgem3-gc31-ll,inm-cm4-8,inm-cm5-0,ipsl-cm6a-lr,kace-1-0-g,miroc6,miroc-es2l,mpi-esm1-2-hr,mpi-esm1-2-lr,mri-esm2-0,nesm3,noresm2-lm,noresm2-mm,ukesm1-0-ll",World Bank Climate Change Knowledge Portal (CMIP6-x0.25),,,SSP2-4.5,Precipitation
ZMB,Zambia,-33.84929419019264,centre_cell_mask_coslat_area_weighted,pr,ssp245,2040-2059,median,anomaly,mm,ensemble of anomaly of Precipitation with reference period 1995-2014,50.0,"access-cm2,access-esm1-5,bcc-csm2-mr,canesm5,cmcc-esm2,cnrm-cm6-1,cnrm-esm2-1,ec-earth3,ec-earth3-veg-lr,fgoals-g3,gfdl-cm4,gfdl-esm4,giss-e2-1-g,hadgem3-gc31-ll,inm-cm4-8,inm-cm5-0,ipsl-cm6a-lr,kace-1-0-g,miroc6,miroc-es2l,mpi-esm1-2-hr,mpi-esm1-2-lr,mri-esm2-0,nesm3,noresm2-lm,noresm2-mm,ukesm1-0-ll",World Bank Climate Change Knowledge Portal (CMIP6-x0.25),,1995-2014,SSP2-4.5,Precipitation
ZMB,Zambia,1071.796653996731,centre_cell_mask_coslat_area_weighted,pr,ssp245,2040-2059,median,climatology,mm,ensemble of Precipitation,50.0,"access-cm2,access-esm1-5,bcc-csm2-mr,canesm5,cmcc-esm2,cnrm-cm6-1,cnrm-esm2-1,ec-earth3,ec-earth3-veg-lr,fgoals-g3,gfdl-cm4,gfdl-esm4,giss-e2-1-g,hadgem3-gc31-ll,inm-cm4-8,inm-cm5-0,ipsl-cm6a-lr,kace-1-0-g,miroc6,miroc-es2l,mpi-esm1-2-hr,mpi-esm1-2-lr,mri-esm2-0,nesm3,noresm2-lm,noresm2-mm,ukesm1-0-ll",World Bank Climate Change Knowledge Portal (CMIP6-x0.25),,,SSP2-4.5,Precipitation
ZWE,Zimbabwe,-16.298119832328926,centre_cell_mask_coslat_area_weighted,pr,ssp245,2040-2059,median,anomaly,mm,ensemble of anomaly of Precipitation with reference period 1995-2014,50.0,"access-cm2,access-esm1-5,bcc-csm2-mr,canesm5,cmcc-esm2,cnrm-cm6-1,cnrm-esm2-1,ec-earth3,ec-earth3-veg-lr,fgoals-g3,gfdl-cm4,gfdl-esm4,giss-e2-1-g,hadgem3-gc31-ll,inm-cm4-8,inm-cm5-0,ipsl-cm6a-lr,kace-1-0-g,miroc6,miroc-es2l,mpi-esm1-2-hr,mpi-esm1-2-lr,mri-esm2-0,nesm3,noresm2-lm,noresm2-mm,ukesm1-0-ll",World Bank Climate Change Knowledge Portal (CMIP6-x0.25),,1995-2014,SSP2-4.5,Precipitation
ZWE,Zimbabwe,685.7665186182601,centre_cell_mask_coslat_area_weighted,pr,ssp245,2040-2059,median,climatology,mm,ensemble of Precipitation,50.0,"access-cm2,access-esm1-5,bcc-csm2-mr,canesm5,cmcc-esm2,cnrm-cm6-1,cnrm-esm2-1,ec-earth3,ec-earth3-veg-lr,fgoals-g3,gfdl-cm4,gfdl-esm4,giss-e2-1-g,hadgem3-gc31-ll,inm-cm4-8,inm-cm5-0,ipsl-cm6a-lr,kace-1-0-g,miroc6,miroc-es2l,mpi-esm1-2-hr,mpi-esm1-2-lr,mri-esm2-0,nesm3,noresm2-lm,noresm2-mm,ukesm1-0-ll",World Bank Climate Change Knowledge Portal (CMIP6-x0.25),,,SSP2-4.5,Precipitation
