iso3,country,value,aggregation_method,indicator,scenario,period,statistic,value_type,unit,variable_long_name,ensemble_percentile,models_in_ensemble,source,source_doi,reference_period,scenario_label,indicator_label
ABW,Aruba (Neth.),6.900000095367432,centre_cell_mask_coslat_area_weighted,hd30,ssp245,2040-2059,median,climatology,days,annual climatology of ensemble of hd30: hot days with 30 degC and higher,50.0,"access-cm2,access-esm1-5,bcc-csm2-mr,canesm5,cmcc-esm2,cnrm-cm6-1,cnrm-esm2-1,ec-earth3,ec-earth3-veg-lr,fgoals-g3,gfdl-cm4,gfdl-esm4,giss-e2-1-g,hadgem3-gc31-ll,inm-cm4-8,inm-cm5-0,ipsl-cm6a-lr,kace-1-0-g,kiost-esm,miroc6,miroc-es2l,mpi-esm1-2-hr,mpi-esm1-2-lr,mri-esm2-0,nesm3,noresm2-lm,noresm2-mm,ukesm1-0-ll",World Bank Climate Change Knowledge Portal (CMIP6-x0.25),,,SSP2-4.5,Hot days above 30°C
ABW,Aruba (Neth.),1.1299999952316284,centre_cell_mask_coslat_area_weighted,tas,ssp245,2040-2059,median,anomaly,degC,ensemble of anomaly of Daily Near-Surface Air Temperature with reference period 1995-2014,50.0,"access-cm2,access-esm1-5,bcc-csm2-mr,canesm5,cmcc-esm2,cnrm-cm6-1,cnrm-esm2-1,ec-earth3,ec-earth3-veg-lr,fgoals-g3,gfdl-cm4,gfdl-esm4,giss-e2-1-g,hadgem3-gc31-ll,inm-cm4-8,inm-cm5-0,ipsl-cm6a-lr,kace-1-0-g,miroc6,miroc-es2l,mpi-esm1-2-hr,mpi-esm1-2-lr,mri-esm2-0,nesm3,noresm2-lm,noresm2-mm,ukesm1-0-ll",World Bank Climate Change Knowledge Portal (CMIP6-x0.25),,1995-2014,SSP2-4.5,Mean temperature
ABW,Aruba (Neth.),27.773000717163086,centre_cell_mask_coslat_area_weighted,tas,ssp245,2040-2059,median,climatology,degC,ensemble of Daily Near-Surface Air Temperature,50.0,"access-cm2,access-esm1-5,bcc-csm2-mr,canesm5,cmcc-esm2,cnrm-cm6-1,cnrm-esm2-1,ec-earth3,ec-earth3-veg-lr,fgoals-g3,gfdl-cm4,gfdl-esm4,giss-e2-1-g,hadgem3-gc31-ll,inm-cm4-8,inm-cm5-0,ipsl-cm6a-lr,kace-1-0-g,miroc6,miroc-es2l,mpi-esm1-2-hr,mpi-esm1-2-lr,mri-esm2-0,nesm3,noresm2-lm,noresm2-mm,ukesm1-0-ll",World Bank Climate Change Knowledge Portal (CMIP6-x0.25),,,SSP2-4.5,Mean temperature
AFG,Afghanistan,101.8952389353669,centre_cell_mask_coslat_area_weighted,hd30,ssp245,2040-2059,median,climatology,days,annual climatology of ensemble of hd30: hot days with 30 degC and higher,50.0,"access-cm2,access-esm1-5,bcc-csm2-mr,canesm5,cmcc-esm2,cnrm-cm6-1,cnrm-esm2-1,ec-earth3,ec-earth3-veg-lr,fgoals-g3,gfdl-cm4,gfdl-esm4,giss-e2-1-g,hadgem3-gc31-ll,inm-cm4-8,inm-cm5-0,ipsl-cm6a-lr,kace-1-0-g,kiost-esm,miroc6,miroc-es2l,mpi-esm1-2-hr,mpi-esm1-2-lr,mri-esm2-0,nesm3,noresm2-lm,noresm2-mm,ukesm1-0-ll",World Bank Climate Change Knowledge Portal (CMIP6-x0.25),,,SSP2-4.5,Hot days above 30°C
AFG,Afghanistan,1.9432268294380708,centre_cell_mask_coslat_area_weighted,tas,ssp245,2040-2059,median,anomaly,degC,ensemble of anomaly of Daily Near-Surface Air Temperature with reference period 1995-2014,50.0,"access-cm2,access-esm1-5,bcc-csm2-mr,canesm5,cmcc-esm2,cnrm-cm6-1,cnrm-esm2-1,ec-earth3,ec-earth3-veg-lr,fgoals-g3,gfdl-cm4,gfdl-esm4,giss-e2-1-g,hadgem3-gc31-ll,inm-cm4-8,inm-cm5-0,ipsl-cm6a-lr,kace-1-0-g,miroc6,miroc-es2l,mpi-esm1-2-hr,mpi-esm1-2-lr,mri-esm2-0,nesm3,noresm2-lm,noresm2-mm,ukesm1-0-ll",World Bank Climate Change Knowledge Portal (CMIP6-x0.25),,1995-2014,SSP2-4.5,Mean temperature
AFG,Afghanistan,14.20207642406992,centre_cell_mask_coslat_area_weighted,tas,ssp245,2040-2059,median,climatology,degC,ensemble of Daily Near-Surface Air Temperature,50.0,"access-cm2,access-esm1-5,bcc-csm2-mr,canesm5,cmcc-esm2,cnrm-cm6-1,cnrm-esm2-1,ec-earth3,ec-earth3-veg-lr,fgoals-g3,gfdl-cm4,gfdl-esm4,giss-e2-1-g,hadgem3-gc31-ll,inm-cm4-8,inm-cm5-0,ipsl-cm6a-lr,kace-1-0-g,miroc6,miroc-es2l,mpi-esm1-2-hr,mpi-esm1-2-lr,mri-esm2-0,nesm3,noresm2-lm,noresm2-mm,ukesm1-0-ll",World Bank Climate Change Knowledge Portal (CMIP6-x0.25),,,SSP2-4.5,Mean temperature
AGO,Angola,165.24554413932216,centre_cell_mask_coslat_area_weighted,hd30,ssp245,2040-2059,median,climatology,days,annual climatology of ensemble of hd30: hot days with 30 degC and higher,50.0,"access-cm2,access-esm1-5,bcc-csm2-mr,canesm5,cmcc-esm2,cnrm-cm6-1,cnrm-esm2-1,ec-earth3,ec-earth3-veg-lr,fgoals-g3,gfdl-cm4,gfdl-esm4,giss-e2-1-g,hadgem3-gc31-ll,inm-cm4-8,inm-cm5-0,ipsl-cm6a-lr,kace-1-0-g,kiost-esm,miroc6,miroc-es2l,mpi-esm1-2-hr,mpi-esm1-2-lr,mri-esm2-0,nesm3,noresm2-lm,noresm2-mm,ukesm1-0-ll",World Bank Climate Change Knowledge Portal (CMIP6-x0.25),,,SSP2-4.5,Hot days above 30°C
AGO,Angola,1.4123002774106628,centre_cell_mask_coslat_area_weighted,tas,ssp245,2040-2059,median,anomaly,degC,ensemble of anomaly of Daily Near-Surface Air Temperature with reference period 1995-2014,50.0,"access-cm2,access-esm1-5,bcc-csm2-mr,canesm5,cmcc-esm2,cnrm-cm6-1,cnrm-esm2-1,ec-earth3,ec-earth3-veg-lr,fgoals-g3,gfdl-cm4,gfdl-esm4,giss-e2-1-g,hadgem3-gc31-ll,inm-cm4-8,inm-cm5-0,ipsl-cm6a-lr,kace-1-0-g,miroc6,miroc-es2l,mpi-esm1-2-hr,mpi-esm1-2-lr,mri-esm2-0,nesm3,noresm2-lm,noresm2-mm,ukesm1-0-ll",World Bank Climate Change Knowledge Portal (CMIP6-x0.25),,1995-2014,SSP2-4.5,Mean temperature
AGO,Angola,24.123353455072515,centre_cell_mask_coslat_area_weighted,tas,ssp245,2040-2059,median,climatology,degC,ensemble of Daily Near-Surface Air Temperature,50.0,"access-cm2,access-esm1-5,bcc-csm2-mr,canesm5,cmcc-esm2,cnrm-cm6-1,cnrm-esm2-1,ec-earth3,ec-earth3-veg-lr,fgoals-g3,gfdl-cm4,gfdl-esm4,giss-e2-1-g,hadgem3-gc31-ll,inm-cm4-8,inm-cm5-0,ipsl-cm6a-lr,kace-1-0-g,miroc6,miroc-es2l,mpi-esm1-2-hr,mpi-esm1-2-lr,mri-esm2-0,nesm3,noresm2-lm,noresm2-mm,ukesm1-0-ll",World Bank Climate Change Knowledge Portal (CMIP6-x0.25),,,SSP2-4.5,Mean temperature
AIA,Anguilla (U.K.),0.699999988079071,centre_cell_mask_coslat_area_weighted,hd30,ssp245,2040-2059,median,climatology,days,annual climatology of ensemble of hd30: hot days with 30 degC and higher,50.0,"access-cm2,access-esm1-5,bcc-csm2-mr,canesm5,cmcc-esm2,cnrm-cm6-1,cnrm-esm2-1,ec-earth3,ec-earth3-veg-lr,fgoals-g3,gfdl-cm4,gfdl-esm4,giss-e2-1-g,hadgem3-gc31-ll,inm-cm4-8,inm-cm5-0,ipsl-cm6a-lr,kace-1-0-g,kiost-esm,miroc6,miroc-es2l,mpi-esm1-2-hr,mpi-esm1-2-lr,mri-esm2-0,nesm3,noresm2-lm,noresm2-mm,ukesm1-0-ll",World Bank Climate Change Knowledge Portal (CMIP6-x0.25),,,SSP2-4.5,Hot days above 30°C
AIA,Anguilla (U.K.),1.0829999446868896,centre_cell_mask_coslat_area_weighted,tas,ssp245,2040-2059,median,anomaly,degC,ensemble of anomaly of Daily Near-Surface Air Temperature with reference period 1995-2014,50.0,"access-cm2,access-esm1-5,bcc-csm2-mr,canesm5,cmcc-esm2,cnrm-cm6-1,cnrm-esm2-1,ec-earth3,ec-earth3-veg-lr,fgoals-g3,gfdl-cm4,gfdl-esm4,giss-e2-1-g,hadgem3-gc31-ll,inm-cm4-8,inm-cm5-0,ipsl-cm6a-lr,kace-1-0-g,miroc6,miroc-es2l,mpi-esm1-2-hr,mpi-esm1-2-lr,mri-esm2-0,nesm3,noresm2-lm,noresm2-mm,ukesm1-0-ll",World Bank Climate Change Knowledge Portal (CMIP6-x0.25),,1995-2014,SSP2-4.5,Mean temperature
AIA,Anguilla (U.K.),27.163999557495117,centre_cell_mask_coslat_area_weighted,tas,ssp245,2040-2059,median,climatology,degC,ensemble of Daily Near-Surface Air Temperature,50.0,"access-cm2,access-esm1-5,bcc-csm2-mr,canesm5,cmcc-esm2,cnrm-cm6-1,cnrm-esm2-1,ec-earth3,ec-earth3-veg-lr,fgoals-g3,gfdl-cm4,gfdl-esm4,giss-e2-1-g,hadgem3-gc31-ll,inm-cm4-8,inm-cm5-0,ipsl-cm6a-lr,kace-1-0-g,miroc6,miroc-es2l,mpi-esm1-2-hr,mpi-esm1-2-lr,mri-esm2-0,nesm3,noresm2-lm,noresm2-mm,ukesm1-0-ll",World Bank Climate Change Knowledge Portal (CMIP6-x0.25),,,SSP2-4.5,Mean temperature
ALA,Finland,0.0,centre_cell_mask_coslat_area_weighted,hd30,ssp245,2040-2059,median,climatology,days,annual climatology of ensemble of hd30: hot days with 30 degC and higher,50.0,"access-cm2,access-esm1-5,bcc-csm2-mr,canesm5,cmcc-esm2,cnrm-cm6-1,cnrm-esm2-1,ec-earth3,ec-earth3-veg-lr,fgoals-g3,gfdl-cm4,gfdl-esm4,giss-e2-1-g,hadgem3-gc31-ll,inm-cm4-8,inm-cm5-0,ipsl-cm6a-lr,kace-1-0-g,kiost-esm,miroc6,miroc-es2l,mpi-esm1-2-hr,mpi-esm1-2-lr,mri-esm2-0,nesm3,noresm2-lm,noresm2-mm,ukesm1-0-ll",World Bank Climate Change Knowledge Portal (CMIP6-x0.25),,,SSP2-4.5,Hot days above 30°C
ALA,Finland,1.8027896340297325,centre_cell_mask_coslat_area_weighted,tas,ssp245,2040-2059,median,anomaly,degC,ensemble of anomaly of Daily Near-Surface Air Temperature with reference period 1995-2014,50.0,"access-cm2,access-esm1-5,bcc-csm2-mr,canesm5,cmcc-esm2,cnrm-cm6-1,cnrm-esm2-1,ec-earth3,ec-earth3-veg-lr,fgoals-g3,gfdl-cm4,gfdl-esm4,giss-e2-1-g,hadgem3-gc31-ll,inm-cm4-8,inm-cm5-0,ipsl-cm6a-lr,kace-1-0-g,miroc6,miroc-es2l,mpi-esm1-2-hr,mpi-esm1-2-lr,mri-esm2-0,nesm3,noresm2-lm,noresm2-mm,ukesm1-0-ll",World Bank Climate Change Knowledge Portal (CMIP6-x0.25),,1995-2014,SSP2-4.5,Mean temperature
ALA,Finland,8.530207190576894,centre_cell_mask_coslat_area_weighted,tas,ssp245,2040-2059,median,climatology,degC,ensemble of Daily Near-Surface Air Temperature,50.0,"access-cm2,access-esm1-5,bcc-csm2-mr,canesm5,cmcc-esm2,cnrm-cm6-1,cnrm-esm2-1,ec-earth3,ec-earth3-veg-lr,fgoals-g3,gfdl-cm4,gfdl-esm4,giss-e2-1-g,hadgem3-gc31-ll,inm-cm4-8,inm-cm5-0,ipsl-cm6a-lr,kace-1-0-g,miroc6,miroc-es2l,mpi-esm1-2-hr,mpi-esm1-2-lr,mri-esm2-0,nesm3,noresm2-lm,noresm2-mm,ukesm1-0-ll",World Bank Climate Change Knowledge Portal (CMIP6-x0.25),,,SSP2-4.5,Mean temperature
ALB,Albania,41.27693147615074,centre_cell_mask_coslat_area_weighted,hd30,ssp245,2040-2059,median,climatology,days,annual climatology of ensemble of hd30: hot days with 30 degC and higher,50.0,"access-cm2,access-esm1-5,bcc-csm2-mr,canesm5,cmcc-esm2,cnrm-cm6-1,cnrm-esm2-1,ec-earth3,ec-earth3-veg-lr,fgoals-g3,gfdl-cm4,gfdl-esm4,giss-e2-1-g,hadgem3-gc31-ll,inm-cm4-8,inm-cm5-0,ipsl-cm6a-lr,kace-1-0-g,kiost-esm,miroc6,miroc-es2l,mpi-esm1-2-hr,mpi-esm1-2-lr,mri-esm2-0,nesm3,noresm2-lm,noresm2-mm,ukesm1-0-ll",World Bank Climate Change Knowledge Portal (CMIP6-x0.25),,,SSP2-4.5,Hot days above 30°C
ALB,Albania,1.677646262111942,centre_cell_mask_coslat_area_weighted,tas,ssp245,2040-2059,median,anomaly,degC,ensemble of anomaly of Daily Near-Surface Air Temperature with reference period 1995-2014,50.0,"access-cm2,access-esm1-5,bcc-csm2-mr,canesm5,cmcc-esm2,cnrm-cm6-1,cnrm-esm2-1,ec-earth3,ec-earth3-veg-lr,fgoals-g3,gfdl-cm4,gfdl-esm4,giss-e2-1-g,hadgem3-gc31-ll,inm-cm4-8,inm-cm5-0,ipsl-cm6a-lr,kace-1-0-g,miroc6,miroc-es2l,mpi-esm1-2-hr,mpi-esm1-2-lr,mri-esm2-0,nesm3,noresm2-lm,noresm2-mm,ukesm1-0-ll",World Bank Climate Change Knowledge Portal (CMIP6-x0.25),,1995-2014,SSP2-4.5,Mean temperature
ALB,Albania,14.154097127721915,centre_cell_mask_coslat_area_weighted,tas,ssp245,2040-2059,median,climatology,degC,ensemble of Daily Near-Surface Air Temperature,50.0,"access-cm2,access-esm1-5,bcc-csm2-mr,canesm5,cmcc-esm2,cnrm-cm6-1,cnrm-esm2-1,ec-earth3,ec-earth3-veg-lr,fgoals-g3,gfdl-cm4,gfdl-esm4,giss-e2-1-g,hadgem3-gc31-ll,inm-cm4-8,inm-cm5-0,ipsl-cm6a-lr,kace-1-0-g,miroc6,miroc-es2l,mpi-esm1-2-hr,mpi-esm1-2-lr,mri-esm2-0,nesm3,noresm2-lm,noresm2-mm,ukesm1-0-ll",World Bank Climate Change Knowledge Portal (CMIP6-x0.25),,,SSP2-4.5,Mean temperature
AND,Andorra,0.05000000074505806,centre_cell_mask_coslat_area_weighted,hd30,ssp245,2040-2059,median,climatology,days,annual climatology of ensemble of hd30: hot days with 30 degC and higher,50.0,"access-cm2,access-esm1-5,bcc-csm2-mr,canesm5,cmcc-esm2,cnrm-cm6-1,cnrm-esm2-1,ec-earth3,ec-earth3-veg-lr,fgoals-g3,gfdl-cm4,gfdl-esm4,giss-e2-1-g,hadgem3-gc31-ll,inm-cm4-8,inm-cm5-0,ipsl-cm6a-lr,kace-1-0-g,kiost-esm,miroc6,miroc-es2l,mpi-esm1-2-hr,mpi-esm1-2-lr,mri-esm2-0,nesm3,noresm2-lm,noresm2-mm,ukesm1-0-ll",World Bank Climate Change Knowledge Portal (CMIP6-x0.25),,,SSP2-4.5,Hot days above 30°C
AND,Andorra,1.6089999675750732,centre_cell_mask_coslat_area_weighted,tas,ssp245,2040-2059,median,anomaly,degC,ensemble of anomaly of Daily Near-Surface Air Temperature with reference period 1995-2014,50.0,"access-cm2,access-esm1-5,bcc-csm2-mr,canesm5,cmcc-esm2,cnrm-cm6-1,cnrm-esm2-1,ec-earth3,ec-earth3-veg-lr,fgoals-g3,gfdl-cm4,gfdl-esm4,giss-e2-1-g,hadgem3-gc31-ll,inm-cm4-8,inm-cm5-0,ipsl-cm6a-lr,kace-1-0-g,miroc6,miroc-es2l,mpi-esm1-2-hr,mpi-esm1-2-lr,mri-esm2-0,nesm3,noresm2-lm,noresm2-mm,ukesm1-0-ll",World Bank Climate Change Knowledge Portal (CMIP6-x0.25),,1995-2014,SSP2-4.5,Mean temperature
AND,Andorra,6.738999843597413,centre_cell_mask_coslat_area_weighted,tas,ssp245,2040-2059,median,climatology,degC,ensemble of Daily Near-Surface Air Temperature,50.0,"access-cm2,access-esm1-5,bcc-csm2-mr,canesm5,cmcc-esm2,cnrm-cm6-1,cnrm-esm2-1,ec-earth3,ec-earth3-veg-lr,fgoals-g3,gfdl-cm4,gfdl-esm4,giss-e2-1-g,hadgem3-gc31-ll,inm-cm4-8,inm-cm5-0,ipsl-cm6a-lr,kace-1-0-g,miroc6,miroc-es2l,mpi-esm1-2-hr,mpi-esm1-2-lr,mri-esm2-0,nesm3,noresm2-lm,noresm2-mm,ukesm1-0-ll",World Bank Climate Change Knowledge Portal (CMIP6-x0.25),,,SSP2-4.5,Mean temperature
ARE,United Arab Emirates,262.58213876023154,centre_cell_mask_coslat_area_weighted,hd30,ssp245,2040-2059,median,climatology,days,annual climatology of ensemble of hd30: hot days with 30 degC and higher,50.0,"access-cm2,access-esm1-5,bcc-csm2-mr,canesm5,cmcc-esm2,cnrm-cm6-1,cnrm-esm2-1,ec-earth3,ec-earth3-veg-lr,fgoals-g3,gfdl-cm4,gfdl-esm4,giss-e2-1-g,hadgem3-gc31-ll,inm-cm4-8,inm-cm5-0,ipsl-cm6a-lr,kace-1-0-g,kiost-esm,miroc6,miroc-es2l,mpi-esm1-2-hr,mpi-esm1-2-lr,mri-esm2-0,nesm3,noresm2-lm,noresm2-mm,ukesm1-0-ll",World Bank Climate Change Knowledge Portal (CMIP6-x0.25),,,SSP2-4.5,Hot days above 30°C
ARE,United Arab Emirates,1.7158621546874422,centre_cell_mask_coslat_area_weighted,tas,ssp245,2040-2059,median,anomaly,degC,ensemble of anomaly of Daily Near-Surface Air Temperature with reference period 1995-2014,50.0,"access-cm2,access-esm1-5,bcc-csm2-mr,canesm5,cmcc-esm2,cnrm-cm6-1,cnrm-esm2-1,ec-earth3,ec-earth3-veg-lr,fgoals-g3,gfdl-cm4,gfdl-esm4,giss-e2-1-g,hadgem3-gc31-ll,inm-cm4-8,inm-cm5-0,ipsl-cm6a-lr,kace-1-0-g,miroc6,miroc-es2l,mpi-esm1-2-hr,mpi-esm1-2-lr,mri-esm2-0,nesm3,noresm2-lm,noresm2-mm,ukesm1-0-ll",World Bank Climate Change Knowledge Portal (CMIP6-x0.25),,1995-2014,SSP2-4.5,Mean temperature
ARE,United Arab Emirates,29.4945455109331,centre_cell_mask_coslat_area_weighted,tas,ssp245,2040-2059,median,climatology,degC,ensemble of Daily Near-Surface Air Temperature,50.0,"access-cm2,access-esm1-5,bcc-csm2-mr,canesm5,cmcc-esm2,cnrm-cm6-1,cnrm-esm2-1,ec-earth3,ec-earth3-veg-lr,fgoals-g3,gfdl-cm4,gfdl-esm4,giss-e2-1-g,hadgem3-gc31-ll,inm-cm4-8,inm-cm5-0,ipsl-cm6a-lr,kace-1-0-g,miroc6,miroc-es2l,mpi-esm1-2-hr,mpi-esm1-2-lr,mri-esm2-0,nesm3,noresm2-lm,noresm2-mm,ukesm1-0-ll",World Bank Climate Change Knowledge Portal (CMIP6-x0.25),,,SSP2-4.5,Mean temperature
ARG,Argentina,71.8428755191604,centre_cell_mask_coslat_area_weighted,hd30,ssp245,2040-2059,median,climatology,days,annual climatology of ensemble of hd30: hot days with 30 degC and higher,50.0,"access-cm2,access-esm1-5,bcc-csm2-mr,canesm5,cmcc-esm2,cnrm-cm6-1,cnrm-esm2-1,ec-earth3,ec-earth3-veg-lr,fgoals-g3,gfdl-cm4,gfdl-esm4,giss-e2-1-g,hadgem3-gc31-ll,inm-cm4-8,inm-cm5-0,ipsl-cm6a-lr,kace-1-0-g,kiost-esm,miroc6,miroc-es2l,mpi-esm1-2-hr,mpi-esm1-2-lr,mri-esm2-0,nesm3,noresm2-lm,noresm2-mm,ukesm1-0-ll",World Bank Climate Change Knowledge Portal (CMIP6-x0.25),,,SSP2-4.5,Hot days above 30°C
ARG,Argentina,1.1234793605808375,centre_cell_mask_coslat_area_weighted,tas,ssp245,2040-2059,median,anomaly,degC,ensemble of anomaly of Daily Near-Surface Air Temperature with reference period 1995-2014,50.0,"access-cm2,access-esm1-5,bcc-csm2-mr,canesm5,cmcc-esm2,cnrm-cm6-1,cnrm-esm2-1,ec-earth3,ec-earth3-veg-lr,fgoals-g3,gfdl-cm4,gfdl-esm4,giss-e2-1-g,hadgem3-gc31-ll,inm-cm4-8,inm-cm5-0,ipsl-cm6a-lr,kace-1-0-g,miroc6,miroc-es2l,mpi-esm1-2-hr,mpi-esm1-2-lr,mri-esm2-0,nesm3,noresm2-lm,noresm2-mm,ukesm1-0-ll",World Bank Climate Change Knowledge Portal (CMIP6-x0.25),,1995-2014,SSP2-4.5,Mean temperature
ARG,Argentina,16.259877791694816,centre_cell_mask_coslat_area_weighted,tas,ssp245,2040-2059,median,climatology,degC,ensemble of Daily Near-Surface Air Temperature,50.0,"access-cm2,access-esm1-5,bcc-csm2-mr,canesm5,cmcc-esm2,cnrm-cm6-1,cnrm-esm2-1,ec-earth3,ec-earth3-veg-lr,fgoals-g3,gfdl-cm4,gfdl-esm4,giss-e2-1-g,hadgem3-gc31-ll,inm-cm4-8,inm-cm5-0,ipsl-cm6a-lr,kace-1-0-g,miroc6,miroc-es2l,mpi-esm1-2-hr,mpi-esm1-2-lr,mri-esm2-0,nesm3,noresm2-lm,noresm2-mm,ukesm1-0-ll",World Bank Climate Change Knowledge Portal (CMIP6-x0.25),,,SSP2-4.5,Mean temperature
ARM,Armenia,19.498744996965762,centre_cell_mask_coslat_area_weighted,hd30,ssp245,2040-2059,median,climatology,days,annual climatology of ensemble of hd30: hot days with 30 degC and higher,50.0,"access-cm2,access-esm1-5,bcc-csm2-mr,canesm5,cmcc-esm2,cnrm-cm6-1,cnrm-esm2-1,ec-earth3,ec-earth3-veg-lr,fgoals-g3,gfdl-cm4,gfdl-esm4,giss-e2-1-g,hadgem3-gc31-ll,inm-cm4-8,inm-cm5-0,ipsl-cm6a-lr,kace-1-0-g,kiost-esm,miroc6,miroc-es2l,mpi-esm1-2-hr,mpi-esm1-2-lr,mri-esm2-0,nesm3,noresm2-lm,noresm2-mm,ukesm1-0-ll",World Bank Climate Change Knowledge Portal (CMIP6-x0.25),,,SSP2-4.5,Hot days above 30°C
ARM,Armenia,1.9168436463398442,centre_cell_mask_coslat_area_weighted,tas,ssp245,2040-2059,median,anomaly,degC,ensemble of anomaly of Daily Near-Surface Air Temperature with reference period 1995-2014,50.0,"access-cm2,access-esm1-5,bcc-csm2-mr,canesm5,cmcc-esm2,cnrm-cm6-1,cnrm-esm2-1,ec-earth3,ec-earth3-veg-lr,fgoals-g3,gfdl-cm4,gfdl-esm4,giss-e2-1-g,hadgem3-gc31-ll,inm-cm4-8,inm-cm5-0,ipsl-cm6a-lr,kace-1-0-g,miroc6,miroc-es2l,mpi-esm1-2-hr,mpi-esm1-2-lr,mri-esm2-0,nesm3,noresm2-lm,noresm2-mm,ukesm1-0-ll",World Bank Climate Change Knowledge Portal (CMIP6-x0.25),,1995-2014,SSP2-4.5,Mean temperature
ARM,Armenia,8.823663358455418,centre_cell_mask_coslat_area_weighted,tas,ssp245,2040-2059,median,climatology,degC,ensemble of Daily Near-Surface Air Temperature,50.0,"access-cm2,access-esm1-5,bcc-csm2-mr,canesm5,cmcc-esm2,cnrm-cm6-1,cnrm-esm2-1,ec-earth3,ec-earth3-veg-lr,fgoals-g3,gfdl-cm4,gfdl-esm4,giss-e2-1-g,hadgem3-gc31-ll,inm-cm4-8,inm-cm5-0,ipsl-cm6a-lr,kace-1-0-g,miroc6,miroc-es2l,mpi-esm1-2-hr,mpi-esm1-2-lr,mri-esm2-0,nesm3,noresm2-lm,noresm2-mm,ukesm1-0-ll",World Bank Climate Change Knowledge Portal (CMIP6-x0.25),,,SSP2-4.5,Mean temperature
ASM,American Samoa (U.S.),0.949999988079071,centre_cell_mask_coslat_area_weighted,hd30,ssp245,2040-2059,median,climatology,days,annual climatology of ensemble of hd30: hot days with 30 degC and higher,50.0,"access-cm2,access-esm1-5,bcc-csm2-mr,canesm5,cmcc-esm2,cnrm-cm6-1,cnrm-esm2-1,ec-earth3,ec-earth3-veg-lr,fgoals-g3,gfdl-cm4,gfdl-esm4,giss-e2-1-g,hadgem3-gc31-ll,inm-cm4-8,inm-cm5-0,ipsl-cm6a-lr,kace-1-0-g,kiost-esm,miroc6,miroc-es2l,mpi-esm1-2-hr,mpi-esm1-2-lr,mri-esm2-0,nesm3,noresm2-lm,noresm2-mm,ukesm1-0-ll",World Bank Climate Change Knowledge Portal (CMIP6-x0.25),,,SSP2-4.5,Hot days above 30°C
ASM,American Samoa (U.S.),0.953000009059906,centre_cell_mask_coslat_area_weighted,tas,ssp245,2040-2059,median,anomaly,degC,ensemble of anomaly of Daily Near-Surface Air Temperature with reference period 1995-2014,50.0,"access-cm2,access-esm1-5,bcc-csm2-mr,canesm5,cmcc-esm2,cnrm-cm6-1,cnrm-esm2-1,ec-earth3,ec-earth3-veg-lr,fgoals-g3,gfdl-cm4,gfdl-esm4,giss-e2-1-g,hadgem3-gc31-ll,inm-cm4-8,inm-cm5-0,ipsl-cm6a-lr,kace-1-0-g,miroc6,miroc-es2l,mpi-esm1-2-hr,mpi-esm1-2-lr,mri-esm2-0,nesm3,noresm2-lm,noresm2-mm,ukesm1-0-ll",World Bank Climate Change Knowledge Portal (CMIP6-x0.25),,1995-2014,SSP2-4.5,Mean temperature
ASM,American Samoa (U.S.),27.59000015258789,centre_cell_mask_coslat_area_weighted,tas,ssp245,2040-2059,median,climatology,degC,ensemble of Daily Near-Surface Air Temperature,50.0,"access-cm2,access-esm1-5,bcc-csm2-mr,canesm5,cmcc-esm2,cnrm-cm6-1,cnrm-esm2-1,ec-earth3,ec-earth3-veg-lr,fgoals-g3,gfdl-cm4,gfdl-esm4,giss-e2-1-g,hadgem3-gc31-ll,inm-cm4-8,inm-cm5-0,ipsl-cm6a-lr,kace-1-0-g,miroc6,miroc-es2l,mpi-esm1-2-hr,mpi-esm1-2-lr,mri-esm2-0,nesm3,noresm2-lm,noresm2-mm,ukesm1-0-ll",World Bank Climate Change Knowledge Portal (CMIP6-x0.25),,,SSP2-4.5,Mean temperature
ATF,French Southern and Antarctic Lands (Fr.),0.0,centre_cell_mask_coslat_area_weighted,hd30,ssp245,2040-2059,median,climatology,days,annual climatology of ensemble of hd30: hot days with 30 degC and higher,50.0,"access-cm2,access-esm1-5,bcc-csm2-mr,canesm5,cmcc-esm2,cnrm-cm6-1,cnrm-esm2-1,ec-earth3,ec-earth3-veg-lr,fgoals-g3,gfdl-cm4,gfdl-esm4,giss-e2-1-g,hadgem3-gc31-ll,inm-cm4-8,inm-cm5-0,ipsl-cm6a-lr,kace-1-0-g,kiost-esm,miroc6,miroc-es2l,mpi-esm1-2-hr,mpi-esm1-2-lr,mri-esm2-0,nesm3,noresm2-lm,noresm2-mm,ukesm1-0-ll",World Bank Climate Change Knowledge Portal (CMIP6-x0.25),,,SSP2-4.5,Hot days above 30°C
ATF,French Southern and Antarctic Lands (Fr.),0.6004089699944075,centre_cell_mask_coslat_area_weighted,tas,ssp245,2040-2059,median,anomaly,degC,ensemble of anomaly of Daily Near-Surface Air Temperature with reference period 1995-2014,50.0,"access-cm2,access-esm1-5,bcc-csm2-mr,canesm5,cmcc-esm2,cnrm-cm6-1,cnrm-esm2-1,ec-earth3,ec-earth3-veg-lr,fgoals-g3,gfdl-cm4,gfdl-esm4,giss-e2-1-g,hadgem3-gc31-ll,inm-cm4-8,inm-cm5-0,ipsl-cm6a-lr,kace-1-0-g,miroc6,miroc-es2l,mpi-esm1-2-hr,mpi-esm1-2-lr,mri-esm2-0,nesm3,noresm2-lm,noresm2-mm,ukesm1-0-ll",World Bank Climate Change Knowledge Portal (CMIP6-x0.25),,1995-2014,SSP2-4.5,Mean temperature
ATF,French Southern and Antarctic Lands (Fr.),3.424604245939656,centre_cell_mask_coslat_area_weighted,tas,ssp245,2040-2059,median,climatology,degC,ensemble of Daily Near-Surface Air Temperature,50.0,"access-cm2,access-esm1-5,bcc-csm2-mr,canesm5,cmcc-esm2,cnrm-cm6-1,cnrm-esm2-1,ec-earth3,ec-earth3-veg-lr,fgoals-g3,gfdl-cm4,gfdl-esm4,giss-e2-1-g,hadgem3-gc31-ll,inm-cm4-8,inm-cm5-0,ipsl-cm6a-lr,kace-1-0-g,miroc6,miroc-es2l,mpi-esm1-2-hr,mpi-esm1-2-lr,mri-esm2-0,nesm3,noresm2-lm,noresm2-mm,ukesm1-0-ll",World Bank Climate Change Knowledge Portal (CMIP6-x0.25),,,SSP2-4.5,Mean temperature
ATG,Antigua and Barbuda,0.4000000059604644,centre_cell_mask_coslat_area_weighted,hd30,ssp245,2040-2059,median,climatology,days,annual climatology of ensemble of hd30: hot days with 30 degC and higher,50.0,"access-cm2,access-esm1-5,bcc-csm2-mr,canesm5,cmcc-esm2,cnrm-cm6-1,cnrm-esm2-1,ec-earth3,ec-earth3-veg-lr,fgoals-g3,gfdl-cm4,gfdl-esm4,giss-e2-1-g,hadgem3-gc31-ll,inm-cm4-8,inm-cm5-0,ipsl-cm6a-lr,kace-1-0-g,kiost-esm,miroc6,miroc-es2l,mpi-esm1-2-hr,mpi-esm1-2-lr,mri-esm2-0,nesm3,noresm2-lm,noresm2-mm,ukesm1-0-ll",World Bank Climate Change Knowledge Portal (CMIP6-x0.25),,,SSP2-4.5,Hot days above 30°C
ATG,Antigua and Barbuda,1.0609999895095825,centre_cell_mask_coslat_area_weighted,tas,ssp245,2040-2059,median,anomaly,degC,ensemble of anomaly of Daily Near-Surface Air Temperature with reference period 1995-2014,50.0,"access-cm2,access-esm1-5,bcc-csm2-mr,canesm5,cmcc-esm2,cnrm-cm6-1,cnrm-esm2-1,ec-earth3,ec-earth3-veg-lr,fgoals-g3,gfdl-cm4,gfdl-esm4,giss-e2-1-g,hadgem3-gc31-ll,inm-cm4-8,inm-cm5-0,ipsl-cm6a-lr,kace-1-0-g,miroc6,miroc-es2l,mpi-esm1-2-hr,mpi-esm1-2-lr,mri-esm2-0,nesm3,noresm2-lm,noresm2-mm,ukesm1-0-ll",World Bank Climate Change Knowledge Portal (CMIP6-x0.25),,1995-2014,SSP2-4.5,Mean temperature
ATG,Antigua and Barbuda,27.15399932861328,centre_cell_mask_coslat_area_weighted,tas,ssp245,2040-2059,median,climatology,degC,ensemble of Daily Near-Surface Air Temperature,50.0,"access-cm2,access-esm1-5,bcc-csm2-mr,canesm5,cmcc-esm2,cnrm-cm6-1,cnrm-esm2-1,ec-earth3,ec-earth3-veg-lr,fgoals-g3,gfdl-cm4,gfdl-esm4,giss-e2-1-g,hadgem3-gc31-ll,inm-cm4-8,inm-cm5-0,ipsl-cm6a-lr,kace-1-0-g,miroc6,miroc-es2l,mpi-esm1-2-hr,mpi-esm1-2-lr,mri-esm2-0,nesm3,noresm2-lm,noresm2-mm,ukesm1-0-ll",World Bank Climate Change Knowledge Portal (CMIP6-x0.25),,,SSP2-4.5,Mean temperature
AUS,Australia,192.22951092496132,centre_cell_mask_coslat_area_weighted,hd30,ssp245,2040-2059,median,climatology,days,annual climatology of ensemble of hd30: hot days with 30 degC and higher,50.0,"access-cm2,access-esm1-5,bcc-csm2-mr,canesm5,cmcc-esm2,cnrm-cm6-1,cnrm-esm2-1,ec-earth3,ec-earth3-veg-lr,fgoals-g3,gfdl-cm4,gfdl-esm4,giss-e2-1-g,hadgem3-gc31-ll,inm-cm4-8,inm-cm5-0,ipsl-cm6a-lr,kace-1-0-g,kiost-esm,miroc6,miroc-es2l,mpi-esm1-2-hr,mpi-esm1-2-lr,mri-esm2-0,nesm3,noresm2-lm,noresm2-mm,ukesm1-0-ll",World Bank Climate Change Knowledge Portal (CMIP6-x0.25),,,SSP2-4.5,Hot days above 30°C
AUS,Australia,1.3348851304418536,centre_cell_mask_coslat_area_weighted,tas,ssp245,2040-2059,median,anomaly,degC,ensemble of anomaly of Daily Near-Surface Air Temperature with reference period 1995-2014,50.0,"access-cm2,access-esm1-5,bcc-csm2-mr,canesm5,cmcc-esm2,cnrm-cm6-1,cnrm-esm2-1,ec-earth3,ec-earth3-veg-lr,fgoals-g3,gfdl-cm4,gfdl-esm4,giss-e2-1-g,hadgem3-gc31-ll,inm-cm4-8,inm-cm5-0,ipsl-cm6a-lr,kace-1-0-g,miroc6,miroc-es2l,mpi-esm1-2-hr,mpi-esm1-2-lr,mri-esm2-0,nesm3,noresm2-lm,noresm2-mm,ukesm1-0-ll",World Bank Climate Change Knowledge Portal (CMIP6-x0.25),,1995-2014,SSP2-4.5,Mean temperature
AUS,Australia,23.747935087505933,centre_cell_mask_coslat_area_weighted,tas,ssp245,2040-2059,median,climatology,degC,ensemble of Daily Near-Surface Air Temperature,50.0,"access-cm2,access-esm1-5,bcc-csm2-mr,canesm5,cmcc-esm2,cnrm-cm6-1,cnrm-esm2-1,ec-earth3,ec-earth3-veg-lr,fgoals-g3,gfdl-cm4,gfdl-esm4,giss-e2-1-g,hadgem3-gc31-ll,inm-cm4-8,inm-cm5-0,ipsl-cm6a-lr,kace-1-0-g,miroc6,miroc-es2l,mpi-esm1-2-hr,mpi-esm1-2-lr,mri-esm2-0,nesm3,noresm2-lm,noresm2-mm,ukesm1-0-ll",World Bank Climate Change Knowledge Portal (CMIP6-x0.25),,,SSP2-4.5,Mean temperature
AUT,Austria,8.979225291005811,centre_cell_mask_coslat_area_weighted,hd30,ssp245,2040-2059,median,climatology,days,annual climatology of ensemble of hd30: hot days with 30 degC and higher,50.0,"access-cm2,access-esm1-5,bcc-csm2-mr,canesm5,cmcc-esm2,cnrm-cm6-1,cnrm-esm2-1,ec-earth3,ec-earth3-veg-lr,fgoals-g3,gfdl-cm4,gfdl-esm4,giss-e2-1-g,hadgem3-gc31-ll,inm-cm4-8,inm-cm5-0,ipsl-cm6a-lr,kace-1-0-g,kiost-esm,miroc6,miroc-es2l,mpi-esm1-2-hr,mpi-esm1-2-lr,mri-esm2-0,nesm3,noresm2-lm,noresm2-mm,ukesm1-0-ll",World Bank Climate Change Knowledge Portal (CMIP6-x0.25),,,SSP2-4.5,Hot days above 30°C
AUT,Austria,1.6112271024423297,centre_cell_mask_coslat_area_weighted,tas,ssp245,2040-2059,median,anomaly,degC,ensemble of anomaly of Daily Near-Surface Air Temperature with reference period 1995-2014,50.0,"access-cm2,access-esm1-5,bcc-csm2-mr,canesm5,cmcc-esm2,cnrm-cm6-1,cnrm-esm2-1,ec-earth3,ec-earth3-veg-lr,fgoals-g3,gfdl-cm4,gfdl-esm4,giss-e2-1-g,hadgem3-gc31-ll,inm-cm4-8,inm-cm5-0,ipsl-cm6a-lr,kace-1-0-g,miroc6,miroc-es2l,mpi-esm1-2-hr,mpi-esm1-2-lr,mri-esm2-0,nesm3,noresm2-lm,noresm2-mm,ukesm1-0-ll",World Bank Climate Change Knowledge Portal (CMIP6-x0.25),,1995-2014,SSP2-4.5,Mean temperature
AUT,Austria,8.3647594765086,centre_cell_mask_coslat_area_weighted,tas,ssp245,2040-2059,median,climatology,degC,ensemble of Daily Near-Surface Air Temperature,50.0,"access-cm2,access-esm1-5,bcc-csm2-mr,canesm5,cmcc-esm2,cnrm-cm6-1,cnrm-esm2-1,ec-earth3,ec-earth3-veg-lr,fgoals-g3,gfdl-cm4,gfdl-esm4,giss-e2-1-g,hadgem3-gc31-ll,inm-cm4-8,inm-cm5-0,ipsl-cm6a-lr,kace-1-0-g,miroc6,miroc-es2l,mpi-esm1-2-hr,mpi-esm1-2-lr,mri-esm2-0,nesm3,noresm2-lm,noresm2-mm,ukesm1-0-ll",World Bank Climate Change Knowledge Portal (CMIP6-x0.25),,,SSP2-4.5,Mean temperature
AZE,Azerbaijan,65.30644194367392,centre_cell_mask_coslat_area_weighted,hd30,ssp245,2040-2059,median,climatology,days,annual climatology of ensemble of hd30: hot days with 30 degC and higher,50.0,"access-cm2,access-esm1-5,bcc-csm2-mr,canesm5,cmcc-esm2,cnrm-cm6-1,cnrm-esm2-1,ec-earth3,ec-earth3-veg-lr,fgoals-g3,gfdl-cm4,gfdl-esm4,giss-e2-1-g,hadgem3-gc31-ll,inm-cm4-8,inm-cm5-0,ipsl-cm6a-lr,kace-1-0-g,kiost-esm,miroc6,miroc-es2l,mpi-esm1-2-hr,mpi-esm1-2-lr,mri-esm2-0,nesm3,noresm2-lm,noresm2-mm,ukesm1-0-ll",World Bank Climate Change Knowledge Portal (CMIP6-x0.25),,,SSP2-4.5,Hot days above 30°C
AZE,Azerbaijan,1.759319270148952,centre_cell_mask_coslat_area_weighted,tas,ssp245,2040-2059,median,anomaly,degC,ensemble of anomaly of Daily Near-Surface Air Temperature with reference period 1995-2014,50.0,"access-cm2,access-esm1-5,bcc-csm2-mr,canesm5,cmcc-esm2,cnrm-cm6-1,cnrm-esm2-1,ec-earth3,ec-earth3-veg-lr,fgoals-g3,gfdl-cm4,gfdl-esm4,giss-e2-1-g,hadgem3-gc31-ll,inm-cm4-8,inm-cm5-0,ipsl-cm6a-lr,kace-1-0-g,miroc6,miroc-es2l,mpi-esm1-2-hr,mpi-esm1-2-lr,mri-esm2-0,nesm3,noresm2-lm,noresm2-mm,ukesm1-0-ll",World Bank Climate Change Knowledge Portal (CMIP6-x0.25),,1995-2014,SSP2-4.5,Mean temperature
AZE,Azerbaijan,14.028667348726723,centre_cell_mask_coslat_area_weighted,tas,ssp245,2040-2059,median,climatology,degC,ensemble of Daily Near-Surface Air Temperature,50.0,"access-cm2,access-esm1-5,bcc-csm2-mr,canesm5,cmcc-esm2,cnrm-cm6-1,cnrm-esm2-1,ec-earth3,ec-earth3-veg-lr,fgoals-g3,gfdl-cm4,gfdl-esm4,giss-e2-1-g,hadgem3-gc31-ll,inm-cm4-8,inm-cm5-0,ipsl-cm6a-lr,kace-1-0-g,miroc6,miroc-es2l,mpi-esm1-2-hr,mpi-esm1-2-lr,mri-esm2-0,nesm3,noresm2-lm,noresm2-mm,ukesm1-0-ll",World Bank Climate Change Knowledge Portal (CMIP6-x0.25),,,SSP2-4.5,Mean temperature
BDI,Burundi,22.24328979918247,centre_cell_mask_coslat_area_weighted,hd30,ssp245,2040-2059,median,climatology,days,annual climatology of ensemble of hd30: hot days with 30 degC and higher,50.0,"access-cm2,access-esm1-5,bcc-csm2-mr,canesm5,cmcc-esm2,cnrm-cm6-1,cnrm-esm2-1,ec-earth3,ec-earth3-veg-lr,fgoals-g3,gfdl-cm4,gfdl-esm4,giss-e2-1-g,hadgem3-gc31-ll,inm-cm4-8,inm-cm5-0,ipsl-cm6a-lr,kace-1-0-g,kiost-esm,miroc6,miroc-es2l,mpi-esm1-2-hr,mpi-esm1-2-lr,mri-esm2-0,nesm3,noresm2-lm,noresm2-mm,ukesm1-0-ll",World Bank Climate Change Knowledge Portal (CMIP6-x0.25),,,SSP2-4.5,Hot days above 30°C
BDI,Burundi,1.3454329040410538,centre_cell_mask_coslat_area_weighted,tas,ssp245,2040-2059,median,anomaly,degC,ensemble of anomaly of Daily Near-Surface Air Temperature with reference period 1995-2014,50.0,"access-cm2,access-esm1-5,bcc-csm2-mr,canesm5,cmcc-esm2,cnrm-cm6-1,cnrm-esm2-1,ec-earth3,ec-earth3-veg-lr,fgoals-g3,gfdl-cm4,gfdl-esm4,giss-e2-1-g,hadgem3-gc31-ll,inm-cm4-8,inm-cm5-0,ipsl-cm6a-lr,kace-1-0-g,miroc6,miroc-es2l,mpi-esm1-2-hr,mpi-esm1-2-lr,mri-esm2-0,nesm3,noresm2-lm,noresm2-mm,ukesm1-0-ll",World Bank Climate Change Knowledge Portal (CMIP6-x0.25),,1995-2014,SSP2-4.5,Mean temperature
BDI,Burundi,22.09203000943147,centre_cell_mask_coslat_area_weighted,tas,ssp245,2040-2059,median,climatology,degC,ensemble of Daily Near-Surface Air Temperature,50.0,"access-cm2,access-esm1-5,bcc-csm2-mr,canesm5,cmcc-esm2,cnrm-cm6-1,cnrm-esm2-1,ec-earth3,ec-earth3-veg-lr,fgoals-g3,gfdl-cm4,gfdl-esm4,giss-e2-1-g,hadgem3-gc31-ll,inm-cm4-8,inm-cm5-0,ipsl-cm6a-lr,kace-1-0-g,miroc6,miroc-es2l,mpi-esm1-2-hr,mpi-esm1-2-lr,mri-esm2-0,nesm3,noresm2-lm,noresm2-mm,ukesm1-0-ll",World Bank Climate Change Knowledge Portal (CMIP6-x0.25),,,SSP2-4.5,Mean temperature
BEL,Belgium,5.70455153577428,centre_cell_mask_coslat_area_weighted,hd30,ssp245,2040-2059,median,climatology,days,annual climatology of ensemble of hd30: hot days with 30 degC and higher,50.0,"access-cm2,access-esm1-5,bcc-csm2-mr,canesm5,cmcc-esm2,cnrm-cm6-1,cnrm-esm2-1,ec-earth3,ec-earth3-veg-lr,fgoals-g3,gfdl-cm4,gfdl-esm4,giss-e2-1-g,hadgem3-gc31-ll,inm-cm4-8,inm-cm5-0,ipsl-cm6a-lr,kace-1-0-g,kiost-esm,miroc6,miroc-es2l,mpi-esm1-2-hr,mpi-esm1-2-lr,mri-esm2-0,nesm3,noresm2-lm,noresm2-mm,ukesm1-0-ll",World Bank Climate Change Knowledge Portal (CMIP6-x0.25),,,SSP2-4.5,Hot days above 30°C
BEL,Belgium,1.228638981911937,centre_cell_mask_coslat_area_weighted,tas,ssp245,2040-2059,median,anomaly,degC,ensemble of anomaly of Daily Near-Surface Air Temperature with reference period 1995-2014,50.0,"access-cm2,access-esm1-5,bcc-csm2-mr,canesm5,cmcc-esm2,cnrm-cm6-1,cnrm-esm2-1,ec-earth3,ec-earth3-veg-lr,fgoals-g3,gfdl-cm4,gfdl-esm4,giss-e2-1-g,hadgem3-gc31-ll,inm-cm4-8,inm-cm5-0,ipsl-cm6a-lr,kace-1-0-g,miroc6,miroc-es2l,mpi-esm1-2-hr,mpi-esm1-2-lr,mri-esm2-0,nesm3,noresm2-lm,noresm2-mm,ukesm1-0-ll",World Bank Climate Change Knowledge Portal (CMIP6-x0.25),,1995-2014,SSP2-4.5,Mean temperature
BEL,Belgium,11.241547713847174,centre_cell_mask_coslat_area_weighted,tas,ssp245,2040-2059,median,climatology,degC,ensemble of Daily Near-Surface Air Temperature,50.0,"access-cm2,access-esm1-5,bcc-csm2-mr,canesm5,cmcc-esm2,cnrm-cm6-1,cnrm-esm2-1,ec-earth3,ec-earth3-veg-lr,fgoals-g3,gfdl-cm4,gfdl-esm4,giss-e2-1-g,hadgem3-gc31-ll,inm-cm4-8,inm-cm5-0,ipsl-cm6a-lr,kace-1-0-g,miroc6,miroc-es2l,mpi-esm1-2-hr,mpi-esm1-2-lr,mri-esm2-0,nesm3,noresm2-lm,noresm2-mm,ukesm1-0-ll",World Bank Climate Change Knowledge Portal (CMIP6-x0.25),,,SSP2-4.5,Mean temperature
BEN,Benin,323.61152970674823,centre_cell_mask_coslat_area_weighted,hd30,ssp245,2040-2059,median,climatology,days,annual climatology of ensemble of hd30: hot days with 30 degC and higher,50.0,"access-cm2,access-esm1-5,bcc-csm2-mr,canesm5,cmcc-esm2,cnrm-cm6-1,cnrm-esm2-1,ec-earth3,ec-earth3-veg-lr,fgoals-g3,gfdl-cm4,gfdl-esm4,giss-e2-1-g,hadgem3-gc31-ll,inm-cm4-8,inm-cm5-0,ipsl-cm6a-lr,kace-1-0-g,kiost-esm,miroc6,miroc-es2l,mpi-esm1-2-hr,mpi-esm1-2-lr,mri-esm2-0,nesm3,noresm2-lm,noresm2-mm,ukesm1-0-ll",World Bank Climate Change Knowledge Portal (CMIP6-x0.25),,,SSP2-4.5,Hot days above 30°C
BEN,Benin,1.2547111157926807,centre_cell_mask_coslat_area_weighted,tas,ssp245,2040-2059,median,anomaly,degC,ensemble of anomaly of Daily Near-Surface Air Temperature with reference period 1995-2014,50.0,"access-cm2,access-esm1-5,bcc-csm2-mr,canesm5,cmcc-esm2,cnrm-cm6-1,cnrm-esm2-1,ec-earth3,ec-earth3-veg-lr,fgoals-g3,gfdl-cm4,gfdl-esm4,giss-e2-1-g,hadgem3-gc31-ll,inm-cm4-8,inm-cm5-0,ipsl-cm6a-lr,kace-1-0-g,miroc6,miroc-es2l,mpi-esm1-2-hr,mpi-esm1-2-lr,mri-esm2-0,nesm3,noresm2-lm,noresm2-mm,ukesm1-0-ll",World Bank Climate Change Knowledge Portal (CMIP6-x0.25),,1995-2014,SSP2-4.5,Mean temperature
BEN,Benin,29.108625653079528,centre_cell_mask_coslat_area_weighted,tas,ssp245,2040-2059,median,climatology,degC,ensemble of Daily Near-Surface Air Temperature,50.0,"access-cm2,access-esm1-5,bcc-csm2-mr,canesm5,cmcc-esm2,cnrm-cm6-1,cnrm-esm2-1,ec-earth3,ec-earth3-veg-lr,fgoals-g3,gfdl-cm4,gfdl-esm4,giss-e2-1-g,hadgem3-gc31-ll,inm-cm4-8,inm-cm5-0,ipsl-cm6a-lr,kace-1-0-g,miroc6,miroc-es2l,mpi-esm1-2-hr,mpi-esm1-2-lr,mri-esm2-0,nesm3,noresm2-lm,noresm2-mm,ukesm1-0-ll",World Bank Climate Change Knowledge Portal (CMIP6-x0.25),,,SSP2-4.5,Mean temperature
BES,"Bonaire, Sint Eustatius and Saba",0.9500000476837158,centre_cell_mask_coslat_area_weighted,hd30,ssp245,2040-2059,median,climatology,days,annual climatology of ensemble of hd30: hot days with 30 degC and higher,50.0,"access-cm2,access-esm1-5,bcc-csm2-mr,canesm5,cmcc-esm2,cnrm-cm6-1,cnrm-esm2-1,ec-earth3,ec-earth3-veg-lr,fgoals-g3,gfdl-cm4,gfdl-esm4,giss-e2-1-g,hadgem3-gc31-ll,inm-cm4-8,inm-cm5-0,ipsl-cm6a-lr,kace-1-0-g,kiost-esm,miroc6,miroc-es2l,mpi-esm1-2-hr,mpi-esm1-2-lr,mri-esm2-0,nesm3,noresm2-lm,noresm2-mm,ukesm1-0-ll",World Bank Climate Change Knowledge Portal (CMIP6-x0.25),,,SSP2-4.5,Hot days above 30°C
BES,"Bonaire, Sint Eustatius and Saba",1.0670000314712524,centre_cell_mask_coslat_area_weighted,tas,ssp245,2040-2059,median,anomaly,degC,ensemble of anomaly of Daily Near-Surface Air Temperature with reference period 1995-2014,50.0,"access-cm2,access-esm1-5,bcc-csm2-mr,canesm5,cmcc-esm2,cnrm-cm6-1,cnrm-esm2-1,ec-earth3,ec-earth3-veg-lr,fgoals-g3,gfdl-cm4,gfdl-esm4,giss-e2-1-g,hadgem3-gc31-ll,inm-cm4-8,inm-cm5-0,ipsl-cm6a-lr,kace-1-0-g,miroc6,miroc-es2l,mpi-esm1-2-hr,mpi-esm1-2-lr,mri-esm2-0,nesm3,noresm2-lm,noresm2-mm,ukesm1-0-ll",World Bank Climate Change Knowledge Portal (CMIP6-x0.25),,1995-2014,SSP2-4.5,Mean temperature
BES,"Bonaire, Sint Eustatius and Saba",27.283000946044922,centre_cell_mask_coslat_area_weighted,tas,ssp245,2040-2059,median,climatology,degC,ensemble of Daily Near-Surface Air Temperature,50.0,"access-cm2,access-esm1-5,bcc-csm2-mr,canesm5,cmcc-esm2,cnrm-cm6-1,cnrm-esm2-1,ec-earth3,ec-earth3-veg-lr,fgoals-g3,gfdl-cm4,gfdl-esm4,giss-e2-1-g,hadgem3-gc31-ll,inm-cm4-8,inm-cm5-0,ipsl-cm6a-lr,kace-1-0-g,miroc6,miroc-es2l,mpi-esm1-2-hr,mpi-esm1-2-lr,mri-esm2-0,nesm3,noresm2-lm,noresm2-mm,ukesm1-0-ll",World Bank Climate Change Knowledge Portal (CMIP6-x0.25),,,SSP2-4.5,Mean temperature
BFA,Burkina Faso,340.42954316631534,centre_cell_mask_coslat_area_weighted,hd30,ssp245,2040-2059,median,climatology,days,annual climatology of ensemble of hd30: hot days with 30 degC and higher,50.0,"access-cm2,access-esm1-5,bcc-csm2-mr,canesm5,cmcc-esm2,cnrm-cm6-1,cnrm-esm2-1,ec-earth3,ec-earth3-veg-lr,fgoals-g3,gfdl-cm4,gfdl-esm4,giss-e2-1-g,hadgem3-gc31-ll,inm-cm4-8,inm-cm5-0,ipsl-cm6a-lr,kace-1-0-g,kiost-esm,miroc6,miroc-es2l,mpi-esm1-2-hr,mpi-esm1-2-lr,mri-esm2-0,nesm3,noresm2-lm,noresm2-mm,ukesm1-0-ll",World Bank Climate Change Knowledge Portal (CMIP6-x0.25),,,SSP2-4.5,Hot days above 30°C
BFA,Burkina Faso,1.3867027283279214,centre_cell_mask_coslat_area_weighted,tas,ssp245,2040-2059,median,anomaly,degC,ensemble of anomaly of Daily Near-Surface Air Temperature with reference period 1995-2014,50.0,"access-cm2,access-esm1-5,bcc-csm2-mr,canesm5,cmcc-esm2,cnrm-cm6-1,cnrm-esm2-1,ec-earth3,ec-earth3-veg-lr,fgoals-g3,gfdl-cm4,gfdl-esm4,giss-e2-1-g,hadgem3-gc31-ll,inm-cm4-8,inm-cm5-0,ipsl-cm6a-lr,kace-1-0-g,miroc6,miroc-es2l,mpi-esm1-2-hr,mpi-esm1-2-lr,mri-esm2-0,nesm3,noresm2-lm,noresm2-mm,ukesm1-0-ll",World Bank Climate Change Knowledge Portal (CMIP6-x0.25),,1995-2014,SSP2-4.5,Mean temperature
BFA,Burkina Faso,30.06058053166857,centre_cell_mask_coslat_area_weighted,tas,ssp245,2040-2059,median,climatology,degC,ensemble of Daily Near-Surface Air Temperature,50.0,"access-cm2,access-esm1-5,bcc-csm2-mr,canesm5,cmcc-esm2,cnrm-cm6-1,cnrm-esm2-1,ec-earth3,ec-earth3-veg-lr,fgoals-g3,gfdl-cm4,gfdl-esm4,giss-e2-1-g,hadgem3-gc31-ll,inm-cm4-8,inm-cm5-0,ipsl-cm6a-lr,kace-1-0-g,miroc6,miroc-es2l,mpi-esm1-2-hr,mpi-esm1-2-lr,mri-esm2-0,nesm3,noresm2-lm,noresm2-mm,ukesm1-0-ll",World Bank Climate Change Knowledge Portal (CMIP6-x0.25),,,SSP2-4.5,Mean temperature
BGD,Bangladesh,233.62621593155998,centre_cell_mask_coslat_area_weighted,hd30,ssp245,2040-2059,median,climatology,days,annual climatology of ensemble of hd30: hot days with 30 degC and higher,50.0,"access-cm2,access-esm1-5,bcc-csm2-mr,canesm5,cmcc-esm2,cnrm-cm6-1,cnrm-esm2-1,ec-earth3,ec-earth3-veg-lr,fgoals-g3,gfdl-cm4,gfdl-esm4,giss-e2-1-g,hadgem3-gc31-ll,inm-cm4-8,inm-cm5-0,ipsl-cm6a-lr,kace-1-0-g,kiost-esm,miroc6,miroc-es2l,mpi-esm1-2-hr,mpi-esm1-2-lr,mri-esm2-0,nesm3,noresm2-lm,noresm2-mm,ukesm1-0-ll",World Bank Climate Change Knowledge Portal (CMIP6-x0.25),,,SSP2-4.5,Hot days above 30°C
BGD,Bangladesh,1.0710556693453777,centre_cell_mask_coslat_area_weighted,tas,ssp245,2040-2059,median,anomaly,degC,ensemble of anomaly of Daily Near-Surface Air Temperature with reference period 1995-2014,50.0,"access-cm2,access-esm1-5,bcc-csm2-mr,canesm5,cmcc-esm2,cnrm-cm6-1,cnrm-esm2-1,ec-earth3,ec-earth3-veg-lr,fgoals-g3,gfdl-cm4,gfdl-esm4,giss-e2-1-g,hadgem3-gc31-ll,inm-cm4-8,inm-cm5-0,ipsl-cm6a-lr,kace-1-0-g,miroc6,miroc-es2l,mpi-esm1-2-hr,mpi-esm1-2-lr,mri-esm2-0,nesm3,noresm2-lm,noresm2-mm,ukesm1-0-ll",World Bank Climate Change Knowledge Portal (CMIP6-x0.25),,1995-2014,SSP2-4.5,Mean temperature
BGD,Bangladesh,26.68001898972528,centre_cell_mask_coslat_area_weighted,tas,ssp245,2040-2059,median,climatology,degC,ensemble of Daily Near-Surface Air Temperature,50.0,"access-cm2,access-esm1-5,bcc-csm2-mr,canesm5,cmcc-esm2,cnrm-cm6-1,cnrm-esm2-1,ec-earth3,ec-earth3-veg-lr,fgoals-g3,gfdl-cm4,gfdl-esm4,giss-e2-1-g,hadgem3-gc31-ll,inm-cm4-8,inm-cm5-0,ipsl-cm6a-lr,kace-1-0-g,miroc6,miroc-es2l,mpi-esm1-2-hr,mpi-esm1-2-lr,mri-esm2-0,nesm3,noresm2-lm,noresm2-mm,ukesm1-0-ll",World Bank Climate Change Knowledge Portal (CMIP6-x0.25),,,SSP2-4.5,Mean temperature
BGR,Bulgaria,42.16795318531043,centre_cell_mask_coslat_area_weighted,hd30,ssp245,2040-2059,median,climatology,days,annual climatology of ensemble of hd30: hot days with 30 degC and higher,50.0,"access-cm2,access-esm1-5,bcc-csm2-mr,canesm5,cmcc-esm2,cnrm-cm6-1,cnrm-esm2-1,ec-earth3,ec-earth3-veg-lr,fgoals-g3,gfdl-cm4,gfdl-esm4,giss-e2-1-g,hadgem3-gc31-ll,inm-cm4-8,inm-cm5-0,ipsl-cm6a-lr,kace-1-0-g,kiost-esm,miroc6,miroc-es2l,mpi-esm1-2-hr,mpi-esm1-2-lr,mri-esm2-0,nesm3,noresm2-lm,noresm2-mm,ukesm1-0-ll",World Bank Climate Change Knowledge Portal (CMIP6-x0.25),,,SSP2-4.5,Hot days above 30°C
BGR,Bulgaria,1.6783229988712256,centre_cell_mask_coslat_area_weighted,tas,ssp245,2040-2059,median,anomaly,degC,ensemble of anomaly of Daily Near-Surface Air Temperature with reference period 1995-2014,50.0,"access-cm2,access-esm1-5,bcc-csm2-mr,canesm5,cmcc-esm2,cnrm-cm6-1,cnrm-esm2-1,ec-earth3,ec-earth3-veg-lr,fgoals-g3,gfdl-cm4,gfdl-esm4,giss-e2-1-g,hadgem3-gc31-ll,inm-cm4-8,inm-cm5-0,ipsl-cm6a-lr,kace-1-0-g,miroc6,miroc-es2l,mpi-esm1-2-hr,mpi-esm1-2-lr,mri-esm2-0,nesm3,noresm2-lm,noresm2-mm,ukesm1-0-ll",World Bank Climate Change Knowledge Portal (CMIP6-x0.25),,1995-2014,SSP2-4.5,Mean temperature
BGR,Bulgaria,13.211208448265747,centre_cell_mask_coslat_area_weighted,tas,ssp245,2040-2059,median,climatology,degC,ensemble of Daily Near-Surface Air Temperature,50.0,"access-cm2,access-esm1-5,bcc-csm2-mr,canesm5,cmcc-esm2,cnrm-cm6-1,cnrm-esm2-1,ec-earth3,ec-earth3-veg-lr,fgoals-g3,gfdl-cm4,gfdl-esm4,giss-e2-1-g,hadgem3-gc31-ll,inm-cm4-8,inm-cm5-0,ipsl-cm6a-lr,kace-1-0-g,miroc6,miroc-es2l,mpi-esm1-2-hr,mpi-esm1-2-lr,mri-esm2-0,nesm3,noresm2-lm,noresm2-mm,ukesm1-0-ll",World Bank Climate Change Knowledge Portal (CMIP6-x0.25),,,SSP2-4.5,Mean temperature
BHR,Bahrain,181.39999389648438,centre_cell_mask_coslat_area_weighted,hd30,ssp245,2040-2059,median,climatology,days,annual climatology of ensemble of hd30: hot days with 30 degC and higher,50.0,"access-cm2,access-esm1-5,bcc-csm2-mr,canesm5,cmcc-esm2,cnrm-cm6-1,cnrm-esm2-1,ec-earth3,ec-earth3-veg-lr,fgoals-g3,gfdl-cm4,gfdl-esm4,giss-e2-1-g,hadgem3-gc31-ll,inm-cm4-8,inm-cm5-0,ipsl-cm6a-lr,kace-1-0-g,kiost-esm,miroc6,miroc-es2l,mpi-esm1-2-hr,mpi-esm1-2-lr,mri-esm2-0,nesm3,noresm2-lm,noresm2-mm,ukesm1-0-ll",World Bank Climate Change Knowledge Portal (CMIP6-x0.25),,,SSP2-4.5,Hot days above 30°C
BHR,Bahrain,1.715000033378601,centre_cell_mask_coslat_area_weighted,tas,ssp245,2040-2059,median,anomaly,degC,ensemble of anomaly of Daily Near-Surface Air Temperature with reference period 1995-2014,50.0,"access-cm2,access-esm1-5,bcc-csm2-mr,canesm5,cmcc-esm2,cnrm-cm6-1,cnrm-esm2-1,ec-earth3,ec-earth3-veg-lr,fgoals-g3,gfdl-cm4,gfdl-esm4,giss-e2-1-g,hadgem3-gc31-ll,inm-cm4-8,inm-cm5-0,ipsl-cm6a-lr,kace-1-0-g,miroc6,miroc-es2l,mpi-esm1-2-hr,mpi-esm1-2-lr,mri-esm2-0,nesm3,noresm2-lm,noresm2-mm,ukesm1-0-ll",World Bank Climate Change Knowledge Portal (CMIP6-x0.25),,1995-2014,SSP2-4.5,Mean temperature
BHR,Bahrain,27.917999267578125,centre_cell_mask_coslat_area_weighted,tas,ssp245,2040-2059,median,climatology,degC,ensemble of Daily Near-Surface Air Temperature,50.0,"access-cm2,access-esm1-5,bcc-csm2-mr,canesm5,cmcc-esm2,cnrm-cm6-1,cnrm-esm2-1,ec-earth3,ec-earth3-veg-lr,fgoals-g3,gfdl-cm4,gfdl-esm4,giss-e2-1-g,hadgem3-gc31-ll,inm-cm4-8,inm-cm5-0,ipsl-cm6a-lr,kace-1-0-g,miroc6,miroc-es2l,mpi-esm1-2-hr,mpi-esm1-2-lr,mri-esm2-0,nesm3,noresm2-lm,noresm2-mm,ukesm1-0-ll",World Bank Climate Change Knowledge Portal (CMIP6-x0.25),,,SSP2-4.5,Mean temperature
BHS,The Bahamas,56.17492118149937,centre_cell_mask_coslat_area_weighted,hd30,ssp245,2040-2059,median,climatology,days,annual climatology of ensemble of hd30: hot days with 30 degC and higher,50.0,"access-cm2,access-esm1-5,bcc-csm2-mr,canesm5,cmcc-esm2,cnrm-cm6-1,cnrm-esm2-1,ec-earth3,ec-earth3-veg-lr,fgoals-g3,gfdl-cm4,gfdl-esm4,giss-e2-1-g,hadgem3-gc31-ll,inm-cm4-8,inm-cm5-0,ipsl-cm6a-lr,kace-1-0-g,kiost-esm,miroc6,miroc-es2l,mpi-esm1-2-hr,mpi-esm1-2-lr,mri-esm2-0,nesm3,noresm2-lm,noresm2-mm,ukesm1-0-ll",World Bank Climate Change Knowledge Portal (CMIP6-x0.25),,,SSP2-4.5,Hot days above 30°C
BHS,The Bahamas,1.121474434682611,centre_cell_mask_coslat_area_weighted,tas,ssp245,2040-2059,median,anomaly,degC,ensemble of anomaly of Daily Near-Surface Air Temperature with reference period 1995-2014,50.0,"access-cm2,access-esm1-5,bcc-csm2-mr,canesm5,cmcc-esm2,cnrm-cm6-1,cnrm-esm2-1,ec-earth3,ec-earth3-veg-lr,fgoals-g3,gfdl-cm4,gfdl-esm4,giss-e2-1-g,hadgem3-gc31-ll,inm-cm4-8,inm-cm5-0,ipsl-cm6a-lr,kace-1-0-g,miroc6,miroc-es2l,mpi-esm1-2-hr,mpi-esm1-2-lr,mri-esm2-0,nesm3,noresm2-lm,noresm2-mm,ukesm1-0-ll",World Bank Climate Change Knowledge Portal (CMIP6-x0.25),,1995-2014,SSP2-4.5,Mean temperature
BHS,The Bahamas,26.721221623235714,centre_cell_mask_coslat_area_weighted,tas,ssp245,2040-2059,median,climatology,degC,ensemble of Daily Near-Surface Air Temperature,50.0,"access-cm2,access-esm1-5,bcc-csm2-mr,canesm5,cmcc-esm2,cnrm-cm6-1,cnrm-esm2-1,ec-earth3,ec-earth3-veg-lr,fgoals-g3,gfdl-cm4,gfdl-esm4,giss-e2-1-g,hadgem3-gc31-ll,inm-cm4-8,inm-cm5-0,ipsl-cm6a-lr,kace-1-0-g,miroc6,miroc-es2l,mpi-esm1-2-hr,mpi-esm1-2-lr,mri-esm2-0,nesm3,noresm2-lm,noresm2-mm,ukesm1-0-ll",World Bank Climate Change Knowledge Portal (CMIP6-x0.25),,,SSP2-4.5,Mean temperature
BIH,Bosnia and Herzegovina,25.13131442347401,centre_cell_mask_coslat_area_weighted,hd30,ssp245,2040-2059,median,climatology,days,annual climatology of ensemble of hd30: hot days with 30 degC and higher,50.0,"access-cm2,access-esm1-5,bcc-csm2-mr,canesm5,cmcc-esm2,cnrm-cm6-1,cnrm-esm2-1,ec-earth3,ec-earth3-veg-lr,fgoals-g3,gfdl-cm4,gfdl-esm4,giss-e2-1-g,hadgem3-gc31-ll,inm-cm4-8,inm-cm5-0,ipsl-cm6a-lr,kace-1-0-g,kiost-esm,miroc6,miroc-es2l,mpi-esm1-2-hr,mpi-esm1-2-lr,mri-esm2-0,nesm3,noresm2-lm,noresm2-mm,ukesm1-0-ll",World Bank Climate Change Knowledge Portal (CMIP6-x0.25),,,SSP2-4.5,Hot days above 30°C
BIH,Bosnia and Herzegovina,1.6703889993655958,centre_cell_mask_coslat_area_weighted,tas,ssp245,2040-2059,median,anomaly,degC,ensemble of anomaly of Daily Near-Surface Air Temperature with reference period 1995-2014,50.0,"access-cm2,access-esm1-5,bcc-csm2-mr,canesm5,cmcc-esm2,cnrm-cm6-1,cnrm-esm2-1,ec-earth3,ec-earth3-veg-lr,fgoals-g3,gfdl-cm4,gfdl-esm4,giss-e2-1-g,hadgem3-gc31-ll,inm-cm4-8,inm-cm5-0,ipsl-cm6a-lr,kace-1-0-g,miroc6,miroc-es2l,mpi-esm1-2-hr,mpi-esm1-2-lr,mri-esm2-0,nesm3,noresm2-lm,noresm2-mm,ukesm1-0-ll",World Bank Climate Change Knowledge Portal (CMIP6-x0.25),,1995-2014,SSP2-4.5,Mean temperature
BIH,Bosnia and Herzegovina,11.703482143989696,centre_cell_mask_coslat_area_weighted,tas,ssp245,2040-2059,median,climatology,degC,ensemble of Daily Near-Surface Air Temperature,50.0,"access-cm2,access-esm1-5,bcc-csm2-mr,canesm5,cmcc-esm2,cnrm-cm6-1,cnrm-esm2-1,ec-earth3,ec-earth3-veg-lr,fgoals-g3,gfdl-cm4,gfdl-esm4,giss-e2-1-g,hadgem3-gc31-ll,inm-cm4-8,inm-cm5-0,ipsl-cm6a-lr,kace-1-0-g,miroc6,miroc-es2l,mpi-esm1-2-hr,mpi-esm1-2-lr,mri-esm2-0,nesm3,noresm2-lm,noresm2-mm,ukesm1-0-ll",World Bank Climate Change Knowledge Portal (CMIP6-x0.25),,,SSP2-4.5,Mean temperature
BLM,Saint-Barthélemy (Fr.),0.5513383060130078,fractional_overlap_equal_area,hd30,ssp245,2040-2059,median,climatology,days,annual climatology of ensemble of hd30: hot days with 30 degC and higher,50.0,"access-cm2,access-esm1-5,bcc-csm2-mr,canesm5,cmcc-esm2,cnrm-cm6-1,cnrm-esm2-1,ec-earth3,ec-earth3-veg-lr,fgoals-g3,gfdl-cm4,gfdl-esm4,giss-e2-1-g,hadgem3-gc31-ll,inm-cm4-8,inm-cm5-0,ipsl-cm6a-lr,kace-1-0-g,kiost-esm,miroc6,miroc-es2l,mpi-esm1-2-hr,mpi-esm1-2-lr,mri-esm2-0,nesm3,noresm2-lm,noresm2-mm,ukesm1-0-ll",World Bank Climate Change Knowledge Portal (CMIP6-x0.25),,,SSP2-4.5,Hot days above 30°C
BLM,Saint-Barthélemy (Fr.),1.078973229059072,fractional_overlap_equal_area,tas,ssp245,2040-2059,median,anomaly,degC,ensemble of anomaly of Daily Near-Surface Air Temperature with reference period 1995-2014,50.0,"access-cm2,access-esm1-5,bcc-csm2-mr,canesm5,cmcc-esm2,cnrm-cm6-1,cnrm-esm2-1,ec-earth3,ec-earth3-veg-lr,fgoals-g3,gfdl-cm4,gfdl-esm4,giss-e2-1-g,hadgem3-gc31-ll,inm-cm4-8,inm-cm5-0,ipsl-cm6a-lr,kace-1-0-g,miroc6,miroc-es2l,mpi-esm1-2-hr,mpi-esm1-2-lr,mri-esm2-0,nesm3,noresm2-lm,noresm2-mm,ukesm1-0-ll",World Bank Climate Change Knowledge Portal (CMIP6-x0.25),,1995-2014,SSP2-4.5,Mean temperature
BLM,Saint-Barthélemy (Fr.),27.19294724006012,fractional_overlap_equal_area,tas,ssp245,2040-2059,median,climatology,degC,ensemble of Daily Near-Surface Air Temperature,50.0,"access-cm2,access-esm1-5,bcc-csm2-mr,canesm5,cmcc-esm2,cnrm-cm6-1,cnrm-esm2-1,ec-earth3,ec-earth3-veg-lr,fgoals-g3,gfdl-cm4,gfdl-esm4,giss-e2-1-g,hadgem3-gc31-ll,inm-cm4-8,inm-cm5-0,ipsl-cm6a-lr,kace-1-0-g,miroc6,miroc-es2l,mpi-esm1-2-hr,mpi-esm1-2-lr,mri-esm2-0,nesm3,noresm2-lm,noresm2-mm,ukesm1-0-ll",World Bank Climate Change Knowledge Portal (CMIP6-x0.25),,,SSP2-4.5,Mean temperature
BLR,Belarus,10.87062221015852,centre_cell_mask_coslat_area_weighted,hd30,ssp245,2040-2059,median,climatology,days,annual climatology of ensemble of hd30: hot days with 30 degC and higher,50.0,"access-cm2,access-esm1-5,bcc-csm2-mr,canesm5,cmcc-esm2,cnrm-cm6-1,cnrm-esm2-1,ec-earth3,ec-earth3-veg-lr,fgoals-g3,gfdl-cm4,gfdl-esm4,giss-e2-1-g,hadgem3-gc31-ll,inm-cm4-8,inm-cm5-0,ipsl-cm6a-lr,kace-1-0-g,kiost-esm,miroc6,miroc-es2l,mpi-esm1-2-hr,mpi-esm1-2-lr,mri-esm2-0,nesm3,noresm2-lm,noresm2-mm,ukesm1-0-ll",World Bank Climate Change Knowledge Portal (CMIP6-x0.25),,,SSP2-4.5,Hot days above 30°C
BLR,Belarus,1.7693502482825212,centre_cell_mask_coslat_area_weighted,tas,ssp245,2040-2059,median,anomaly,degC,ensemble of anomaly of Daily Near-Surface Air Temperature with reference period 1995-2014,50.0,"access-cm2,access-esm1-5,bcc-csm2-mr,canesm5,cmcc-esm2,cnrm-cm6-1,cnrm-esm2-1,ec-earth3,ec-earth3-veg-lr,fgoals-g3,gfdl-cm4,gfdl-esm4,giss-e2-1-g,hadgem3-gc31-ll,inm-cm4-8,inm-cm5-0,ipsl-cm6a-lr,kace-1-0-g,miroc6,miroc-es2l,mpi-esm1-2-hr,mpi-esm1-2-lr,mri-esm2-0,nesm3,noresm2-lm,noresm2-mm,ukesm1-0-ll",World Bank Climate Change Knowledge Portal (CMIP6-x0.25),,1995-2014,SSP2-4.5,Mean temperature
BLR,Belarus,8.766799552310033,centre_cell_mask_coslat_area_weighted,tas,ssp245,2040-2059,median,climatology,degC,ensemble of Daily Near-Surface Air Temperature,50.0,"access-cm2,access-esm1-5,bcc-csm2-mr,canesm5,cmcc-esm2,cnrm-cm6-1,cnrm-esm2-1,ec-earth3,ec-earth3-veg-lr,fgoals-g3,gfdl-cm4,gfdl-esm4,giss-e2-1-g,hadgem3-gc31-ll,inm-cm4-8,inm-cm5-0,ipsl-cm6a-lr,kace-1-0-g,miroc6,miroc-es2l,mpi-esm1-2-hr,mpi-esm1-2-lr,mri-esm2-0,nesm3,noresm2-lm,noresm2-mm,ukesm1-0-ll",World Bank Climate Change Knowledge Portal (CMIP6-x0.25),,,SSP2-4.5,Mean temperature
BLZ,Belize,220.91871211278914,centre_cell_mask_coslat_area_weighted,hd30,ssp245,2040-2059,median,climatology,days,annual climatology of ensemble of hd30: hot days with 30 degC and higher,50.0,"access-cm2,access-esm1-5,bcc-csm2-mr,canesm5,cmcc-esm2,cnrm-cm6-1,cnrm-esm2-1,ec-earth3,ec-earth3-veg-lr,fgoals-g3,gfdl-cm4,gfdl-esm4,giss-e2-1-g,hadgem3-gc31-ll,inm-cm4-8,inm-cm5-0,ipsl-cm6a-lr,kace-1-0-g,kiost-esm,miroc6,miroc-es2l,mpi-esm1-2-hr,mpi-esm1-2-lr,mri-esm2-0,nesm3,noresm2-lm,noresm2-mm,ukesm1-0-ll",World Bank Climate Change Knowledge Portal (CMIP6-x0.25),,,SSP2-4.5,Hot days above 30°C
BLZ,Belize,1.2917848410547654,centre_cell_mask_coslat_area_weighted,tas,ssp245,2040-2059,median,anomaly,degC,ensemble of anomaly of Daily Near-Surface Air Temperature with reference period 1995-2014,50.0,"access-cm2,access-esm1-5,bcc-csm2-mr,canesm5,cmcc-esm2,cnrm-cm6-1,cnrm-esm2-1,ec-earth3,ec-earth3-veg-lr,fgoals-g3,gfdl-cm4,gfdl-esm4,giss-e2-1-g,hadgem3-gc31-ll,inm-cm4-8,inm-cm5-0,ipsl-cm6a-lr,kace-1-0-g,miroc6,miroc-es2l,mpi-esm1-2-hr,mpi-esm1-2-lr,mri-esm2-0,nesm3,noresm2-lm,noresm2-mm,ukesm1-0-ll",World Bank Climate Change Knowledge Portal (CMIP6-x0.25),,1995-2014,SSP2-4.5,Mean temperature
BLZ,Belize,27.059729628480063,centre_cell_mask_coslat_area_weighted,tas,ssp245,2040-2059,median,climatology,degC,ensemble of Daily Near-Surface Air Temperature,50.0,"access-cm2,access-esm1-5,bcc-csm2-mr,canesm5,cmcc-esm2,cnrm-cm6-1,cnrm-esm2-1,ec-earth3,ec-earth3-veg-lr,fgoals-g3,gfdl-cm4,gfdl-esm4,giss-e2-1-g,hadgem3-gc31-ll,inm-cm4-8,inm-cm5-0,ipsl-cm6a-lr,kace-1-0-g,miroc6,miroc-es2l,mpi-esm1-2-hr,mpi-esm1-2-lr,mri-esm2-0,nesm3,noresm2-lm,noresm2-mm,ukesm1-0-ll",World Bank Climate Change Knowledge Portal (CMIP6-x0.25),,,SSP2-4.5,Mean temperature
BMU,Bermuda (U.K.),0.0,fractional_overlap_equal_area,hd30,ssp245,2040-2059,median,climatology,days,annual climatology of ensemble of hd30: hot days with 30 degC and higher,50.0,"access-cm2,access-esm1-5,bcc-csm2-mr,canesm5,cmcc-esm2,cnrm-cm6-1,cnrm-esm2-1,ec-earth3,ec-earth3-veg-lr,fgoals-g3,gfdl-cm4,gfdl-esm4,giss-e2-1-g,hadgem3-gc31-ll,inm-cm4-8,inm-cm5-0,ipsl-cm6a-lr,kace-1-0-g,kiost-esm,miroc6,miroc-es2l,mpi-esm1-2-hr,mpi-esm1-2-lr,mri-esm2-0,nesm3,noresm2-lm,noresm2-mm,ukesm1-0-ll",World Bank Climate Change Knowledge Portal (CMIP6-x0.25),,,SSP2-4.5,Hot days above 30°C
BMU,Bermuda (U.K.),1.1446564442810747,fractional_overlap_equal_area,tas,ssp245,2040-2059,median,anomaly,degC,ensemble of anomaly of Daily Near-Surface Air Temperature with reference period 1995-2014,50.0,"access-cm2,access-esm1-5,bcc-csm2-mr,canesm5,cmcc-esm2,cnrm-cm6-1,cnrm-esm2-1,ec-earth3,ec-earth3-veg-lr,fgoals-g3,gfdl-cm4,gfdl-esm4,giss-e2-1-g,hadgem3-gc31-ll,inm-cm4-8,inm-cm5-0,ipsl-cm6a-lr,kace-1-0-g,miroc6,miroc-es2l,mpi-esm1-2-hr,mpi-esm1-2-lr,mri-esm2-0,nesm3,noresm2-lm,noresm2-mm,ukesm1-0-ll",World Bank Climate Change Knowledge Portal (CMIP6-x0.25),,1995-2014,SSP2-4.5,Mean temperature
BMU,Bermuda (U.K.),22.94985609108181,fractional_overlap_equal_area,tas,ssp245,2040-2059,median,climatology,degC,ensemble of Daily Near-Surface Air Temperature,50.0,"access-cm2,access-esm1-5,bcc-csm2-mr,canesm5,cmcc-esm2,cnrm-cm6-1,cnrm-esm2-1,ec-earth3,ec-earth3-veg-lr,fgoals-g3,gfdl-cm4,gfdl-esm4,giss-e2-1-g,hadgem3-gc31-ll,inm-cm4-8,inm-cm5-0,ipsl-cm6a-lr,kace-1-0-g,miroc6,miroc-es2l,mpi-esm1-2-hr,mpi-esm1-2-lr,mri-esm2-0,nesm3,noresm2-lm,noresm2-mm,ukesm1-0-ll",World Bank Climate Change Knowledge Portal (CMIP6-x0.25),,,SSP2-4.5,Mean temperature
BOL,Bolivia,178.71496791027687,centre_cell_mask_coslat_area_weighted,hd30,ssp245,2040-2059,median,climatology,days,annual climatology of ensemble of hd30: hot days with 30 degC and higher,50.0,"access-cm2,access-esm1-5,bcc-csm2-mr,canesm5,cmcc-esm2,cnrm-cm6-1,cnrm-esm2-1,ec-earth3,ec-earth3-veg-lr,fgoals-g3,gfdl-cm4,gfdl-esm4,giss-e2-1-g,hadgem3-gc31-ll,inm-cm4-8,inm-cm5-0,ipsl-cm6a-lr,kace-1-0-g,kiost-esm,miroc6,miroc-es2l,mpi-esm1-2-hr,mpi-esm1-2-lr,mri-esm2-0,nesm3,noresm2-lm,noresm2-mm,ukesm1-0-ll",World Bank Climate Change Knowledge Portal (CMIP6-x0.25),,,SSP2-4.5,Hot days above 30°C
BOL,Bolivia,1.5709824049311096,centre_cell_mask_coslat_area_weighted,tas,ssp245,2040-2059,median,anomaly,degC,ensemble of anomaly of Daily Near-Surface Air Temperature with reference period 1995-2014,50.0,"access-cm2,access-esm1-5,bcc-csm2-mr,canesm5,cmcc-esm2,cnrm-cm6-1,cnrm-esm2-1,ec-earth3,ec-earth3-veg-lr,fgoals-g3,gfdl-cm4,gfdl-esm4,giss-e2-1-g,hadgem3-gc31-ll,inm-cm4-8,inm-cm5-0,ipsl-cm6a-lr,kace-1-0-g,miroc6,miroc-es2l,mpi-esm1-2-hr,mpi-esm1-2-lr,mri-esm2-0,nesm3,noresm2-lm,noresm2-mm,ukesm1-0-ll",World Bank Climate Change Knowledge Portal (CMIP6-x0.25),,1995-2014,SSP2-4.5,Mean temperature
BOL,Bolivia,22.43382883466369,centre_cell_mask_coslat_area_weighted,tas,ssp245,2040-2059,median,climatology,degC,ensemble of Daily Near-Surface Air Temperature,50.0,"access-cm2,access-esm1-5,bcc-csm2-mr,canesm5,cmcc-esm2,cnrm-cm6-1,cnrm-esm2-1,ec-earth3,ec-earth3-veg-lr,fgoals-g3,gfdl-cm4,gfdl-esm4,giss-e2-1-g,hadgem3-gc31-ll,inm-cm4-8,inm-cm5-0,ipsl-cm6a-lr,kace-1-0-g,miroc6,miroc-es2l,mpi-esm1-2-hr,mpi-esm1-2-lr,mri-esm2-0,nesm3,noresm2-lm,noresm2-mm,ukesm1-0-ll",World Bank Climate Change Knowledge Portal (CMIP6-x0.25),,,SSP2-4.5,Mean temperature
BRA,Brazil,258.6561418058412,centre_cell_mask_coslat_area_weighted,hd30,ssp245,2040-2059,median,climatology,days,annual climatology of ensemble of hd30: hot days with 30 degC and higher,50.0,"access-cm2,access-esm1-5,bcc-csm2-mr,canesm5,cmcc-esm2,cnrm-cm6-1,cnrm-esm2-1,ec-earth3,ec-earth3-veg-lr,fgoals-g3,gfdl-cm4,gfdl-esm4,giss-e2-1-g,hadgem3-gc31-ll,inm-cm4-8,inm-cm5-0,ipsl-cm6a-lr,kace-1-0-g,kiost-esm,miroc6,miroc-es2l,mpi-esm1-2-hr,mpi-esm1-2-lr,mri-esm2-0,nesm3,noresm2-lm,noresm2-mm,ukesm1-0-ll",World Bank Climate Change Knowledge Portal (CMIP6-x0.25),,,SSP2-4.5,Hot days above 30°C
BRA,Brazil,1.3741686812393585,centre_cell_mask_coslat_area_weighted,tas,ssp245,2040-2059,median,anomaly,degC,ensemble of anomaly of Daily Near-Surface Air Temperature with reference period 1995-2014,50.0,"access-cm2,access-esm1-5,bcc-csm2-mr,canesm5,cmcc-esm2,cnrm-cm6-1,cnrm-esm2-1,ec-earth3,ec-earth3-veg-lr,fgoals-g3,gfdl-cm4,gfdl-esm4,giss-e2-1-g,hadgem3-gc31-ll,inm-cm4-8,inm-cm5-0,ipsl-cm6a-lr,kace-1-0-g,miroc6,miroc-es2l,mpi-esm1-2-hr,mpi-esm1-2-lr,mri-esm2-0,nesm3,noresm2-lm,noresm2-mm,ukesm1-0-ll",World Bank Climate Change Knowledge Portal (CMIP6-x0.25),,1995-2014,SSP2-4.5,Mean temperature
BRA,Brazil,26.94067953191355,centre_cell_mask_coslat_area_weighted,tas,ssp245,2040-2059,median,climatology,degC,ensemble of Daily Near-Surface Air Temperature,50.0,"access-cm2,access-esm1-5,bcc-csm2-mr,canesm5,cmcc-esm2,cnrm-cm6-1,cnrm-esm2-1,ec-earth3,ec-earth3-veg-lr,fgoals-g3,gfdl-cm4,gfdl-esm4,giss-e2-1-g,hadgem3-gc31-ll,inm-cm4-8,inm-cm5-0,ipsl-cm6a-lr,kace-1-0-g,miroc6,miroc-es2l,mpi-esm1-2-hr,mpi-esm1-2-lr,mri-esm2-0,nesm3,noresm2-lm,noresm2-mm,ukesm1-0-ll",World Bank Climate Change Knowledge Portal (CMIP6-x0.25),,,SSP2-4.5,Mean temperature
BRB,Barbados,0.6834962681067199,fractional_overlap_equal_area,hd30,ssp245,2040-2059,median,climatology,days,annual climatology of ensemble of hd30: hot days with 30 degC and higher,50.0,"access-cm2,access-esm1-5,bcc-csm2-mr,canesm5,cmcc-esm2,cnrm-cm6-1,cnrm-esm2-1,ec-earth3,ec-earth3-veg-lr,fgoals-g3,gfdl-cm4,gfdl-esm4,giss-e2-1-g,hadgem3-gc31-ll,inm-cm4-8,inm-cm5-0,ipsl-cm6a-lr,kace-1-0-g,kiost-esm,miroc6,miroc-es2l,mpi-esm1-2-hr,mpi-esm1-2-lr,mri-esm2-0,nesm3,noresm2-lm,noresm2-mm,ukesm1-0-ll",World Bank Climate Change Knowledge Portal (CMIP6-x0.25),,,SSP2-4.5,Hot days above 30°C
BRB,Barbados,1.0228123272570249,fractional_overlap_equal_area,tas,ssp245,2040-2059,median,anomaly,degC,ensemble of anomaly of Daily Near-Surface Air Temperature with reference period 1995-2014,50.0,"access-cm2,access-esm1-5,bcc-csm2-mr,canesm5,cmcc-esm2,cnrm-cm6-1,cnrm-esm2-1,ec-earth3,ec-earth3-veg-lr,fgoals-g3,gfdl-cm4,gfdl-esm4,giss-e2-1-g,hadgem3-gc31-ll,inm-cm4-8,inm-cm5-0,ipsl-cm6a-lr,kace-1-0-g,miroc6,miroc-es2l,mpi-esm1-2-hr,mpi-esm1-2-lr,mri-esm2-0,nesm3,noresm2-lm,noresm2-mm,ukesm1-0-ll",World Bank Climate Change Knowledge Portal (CMIP6-x0.25),,1995-2014,SSP2-4.5,Mean temperature
BRB,Barbados,27.37332862422286,fractional_overlap_equal_area,tas,ssp245,2040-2059,median,climatology,degC,ensemble of Daily Near-Surface Air Temperature,50.0,"access-cm2,access-esm1-5,bcc-csm2-mr,canesm5,cmcc-esm2,cnrm-cm6-1,cnrm-esm2-1,ec-earth3,ec-earth3-veg-lr,fgoals-g3,gfdl-cm4,gfdl-esm4,giss-e2-1-g,hadgem3-gc31-ll,inm-cm4-8,inm-cm5-0,ipsl-cm6a-lr,kace-1-0-g,miroc6,miroc-es2l,mpi-esm1-2-hr,mpi-esm1-2-lr,mri-esm2-0,nesm3,noresm2-lm,noresm2-mm,ukesm1-0-ll",World Bank Climate Change Knowledge Portal (CMIP6-x0.25),,,SSP2-4.5,Mean temperature
BRN,Brunei Darussalam,300.4107675018073,centre_cell_mask_coslat_area_weighted,hd30,ssp245,2040-2059,median,climatology,days,annual climatology of ensemble of hd30: hot days with 30 degC and higher,50.0,"access-cm2,access-esm1-5,bcc-csm2-mr,canesm5,cmcc-esm2,cnrm-cm6-1,cnrm-esm2-1,ec-earth3,ec-earth3-veg-lr,fgoals-g3,gfdl-cm4,gfdl-esm4,giss-e2-1-g,hadgem3-gc31-ll,inm-cm4-8,inm-cm5-0,ipsl-cm6a-lr,kace-1-0-g,kiost-esm,miroc6,miroc-es2l,mpi-esm1-2-hr,mpi-esm1-2-lr,mri-esm2-0,nesm3,noresm2-lm,noresm2-mm,ukesm1-0-ll",World Bank Climate Change Knowledge Portal (CMIP6-x0.25),,,SSP2-4.5,Hot days above 30°C
BRN,Brunei Darussalam,1.078144063775077,centre_cell_mask_coslat_area_weighted,tas,ssp245,2040-2059,median,anomaly,degC,ensemble of anomaly of Daily Near-Surface Air Temperature with reference period 1995-2014,50.0,"access-cm2,access-esm1-5,bcc-csm2-mr,canesm5,cmcc-esm2,cnrm-cm6-1,cnrm-esm2-1,ec-earth3,ec-earth3-veg-lr,fgoals-g3,gfdl-cm4,gfdl-esm4,giss-e2-1-g,hadgem3-gc31-ll,inm-cm4-8,inm-cm5-0,ipsl-cm6a-lr,kace-1-0-g,miroc6,miroc-es2l,mpi-esm1-2-hr,mpi-esm1-2-lr,mri-esm2-0,nesm3,noresm2-lm,noresm2-mm,ukesm1-0-ll",World Bank Climate Change Knowledge Portal (CMIP6-x0.25),,1995-2014,SSP2-4.5,Mean temperature
BRN,Brunei Darussalam,27.851354987922953,centre_cell_mask_coslat_area_weighted,tas,ssp245,2040-2059,median,climatology,degC,ensemble of Daily Near-Surface Air Temperature,50.0,"access-cm2,access-esm1-5,bcc-csm2-mr,canesm5,cmcc-esm2,cnrm-cm6-1,cnrm-esm2-1,ec-earth3,ec-earth3-veg-lr,fgoals-g3,gfdl-cm4,gfdl-esm4,giss-e2-1-g,hadgem3-gc31-ll,inm-cm4-8,inm-cm5-0,ipsl-cm6a-lr,kace-1-0-g,miroc6,miroc-es2l,mpi-esm1-2-hr,mpi-esm1-2-lr,mri-esm2-0,nesm3,noresm2-lm,noresm2-mm,ukesm1-0-ll",World Bank Climate Change Knowledge Portal (CMIP6-x0.25),,,SSP2-4.5,Mean temperature
BTN,Bhutan,1.2362670947682552,centre_cell_mask_coslat_area_weighted,hd30,ssp245,2040-2059,median,climatology,days,annual climatology of ensemble of hd30: hot days with 30 degC and higher,50.0,"access-cm2,access-esm1-5,bcc-csm2-mr,canesm5,cmcc-esm2,cnrm-cm6-1,cnrm-esm2-1,ec-earth3,ec-earth3-veg-lr,fgoals-g3,gfdl-cm4,gfdl-esm4,giss-e2-1-g,hadgem3-gc31-ll,inm-cm4-8,inm-cm5-0,ipsl-cm6a-lr,kace-1-0-g,kiost-esm,miroc6,miroc-es2l,mpi-esm1-2-hr,mpi-esm1-2-lr,mri-esm2-0,nesm3,noresm2-lm,noresm2-mm,ukesm1-0-ll",World Bank Climate Change Knowledge Portal (CMIP6-x0.25),,,SSP2-4.5,Hot days above 30°C
BTN,Bhutan,1.4503051349071066,centre_cell_mask_coslat_area_weighted,tas,ssp245,2040-2059,median,anomaly,degC,ensemble of anomaly of Daily Near-Surface Air Temperature with reference period 1995-2014,50.0,"access-cm2,access-esm1-5,bcc-csm2-mr,canesm5,cmcc-esm2,cnrm-cm6-1,cnrm-esm2-1,ec-earth3,ec-earth3-veg-lr,fgoals-g3,gfdl-cm4,gfdl-esm4,giss-e2-1-g,hadgem3-gc31-ll,inm-cm4-8,inm-cm5-0,ipsl-cm6a-lr,kace-1-0-g,miroc6,miroc-es2l,mpi-esm1-2-hr,mpi-esm1-2-lr,mri-esm2-0,nesm3,noresm2-lm,noresm2-mm,ukesm1-0-ll",World Bank Climate Change Knowledge Portal (CMIP6-x0.25),,1995-2014,SSP2-4.5,Mean temperature
BTN,Bhutan,10.855420343095949,centre_cell_mask_coslat_area_weighted,tas,ssp245,2040-2059,median,climatology,degC,ensemble of Daily Near-Surface Air Temperature,50.0,"access-cm2,access-esm1-5,bcc-csm2-mr,canesm5,cmcc-esm2,cnrm-cm6-1,cnrm-esm2-1,ec-earth3,ec-earth3-veg-lr,fgoals-g3,gfdl-cm4,gfdl-esm4,giss-e2-1-g,hadgem3-gc31-ll,inm-cm4-8,inm-cm5-0,ipsl-cm6a-lr,kace-1-0-g,miroc6,miroc-es2l,mpi-esm1-2-hr,mpi-esm1-2-lr,mri-esm2-0,nesm3,noresm2-lm,noresm2-mm,ukesm1-0-ll",World Bank Climate Change Knowledge Portal (CMIP6-x0.25),,,SSP2-4.5,Mean temperature
BVT,Bouvet Island (Nor.),0.0,fractional_overlap_equal_area,hd30,ssp245,2040-2059,median,climatology,days,annual climatology of ensemble of hd30: hot days with 30 degC and higher,50.0,"access-cm2,access-esm1-5,bcc-csm2-mr,canesm5,cmcc-esm2,cnrm-cm6-1,cnrm-esm2-1,ec-earth3,ec-earth3-veg-lr,fgoals-g3,gfdl-cm4,gfdl-esm4,giss-e2-1-g,hadgem3-gc31-ll,inm-cm4-8,inm-cm5-0,ipsl-cm6a-lr,kace-1-0-g,kiost-esm,miroc6,miroc-es2l,mpi-esm1-2-hr,mpi-esm1-2-lr,mri-esm2-0,nesm3,noresm2-lm,noresm2-mm,ukesm1-0-ll",World Bank Climate Change Knowledge Portal (CMIP6-x0.25),,,SSP2-4.5,Hot days above 30°C
BVT,Bouvet Island (Nor.),0.6039999723434447,fractional_overlap_equal_area,tas,ssp245,2040-2059,median,anomaly,degC,ensemble of anomaly of Daily Near-Surface Air Temperature with reference period 1995-2014,50.0,"access-cm2,access-esm1-5,bcc-csm2-mr,canesm5,cmcc-esm2,cnrm-cm6-1,cnrm-esm2-1,ec-earth3,ec-earth3-veg-lr,fgoals-g3,gfdl-cm4,gfdl-esm4,giss-e2-1-g,hadgem3-gc31-ll,inm-cm4-8,inm-cm5-0,ipsl-cm6a-lr,kace-1-0-g,miroc6,miroc-es2l,mpi-esm1-2-hr,mpi-esm1-2-lr,mri-esm2-0,nesm3,noresm2-lm,noresm2-mm,ukesm1-0-ll",World Bank Climate Change Knowledge Portal (CMIP6-x0.25),,1995-2014,SSP2-4.5,Mean temperature
BVT,Bouvet Island (Nor.),0.21405903261434223,fractional_overlap_equal_area,tas,ssp245,2040-2059,median,climatology,degC,ensemble of Daily Near-Surface Air Temperature,50.0,"access-cm2,access-esm1-5,bcc-csm2-mr,canesm5,cmcc-esm2,cnrm-cm6-1,cnrm-esm2-1,ec-earth3,ec-earth3-veg-lr,fgoals-g3,gfdl-cm4,gfdl-esm4,giss-e2-1-g,hadgem3-gc31-ll,inm-cm4-8,inm-cm5-0,ipsl-cm6a-lr,kace-1-0-g,miroc6,miroc-es2l,mpi-esm1-2-hr,mpi-esm1-2-lr,mri-esm2-0,nesm3,noresm2-lm,noresm2-mm,ukesm1-0-ll",World Bank Climate Change Knowledge Portal (CMIP6-x0.25),,,SSP2-4.5,Mean temperature
BWA,Botswana,213.98716491835285,centre_cell_mask_coslat_area_weighted,hd30,ssp245,2040-2059,median,climatology,days,annual climatology of ensemble of hd30: hot days with 30 degC and higher,50.0,"access-cm2,access-esm1-5,bcc-csm2-mr,canesm5,cmcc-esm2,cnrm-cm6-1,cnrm-esm2-1,ec-earth3,ec-earth3-veg-lr,fgoals-g3,gfdl-cm4,gfdl-esm4,giss-e2-1-g,hadgem3-gc31-ll,inm-cm4-8,inm-cm5-0,ipsl-cm6a-lr,kace-1-0-g,kiost-esm,miroc6,miroc-es2l,mpi-esm1-2-hr,mpi-esm1-2-lr,mri-esm2-0,nesm3,noresm2-lm,noresm2-mm,ukesm1-0-ll",World Bank Climate Change Knowledge Portal (CMIP6-x0.25),,,SSP2-4.5,Hot days above 30°C
BWA,Botswana,1.7101425539926494,centre_cell_mask_coslat_area_weighted,tas,ssp245,2040-2059,median,anomaly,degC,ensemble of anomaly of Daily Near-Surface Air Temperature with reference period 1995-2014,50.0,"access-cm2,access-esm1-5,bcc-csm2-mr,canesm5,cmcc-esm2,cnrm-cm6-1,cnrm-esm2-1,ec-earth3,ec-earth3-veg-lr,fgoals-g3,gfdl-cm4,gfdl-esm4,giss-e2-1-g,hadgem3-gc31-ll,inm-cm4-8,inm-cm5-0,ipsl-cm6a-lr,kace-1-0-g,miroc6,miroc-es2l,mpi-esm1-2-hr,mpi-esm1-2-lr,mri-esm2-0,nesm3,noresm2-lm,noresm2-mm,ukesm1-0-ll",World Bank Climate Change Knowledge Portal (CMIP6-x0.25),,1995-2014,SSP2-4.5,Mean temperature
BWA,Botswana,24.091630934259356,centre_cell_mask_coslat_area_weighted,tas,ssp245,2040-2059,median,climatology,degC,ensemble of Daily Near-Surface Air Temperature,50.0,"access-cm2,access-esm1-5,bcc-csm2-mr,canesm5,cmcc-esm2,cnrm-cm6-1,cnrm-esm2-1,ec-earth3,ec-earth3-veg-lr,fgoals-g3,gfdl-cm4,gfdl-esm4,giss-e2-1-g,hadgem3-gc31-ll,inm-cm4-8,inm-cm5-0,ipsl-cm6a-lr,kace-1-0-g,miroc6,miroc-es2l,mpi-esm1-2-hr,mpi-esm1-2-lr,mri-esm2-0,nesm3,noresm2-lm,noresm2-mm,ukesm1-0-ll",World Bank Climate Change Knowledge Portal (CMIP6-x0.25),,,SSP2-4.5,Mean temperature
CAF,Central African Republic,286.99171433641595,centre_cell_mask_coslat_area_weighted,hd30,ssp245,2040-2059,median,climatology,days,annual climatology of ensemble of hd30: hot days with 30 degC and higher,50.0,"access-cm2,access-esm1-5,bcc-csm2-mr,canesm5,cmcc-esm2,cnrm-cm6-1,cnrm-esm2-1,ec-earth3,ec-earth3-veg-lr,fgoals-g3,gfdl-cm4,gfdl-esm4,giss-e2-1-g,hadgem3-gc31-ll,inm-cm4-8,inm-cm5-0,ipsl-cm6a-lr,kace-1-0-g,kiost-esm,miroc6,miroc-es2l,mpi-esm1-2-hr,mpi-esm1-2-lr,mri-esm2-0,nesm3,noresm2-lm,noresm2-mm,ukesm1-0-ll",World Bank Climate Change Knowledge Portal (CMIP6-x0.25),,,SSP2-4.5,Hot days above 30°C
CAF,Central African Republic,1.196642251403739,centre_cell_mask_coslat_area_weighted,tas,ssp245,2040-2059,median,anomaly,degC,ensemble of anomaly of Daily Near-Surface Air Temperature with reference period 1995-2014,50.0,"access-cm2,access-esm1-5,bcc-csm2-mr,canesm5,cmcc-esm2,cnrm-cm6-1,cnrm-esm2-1,ec-earth3,ec-earth3-veg-lr,fgoals-g3,gfdl-cm4,gfdl-esm4,giss-e2-1-g,hadgem3-gc31-ll,inm-cm4-8,inm-cm5-0,ipsl-cm6a-lr,kace-1-0-g,miroc6,miroc-es2l,mpi-esm1-2-hr,mpi-esm1-2-lr,mri-esm2-0,nesm3,noresm2-lm,noresm2-mm,ukesm1-0-ll",World Bank Climate Change Knowledge Portal (CMIP6-x0.25),,1995-2014,SSP2-4.5,Mean temperature
CAF,Central African Republic,27.549213667453945,centre_cell_mask_coslat_area_weighted,tas,ssp245,2040-2059,median,climatology,degC,ensemble of Daily Near-Surface Air Temperature,50.0,"access-cm2,access-esm1-5,bcc-csm2-mr,canesm5,cmcc-esm2,cnrm-cm6-1,cnrm-esm2-1,ec-earth3,ec-earth3-veg-lr,fgoals-g3,gfdl-cm4,gfdl-esm4,giss-e2-1-g,hadgem3-gc31-ll,inm-cm4-8,inm-cm5-0,ipsl-cm6a-lr,kace-1-0-g,miroc6,miroc-es2l,mpi-esm1-2-hr,mpi-esm1-2-lr,mri-esm2-0,nesm3,noresm2-lm,noresm2-mm,ukesm1-0-ll",World Bank Climate Change Knowledge Portal (CMIP6-x0.25),,,SSP2-4.5,Mean temperature
CAN,Canada,4.152432674027677,centre_cell_mask_coslat_area_weighted,hd30,ssp245,2040-2059,median,climatology,days,annual climatology of ensemble of hd30: hot days with 30 degC and higher,50.0,"access-cm2,access-esm1-5,bcc-csm2-mr,canesm5,cmcc-esm2,cnrm-cm6-1,cnrm-esm2-1,ec-earth3,ec-earth3-veg-lr,fgoals-g3,gfdl-cm4,gfdl-esm4,giss-e2-1-g,hadgem3-gc31-ll,inm-cm4-8,inm-cm5-0,ipsl-cm6a-lr,kace-1-0-g,kiost-esm,miroc6,miroc-es2l,mpi-esm1-2-hr,mpi-esm1-2-lr,mri-esm2-0,nesm3,noresm2-lm,noresm2-mm,ukesm1-0-ll",World Bank Climate Change Knowledge Portal (CMIP6-x0.25),,,SSP2-4.5,Hot days above 30°C
CAN,Canada,2.2695593944036347,centre_cell_mask_coslat_area_weighted,tas,ssp245,2040-2059,median,anomaly,degC,ensemble of anomaly of Daily Near-Surface Air Temperature with reference period 1995-2014,50.0,"access-cm2,access-esm1-5,bcc-csm2-mr,canesm5,cmcc-esm2,cnrm-cm6-1,cnrm-esm2-1,ec-earth3,ec-earth3-veg-lr,fgoals-g3,gfdl-cm4,gfdl-esm4,giss-e2-1-g,hadgem3-gc31-ll,inm-cm4-8,inm-cm5-0,ipsl-cm6a-lr,kace-1-0-g,miroc6,miroc-es2l,mpi-esm1-2-hr,mpi-esm1-2-lr,mri-esm2-0,nesm3,noresm2-lm,noresm2-mm,ukesm1-0-ll",World Bank Climate Change Knowledge Portal (CMIP6-x0.25),,1995-2014,SSP2-4.5,Mean temperature
CAN,Canada,-1.0328994943509973,centre_cell_mask_coslat_area_weighted,tas,ssp245,2040-2059,median,climatology,degC,ensemble of Daily Near-Surface Air Temperature,50.0,"access-cm2,access-esm1-5,bcc-csm2-mr,canesm5,cmcc-esm2,cnrm-cm6-1,cnrm-esm2-1,ec-earth3,ec-earth3-veg-lr,fgoals-g3,gfdl-cm4,gfdl-esm4,giss-e2-1-g,hadgem3-gc31-ll,inm-cm4-8,inm-cm5-0,ipsl-cm6a-lr,kace-1-0-g,miroc6,miroc-es2l,mpi-esm1-2-hr,mpi-esm1-2-lr,mri-esm2-0,nesm3,noresm2-lm,noresm2-mm,ukesm1-0-ll",World Bank Climate Change Knowledge Portal (CMIP6-x0.25),,,SSP2-4.5,Mean temperature
CCK,Cocos (Keeling) Islands (Aus.),0.18972463125646338,fractional_overlap_equal_area,hd30,ssp245,2040-2059,median,climatology,days,annual climatology of ensemble of hd30: hot days with 30 degC and higher,50.0,"access-cm2,access-esm1-5,bcc-csm2-mr,canesm5,cmcc-esm2,cnrm-cm6-1,cnrm-esm2-1,ec-earth3,ec-earth3-veg-lr,fgoals-g3,gfdl-cm4,gfdl-esm4,giss-e2-1-g,hadgem3-gc31-ll,inm-cm4-8,inm-cm5-0,ipsl-cm6a-lr,kace-1-0-g,kiost-esm,miroc6,miroc-es2l,mpi-esm1-2-hr,mpi-esm1-2-lr,mri-esm2-0,nesm3,noresm2-lm,noresm2-mm,ukesm1-0-ll",World Bank Climate Change Knowledge Portal (CMIP6-x0.25),,,SSP2-4.5,Hot days above 30°C
CCK,Cocos (Keeling) Islands (Aus.),0.9862287552027338,fractional_overlap_equal_area,tas,ssp245,2040-2059,median,anomaly,degC,ensemble of anomaly of Daily Near-Surface Air Temperature with reference period 1995-2014,50.0,"access-cm2,access-esm1-5,bcc-csm2-mr,canesm5,cmcc-esm2,cnrm-cm6-1,cnrm-esm2-1,ec-earth3,ec-earth3-veg-lr,fgoals-g3,gfdl-cm4,gfdl-esm4,giss-e2-1-g,hadgem3-gc31-ll,inm-cm4-8,inm-cm5-0,ipsl-cm6a-lr,kace-1-0-g,miroc6,miroc-es2l,mpi-esm1-2-hr,mpi-esm1-2-lr,mri-esm2-0,nesm3,noresm2-lm,noresm2-mm,ukesm1-0-ll",World Bank Climate Change Knowledge Portal (CMIP6-x0.25),,1995-2014,SSP2-4.5,Mean temperature
CCK,Cocos (Keeling) Islands (Aus.),27.075698588396826,fractional_overlap_equal_area,tas,ssp245,2040-2059,median,climatology,degC,ensemble of Daily Near-Surface Air Temperature,50.0,"access-cm2,access-esm1-5,bcc-csm2-mr,canesm5,cmcc-esm2,cnrm-cm6-1,cnrm-esm2-1,ec-earth3,ec-earth3-veg-lr,fgoals-g3,gfdl-cm4,gfdl-esm4,giss-e2-1-g,hadgem3-gc31-ll,inm-cm4-8,inm-cm5-0,ipsl-cm6a-lr,kace-1-0-g,miroc6,miroc-es2l,mpi-esm1-2-hr,mpi-esm1-2-lr,mri-esm2-0,nesm3,noresm2-lm,noresm2-mm,ukesm1-0-ll",World Bank Climate Change Knowledge Portal (CMIP6-x0.25),,,SSP2-4.5,Mean temperature
CHE,Switzerland,3.0979990319610438,centre_cell_mask_coslat_area_weighted,hd30,ssp245,2040-2059,median,climatology,days,annual climatology of ensemble of hd30: hot days with 30 degC and higher,50.0,"access-cm2,access-esm1-5,bcc-csm2-mr,canesm5,cmcc-esm2,cnrm-cm6-1,cnrm-esm2-1,ec-earth3,ec-earth3-veg-lr,fgoals-g3,gfdl-cm4,gfdl-esm4,giss-e2-1-g,hadgem3-gc31-ll,inm-cm4-8,inm-cm5-0,ipsl-cm6a-lr,kace-1-0-g,kiost-esm,miroc6,miroc-es2l,mpi-esm1-2-hr,mpi-esm1-2-lr,mri-esm2-0,nesm3,noresm2-lm,noresm2-mm,ukesm1-0-ll",World Bank Climate Change Knowledge Portal (CMIP6-x0.25),,,SSP2-4.5,Hot days above 30°C
CHE,Switzerland,1.5900798980737274,centre_cell_mask_coslat_area_weighted,tas,ssp245,2040-2059,median,anomaly,degC,ensemble of anomaly of Daily Near-Surface Air Temperature with reference period 1995-2014,50.0,"access-cm2,access-esm1-5,bcc-csm2-mr,canesm5,cmcc-esm2,cnrm-cm6-1,cnrm-esm2-1,ec-earth3,ec-earth3-veg-lr,fgoals-g3,gfdl-cm4,gfdl-esm4,giss-e2-1-g,hadgem3-gc31-ll,inm-cm4-8,inm-cm5-0,ipsl-cm6a-lr,kace-1-0-g,miroc6,miroc-es2l,mpi-esm1-2-hr,mpi-esm1-2-lr,mri-esm2-0,nesm3,noresm2-lm,noresm2-mm,ukesm1-0-ll",World Bank Climate Change Knowledge Portal (CMIP6-x0.25),,1995-2014,SSP2-4.5,Mean temperature
CHE,Switzerland,6.867251536912765,centre_cell_mask_coslat_area_weighted,tas,ssp245,2040-2059,median,climatology,degC,ensemble of Daily Near-Surface Air Temperature,50.0,"access-cm2,access-esm1-5,bcc-csm2-mr,canesm5,cmcc-esm2,cnrm-cm6-1,cnrm-esm2-1,ec-earth3,ec-earth3-veg-lr,fgoals-g3,gfdl-cm4,gfdl-esm4,giss-e2-1-g,hadgem3-gc31-ll,inm-cm4-8,inm-cm5-0,ipsl-cm6a-lr,kace-1-0-g,miroc6,miroc-es2l,mpi-esm1-2-hr,mpi-esm1-2-lr,mri-esm2-0,nesm3,noresm2-lm,noresm2-mm,ukesm1-0-ll",World Bank Climate Change Knowledge Portal (CMIP6-x0.25),,,SSP2-4.5,Mean temperature
CHL,Chile,4.1447823252360525,centre_cell_mask_coslat_area_weighted,hd30,ssp245,2040-2059,median,climatology,days,annual climatology of ensemble of hd30: hot days with 30 degC and higher,50.0,"access-cm2,access-esm1-5,bcc-csm2-mr,canesm5,cmcc-esm2,cnrm-cm6-1,cnrm-esm2-1,ec-earth3,ec-earth3-veg-lr,fgoals-g3,gfdl-cm4,gfdl-esm4,giss-e2-1-g,hadgem3-gc31-ll,inm-cm4-8,inm-cm5-0,ipsl-cm6a-lr,kace-1-0-g,kiost-esm,miroc6,miroc-es2l,mpi-esm1-2-hr,mpi-esm1-2-lr,mri-esm2-0,nesm3,noresm2-lm,noresm2-mm,ukesm1-0-ll",World Bank Climate Change Knowledge Portal (CMIP6-x0.25),,,SSP2-4.5,Hot days above 30°C
CHL,Chile,1.2117650373731936,centre_cell_mask_coslat_area_weighted,tas,ssp245,2040-2059,median,anomaly,degC,ensemble of anomaly of Daily Near-Surface Air Temperature with reference period 1995-2014,50.0,"access-cm2,access-esm1-5,bcc-csm2-mr,canesm5,cmcc-esm2,cnrm-cm6-1,cnrm-esm2-1,ec-earth3,ec-earth3-veg-lr,fgoals-g3,gfdl-cm4,gfdl-esm4,giss-e2-1-g,hadgem3-gc31-ll,inm-cm4-8,inm-cm5-0,ipsl-cm6a-lr,kace-1-0-g,miroc6,miroc-es2l,mpi-esm1-2-hr,mpi-esm1-2-lr,mri-esm2-0,nesm3,noresm2-lm,noresm2-mm,ukesm1-0-ll",World Bank Climate Change Knowledge Portal (CMIP6-x0.25),,1995-2014,SSP2-4.5,Mean temperature
CHL,Chile,10.318910587767077,centre_cell_mask_coslat_area_weighted,tas,ssp245,2040-2059,median,climatology,degC,ensemble of Daily Near-Surface Air Temperature,50.0,"access-cm2,access-esm1-5,bcc-csm2-mr,canesm5,cmcc-esm2,cnrm-cm6-1,cnrm-esm2-1,ec-earth3,ec-earth3-veg-lr,fgoals-g3,gfdl-cm4,gfdl-esm4,giss-e2-1-g,hadgem3-gc31-ll,inm-cm4-8,inm-cm5-0,ipsl-cm6a-lr,kace-1-0-g,miroc6,miroc-es2l,mpi-esm1-2-hr,mpi-esm1-2-lr,mri-esm2-0,nesm3,noresm2-lm,noresm2-mm,ukesm1-0-ll",World Bank Climate Change Knowledge Portal (CMIP6-x0.25),,,SSP2-4.5,Mean temperature
CHN,China,46.169779562395505,centre_cell_mask_coslat_area_weighted,hd30,ssp245,2040-2059,median,climatology,days,annual climatology of ensemble of hd30: hot days with 30 degC and higher,50.0,"access-cm2,access-esm1-5,bcc-csm2-mr,canesm5,cmcc-esm2,cnrm-cm6-1,cnrm-esm2-1,ec-earth3,ec-earth3-veg-lr,fgoals-g3,gfdl-cm4,gfdl-esm4,giss-e2-1-g,hadgem3-gc31-ll,inm-cm4-8,inm-cm5-0,ipsl-cm6a-lr,kace-1-0-g,kiost-esm,miroc6,miroc-es2l,mpi-esm1-2-hr,mpi-esm1-2-lr,mri-esm2-0,nesm3,noresm2-lm,noresm2-mm,ukesm1-0-ll",World Bank Climate Change Knowledge Portal (CMIP6-x0.25),,,SSP2-4.5,Hot days above 30°C
CHN,China,1.8070883482476503,centre_cell_mask_coslat_area_weighted,tas,ssp245,2040-2059,median,anomaly,degC,ensemble of anomaly of Daily Near-Surface Air Temperature with reference period 1995-2014,50.0,"access-cm2,access-esm1-5,bcc-csm2-mr,canesm5,cmcc-esm2,cnrm-cm6-1,cnrm-esm2-1,ec-earth3,ec-earth3-veg-lr,fgoals-g3,gfdl-cm4,gfdl-esm4,giss-e2-1-g,hadgem3-gc31-ll,inm-cm4-8,inm-cm5-0,ipsl-cm6a-lr,kace-1-0-g,miroc6,miroc-es2l,mpi-esm1-2-hr,mpi-esm1-2-lr,mri-esm2-0,nesm3,noresm2-lm,noresm2-mm,ukesm1-0-ll",World Bank Climate Change Knowledge Portal (CMIP6-x0.25),,1995-2014,SSP2-4.5,Mean temperature
CHN,China,8.871565987357979,centre_cell_mask_coslat_area_weighted,tas,ssp245,2040-2059,median,climatology,degC,ensemble of Daily Near-Surface Air Temperature,50.0,"access-cm2,access-esm1-5,bcc-csm2-mr,canesm5,cmcc-esm2,cnrm-cm6-1,cnrm-esm2-1,ec-earth3,ec-earth3-veg-lr,fgoals-g3,gfdl-cm4,gfdl-esm4,giss-e2-1-g,hadgem3-gc31-ll,inm-cm4-8,inm-cm5-0,ipsl-cm6a-lr,kace-1-0-g,miroc6,miroc-es2l,mpi-esm1-2-hr,mpi-esm1-2-lr,mri-esm2-0,nesm3,noresm2-lm,noresm2-mm,ukesm1-0-ll",World Bank Climate Change Knowledge Portal (CMIP6-x0.25),,,SSP2-4.5,Mean temperature
CIV,Côte d'Ivoire,296.1621781621452,centre_cell_mask_coslat_area_weighted,hd30,ssp245,2040-2059,median,climatology,days,annual climatology of ensemble of hd30: hot days with 30 degC and higher,50.0,"access-cm2,access-esm1-5,bcc-csm2-mr,canesm5,cmcc-esm2,cnrm-cm6-1,cnrm-esm2-1,ec-earth3,ec-earth3-veg-lr,fgoals-g3,gfdl-cm4,gfdl-esm4,giss-e2-1-g,hadgem3-gc31-ll,inm-cm4-8,inm-cm5-0,ipsl-cm6a-lr,kace-1-0-g,kiost-esm,miroc6,miroc-es2l,mpi-esm1-2-hr,mpi-esm1-2-lr,mri-esm2-0,nesm3,noresm2-lm,noresm2-mm,ukesm1-0-ll",World Bank Climate Change Knowledge Portal (CMIP6-x0.25),,,SSP2-4.5,Hot days above 30°C
CIV,Côte d'Ivoire,1.278355451343906,centre_cell_mask_coslat_area_weighted,tas,ssp245,2040-2059,median,anomaly,degC,ensemble of anomaly of Daily Near-Surface Air Temperature with reference period 1995-2014,50.0,"access-cm2,access-esm1-5,bcc-csm2-mr,canesm5,cmcc-esm2,cnrm-cm6-1,cnrm-esm2-1,ec-earth3,ec-earth3-veg-lr,fgoals-g3,gfdl-cm4,gfdl-esm4,giss-e2-1-g,hadgem3-gc31-ll,inm-cm4-8,inm-cm5-0,ipsl-cm6a-lr,kace-1-0-g,miroc6,miroc-es2l,mpi-esm1-2-hr,mpi-esm1-2-lr,mri-esm2-0,nesm3,noresm2-lm,noresm2-mm,ukesm1-0-ll",World Bank Climate Change Knowledge Portal (CMIP6-x0.25),,1995-2014,SSP2-4.5,Mean temperature
CIV,Côte d'Ivoire,28.06903934783654,centre_cell_mask_coslat_area_weighted,tas,ssp245,2040-2059,median,climatology,degC,ensemble of Daily Near-Surface Air Temperature,50.0,"access-cm2,access-esm1-5,bcc-csm2-mr,canesm5,cmcc-esm2,cnrm-cm6-1,cnrm-esm2-1,ec-earth3,ec-earth3-veg-lr,fgoals-g3,gfdl-cm4,gfdl-esm4,giss-e2-1-g,hadgem3-gc31-ll,inm-cm4-8,inm-cm5-0,ipsl-cm6a-lr,kace-1-0-g,miroc6,miroc-es2l,mpi-esm1-2-hr,mpi-esm1-2-lr,mri-esm2-0,nesm3,noresm2-lm,noresm2-mm,ukesm1-0-ll",World Bank Climate Change Knowledge Portal (CMIP6-x0.25),,,SSP2-4.5,Mean temperature
CMR,Cameroon,200.41621476896748,centre_cell_mask_coslat_area_weighted,hd30,ssp245,2040-2059,median,climatology,days,annual climatology of ensemble of hd30: hot days with 30 degC and higher,50.0,"access-cm2,access-esm1-5,bcc-csm2-mr,canesm5,cmcc-esm2,cnrm-cm6-1,cnrm-esm2-1,ec-earth3,ec-earth3-veg-lr,fgoals-g3,gfdl-cm4,gfdl-esm4,giss-e2-1-g,hadgem3-gc31-ll,inm-cm4-8,inm-cm5-0,ipsl-cm6a-lr,kace-1-0-g,kiost-esm,miroc6,miroc-es2l,mpi-esm1-2-hr,mpi-esm1-2-lr,mri-esm2-0,nesm3,noresm2-lm,noresm2-mm,ukesm1-0-ll",World Bank Climate Change Knowledge Portal (CMIP6-x0.25),,,SSP2-4.5,Hot days above 30°C
CMR,Cameroon,1.2140966912771995,centre_cell_mask_coslat_area_weighted,tas,ssp245,2040-2059,median,anomaly,degC,ensemble of anomaly of Daily Near-Surface Air Temperature with reference period 1995-2014,50.0,"access-cm2,access-esm1-5,bcc-csm2-mr,canesm5,cmcc-esm2,cnrm-cm6-1,cnrm-esm2-1,ec-earth3,ec-earth3-veg-lr,fgoals-g3,gfdl-cm4,gfdl-esm4,giss-e2-1-g,hadgem3-gc31-ll,inm-cm4-8,inm-cm5-0,ipsl-cm6a-lr,kace-1-0-g,miroc6,miroc-es2l,mpi-esm1-2-hr,mpi-esm1-2-lr,mri-esm2-0,nesm3,noresm2-lm,noresm2-mm,ukesm1-0-ll",World Bank Climate Change Knowledge Portal (CMIP6-x0.25),,1995-2014,SSP2-4.5,Mean temperature
CMR,Cameroon,26.28711499170816,centre_cell_mask_coslat_area_weighted,tas,ssp245,2040-2059,median,climatology,degC,ensemble of Daily Near-Surface Air Temperature,50.0,"access-cm2,access-esm1-5,bcc-csm2-mr,canesm5,cmcc-esm2,cnrm-cm6-1,cnrm-esm2-1,ec-earth3,ec-earth3-veg-lr,fgoals-g3,gfdl-cm4,gfdl-esm4,giss-e2-1-g,hadgem3-gc31-ll,inm-cm4-8,inm-cm5-0,ipsl-cm6a-lr,kace-1-0-g,miroc6,miroc-es2l,mpi-esm1-2-hr,mpi-esm1-2-lr,mri-esm2-0,nesm3,noresm2-lm,noresm2-mm,ukesm1-0-ll",World Bank Climate Change Knowledge Portal (CMIP6-x0.25),,,SSP2-4.5,Mean temperature
COD,Democratic Republic of Congo,195.3904157938937,centre_cell_mask_coslat_area_weighted,hd30,ssp245,2040-2059,median,climatology,days,annual climatology of ensemble of hd30: hot days with 30 degC and higher,50.0,"access-cm2,access-esm1-5,bcc-csm2-mr,canesm5,cmcc-esm2,cnrm-cm6-1,cnrm-esm2-1,ec-earth3,ec-earth3-veg-lr,fgoals-g3,gfdl-cm4,gfdl-esm4,giss-e2-1-g,hadgem3-gc31-ll,inm-cm4-8,inm-cm5-0,ipsl-cm6a-lr,kace-1-0-g,kiost-esm,miroc6,miroc-es2l,mpi-esm1-2-hr,mpi-esm1-2-lr,mri-esm2-0,nesm3,noresm2-lm,noresm2-mm,ukesm1-0-ll",World Bank Climate Change Knowledge Portal (CMIP6-x0.25),,,SSP2-4.5,Hot days above 30°C
COD,Democratic Republic of Congo,1.2222988302955664,centre_cell_mask_coslat_area_weighted,tas,ssp245,2040-2059,median,anomaly,degC,ensemble of anomaly of Daily Near-Surface Air Temperature with reference period 1995-2014,50.0,"access-cm2,access-esm1-5,bcc-csm2-mr,canesm5,cmcc-esm2,cnrm-cm6-1,cnrm-esm2-1,ec-earth3,ec-earth3-veg-lr,fgoals-g3,gfdl-cm4,gfdl-esm4,giss-e2-1-g,hadgem3-gc31-ll,inm-cm4-8,inm-cm5-0,ipsl-cm6a-lr,kace-1-0-g,miroc6,miroc-es2l,mpi-esm1-2-hr,mpi-esm1-2-lr,mri-esm2-0,nesm3,noresm2-lm,noresm2-mm,ukesm1-0-ll",World Bank Climate Change Knowledge Portal (CMIP6-x0.25),,1995-2014,SSP2-4.5,Mean temperature
COD,Democratic Republic of Congo,25.863708626895395,centre_cell_mask_coslat_area_weighted,tas,ssp245,2040-2059,median,climatology,degC,ensemble of Daily Near-Surface Air Temperature,50.0,"access-cm2,access-esm1-5,bcc-csm2-mr,canesm5,cmcc-esm2,cnrm-cm6-1,cnrm-esm2-1,ec-earth3,ec-earth3-veg-lr,fgoals-g3,gfdl-cm4,gfdl-esm4,giss-e2-1-g,hadgem3-gc31-ll,inm-cm4-8,inm-cm5-0,ipsl-cm6a-lr,kace-1-0-g,miroc6,miroc-es2l,mpi-esm1-2-hr,mpi-esm1-2-lr,mri-esm2-0,nesm3,noresm2-lm,noresm2-mm,ukesm1-0-ll",World Bank Climate Change Knowledge Portal (CMIP6-x0.25),,,SSP2-4.5,Mean temperature
COG,Congo,215.2109493541775,centre_cell_mask_coslat_area_weighted,hd30,ssp245,2040-2059,median,climatology,days,annual climatology of ensemble of hd30: hot days with 30 degC and higher,50.0,"access-cm2,access-esm1-5,bcc-csm2-mr,canesm5,cmcc-esm2,cnrm-cm6-1,cnrm-esm2-1,ec-earth3,ec-earth3-veg-lr,fgoals-g3,gfdl-cm4,gfdl-esm4,giss-e2-1-g,hadgem3-gc31-ll,inm-cm4-8,inm-cm5-0,ipsl-cm6a-lr,kace-1-0-g,kiost-esm,miroc6,miroc-es2l,mpi-esm1-2-hr,mpi-esm1-2-lr,mri-esm2-0,nesm3,noresm2-lm,noresm2-mm,ukesm1-0-ll",World Bank Climate Change Knowledge Portal (CMIP6-x0.25),,,SSP2-4.5,Hot days above 30°C
COG,Congo,1.1379314637297835,centre_cell_mask_coslat_area_weighted,tas,ssp245,2040-2059,median,anomaly,degC,ensemble of anomaly of Daily Near-Surface Air Temperature with reference period 1995-2014,50.0,"access-cm2,access-esm1-5,bcc-csm2-mr,canesm5,cmcc-esm2,cnrm-cm6-1,cnrm-esm2-1,ec-earth3,ec-earth3-veg-lr,fgoals-g3,gfdl-cm4,gfdl-esm4,giss-e2-1-g,hadgem3-gc31-ll,inm-cm4-8,inm-cm5-0,ipsl-cm6a-lr,kace-1-0-g,miroc6,miroc-es2l,mpi-esm1-2-hr,mpi-esm1-2-lr,mri-esm2-0,nesm3,noresm2-lm,noresm2-mm,ukesm1-0-ll",World Bank Climate Change Knowledge Portal (CMIP6-x0.25),,1995-2014,SSP2-4.5,Mean temperature
COG,Congo,26.491895763349895,centre_cell_mask_coslat_area_weighted,tas,ssp245,2040-2059,median,climatology,degC,ensemble of Daily Near-Surface Air Temperature,50.0,"access-cm2,access-esm1-5,bcc-csm2-mr,canesm5,cmcc-esm2,cnrm-cm6-1,cnrm-esm2-1,ec-earth3,ec-earth3-veg-lr,fgoals-g3,gfdl-cm4,gfdl-esm4,giss-e2-1-g,hadgem3-gc31-ll,inm-cm4-8,inm-cm5-0,ipsl-cm6a-lr,kace-1-0-g,miroc6,miroc-es2l,mpi-esm1-2-hr,mpi-esm1-2-lr,mri-esm2-0,nesm3,noresm2-lm,noresm2-mm,ukesm1-0-ll",World Bank Climate Change Knowledge Portal (CMIP6-x0.25),,,SSP2-4.5,Mean temperature
COK,Cook Islands (N.Z.),0.0,centre_cell_mask_coslat_area_weighted,hd30,ssp245,2040-2059,median,climatology,days,annual climatology of ensemble of hd30: hot days with 30 degC and higher,50.0,"access-cm2,access-esm1-5,bcc-csm2-mr,canesm5,cmcc-esm2,cnrm-cm6-1,cnrm-esm2-1,ec-earth3,ec-earth3-veg-lr,fgoals-g3,gfdl-cm4,gfdl-esm4,giss-e2-1-g,hadgem3-gc31-ll,inm-cm4-8,inm-cm5-0,ipsl-cm6a-lr,kace-1-0-g,kiost-esm,miroc6,miroc-es2l,mpi-esm1-2-hr,mpi-esm1-2-lr,mri-esm2-0,nesm3,noresm2-lm,noresm2-mm,ukesm1-0-ll",World Bank Climate Change Knowledge Portal (CMIP6-x0.25),,,SSP2-4.5,Hot days above 30°C
COK,Cook Islands (N.Z.),0.7620000243186951,centre_cell_mask_coslat_area_weighted,tas,ssp245,2040-2059,median,anomaly,degC,ensemble of anomaly of Daily Near-Surface Air Temperature with reference period 1995-2014,50.0,"access-cm2,access-esm1-5,bcc-csm2-mr,canesm5,cmcc-esm2,cnrm-cm6-1,cnrm-esm2-1,ec-earth3,ec-earth3-veg-lr,fgoals-g3,gfdl-cm4,gfdl-esm4,giss-e2-1-g,hadgem3-gc31-ll,inm-cm4-8,inm-cm5-0,ipsl-cm6a-lr,kace-1-0-g,miroc6,miroc-es2l,mpi-esm1-2-hr,mpi-esm1-2-lr,mri-esm2-0,nesm3,noresm2-lm,noresm2-mm,ukesm1-0-ll",World Bank Climate Change Knowledge Portal (CMIP6-x0.25),,1995-2014,SSP2-4.5,Mean temperature
COK,Cook Islands (N.Z.),25.106000900268555,centre_cell_mask_coslat_area_weighted,tas,ssp245,2040-2059,median,climatology,degC,ensemble of Daily Near-Surface Air Temperature,50.0,"access-cm2,access-esm1-5,bcc-csm2-mr,canesm5,cmcc-esm2,cnrm-cm6-1,cnrm-esm2-1,ec-earth3,ec-earth3-veg-lr,fgoals-g3,gfdl-cm4,gfdl-esm4,giss-e2-1-g,hadgem3-gc31-ll,inm-cm4-8,inm-cm5-0,ipsl-cm6a-lr,kace-1-0-g,miroc6,miroc-es2l,mpi-esm1-2-hr,mpi-esm1-2-lr,mri-esm2-0,nesm3,noresm2-lm,noresm2-mm,ukesm1-0-ll",World Bank Climate Change Knowledge Portal (CMIP6-x0.25),,,SSP2-4.5,Mean temperature
COL,Colombia,201.02178149883892,centre_cell_mask_coslat_area_weighted,hd30,ssp245,2040-2059,median,climatology,days,annual climatology of ensemble of hd30: hot days with 30 degC and higher,50.0,"access-cm2,access-esm1-5,bcc-csm2-mr,canesm5,cmcc-esm2,cnrm-cm6-1,cnrm-esm2-1,ec-earth3,ec-earth3-veg-lr,fgoals-g3,gfdl-cm4,gfdl-esm4,giss-e2-1-g,hadgem3-gc31-ll,inm-cm4-8,inm-cm5-0,ipsl-cm6a-lr,kace-1-0-g,kiost-esm,miroc6,miroc-es2l,mpi-esm1-2-hr,mpi-esm1-2-lr,mri-esm2-0,nesm3,noresm2-lm,noresm2-mm,ukesm1-0-ll",World Bank Climate Change Knowledge Portal (CMIP6-x0.25),,,SSP2-4.5,Hot days above 30°C
COL,Colombia,1.2756893432066785,centre_cell_mask_coslat_area_weighted,tas,ssp245,2040-2059,median,anomaly,degC,ensemble of anomaly of Daily Near-Surface Air Temperature with reference period 1995-2014,50.0,"access-cm2,access-esm1-5,bcc-csm2-mr,canesm5,cmcc-esm2,cnrm-cm6-1,cnrm-esm2-1,ec-earth3,ec-earth3-veg-lr,fgoals-g3,gfdl-cm4,gfdl-esm4,giss-e2-1-g,hadgem3-gc31-ll,inm-cm4-8,inm-cm5-0,ipsl-cm6a-lr,kace-1-0-g,miroc6,miroc-es2l,mpi-esm1-2-hr,mpi-esm1-2-lr,mri-esm2-0,nesm3,noresm2-lm,noresm2-mm,ukesm1-0-ll",World Bank Climate Change Knowledge Portal (CMIP6-x0.25),,1995-2014,SSP2-4.5,Mean temperature
COL,Colombia,25.78244784170596,centre_cell_mask_coslat_area_weighted,tas,ssp245,2040-2059,median,climatology,degC,ensemble of Daily Near-Surface Air Temperature,50.0,"access-cm2,access-esm1-5,bcc-csm2-mr,canesm5,cmcc-esm2,cnrm-cm6-1,cnrm-esm2-1,ec-earth3,ec-earth3-veg-lr,fgoals-g3,gfdl-cm4,gfdl-esm4,giss-e2-1-g,hadgem3-gc31-ll,inm-cm4-8,inm-cm5-0,ipsl-cm6a-lr,kace-1-0-g,miroc6,miroc-es2l,mpi-esm1-2-hr,mpi-esm1-2-lr,mri-esm2-0,nesm3,noresm2-lm,noresm2-mm,ukesm1-0-ll",World Bank Climate Change Knowledge Portal (CMIP6-x0.25),,,SSP2-4.5,Mean temperature
COM,Comoros,41.38658306615697,centre_cell_mask_coslat_area_weighted,hd30,ssp245,2040-2059,median,climatology,days,annual climatology of ensemble of hd30: hot days with 30 degC and higher,50.0,"access-cm2,access-esm1-5,bcc-csm2-mr,canesm5,cmcc-esm2,cnrm-cm6-1,cnrm-esm2-1,ec-earth3,ec-earth3-veg-lr,fgoals-g3,gfdl-cm4,gfdl-esm4,giss-e2-1-g,hadgem3-gc31-ll,inm-cm4-8,inm-cm5-0,ipsl-cm6a-lr,kace-1-0-g,kiost-esm,miroc6,miroc-es2l,mpi-esm1-2-hr,mpi-esm1-2-lr,mri-esm2-0,nesm3,noresm2-lm,noresm2-mm,ukesm1-0-ll",World Bank Climate Change Knowledge Portal (CMIP6-x0.25),,,SSP2-4.5,Hot days above 30°C
COM,Comoros,0.9815051007748515,centre_cell_mask_coslat_area_weighted,tas,ssp245,2040-2059,median,anomaly,degC,ensemble of anomaly of Daily Near-Surface Air Temperature with reference period 1995-2014,50.0,"access-cm2,access-esm1-5,bcc-csm2-mr,canesm5,cmcc-esm2,cnrm-cm6-1,cnrm-esm2-1,ec-earth3,ec-earth3-veg-lr,fgoals-g3,gfdl-cm4,gfdl-esm4,giss-e2-1-g,hadgem3-gc31-ll,inm-cm4-8,inm-cm5-0,ipsl-cm6a-lr,kace-1-0-g,miroc6,miroc-es2l,mpi-esm1-2-hr,mpi-esm1-2-lr,mri-esm2-0,nesm3,noresm2-lm,noresm2-mm,ukesm1-0-ll",World Bank Climate Change Knowledge Portal (CMIP6-x0.25),,1995-2014,SSP2-4.5,Mean temperature
COM,Comoros,26.154554552264305,centre_cell_mask_coslat_area_weighted,tas,ssp245,2040-2059,median,climatology,degC,ensemble of Daily Near-Surface Air Temperature,50.0,"access-cm2,access-esm1-5,bcc-csm2-mr,canesm5,cmcc-esm2,cnrm-cm6-1,cnrm-esm2-1,ec-earth3,ec-earth3-veg-lr,fgoals-g3,gfdl-cm4,gfdl-esm4,giss-e2-1-g,hadgem3-gc31-ll,inm-cm4-8,inm-cm5-0,ipsl-cm6a-lr,kace-1-0-g,miroc6,miroc-es2l,mpi-esm1-2-hr,mpi-esm1-2-lr,mri-esm2-0,nesm3,noresm2-lm,noresm2-mm,ukesm1-0-ll",World Bank Climate Change Knowledge Portal (CMIP6-x0.25),,,SSP2-4.5,Mean temperature
CPV,Cabo Verde,2.1607609487843753,centre_cell_mask_coslat_area_weighted,hd30,ssp245,2040-2059,median,climatology,days,annual climatology of ensemble of hd30: hot days with 30 degC and higher,50.0,"access-cm2,access-esm1-5,bcc-csm2-mr,canesm5,cmcc-esm2,cnrm-cm6-1,cnrm-esm2-1,ec-earth3,ec-earth3-veg-lr,fgoals-g3,gfdl-cm4,gfdl-esm4,giss-e2-1-g,hadgem3-gc31-ll,inm-cm4-8,inm-cm5-0,ipsl-cm6a-lr,kace-1-0-g,kiost-esm,miroc6,miroc-es2l,mpi-esm1-2-hr,mpi-esm1-2-lr,mri-esm2-0,nesm3,noresm2-lm,noresm2-mm,ukesm1-0-ll",World Bank Climate Change Knowledge Portal (CMIP6-x0.25),,,SSP2-4.5,Hot days above 30°C
CPV,Cabo Verde,0.9287277313136334,centre_cell_mask_coslat_area_weighted,tas,ssp245,2040-2059,median,anomaly,degC,ensemble of anomaly of Daily Near-Surface Air Temperature with reference period 1995-2014,50.0,"access-cm2,access-esm1-5,bcc-csm2-mr,canesm5,cmcc-esm2,cnrm-cm6-1,cnrm-esm2-1,ec-earth3,ec-earth3-veg-lr,fgoals-g3,gfdl-cm4,gfdl-esm4,giss-e2-1-g,hadgem3-gc31-ll,inm-cm4-8,inm-cm5-0,ipsl-cm6a-lr,kace-1-0-g,miroc6,miroc-es2l,mpi-esm1-2-hr,mpi-esm1-2-lr,mri-esm2-0,nesm3,noresm2-lm,noresm2-mm,ukesm1-0-ll",World Bank Climate Change Knowledge Portal (CMIP6-x0.25),,1995-2014,SSP2-4.5,Mean temperature
CPV,Cabo Verde,23.631203102713904,centre_cell_mask_coslat_area_weighted,tas,ssp245,2040-2059,median,climatology,degC,ensemble of Daily Near-Surface Air Temperature,50.0,"access-cm2,access-esm1-5,bcc-csm2-mr,canesm5,cmcc-esm2,cnrm-cm6-1,cnrm-esm2-1,ec-earth3,ec-earth3-veg-lr,fgoals-g3,gfdl-cm4,gfdl-esm4,giss-e2-1-g,hadgem3-gc31-ll,inm-cm4-8,inm-cm5-0,ipsl-cm6a-lr,kace-1-0-g,miroc6,miroc-es2l,mpi-esm1-2-hr,mpi-esm1-2-lr,mri-esm2-0,nesm3,noresm2-lm,noresm2-mm,ukesm1-0-ll",World Bank Climate Change Knowledge Portal (CMIP6-x0.25),,,SSP2-4.5,Mean temperature
CRI,Costa Rica,96.50389729550994,centre_cell_mask_coslat_area_weighted,hd30,ssp245,2040-2059,median,climatology,days,annual climatology of ensemble of hd30: hot days with 30 degC and higher,50.0,"access-cm2,access-esm1-5,bcc-csm2-mr,canesm5,cmcc-esm2,cnrm-cm6-1,cnrm-esm2-1,ec-earth3,ec-earth3-veg-lr,fgoals-g3,gfdl-cm4,gfdl-esm4,giss-e2-1-g,hadgem3-gc31-ll,inm-cm4-8,inm-cm5-0,ipsl-cm6a-lr,kace-1-0-g,kiost-esm,miroc6,miroc-es2l,mpi-esm1-2-hr,mpi-esm1-2-lr,mri-esm2-0,nesm3,noresm2-lm,noresm2-mm,ukesm1-0-ll",World Bank Climate Change Knowledge Portal (CMIP6-x0.25),,,SSP2-4.5,Hot days above 30°C
CRI,Costa Rica,1.2156407196946293,centre_cell_mask_coslat_area_weighted,tas,ssp245,2040-2059,median,anomaly,degC,ensemble of anomaly of Daily Near-Surface Air Temperature with reference period 1995-2014,50.0,"access-cm2,access-esm1-5,bcc-csm2-mr,canesm5,cmcc-esm2,cnrm-cm6-1,cnrm-esm2-1,ec-earth3,ec-earth3-veg-lr,fgoals-g3,gfdl-cm4,gfdl-esm4,giss-e2-1-g,hadgem3-gc31-ll,inm-cm4-8,inm-cm5-0,ipsl-cm6a-lr,kace-1-0-g,miroc6,miroc-es2l,mpi-esm1-2-hr,mpi-esm1-2-lr,mri-esm2-0,nesm3,noresm2-lm,noresm2-mm,ukesm1-0-ll",World Bank Climate Change Knowledge Portal (CMIP6-x0.25),,1995-2014,SSP2-4.5,Mean temperature
CRI,Costa Rica,24.74953691985919,centre_cell_mask_coslat_area_weighted,tas,ssp245,2040-2059,median,climatology,degC,ensemble of Daily Near-Surface Air Temperature,50.0,"access-cm2,access-esm1-5,bcc-csm2-mr,canesm5,cmcc-esm2,cnrm-cm6-1,cnrm-esm2-1,ec-earth3,ec-earth3-veg-lr,fgoals-g3,gfdl-cm4,gfdl-esm4,giss-e2-1-g,hadgem3-gc31-ll,inm-cm4-8,inm-cm5-0,ipsl-cm6a-lr,kace-1-0-g,miroc6,miroc-es2l,mpi-esm1-2-hr,mpi-esm1-2-lr,mri-esm2-0,nesm3,noresm2-lm,noresm2-mm,ukesm1-0-ll",World Bank Climate Change Knowledge Portal (CMIP6-x0.25),,,SSP2-4.5,Mean temperature
CUB,Cuba,227.27315263939866,centre_cell_mask_coslat_area_weighted,hd30,ssp245,2040-2059,median,climatology,days,annual climatology of ensemble of hd30: hot days with 30 degC and higher,50.0,"access-cm2,access-esm1-5,bcc-csm2-mr,canesm5,cmcc-esm2,cnrm-cm6-1,cnrm-esm2-1,ec-earth3,ec-earth3-veg-lr,fgoals-g3,gfdl-cm4,gfdl-esm4,giss-e2-1-g,hadgem3-gc31-ll,inm-cm4-8,inm-cm5-0,ipsl-cm6a-lr,kace-1-0-g,kiost-esm,miroc6,miroc-es2l,mpi-esm1-2-hr,mpi-esm1-2-lr,mri-esm2-0,nesm3,noresm2-lm,noresm2-mm,ukesm1-0-ll",World Bank Climate Change Knowledge Portal (CMIP6-x0.25),,,SSP2-4.5,Hot days above 30°C
CUB,Cuba,1.2123076018784533,centre_cell_mask_coslat_area_weighted,tas,ssp245,2040-2059,median,anomaly,degC,ensemble of anomaly of Daily Near-Surface Air Temperature with reference period 1995-2014,50.0,"access-cm2,access-esm1-5,bcc-csm2-mr,canesm5,cmcc-esm2,cnrm-cm6-1,cnrm-esm2-1,ec-earth3,ec-earth3-veg-lr,fgoals-g3,gfdl-cm4,gfdl-esm4,giss-e2-1-g,hadgem3-gc31-ll,inm-cm4-8,inm-cm5-0,ipsl-cm6a-lr,kace-1-0-g,miroc6,miroc-es2l,mpi-esm1-2-hr,mpi-esm1-2-lr,mri-esm2-0,nesm3,noresm2-lm,noresm2-mm,ukesm1-0-ll",World Bank Climate Change Knowledge Portal (CMIP6-x0.25),,1995-2014,SSP2-4.5,Mean temperature
CUB,Cuba,27.144956642592128,centre_cell_mask_coslat_area_weighted,tas,ssp245,2040-2059,median,climatology,degC,ensemble of Daily Near-Surface Air Temperature,50.0,"access-cm2,access-esm1-5,bcc-csm2-mr,canesm5,cmcc-esm2,cnrm-cm6-1,cnrm-esm2-1,ec-earth3,ec-earth3-veg-lr,fgoals-g3,gfdl-cm4,gfdl-esm4,giss-e2-1-g,hadgem3-gc31-ll,inm-cm4-8,inm-cm5-0,ipsl-cm6a-lr,kace-1-0-g,miroc6,miroc-es2l,mpi-esm1-2-hr,mpi-esm1-2-lr,mri-esm2-0,nesm3,noresm2-lm,noresm2-mm,ukesm1-0-ll",World Bank Climate Change Knowledge Portal (CMIP6-x0.25),,,SSP2-4.5,Mean temperature
CUW,Curaçao (Neth.),5.729303161353394,fractional_overlap_equal_area,hd30,ssp245,2040-2059,median,climatology,days,annual climatology of ensemble of hd30: hot days with 30 degC and higher,50.0,"access-cm2,access-esm1-5,bcc-csm2-mr,canesm5,cmcc-esm2,cnrm-cm6-1,cnrm-esm2-1,ec-earth3,ec-earth3-veg-lr,fgoals-g3,gfdl-cm4,gfdl-esm4,giss-e2-1-g,hadgem3-gc31-ll,inm-cm4-8,inm-cm5-0,ipsl-cm6a-lr,kace-1-0-g,kiost-esm,miroc6,miroc-es2l,mpi-esm1-2-hr,mpi-esm1-2-lr,mri-esm2-0,nesm3,noresm2-lm,noresm2-mm,ukesm1-0-ll",World Bank Climate Change Knowledge Portal (CMIP6-x0.25),,,SSP2-4.5,Hot days above 30°C
CUW,Curaçao (Neth.),1.1203069994330634,fractional_overlap_equal_area,tas,ssp245,2040-2059,median,anomaly,degC,ensemble of anomaly of Daily Near-Surface Air Temperature with reference period 1995-2014,50.0,"access-cm2,access-esm1-5,bcc-csm2-mr,canesm5,cmcc-esm2,cnrm-cm6-1,cnrm-esm2-1,ec-earth3,ec-earth3-veg-lr,fgoals-g3,gfdl-cm4,gfdl-esm4,giss-e2-1-g,hadgem3-gc31-ll,inm-cm4-8,inm-cm5-0,ipsl-cm6a-lr,kace-1-0-g,miroc6,miroc-es2l,mpi-esm1-2-hr,mpi-esm1-2-lr,mri-esm2-0,nesm3,noresm2-lm,noresm2-mm,ukesm1-0-ll",World Bank Climate Change Knowledge Portal (CMIP6-x0.25),,1995-2014,SSP2-4.5,Mean temperature
CUW,Curaçao (Neth.),27.699137650312757,fractional_overlap_equal_area,tas,ssp245,2040-2059,median,climatology,degC,ensemble of Daily Near-Surface Air Temperature,50.0,"access-cm2,access-esm1-5,bcc-csm2-mr,canesm5,cmcc-esm2,cnrm-cm6-1,cnrm-esm2-1,ec-earth3,ec-earth3-veg-lr,fgoals-g3,gfdl-cm4,gfdl-esm4,giss-e2-1-g,hadgem3-gc31-ll,inm-cm4-8,inm-cm5-0,ipsl-cm6a-lr,kace-1-0-g,miroc6,miroc-es2l,mpi-esm1-2-hr,mpi-esm1-2-lr,mri-esm2-0,nesm3,noresm2-lm,noresm2-mm,ukesm1-0-ll",World Bank Climate Change Knowledge Portal (CMIP6-x0.25),,,SSP2-4.5,Mean temperature
CXR,Christmas Island (Aus.),1.7364738556687906,fractional_overlap_equal_area,hd30,ssp245,2040-2059,median,climatology,days,annual climatology of ensemble of hd30: hot days with 30 degC and higher,50.0,"access-cm2,access-esm1-5,bcc-csm2-mr,canesm5,cmcc-esm2,cnrm-cm6-1,cnrm-esm2-1,ec-earth3,ec-earth3-veg-lr,fgoals-g3,gfdl-cm4,gfdl-esm4,giss-e2-1-g,hadgem3-gc31-ll,inm-cm4-8,inm-cm5-0,ipsl-cm6a-lr,kace-1-0-g,kiost-esm,miroc6,miroc-es2l,mpi-esm1-2-hr,mpi-esm1-2-lr,mri-esm2-0,nesm3,noresm2-lm,noresm2-mm,ukesm1-0-ll",World Bank Climate Change Knowledge Portal (CMIP6-x0.25),,,SSP2-4.5,Hot days above 30°C
CXR,Christmas Island (Aus.),1.0043219172681723,fractional_overlap_equal_area,tas,ssp245,2040-2059,median,anomaly,degC,ensemble of anomaly of Daily Near-Surface Air Temperature with reference period 1995-2014,50.0,"access-cm2,access-esm1-5,bcc-csm2-mr,canesm5,cmcc-esm2,cnrm-cm6-1,cnrm-esm2-1,ec-earth3,ec-earth3-veg-lr,fgoals-g3,gfdl-cm4,gfdl-esm4,giss-e2-1-g,hadgem3-gc31-ll,inm-cm4-8,inm-cm5-0,ipsl-cm6a-lr,kace-1-0-g,miroc6,miroc-es2l,mpi-esm1-2-hr,mpi-esm1-2-lr,mri-esm2-0,nesm3,noresm2-lm,noresm2-mm,ukesm1-0-ll",World Bank Climate Change Knowledge Portal (CMIP6-x0.25),,1995-2014,SSP2-4.5,Mean temperature
CXR,Christmas Island (Aus.),27.41462962868342,fractional_overlap_equal_area,tas,ssp245,2040-2059,median,climatology,degC,ensemble of Daily Near-Surface Air Temperature,50.0,"access-cm2,access-esm1-5,bcc-csm2-mr,canesm5,cmcc-esm2,cnrm-cm6-1,cnrm-esm2-1,ec-earth3,ec-earth3-veg-lr,fgoals-g3,gfdl-cm4,gfdl-esm4,giss-e2-1-g,hadgem3-gc31-ll,inm-cm4-8,inm-cm5-0,ipsl-cm6a-lr,kace-1-0-g,miroc6,miroc-es2l,mpi-esm1-2-hr,mpi-esm1-2-lr,mri-esm2-0,nesm3,noresm2-lm,noresm2-mm,ukesm1-0-ll",World Bank Climate Change Knowledge Portal (CMIP6-x0.25),,,SSP2-4.5,Mean temperature
CYM,Cayman Islands (U.K.),78.6500015258789,centre_cell_mask_coslat_area_weighted,hd30,ssp245,2040-2059,median,climatology,days,annual climatology of ensemble of hd30: hot days with 30 degC and higher,50.0,"access-cm2,access-esm1-5,bcc-csm2-mr,canesm5,cmcc-esm2,cnrm-cm6-1,cnrm-esm2-1,ec-earth3,ec-earth3-veg-lr,fgoals-g3,gfdl-cm4,gfdl-esm4,giss-e2-1-g,hadgem3-gc31-ll,inm-cm4-8,inm-cm5-0,ipsl-cm6a-lr,kace-1-0-g,kiost-esm,miroc6,miroc-es2l,mpi-esm1-2-hr,mpi-esm1-2-lr,mri-esm2-0,nesm3,noresm2-lm,noresm2-mm,ukesm1-0-ll",World Bank Climate Change Knowledge Portal (CMIP6-x0.25),,,SSP2-4.5,Hot days above 30°C
CYM,Cayman Islands (U.K.),1.2050000429153442,centre_cell_mask_coslat_area_weighted,tas,ssp245,2040-2059,median,anomaly,degC,ensemble of anomaly of Daily Near-Surface Air Temperature with reference period 1995-2014,50.0,"access-cm2,access-esm1-5,bcc-csm2-mr,canesm5,cmcc-esm2,cnrm-cm6-1,cnrm-esm2-1,ec-earth3,ec-earth3-veg-lr,fgoals-g3,gfdl-cm4,gfdl-esm4,giss-e2-1-g,hadgem3-gc31-ll,inm-cm4-8,inm-cm5-0,ipsl-cm6a-lr,kace-1-0-g,miroc6,miroc-es2l,mpi-esm1-2-hr,mpi-esm1-2-lr,mri-esm2-0,nesm3,noresm2-lm,noresm2-mm,ukesm1-0-ll",World Bank Climate Change Knowledge Portal (CMIP6-x0.25),,1995-2014,SSP2-4.5,Mean temperature
CYM,Cayman Islands (U.K.),27.954999923706055,centre_cell_mask_coslat_area_weighted,tas,ssp245,2040-2059,median,climatology,degC,ensemble of Daily Near-Surface Air Temperature,50.0,"access-cm2,access-esm1-5,bcc-csm2-mr,canesm5,cmcc-esm2,cnrm-cm6-1,cnrm-esm2-1,ec-earth3,ec-earth3-veg-lr,fgoals-g3,gfdl-cm4,gfdl-esm4,giss-e2-1-g,hadgem3-gc31-ll,inm-cm4-8,inm-cm5-0,ipsl-cm6a-lr,kace-1-0-g,miroc6,miroc-es2l,mpi-esm1-2-hr,mpi-esm1-2-lr,mri-esm2-0,nesm3,noresm2-lm,noresm2-mm,ukesm1-0-ll",World Bank Climate Change Knowledge Portal (CMIP6-x0.25),,,SSP2-4.5,Mean temperature
CYP,CYPRUS,95.36167864457093,centre_cell_mask_coslat_area_weighted,hd30,ssp245,2040-2059,median,climatology,days,annual climatology of ensemble of hd30: hot days with 30 degC and higher,50.0,"access-cm2,access-esm1-5,bcc-csm2-mr,canesm5,cmcc-esm2,cnrm-cm6-1,cnrm-esm2-1,ec-earth3,ec-earth3-veg-lr,fgoals-g3,gfdl-cm4,gfdl-esm4,giss-e2-1-g,hadgem3-gc31-ll,inm-cm4-8,inm-cm5-0,ipsl-cm6a-lr,kace-1-0-g,kiost-esm,miroc6,miroc-es2l,mpi-esm1-2-hr,mpi-esm1-2-lr,mri-esm2-0,nesm3,noresm2-lm,noresm2-mm,ukesm1-0-ll",World Bank Climate Change Knowledge Portal (CMIP6-x0.25),,,SSP2-4.5,Hot days above 30°C
CYP,CYPRUS,1.4693557488734597,centre_cell_mask_coslat_area_weighted,tas,ssp245,2040-2059,median,anomaly,degC,ensemble of anomaly of Daily Near-Surface Air Temperature with reference period 1995-2014,50.0,"access-cm2,access-esm1-5,bcc-csm2-mr,canesm5,cmcc-esm2,cnrm-cm6-1,cnrm-esm2-1,ec-earth3,ec-earth3-veg-lr,fgoals-g3,gfdl-cm4,gfdl-esm4,giss-e2-1-g,hadgem3-gc31-ll,inm-cm4-8,inm-cm5-0,ipsl-cm6a-lr,kace-1-0-g,miroc6,miroc-es2l,mpi-esm1-2-hr,mpi-esm1-2-lr,mri-esm2-0,nesm3,noresm2-lm,noresm2-mm,ukesm1-0-ll",World Bank Climate Change Knowledge Portal (CMIP6-x0.25),,1995-2014,SSP2-4.5,Mean temperature
CYP,CYPRUS,21.086102040041432,centre_cell_mask_coslat_area_weighted,tas,ssp245,2040-2059,median,climatology,degC,ensemble of Daily Near-Surface Air Temperature,50.0,"access-cm2,access-esm1-5,bcc-csm2-mr,canesm5,cmcc-esm2,cnrm-cm6-1,cnrm-esm2-1,ec-earth3,ec-earth3-veg-lr,fgoals-g3,gfdl-cm4,gfdl-esm4,giss-e2-1-g,hadgem3-gc31-ll,inm-cm4-8,inm-cm5-0,ipsl-cm6a-lr,kace-1-0-g,miroc6,miroc-es2l,mpi-esm1-2-hr,mpi-esm1-2-lr,mri-esm2-0,nesm3,noresm2-lm,noresm2-mm,ukesm1-0-ll",World Bank Climate Change Knowledge Portal (CMIP6-x0.25),,,SSP2-4.5,Mean temperature
CZE,Czech Republic,12.33993755955529,centre_cell_mask_coslat_area_weighted,hd30,ssp245,2040-2059,median,climatology,days,annual climatology of ensemble of hd30: hot days with 30 degC and higher,50.0,"access-cm2,access-esm1-5,bcc-csm2-mr,canesm5,cmcc-esm2,cnrm-cm6-1,cnrm-esm2-1,ec-earth3,ec-earth3-veg-lr,fgoals-g3,gfdl-cm4,gfdl-esm4,giss-e2-1-g,hadgem3-gc31-ll,inm-cm4-8,inm-cm5-0,ipsl-cm6a-lr,kace-1-0-g,kiost-esm,miroc6,miroc-es2l,mpi-esm1-2-hr,mpi-esm1-2-lr,mri-esm2-0,nesm3,noresm2-lm,noresm2-mm,ukesm1-0-ll",World Bank Climate Change Knowledge Portal (CMIP6-x0.25),,,SSP2-4.5,Hot days above 30°C
CZE,Czech Republic,1.5785392514666687,centre_cell_mask_coslat_area_weighted,tas,ssp245,2040-2059,median,anomaly,degC,ensemble of anomaly of Daily Near-Surface Air Temperature with reference period 1995-2014,50.0,"access-cm2,access-esm1-5,bcc-csm2-mr,canesm5,cmcc-esm2,cnrm-cm6-1,cnrm-esm2-1,ec-earth3,ec-earth3-veg-lr,fgoals-g3,gfdl-cm4,gfdl-esm4,giss-e2-1-g,hadgem3-gc31-ll,inm-cm4-8,inm-cm5-0,ipsl-cm6a-lr,kace-1-0-g,miroc6,miroc-es2l,mpi-esm1-2-hr,mpi-esm1-2-lr,mri-esm2-0,nesm3,noresm2-lm,noresm2-mm,ukesm1-0-ll",World Bank Climate Change Knowledge Portal (CMIP6-x0.25),,1995-2014,SSP2-4.5,Mean temperature
CZE,Czech Republic,10.037657009524303,centre_cell_mask_coslat_area_weighted,tas,ssp245,2040-2059,median,climatology,degC,ensemble of Daily Near-Surface Air Temperature,50.0,"access-cm2,access-esm1-5,bcc-csm2-mr,canesm5,cmcc-esm2,cnrm-cm6-1,cnrm-esm2-1,ec-earth3,ec-earth3-veg-lr,fgoals-g3,gfdl-cm4,gfdl-esm4,giss-e2-1-g,hadgem3-gc31-ll,inm-cm4-8,inm-cm5-0,ipsl-cm6a-lr,kace-1-0-g,miroc6,miroc-es2l,mpi-esm1-2-hr,mpi-esm1-2-lr,mri-esm2-0,nesm3,noresm2-lm,noresm2-mm,ukesm1-0-ll",World Bank Climate Change Knowledge Portal (CMIP6-x0.25),,,SSP2-4.5,Mean temperature
DEU,Germany,10.349056077008797,centre_cell_mask_coslat_area_weighted,hd30,ssp245,2040-2059,median,climatology,days,annual climatology of ensemble of hd30: hot days with 30 degC and higher,50.0,"access-cm2,access-esm1-5,bcc-csm2-mr,canesm5,cmcc-esm2,cnrm-cm6-1,cnrm-esm2-1,ec-earth3,ec-earth3-veg-lr,fgoals-g3,gfdl-cm4,gfdl-esm4,giss-e2-1-g,hadgem3-gc31-ll,inm-cm4-8,inm-cm5-0,ipsl-cm6a-lr,kace-1-0-g,kiost-esm,miroc6,miroc-es2l,mpi-esm1-2-hr,mpi-esm1-2-lr,mri-esm2-0,nesm3,noresm2-lm,noresm2-mm,ukesm1-0-ll",World Bank Climate Change Knowledge Portal (CMIP6-x0.25),,,SSP2-4.5,Hot days above 30°C
DEU,Germany,1.365885186608766,centre_cell_mask_coslat_area_weighted,tas,ssp245,2040-2059,median,anomaly,degC,ensemble of anomaly of Daily Near-Surface Air Temperature with reference period 1995-2014,50.0,"access-cm2,access-esm1-5,bcc-csm2-mr,canesm5,cmcc-esm2,cnrm-cm6-1,cnrm-esm2-1,ec-earth3,ec-earth3-veg-lr,fgoals-g3,gfdl-cm4,gfdl-esm4,giss-e2-1-g,hadgem3-gc31-ll,inm-cm4-8,inm-cm5-0,ipsl-cm6a-lr,kace-1-0-g,miroc6,miroc-es2l,mpi-esm1-2-hr,mpi-esm1-2-lr,mri-esm2-0,nesm3,noresm2-lm,noresm2-mm,ukesm1-0-ll",World Bank Climate Change Knowledge Portal (CMIP6-x0.25),,1995-2014,SSP2-4.5,Mean temperature
DEU,Germany,10.70983558798475,centre_cell_mask_coslat_area_weighted,tas,ssp245,2040-2059,median,climatology,degC,ensemble of Daily Near-Surface Air Temperature,50.0,"access-cm2,access-esm1-5,bcc-csm2-mr,canesm5,cmcc-esm2,cnrm-cm6-1,cnrm-esm2-1,ec-earth3,ec-earth3-veg-lr,fgoals-g3,gfdl-cm4,gfdl-esm4,giss-e2-1-g,hadgem3-gc31-ll,inm-cm4-8,inm-cm5-0,ipsl-cm6a-lr,kace-1-0-g,miroc6,miroc-es2l,mpi-esm1-2-hr,mpi-esm1-2-lr,mri-esm2-0,nesm3,noresm2-lm,noresm2-mm,ukesm1-0-ll",World Bank Climate Change Knowledge Portal (CMIP6-x0.25),,,SSP2-4.5,Mean temperature
DJI,Djibouti,306.22065787428244,centre_cell_mask_coslat_area_weighted,hd30,ssp245,2040-2059,median,climatology,days,annual climatology of ensemble of hd30: hot days with 30 degC and higher,50.0,"access-cm2,access-esm1-5,bcc-csm2-mr,canesm5,cmcc-esm2,cnrm-cm6-1,cnrm-esm2-1,ec-earth3,ec-earth3-veg-lr,fgoals-g3,gfdl-cm4,gfdl-esm4,giss-e2-1-g,hadgem3-gc31-ll,inm-cm4-8,inm-cm5-0,ipsl-cm6a-lr,kace-1-0-g,kiost-esm,miroc6,miroc-es2l,mpi-esm1-2-hr,mpi-esm1-2-lr,mri-esm2-0,nesm3,noresm2-lm,noresm2-mm,ukesm1-0-ll",World Bank Climate Change Knowledge Portal (CMIP6-x0.25),,,SSP2-4.5,Hot days above 30°C
DJI,Djibouti,1.3162273772746167,centre_cell_mask_coslat_area_weighted,tas,ssp245,2040-2059,median,anomaly,degC,ensemble of anomaly of Daily Near-Surface Air Temperature with reference period 1995-2014,50.0,"access-cm2,access-esm1-5,bcc-csm2-mr,canesm5,cmcc-esm2,cnrm-cm6-1,cnrm-esm2-1,ec-earth3,ec-earth3-veg-lr,fgoals-g3,gfdl-cm4,gfdl-esm4,giss-e2-1-g,hadgem3-gc31-ll,inm-cm4-8,inm-cm5-0,ipsl-cm6a-lr,kace-1-0-g,miroc6,miroc-es2l,mpi-esm1-2-hr,mpi-esm1-2-lr,mri-esm2-0,nesm3,noresm2-lm,noresm2-mm,ukesm1-0-ll",World Bank Climate Change Knowledge Portal (CMIP6-x0.25),,1995-2014,SSP2-4.5,Mean temperature
DJI,Djibouti,30.09551256657664,centre_cell_mask_coslat_area_weighted,tas,ssp245,2040-2059,median,climatology,degC,ensemble of Daily Near-Surface Air Temperature,50.0,"access-cm2,access-esm1-5,bcc-csm2-mr,canesm5,cmcc-esm2,cnrm-cm6-1,cnrm-esm2-1,ec-earth3,ec-earth3-veg-lr,fgoals-g3,gfdl-cm4,gfdl-esm4,giss-e2-1-g,hadgem3-gc31-ll,inm-cm4-8,inm-cm5-0,ipsl-cm6a-lr,kace-1-0-g,miroc6,miroc-es2l,mpi-esm1-2-hr,mpi-esm1-2-lr,mri-esm2-0,nesm3,noresm2-lm,noresm2-mm,ukesm1-0-ll",World Bank Climate Change Knowledge Portal (CMIP6-x0.25),,,SSP2-4.5,Mean temperature
DMA,Dominica,0.003519206474273954,fractional_overlap_equal_area,hd30,ssp245,2040-2059,median,climatology,days,annual climatology of ensemble of hd30: hot days with 30 degC and higher,50.0,"access-cm2,access-esm1-5,bcc-csm2-mr,canesm5,cmcc-esm2,cnrm-cm6-1,cnrm-esm2-1,ec-earth3,ec-earth3-veg-lr,fgoals-g3,gfdl-cm4,gfdl-esm4,giss-e2-1-g,hadgem3-gc31-ll,inm-cm4-8,inm-cm5-0,ipsl-cm6a-lr,kace-1-0-g,kiost-esm,miroc6,miroc-es2l,mpi-esm1-2-hr,mpi-esm1-2-lr,mri-esm2-0,nesm3,noresm2-lm,noresm2-mm,ukesm1-0-ll",World Bank Climate Change Knowledge Portal (CMIP6-x0.25),,,SSP2-4.5,Hot days above 30°C
DMA,Dominica,1.040156816006682,fractional_overlap_equal_area,tas,ssp245,2040-2059,median,anomaly,degC,ensemble of anomaly of Daily Near-Surface Air Temperature with reference period 1995-2014,50.0,"access-cm2,access-esm1-5,bcc-csm2-mr,canesm5,cmcc-esm2,cnrm-cm6-1,cnrm-esm2-1,ec-earth3,ec-earth3-veg-lr,fgoals-g3,gfdl-cm4,gfdl-esm4,giss-e2-1-g,hadgem3-gc31-ll,inm-cm4-8,inm-cm5-0,ipsl-cm6a-lr,kace-1-0-g,miroc6,miroc-es2l,mpi-esm1-2-hr,mpi-esm1-2-lr,mri-esm2-0,nesm3,noresm2-lm,noresm2-mm,ukesm1-0-ll",World Bank Climate Change Knowledge Portal (CMIP6-x0.25),,1995-2014,SSP2-4.5,Mean temperature
DMA,Dominica,26.673004780831157,fractional_overlap_equal_area,tas,ssp245,2040-2059,median,climatology,degC,ensemble of Daily Near-Surface Air Temperature,50.0,"access-cm2,access-esm1-5,bcc-csm2-mr,canesm5,cmcc-esm2,cnrm-cm6-1,cnrm-esm2-1,ec-earth3,ec-earth3-veg-lr,fgoals-g3,gfdl-cm4,gfdl-esm4,giss-e2-1-g,hadgem3-gc31-ll,inm-cm4-8,inm-cm5-0,ipsl-cm6a-lr,kace-1-0-g,miroc6,miroc-es2l,mpi-esm1-2-hr,mpi-esm1-2-lr,mri-esm2-0,nesm3,noresm2-lm,noresm2-mm,ukesm1-0-ll",World Bank Climate Change Knowledge Portal (CMIP6-x0.25),,,SSP2-4.5,Mean temperature
DNK,Denmark,0.14922935688642566,centre_cell_mask_coslat_area_weighted,hd30,ssp245,2040-2059,median,climatology,days,annual climatology of ensemble of hd30: hot days with 30 degC and higher,50.0,"access-cm2,access-esm1-5,bcc-csm2-mr,canesm5,cmcc-esm2,cnrm-cm6-1,cnrm-esm2-1,ec-earth3,ec-earth3-veg-lr,fgoals-g3,gfdl-cm4,gfdl-esm4,giss-e2-1-g,hadgem3-gc31-ll,inm-cm4-8,inm-cm5-0,ipsl-cm6a-lr,kace-1-0-g,kiost-esm,miroc6,miroc-es2l,mpi-esm1-2-hr,mpi-esm1-2-lr,mri-esm2-0,nesm3,noresm2-lm,noresm2-mm,ukesm1-0-ll",World Bank Climate Change Knowledge Portal (CMIP6-x0.25),,,SSP2-4.5,Hot days above 30°C
DNK,Denmark,1.226899049458659,centre_cell_mask_coslat_area_weighted,tas,ssp245,2040-2059,median,anomaly,degC,ensemble of anomaly of Daily Near-Surface Air Temperature with reference period 1995-2014,50.0,"access-cm2,access-esm1-5,bcc-csm2-mr,canesm5,cmcc-esm2,cnrm-cm6-1,cnrm-esm2-1,ec-earth3,ec-earth3-veg-lr,fgoals-g3,gfdl-cm4,gfdl-esm4,giss-e2-1-g,hadgem3-gc31-ll,inm-cm4-8,inm-cm5-0,ipsl-cm6a-lr,kace-1-0-g,miroc6,miroc-es2l,mpi-esm1-2-hr,mpi-esm1-2-lr,mri-esm2-0,nesm3,noresm2-lm,noresm2-mm,ukesm1-0-ll",World Bank Climate Change Knowledge Portal (CMIP6-x0.25),,1995-2014,SSP2-4.5,Mean temperature
DNK,Denmark,10.063805337840279,centre_cell_mask_coslat_area_weighted,tas,ssp245,2040-2059,median,climatology,degC,ensemble of Daily Near-Surface Air Temperature,50.0,"access-cm2,access-esm1-5,bcc-csm2-mr,canesm5,cmcc-esm2,cnrm-cm6-1,cnrm-esm2-1,ec-earth3,ec-earth3-veg-lr,fgoals-g3,gfdl-cm4,gfdl-esm4,giss-e2-1-g,hadgem3-gc31-ll,inm-cm4-8,inm-cm5-0,ipsl-cm6a-lr,kace-1-0-g,miroc6,miroc-es2l,mpi-esm1-2-hr,mpi-esm1-2-lr,mri-esm2-0,nesm3,noresm2-lm,noresm2-mm,ukesm1-0-ll",World Bank Climate Change Knowledge Portal (CMIP6-x0.25),,,SSP2-4.5,Mean temperature
DOM,Dominican Republic,151.30196692630926,centre_cell_mask_coslat_area_weighted,hd30,ssp245,2040-2059,median,climatology,days,annual climatology of ensemble of hd30: hot days with 30 degC and higher,50.0,"access-cm2,access-esm1-5,bcc-csm2-mr,canesm5,cmcc-esm2,cnrm-cm6-1,cnrm-esm2-1,ec-earth3,ec-earth3-veg-lr,fgoals-g3,gfdl-cm4,gfdl-esm4,giss-e2-1-g,hadgem3-gc31-ll,inm-cm4-8,inm-cm5-0,ipsl-cm6a-lr,kace-1-0-g,kiost-esm,miroc6,miroc-es2l,mpi-esm1-2-hr,mpi-esm1-2-lr,mri-esm2-0,nesm3,noresm2-lm,noresm2-mm,ukesm1-0-ll",World Bank Climate Change Knowledge Portal (CMIP6-x0.25),,,SSP2-4.5,Hot days above 30°C
DOM,Dominican Republic,1.2911715205327492,centre_cell_mask_coslat_area_weighted,tas,ssp245,2040-2059,median,anomaly,degC,ensemble of anomaly of Daily Near-Surface Air Temperature with reference period 1995-2014,50.0,"access-cm2,access-esm1-5,bcc-csm2-mr,canesm5,cmcc-esm2,cnrm-cm6-1,cnrm-esm2-1,ec-earth3,ec-earth3-veg-lr,fgoals-g3,gfdl-cm4,gfdl-esm4,giss-e2-1-g,hadgem3-gc31-ll,inm-cm4-8,inm-cm5-0,ipsl-cm6a-lr,kace-1-0-g,miroc6,miroc-es2l,mpi-esm1-2-hr,mpi-esm1-2-lr,mri-esm2-0,nesm3,noresm2-lm,noresm2-mm,ukesm1-0-ll",World Bank Climate Change Knowledge Portal (CMIP6-x0.25),,1995-2014,SSP2-4.5,Mean temperature
DOM,Dominican Republic,25.845619303929364,centre_cell_mask_coslat_area_weighted,tas,ssp245,2040-2059,median,climatology,degC,ensemble of Daily Near-Surface Air Temperature,50.0,"access-cm2,access-esm1-5,bcc-csm2-mr,canesm5,cmcc-esm2,cnrm-cm6-1,cnrm-esm2-1,ec-earth3,ec-earth3-veg-lr,fgoals-g3,gfdl-cm4,gfdl-esm4,giss-e2-1-g,hadgem3-gc31-ll,inm-cm4-8,inm-cm5-0,ipsl-cm6a-lr,kace-1-0-g,miroc6,miroc-es2l,mpi-esm1-2-hr,mpi-esm1-2-lr,mri-esm2-0,nesm3,noresm2-lm,noresm2-mm,ukesm1-0-ll",World Bank Climate Change Knowledge Portal (CMIP6-x0.25),,,SSP2-4.5,Mean temperature
DZA,Algeria,207.2793287171418,centre_cell_mask_coslat_area_weighted,hd30,ssp245,2040-2059,median,climatology,days,annual climatology of ensemble of hd30: hot days with 30 degC and higher,50.0,"access-cm2,access-esm1-5,bcc-csm2-mr,canesm5,cmcc-esm2,cnrm-cm6-1,cnrm-esm2-1,ec-earth3,ec-earth3-veg-lr,fgoals-g3,gfdl-cm4,gfdl-esm4,giss-e2-1-g,hadgem3-gc31-ll,inm-cm4-8,inm-cm5-0,ipsl-cm6a-lr,kace-1-0-g,kiost-esm,miroc6,miroc-es2l,mpi-esm1-2-hr,mpi-esm1-2-lr,mri-esm2-0,nesm3,noresm2-lm,noresm2-mm,ukesm1-0-ll",World Bank Climate Change Knowledge Portal (CMIP6-x0.25),,,SSP2-4.5,Hot days above 30°C
DZA,Algeria,1.7632686847814079,centre_cell_mask_coslat_area_weighted,tas,ssp245,2040-2059,median,anomaly,degC,ensemble of anomaly of Daily Near-Surface Air Temperature with reference period 1995-2014,50.0,"access-cm2,access-esm1-5,bcc-csm2-mr,canesm5,cmcc-esm2,cnrm-cm6-1,cnrm-esm2-1,ec-earth3,ec-earth3-veg-lr,fgoals-g3,gfdl-cm4,gfdl-esm4,giss-e2-1-g,hadgem3-gc31-ll,inm-cm4-8,inm-cm5-0,ipsl-cm6a-lr,kace-1-0-g,miroc6,miroc-es2l,mpi-esm1-2-hr,mpi-esm1-2-lr,mri-esm2-0,nesm3,noresm2-lm,noresm2-mm,ukesm1-0-ll",World Bank Climate Change Knowledge Portal (CMIP6-x0.25),,1995-2014,SSP2-4.5,Mean temperature
DZA,Algeria,25.123158779008236,centre_cell_mask_coslat_area_weighted,tas,ssp245,2040-2059,median,climatology,degC,ensemble of Daily Near-Surface Air Temperature,50.0,"access-cm2,access-esm1-5,bcc-csm2-mr,canesm5,cmcc-esm2,cnrm-cm6-1,cnrm-esm2-1,ec-earth3,ec-earth3-veg-lr,fgoals-g3,gfdl-cm4,gfdl-esm4,giss-e2-1-g,hadgem3-gc31-ll,inm-cm4-8,inm-cm5-0,ipsl-cm6a-lr,kace-1-0-g,miroc6,miroc-es2l,mpi-esm1-2-hr,mpi-esm1-2-lr,mri-esm2-0,nesm3,noresm2-lm,noresm2-mm,ukesm1-0-ll",World Bank Climate Change Knowledge Portal (CMIP6-x0.25),,,SSP2-4.5,Mean temperature
ECU,Ecuador,94.05014643333595,centre_cell_mask_coslat_area_weighted,hd30,ssp245,2040-2059,median,climatology,days,annual climatology of ensemble of hd30: hot days with 30 degC and higher,50.0,"access-cm2,access-esm1-5,bcc-csm2-mr,canesm5,cmcc-esm2,cnrm-cm6-1,cnrm-esm2-1,ec-earth3,ec-earth3-veg-lr,fgoals-g3,gfdl-cm4,gfdl-esm4,giss-e2-1-g,hadgem3-gc31-ll,inm-cm4-8,inm-cm5-0,ipsl-cm6a-lr,kace-1-0-g,kiost-esm,miroc6,miroc-es2l,mpi-esm1-2-hr,mpi-esm1-2-lr,mri-esm2-0,nesm3,noresm2-lm,noresm2-mm,ukesm1-0-ll",World Bank Climate Change Knowledge Portal (CMIP6-x0.25),,,SSP2-4.5,Hot days above 30°C
ECU,Ecuador,1.2518156896940704,centre_cell_mask_coslat_area_weighted,tas,ssp245,2040-2059,median,anomaly,degC,ensemble of anomaly of Daily Near-Surface Air Temperature with reference period 1995-2014,50.0,"access-cm2,access-esm1-5,bcc-csm2-mr,canesm5,cmcc-esm2,cnrm-cm6-1,cnrm-esm2-1,ec-earth3,ec-earth3-veg-lr,fgoals-g3,gfdl-cm4,gfdl-esm4,giss-e2-1-g,hadgem3-gc31-ll,inm-cm4-8,inm-cm5-0,ipsl-cm6a-lr,kace-1-0-g,miroc6,miroc-es2l,mpi-esm1-2-hr,mpi-esm1-2-lr,mri-esm2-0,nesm3,noresm2-lm,noresm2-mm,ukesm1-0-ll",World Bank Climate Change Knowledge Portal (CMIP6-x0.25),,1995-2014,SSP2-4.5,Mean temperature
ECU,Ecuador,22.45576017607856,centre_cell_mask_coslat_area_weighted,tas,ssp245,2040-2059,median,climatology,degC,ensemble of Daily Near-Surface Air Temperature,50.0,"access-cm2,access-esm1-5,bcc-csm2-mr,canesm5,cmcc-esm2,cnrm-cm6-1,cnrm-esm2-1,ec-earth3,ec-earth3-veg-lr,fgoals-g3,gfdl-cm4,gfdl-esm4,giss-e2-1-g,hadgem3-gc31-ll,inm-cm4-8,inm-cm5-0,ipsl-cm6a-lr,kace-1-0-g,miroc6,miroc-es2l,mpi-esm1-2-hr,mpi-esm1-2-lr,mri-esm2-0,nesm3,noresm2-lm,noresm2-mm,ukesm1-0-ll",World Bank Climate Change Knowledge Portal (CMIP6-x0.25),,,SSP2-4.5,Mean temperature
EGY,Arab Republic of Egypt,202.75589599050693,centre_cell_mask_coslat_area_weighted,hd30,ssp245,2040-2059,median,climatology,days,annual climatology of ensemble of hd30: hot days with 30 degC and higher,50.0,"access-cm2,access-esm1-5,bcc-csm2-mr,canesm5,cmcc-esm2,cnrm-cm6-1,cnrm-esm2-1,ec-earth3,ec-earth3-veg-lr,fgoals-g3,gfdl-cm4,gfdl-esm4,giss-e2-1-g,hadgem3-gc31-ll,inm-cm4-8,inm-cm5-0,ipsl-cm6a-lr,kace-1-0-g,kiost-esm,miroc6,miroc-es2l,mpi-esm1-2-hr,mpi-esm1-2-lr,mri-esm2-0,nesm3,noresm2-lm,noresm2-mm,ukesm1-0-ll",World Bank Climate Change Knowledge Portal (CMIP6-x0.25),,,SSP2-4.5,Hot days above 30°C
EGY,Arab Republic of Egypt,1.6252040567777033,centre_cell_mask_coslat_area_weighted,tas,ssp245,2040-2059,median,anomaly,degC,ensemble of anomaly of Daily Near-Surface Air Temperature with reference period 1995-2014,50.0,"access-cm2,access-esm1-5,bcc-csm2-mr,canesm5,cmcc-esm2,cnrm-cm6-1,cnrm-esm2-1,ec-earth3,ec-earth3-veg-lr,fgoals-g3,gfdl-cm4,gfdl-esm4,giss-e2-1-g,hadgem3-gc31-ll,inm-cm4-8,inm-cm5-0,ipsl-cm6a-lr,kace-1-0-g,miroc6,miroc-es2l,mpi-esm1-2-hr,mpi-esm1-2-lr,mri-esm2-0,nesm3,noresm2-lm,noresm2-mm,ukesm1-0-ll",World Bank Climate Change Knowledge Portal (CMIP6-x0.25),,1995-2014,SSP2-4.5,Mean temperature
EGY,Arab Republic of Egypt,24.54776645733762,centre_cell_mask_coslat_area_weighted,tas,ssp245,2040-2059,median,climatology,degC,ensemble of Daily Near-Surface Air Temperature,50.0,"access-cm2,access-esm1-5,bcc-csm2-mr,canesm5,cmcc-esm2,cnrm-cm6-1,cnrm-esm2-1,ec-earth3,ec-earth3-veg-lr,fgoals-g3,gfdl-cm4,gfdl-esm4,giss-e2-1-g,hadgem3-gc31-ll,inm-cm4-8,inm-cm5-0,ipsl-cm6a-lr,kace-1-0-g,miroc6,miroc-es2l,mpi-esm1-2-hr,mpi-esm1-2-lr,mri-esm2-0,nesm3,noresm2-lm,noresm2-mm,ukesm1-0-ll",World Bank Climate Change Knowledge Portal (CMIP6-x0.25),,,SSP2-4.5,Mean temperature
ERI,Eritrea,286.5564555202611,centre_cell_mask_coslat_area_weighted,hd30,ssp245,2040-2059,median,climatology,days,annual climatology of ensemble of hd30: hot days with 30 degC and higher,50.0,"access-cm2,access-esm1-5,bcc-csm2-mr,canesm5,cmcc-esm2,cnrm-cm6-1,cnrm-esm2-1,ec-earth3,ec-earth3-veg-lr,fgoals-g3,gfdl-cm4,gfdl-esm4,giss-e2-1-g,hadgem3-gc31-ll,inm-cm4-8,inm-cm5-0,ipsl-cm6a-lr,kace-1-0-g,kiost-esm,miroc6,miroc-es2l,mpi-esm1-2-hr,mpi-esm1-2-lr,mri-esm2-0,nesm3,noresm2-lm,noresm2-mm,ukesm1-0-ll",World Bank Climate Change Knowledge Portal (CMIP6-x0.25),,,SSP2-4.5,Hot days above 30°C
ERI,Eritrea,1.4130191764915592,centre_cell_mask_coslat_area_weighted,tas,ssp245,2040-2059,median,anomaly,degC,ensemble of anomaly of Daily Near-Surface Air Temperature with reference period 1995-2014,50.0,"access-cm2,access-esm1-5,bcc-csm2-mr,canesm5,cmcc-esm2,cnrm-cm6-1,cnrm-esm2-1,ec-earth3,ec-earth3-veg-lr,fgoals-g3,gfdl-cm4,gfdl-esm4,giss-e2-1-g,hadgem3-gc31-ll,inm-cm4-8,inm-cm5-0,ipsl-cm6a-lr,kace-1-0-g,miroc6,miroc-es2l,mpi-esm1-2-hr,mpi-esm1-2-lr,mri-esm2-0,nesm3,noresm2-lm,noresm2-mm,ukesm1-0-ll",World Bank Climate Change Knowledge Portal (CMIP6-x0.25),,1995-2014,SSP2-4.5,Mean temperature
ERI,Eritrea,28.495486128378634,centre_cell_mask_coslat_area_weighted,tas,ssp245,2040-2059,median,climatology,degC,ensemble of Daily Near-Surface Air Temperature,50.0,"access-cm2,access-esm1-5,bcc-csm2-mr,canesm5,cmcc-esm2,cnrm-cm6-1,cnrm-esm2-1,ec-earth3,ec-earth3-veg-lr,fgoals-g3,gfdl-cm4,gfdl-esm4,giss-e2-1-g,hadgem3-gc31-ll,inm-cm4-8,inm-cm5-0,ipsl-cm6a-lr,kace-1-0-g,miroc6,miroc-es2l,mpi-esm1-2-hr,mpi-esm1-2-lr,mri-esm2-0,nesm3,noresm2-lm,noresm2-mm,ukesm1-0-ll",World Bank Climate Change Knowledge Portal (CMIP6-x0.25),,,SSP2-4.5,Mean temperature
ESP,Spain,61.07582199265679,centre_cell_mask_coslat_area_weighted,hd30,ssp245,2040-2059,median,climatology,days,annual climatology of ensemble of hd30: hot days with 30 degC and higher,50.0,"access-cm2,access-esm1-5,bcc-csm2-mr,canesm5,cmcc-esm2,cnrm-cm6-1,cnrm-esm2-1,ec-earth3,ec-earth3-veg-lr,fgoals-g3,gfdl-cm4,gfdl-esm4,giss-e2-1-g,hadgem3-gc31-ll,inm-cm4-8,inm-cm5-0,ipsl-cm6a-lr,kace-1-0-g,kiost-esm,miroc6,miroc-es2l,mpi-esm1-2-hr,mpi-esm1-2-lr,mri-esm2-0,nesm3,noresm2-lm,noresm2-mm,ukesm1-0-ll",World Bank Climate Change Knowledge Portal (CMIP6-x0.25),,,SSP2-4.5,Hot days above 30°C
ESP,Spain,1.5352214547362941,centre_cell_mask_coslat_area_weighted,tas,ssp245,2040-2059,median,anomaly,degC,ensemble of anomaly of Daily Near-Surface Air Temperature with reference period 1995-2014,50.0,"access-cm2,access-esm1-5,bcc-csm2-mr,canesm5,cmcc-esm2,cnrm-cm6-1,cnrm-esm2-1,ec-earth3,ec-earth3-veg-lr,fgoals-g3,gfdl-cm4,gfdl-esm4,giss-e2-1-g,hadgem3-gc31-ll,inm-cm4-8,inm-cm5-0,ipsl-cm6a-lr,kace-1-0-g,miroc6,miroc-es2l,mpi-esm1-2-hr,mpi-esm1-2-lr,mri-esm2-0,nesm3,noresm2-lm,noresm2-mm,ukesm1-0-ll",World Bank Climate Change Knowledge Portal (CMIP6-x0.25),,1995-2014,SSP2-4.5,Mean temperature
ESP,Spain,15.48028007204308,centre_cell_mask_coslat_area_weighted,tas,ssp245,2040-2059,median,climatology,degC,ensemble of Daily Near-Surface Air Temperature,50.0,"access-cm2,access-esm1-5,bcc-csm2-mr,canesm5,cmcc-esm2,cnrm-cm6-1,cnrm-esm2-1,ec-earth3,ec-earth3-veg-lr,fgoals-g3,gfdl-cm4,gfdl-esm4,giss-e2-1-g,hadgem3-gc31-ll,inm-cm4-8,inm-cm5-0,ipsl-cm6a-lr,kace-1-0-g,miroc6,miroc-es2l,mpi-esm1-2-hr,mpi-esm1-2-lr,mri-esm2-0,nesm3,noresm2-lm,noresm2-mm,ukesm1-0-ll",World Bank Climate Change Knowledge Portal (CMIP6-x0.25),,,SSP2-4.5,Mean temperature
EST,Estonia,1.5208680001021462,centre_cell_mask_coslat_area_weighted,hd30,ssp245,2040-2059,median,climatology,days,annual climatology of ensemble of hd30: hot days with 30 degC and higher,50.0,"access-cm2,access-esm1-5,bcc-csm2-mr,canesm5,cmcc-esm2,cnrm-cm6-1,cnrm-esm2-1,ec-earth3,ec-earth3-veg-lr,fgoals-g3,gfdl-cm4,gfdl-esm4,giss-e2-1-g,hadgem3-gc31-ll,inm-cm4-8,inm-cm5-0,ipsl-cm6a-lr,kace-1-0-g,kiost-esm,miroc6,miroc-es2l,mpi-esm1-2-hr,mpi-esm1-2-lr,mri-esm2-0,nesm3,noresm2-lm,noresm2-mm,ukesm1-0-ll",World Bank Climate Change Knowledge Portal (CMIP6-x0.25),,,SSP2-4.5,Hot days above 30°C
EST,Estonia,1.773022968960215,centre_cell_mask_coslat_area_weighted,tas,ssp245,2040-2059,median,anomaly,degC,ensemble of anomaly of Daily Near-Surface Air Temperature with reference period 1995-2014,50.0,"access-cm2,access-esm1-5,bcc-csm2-mr,canesm5,cmcc-esm2,cnrm-cm6-1,cnrm-esm2-1,ec-earth3,ec-earth3-veg-lr,fgoals-g3,gfdl-cm4,gfdl-esm4,giss-e2-1-g,hadgem3-gc31-ll,inm-cm4-8,inm-cm5-0,ipsl-cm6a-lr,kace-1-0-g,miroc6,miroc-es2l,mpi-esm1-2-hr,mpi-esm1-2-lr,mri-esm2-0,nesm3,noresm2-lm,noresm2-mm,ukesm1-0-ll",World Bank Climate Change Knowledge Portal (CMIP6-x0.25),,1995-2014,SSP2-4.5,Mean temperature
EST,Estonia,7.886436725964051,centre_cell_mask_coslat_area_weighted,tas,ssp245,2040-2059,median,climatology,degC,ensemble of Daily Near-Surface Air Temperature,50.0,"access-cm2,access-esm1-5,bcc-csm2-mr,canesm5,cmcc-esm2,cnrm-cm6-1,cnrm-esm2-1,ec-earth3,ec-earth3-veg-lr,fgoals-g3,gfdl-cm4,gfdl-esm4,giss-e2-1-g,hadgem3-gc31-ll,inm-cm4-8,inm-cm5-0,ipsl-cm6a-lr,kace-1-0-g,miroc6,miroc-es2l,mpi-esm1-2-hr,mpi-esm1-2-lr,mri-esm2-0,nesm3,noresm2-lm,noresm2-mm,ukesm1-0-ll",World Bank Climate Change Knowledge Portal (CMIP6-x0.25),,,SSP2-4.5,Mean temperature
ETH,Ethiopia,188.82743260640018,centre_cell_mask_coslat_area_weighted,hd30,ssp245,2040-2059,median,climatology,days,annual climatology of ensemble of hd30: hot days with 30 degC and higher,50.0,"access-cm2,access-esm1-5,bcc-csm2-mr,canesm5,cmcc-esm2,cnrm-cm6-1,cnrm-esm2-1,ec-earth3,ec-earth3-veg-lr,fgoals-g3,gfdl-cm4,gfdl-esm4,giss-e2-1-g,hadgem3-gc31-ll,inm-cm4-8,inm-cm5-0,ipsl-cm6a-lr,kace-1-0-g,kiost-esm,miroc6,miroc-es2l,mpi-esm1-2-hr,mpi-esm1-2-lr,mri-esm2-0,nesm3,noresm2-lm,noresm2-mm,ukesm1-0-ll",World Bank Climate Change Knowledge Portal (CMIP6-x0.25),,,SSP2-4.5,Hot days above 30°C
ETH,Ethiopia,1.3258031464861288,centre_cell_mask_coslat_area_weighted,tas,ssp245,2040-2059,median,anomaly,degC,ensemble of anomaly of Daily Near-Surface Air Temperature with reference period 1995-2014,50.0,"access-cm2,access-esm1-5,bcc-csm2-mr,canesm5,cmcc-esm2,cnrm-cm6-1,cnrm-esm2-1,ec-earth3,ec-earth3-veg-lr,fgoals-g3,gfdl-cm4,gfdl-esm4,giss-e2-1-g,hadgem3-gc31-ll,inm-cm4-8,inm-cm5-0,ipsl-cm6a-lr,kace-1-0-g,miroc6,miroc-es2l,mpi-esm1-2-hr,mpi-esm1-2-lr,mri-esm2-0,nesm3,noresm2-lm,noresm2-mm,ukesm1-0-ll",World Bank Climate Change Knowledge Portal (CMIP6-x0.25),,1995-2014,SSP2-4.5,Mean temperature
ETH,Ethiopia,24.829695694093456,centre_cell_mask_coslat_area_weighted,tas,ssp245,2040-2059,median,climatology,degC,ensemble of Daily Near-Surface Air Temperature,50.0,"access-cm2,access-esm1-5,bcc-csm2-mr,canesm5,cmcc-esm2,cnrm-cm6-1,cnrm-esm2-1,ec-earth3,ec-earth3-veg-lr,fgoals-g3,gfdl-cm4,gfdl-esm4,giss-e2-1-g,hadgem3-gc31-ll,inm-cm4-8,inm-cm5-0,ipsl-cm6a-lr,kace-1-0-g,miroc6,miroc-es2l,mpi-esm1-2-hr,mpi-esm1-2-lr,mri-esm2-0,nesm3,noresm2-lm,noresm2-mm,ukesm1-0-ll",World Bank Climate Change Knowledge Portal (CMIP6-x0.25),,,SSP2-4.5,Mean temperature
FIN,Finland,0.9267101139858979,centre_cell_mask_coslat_area_weighted,hd30,ssp245,2040-2059,median,climatology,days,annual climatology of ensemble of hd30: hot days with 30 degC and higher,50.0,"access-cm2,access-esm1-5,bcc-csm2-mr,canesm5,cmcc-esm2,cnrm-cm6-1,cnrm-esm2-1,ec-earth3,ec-earth3-veg-lr,fgoals-g3,gfdl-cm4,gfdl-esm4,giss-e2-1-g,hadgem3-gc31-ll,inm-cm4-8,inm-cm5-0,ipsl-cm6a-lr,kace-1-0-g,kiost-esm,miroc6,miroc-es2l,mpi-esm1-2-hr,mpi-esm1-2-lr,mri-esm2-0,nesm3,noresm2-lm,noresm2-mm,ukesm1-0-ll",World Bank Climate Change Knowledge Portal (CMIP6-x0.25),,,SSP2-4.5,Hot days above 30°C
FIN,Finland,2.069405676358977,centre_cell_mask_coslat_area_weighted,tas,ssp245,2040-2059,median,anomaly,degC,ensemble of anomaly of Daily Near-Surface Air Temperature with reference period 1995-2014,50.0,"access-cm2,access-esm1-5,bcc-csm2-mr,canesm5,cmcc-esm2,cnrm-cm6-1,cnrm-esm2-1,ec-earth3,ec-earth3-veg-lr,fgoals-g3,gfdl-cm4,gfdl-esm4,giss-e2-1-g,hadgem3-gc31-ll,inm-cm4-8,inm-cm5-0,ipsl-cm6a-lr,kace-1-0-g,miroc6,miroc-es2l,mpi-esm1-2-hr,mpi-esm1-2-lr,mri-esm2-0,nesm3,noresm2-lm,noresm2-mm,ukesm1-0-ll",World Bank Climate Change Knowledge Portal (CMIP6-x0.25),,1995-2014,SSP2-4.5,Mean temperature
FIN,Finland,4.715906987789001,centre_cell_mask_coslat_area_weighted,tas,ssp245,2040-2059,median,climatology,degC,ensemble of Daily Near-Surface Air Temperature,50.0,"access-cm2,access-esm1-5,bcc-csm2-mr,canesm5,cmcc-esm2,cnrm-cm6-1,cnrm-esm2-1,ec-earth3,ec-earth3-veg-lr,fgoals-g3,gfdl-cm4,gfdl-esm4,giss-e2-1-g,hadgem3-gc31-ll,inm-cm4-8,inm-cm5-0,ipsl-cm6a-lr,kace-1-0-g,miroc6,miroc-es2l,mpi-esm1-2-hr,mpi-esm1-2-lr,mri-esm2-0,nesm3,noresm2-lm,noresm2-mm,ukesm1-0-ll",World Bank Climate Change Knowledge Portal (CMIP6-x0.25),,,SSP2-4.5,Mean temperature
FJI,Fiji,43.82481544334604,centre_cell_mask_coslat_area_weighted,hd30,ssp245,2040-2059,median,climatology,days,annual climatology of ensemble of hd30: hot days with 30 degC and higher,50.0,"access-cm2,access-esm1-5,bcc-csm2-mr,canesm5,cmcc-esm2,cnrm-cm6-1,cnrm-esm2-1,ec-earth3,ec-earth3-veg-lr,fgoals-g3,gfdl-cm4,gfdl-esm4,giss-e2-1-g,hadgem3-gc31-ll,inm-cm4-8,inm-cm5-0,ipsl-cm6a-lr,kace-1-0-g,kiost-esm,miroc6,miroc-es2l,mpi-esm1-2-hr,mpi-esm1-2-lr,mri-esm2-0,nesm3,noresm2-lm,noresm2-mm,ukesm1-0-ll",World Bank Climate Change Knowledge Portal (CMIP6-x0.25),,,SSP2-4.5,Hot days above 30°C
FJI,Fiji,0.9145191263824914,centre_cell_mask_coslat_area_weighted,tas,ssp245,2040-2059,median,anomaly,degC,ensemble of anomaly of Daily Near-Surface Air Temperature with reference period 1995-2014,50.0,"access-cm2,access-esm1-5,bcc-csm2-mr,canesm5,cmcc-esm2,cnrm-cm6-1,cnrm-esm2-1,ec-earth3,ec-earth3-veg-lr,fgoals-g3,gfdl-cm4,gfdl-esm4,giss-e2-1-g,hadgem3-gc31-ll,inm-cm4-8,inm-cm5-0,ipsl-cm6a-lr,kace-1-0-g,miroc6,miroc-es2l,mpi-esm1-2-hr,mpi-esm1-2-lr,mri-esm2-0,nesm3,noresm2-lm,noresm2-mm,ukesm1-0-ll",World Bank Climate Change Knowledge Portal (CMIP6-x0.25),,1995-2014,SSP2-4.5,Mean temperature
FJI,Fiji,25.69057417789946,centre_cell_mask_coslat_area_weighted,tas,ssp245,2040-2059,median,climatology,degC,ensemble of Daily Near-Surface Air Temperature,50.0,"access-cm2,access-esm1-5,bcc-csm2-mr,canesm5,cmcc-esm2,cnrm-cm6-1,cnrm-esm2-1,ec-earth3,ec-earth3-veg-lr,fgoals-g3,gfdl-cm4,gfdl-esm4,giss-e2-1-g,hadgem3-gc31-ll,inm-cm4-8,inm-cm5-0,ipsl-cm6a-lr,kace-1-0-g,miroc6,miroc-es2l,mpi-esm1-2-hr,mpi-esm1-2-lr,mri-esm2-0,nesm3,noresm2-lm,noresm2-mm,ukesm1-0-ll",World Bank Climate Change Knowledge Portal (CMIP6-x0.25),,,SSP2-4.5,Mean temperature
FRA,France,18.25660697004868,centre_cell_mask_coslat_area_weighted,hd30,ssp245,2040-2059,median,climatology,days,annual climatology of ensemble of hd30: hot days with 30 degC and higher,50.0,"access-cm2,access-esm1-5,bcc-csm2-mr,canesm5,cmcc-esm2,cnrm-cm6-1,cnrm-esm2-1,ec-earth3,ec-earth3-veg-lr,fgoals-g3,gfdl-cm4,gfdl-esm4,giss-e2-1-g,hadgem3-gc31-ll,inm-cm4-8,inm-cm5-0,ipsl-cm6a-lr,kace-1-0-g,kiost-esm,miroc6,miroc-es2l,mpi-esm1-2-hr,mpi-esm1-2-lr,mri-esm2-0,nesm3,noresm2-lm,noresm2-mm,ukesm1-0-ll",World Bank Climate Change Knowledge Portal (CMIP6-x0.25),,,SSP2-4.5,Hot days above 30°C
FRA,France,1.3614783464381792,centre_cell_mask_coslat_area_weighted,tas,ssp245,2040-2059,median,anomaly,degC,ensemble of anomaly of Daily Near-Surface Air Temperature with reference period 1995-2014,50.0,"access-cm2,access-esm1-5,bcc-csm2-mr,canesm5,cmcc-esm2,cnrm-cm6-1,cnrm-esm2-1,ec-earth3,ec-earth3-veg-lr,fgoals-g3,gfdl-cm4,gfdl-esm4,giss-e2-1-g,hadgem3-gc31-ll,inm-cm4-8,inm-cm5-0,ipsl-cm6a-lr,kace-1-0-g,miroc6,miroc-es2l,mpi-esm1-2-hr,mpi-esm1-2-lr,mri-esm2-0,nesm3,noresm2-lm,noresm2-mm,ukesm1-0-ll",World Bank Climate Change Knowledge Portal (CMIP6-x0.25),,1995-2014,SSP2-4.5,Mean temperature
FRA,France,12.645851780921085,centre_cell_mask_coslat_area_weighted,tas,ssp245,2040-2059,median,climatology,degC,ensemble of Daily Near-Surface Air Temperature,50.0,"access-cm2,access-esm1-5,bcc-csm2-mr,canesm5,cmcc-esm2,cnrm-cm6-1,cnrm-esm2-1,ec-earth3,ec-earth3-veg-lr,fgoals-g3,gfdl-cm4,gfdl-esm4,giss-e2-1-g,hadgem3-gc31-ll,inm-cm4-8,inm-cm5-0,ipsl-cm6a-lr,kace-1-0-g,miroc6,miroc-es2l,mpi-esm1-2-hr,mpi-esm1-2-lr,mri-esm2-0,nesm3,noresm2-lm,noresm2-mm,ukesm1-0-ll",World Bank Climate Change Knowledge Portal (CMIP6-x0.25),,,SSP2-4.5,Mean temperature
FRO,Faroe Islands (Den.),0.0,centre_cell_mask_coslat_area_weighted,hd30,ssp245,2040-2059,median,climatology,days,annual climatology of ensemble of hd30: hot days with 30 degC and higher,50.0,"access-cm2,access-esm1-5,bcc-csm2-mr,canesm5,cmcc-esm2,cnrm-cm6-1,cnrm-esm2-1,ec-earth3,ec-earth3-veg-lr,fgoals-g3,gfdl-cm4,gfdl-esm4,giss-e2-1-g,hadgem3-gc31-ll,inm-cm4-8,inm-cm5-0,ipsl-cm6a-lr,kace-1-0-g,kiost-esm,miroc6,miroc-es2l,mpi-esm1-2-hr,mpi-esm1-2-lr,mri-esm2-0,nesm3,noresm2-lm,noresm2-mm,ukesm1-0-ll",World Bank Climate Change Knowledge Portal (CMIP6-x0.25),,,SSP2-4.5,Hot days above 30°C
FRO,Faroe Islands (Den.),0.8185000121593475,centre_cell_mask_coslat_area_weighted,tas,ssp245,2040-2059,median,anomaly,degC,ensemble of anomaly of Daily Near-Surface Air Temperature with reference period 1995-2014,50.0,"access-cm2,access-esm1-5,bcc-csm2-mr,canesm5,cmcc-esm2,cnrm-cm6-1,cnrm-esm2-1,ec-earth3,ec-earth3-veg-lr,fgoals-g3,gfdl-cm4,gfdl-esm4,giss-e2-1-g,hadgem3-gc31-ll,inm-cm4-8,inm-cm5-0,ipsl-cm6a-lr,kace-1-0-g,miroc6,miroc-es2l,mpi-esm1-2-hr,mpi-esm1-2-lr,mri-esm2-0,nesm3,noresm2-lm,noresm2-mm,ukesm1-0-ll",World Bank Climate Change Knowledge Portal (CMIP6-x0.25),,1995-2014,SSP2-4.5,Mean temperature
FRO,Faroe Islands (Den.),7.734999895095825,centre_cell_mask_coslat_area_weighted,tas,ssp245,2040-2059,median,climatology,degC,ensemble of Daily Near-Surface Air Temperature,50.0,"access-cm2,access-esm1-5,bcc-csm2-mr,canesm5,cmcc-esm2,cnrm-cm6-1,cnrm-esm2-1,ec-earth3,ec-earth3-veg-lr,fgoals-g3,gfdl-cm4,gfdl-esm4,giss-e2-1-g,hadgem3-gc31-ll,inm-cm4-8,inm-cm5-0,ipsl-cm6a-lr,kace-1-0-g,miroc6,miroc-es2l,mpi-esm1-2-hr,mpi-esm1-2-lr,mri-esm2-0,nesm3,noresm2-lm,noresm2-mm,ukesm1-0-ll",World Bank Climate Change Knowledge Portal (CMIP6-x0.25),,,SSP2-4.5,Mean temperature
FSM,Federated States of Micronesia,0.75,centre_cell_mask_coslat_area_weighted,hd30,ssp245,2040-2059,median,climatology,days,annual climatology of ensemble of hd30: hot days with 30 degC and higher,50.0,"access-cm2,access-esm1-5,bcc-csm2-mr,canesm5,cmcc-esm2,cnrm-cm6-1,cnrm-esm2-1,ec-earth3,ec-earth3-veg-lr,fgoals-g3,gfdl-cm4,gfdl-esm4,giss-e2-1-g,hadgem3-gc31-ll,inm-cm4-8,inm-cm5-0,ipsl-cm6a-lr,kace-1-0-g,kiost-esm,miroc6,miroc-es2l,mpi-esm1-2-hr,mpi-esm1-2-lr,mri-esm2-0,nesm3,noresm2-lm,noresm2-mm,ukesm1-0-ll",World Bank Climate Change Knowledge Portal (CMIP6-x0.25),,,SSP2-4.5,Hot days above 30°C
FSM,Federated States of Micronesia,1.031000018119812,centre_cell_mask_coslat_area_weighted,tas,ssp245,2040-2059,median,anomaly,degC,ensemble of anomaly of Daily Near-Surface Air Temperature with reference period 1995-2014,50.0,"access-cm2,access-esm1-5,bcc-csm2-mr,canesm5,cmcc-esm2,cnrm-cm6-1,cnrm-esm2-1,ec-earth3,ec-earth3-veg-lr,fgoals-g3,gfdl-cm4,gfdl-esm4,giss-e2-1-g,hadgem3-gc31-ll,inm-cm4-8,inm-cm5-0,ipsl-cm6a-lr,kace-1-0-g,miroc6,miroc-es2l,mpi-esm1-2-hr,mpi-esm1-2-lr,mri-esm2-0,nesm3,noresm2-lm,noresm2-mm,ukesm1-0-ll",World Bank Climate Change Knowledge Portal (CMIP6-x0.25),,1995-2014,SSP2-4.5,Mean temperature
FSM,Federated States of Micronesia,28.02899932861328,centre_cell_mask_coslat_area_weighted,tas,ssp245,2040-2059,median,climatology,degC,ensemble of Daily Near-Surface Air Temperature,50.0,"access-cm2,access-esm1-5,bcc-csm2-mr,canesm5,cmcc-esm2,cnrm-cm6-1,cnrm-esm2-1,ec-earth3,ec-earth3-veg-lr,fgoals-g3,gfdl-cm4,gfdl-esm4,giss-e2-1-g,hadgem3-gc31-ll,inm-cm4-8,inm-cm5-0,ipsl-cm6a-lr,kace-1-0-g,miroc6,miroc-es2l,mpi-esm1-2-hr,mpi-esm1-2-lr,mri-esm2-0,nesm3,noresm2-lm,noresm2-mm,ukesm1-0-ll",World Bank Climate Change Knowledge Portal (CMIP6-x0.25),,,SSP2-4.5,Mean temperature
GAB,Gabon,181.71106347935086,centre_cell_mask_coslat_area_weighted,hd30,ssp245,2040-2059,median,climatology,days,annual climatology of ensemble of hd30: hot days with 30 degC and higher,50.0,"access-cm2,access-esm1-5,bcc-csm2-mr,canesm5,cmcc-esm2,cnrm-cm6-1,cnrm-esm2-1,ec-earth3,ec-earth3-veg-lr,fgoals-g3,gfdl-cm4,gfdl-esm4,giss-e2-1-g,hadgem3-gc31-ll,inm-cm4-8,inm-cm5-0,ipsl-cm6a-lr,kace-1-0-g,kiost-esm,miroc6,miroc-es2l,mpi-esm1-2-hr,mpi-esm1-2-lr,mri-esm2-0,nesm3,noresm2-lm,noresm2-mm,ukesm1-0-ll",World Bank Climate Change Knowledge Portal (CMIP6-x0.25),,,SSP2-4.5,Hot days above 30°C
GAB,Gabon,1.1454266322094522,centre_cell_mask_coslat_area_weighted,tas,ssp245,2040-2059,median,anomaly,degC,ensemble of anomaly of Daily Near-Surface Air Temperature with reference period 1995-2014,50.0,"access-cm2,access-esm1-5,bcc-csm2-mr,canesm5,cmcc-esm2,cnrm-cm6-1,cnrm-esm2-1,ec-earth3,ec-earth3-veg-lr,fgoals-g3,gfdl-cm4,gfdl-esm4,giss-e2-1-g,hadgem3-gc31-ll,inm-cm4-8,inm-cm5-0,ipsl-cm6a-lr,kace-1-0-g,miroc6,miroc-es2l,mpi-esm1-2-hr,mpi-esm1-2-lr,mri-esm2-0,nesm3,noresm2-lm,noresm2-mm,ukesm1-0-ll",World Bank Climate Change Knowledge Portal (CMIP6-x0.25),,1995-2014,SSP2-4.5,Mean temperature
GAB,Gabon,26.27908892430772,centre_cell_mask_coslat_area_weighted,tas,ssp245,2040-2059,median,climatology,degC,ensemble of Daily Near-Surface Air Temperature,50.0,"access-cm2,access-esm1-5,bcc-csm2-mr,canesm5,cmcc-esm2,cnrm-cm6-1,cnrm-esm2-1,ec-earth3,ec-earth3-veg-lr,fgoals-g3,gfdl-cm4,gfdl-esm4,giss-e2-1-g,hadgem3-gc31-ll,inm-cm4-8,inm-cm5-0,ipsl-cm6a-lr,kace-1-0-g,miroc6,miroc-es2l,mpi-esm1-2-hr,mpi-esm1-2-lr,mri-esm2-0,nesm3,noresm2-lm,noresm2-mm,ukesm1-0-ll",World Bank Climate Change Knowledge Portal (CMIP6-x0.25),,,SSP2-4.5,Mean temperature
GBR,Sovereign Base Areas of Akrotiri and Dhekelia (U.K.),0.4802191856605543,centre_cell_mask_coslat_area_weighted,hd30,ssp245,2040-2059,median,climatology,days,annual climatology of ensemble of hd30: hot days with 30 degC and higher,50.0,"access-cm2,access-esm1-5,bcc-csm2-mr,canesm5,cmcc-esm2,cnrm-cm6-1,cnrm-esm2-1,ec-earth3,ec-earth3-veg-lr,fgoals-g3,gfdl-cm4,gfdl-esm4,giss-e2-1-g,hadgem3-gc31-ll,inm-cm4-8,inm-cm5-0,ipsl-cm6a-lr,kace-1-0-g,kiost-esm,miroc6,miroc-es2l,mpi-esm1-2-hr,mpi-esm1-2-lr,mri-esm2-0,nesm3,noresm2-lm,noresm2-mm,ukesm1-0-ll",World Bank Climate Change Knowledge Portal (CMIP6-x0.25),,,SSP2-4.5,Hot days above 30°C
GBR,Sovereign Base Areas of Akrotiri and Dhekelia (U.K.),0.9957989569228062,centre_cell_mask_coslat_area_weighted,tas,ssp245,2040-2059,median,anomaly,degC,ensemble of anomaly of Daily Near-Surface Air Temperature with reference period 1995-2014,50.0,"access-cm2,access-esm1-5,bcc-csm2-mr,canesm5,cmcc-esm2,cnrm-cm6-1,cnrm-esm2-1,ec-earth3,ec-earth3-veg-lr,fgoals-g3,gfdl-cm4,gfdl-esm4,giss-e2-1-g,hadgem3-gc31-ll,inm-cm4-8,inm-cm5-0,ipsl-cm6a-lr,kace-1-0-g,miroc6,miroc-es2l,mpi-esm1-2-hr,mpi-esm1-2-lr,mri-esm2-0,nesm3,noresm2-lm,noresm2-mm,ukesm1-0-ll",World Bank Climate Change Knowledge Portal (CMIP6-x0.25),,1995-2014,SSP2-4.5,Mean temperature
GBR,Sovereign Base Areas of Akrotiri and Dhekelia (U.K.),10.290168239992271,centre_cell_mask_coslat_area_weighted,tas,ssp245,2040-2059,median,climatology,degC,ensemble of Daily Near-Surface Air Temperature,50.0,"access-cm2,access-esm1-5,bcc-csm2-mr,canesm5,cmcc-esm2,cnrm-cm6-1,cnrm-esm2-1,ec-earth3,ec-earth3-veg-lr,fgoals-g3,gfdl-cm4,gfdl-esm4,giss-e2-1-g,hadgem3-gc31-ll,inm-cm4-8,inm-cm5-0,ipsl-cm6a-lr,kace-1-0-g,miroc6,miroc-es2l,mpi-esm1-2-hr,mpi-esm1-2-lr,mri-esm2-0,nesm3,noresm2-lm,noresm2-mm,ukesm1-0-ll",World Bank Climate Change Knowledge Portal (CMIP6-x0.25),,,SSP2-4.5,Mean temperature
GEO,Georgia,19.569178886447567,centre_cell_mask_coslat_area_weighted,hd30,ssp245,2040-2059,median,climatology,days,annual climatology of ensemble of hd30: hot days with 30 degC and higher,50.0,"access-cm2,access-esm1-5,bcc-csm2-mr,canesm5,cmcc-esm2,cnrm-cm6-1,cnrm-esm2-1,ec-earth3,ec-earth3-veg-lr,fgoals-g3,gfdl-cm4,gfdl-esm4,giss-e2-1-g,hadgem3-gc31-ll,inm-cm4-8,inm-cm5-0,ipsl-cm6a-lr,kace-1-0-g,kiost-esm,miroc6,miroc-es2l,mpi-esm1-2-hr,mpi-esm1-2-lr,mri-esm2-0,nesm3,noresm2-lm,noresm2-mm,ukesm1-0-ll",World Bank Climate Change Knowledge Portal (CMIP6-x0.25),,,SSP2-4.5,Hot days above 30°C
GEO,Georgia,1.7480606395968408,centre_cell_mask_coslat_area_weighted,tas,ssp245,2040-2059,median,anomaly,degC,ensemble of anomaly of Daily Near-Surface Air Temperature with reference period 1995-2014,50.0,"access-cm2,access-esm1-5,bcc-csm2-mr,canesm5,cmcc-esm2,cnrm-cm6-1,cnrm-esm2-1,ec-earth3,ec-earth3-veg-lr,fgoals-g3,gfdl-cm4,gfdl-esm4,giss-e2-1-g,hadgem3-gc31-ll,inm-cm4-8,inm-cm5-0,ipsl-cm6a-lr,kace-1-0-g,miroc6,miroc-es2l,mpi-esm1-2-hr,mpi-esm1-2-lr,mri-esm2-0,nesm3,noresm2-lm,noresm2-mm,ukesm1-0-ll",World Bank Climate Change Knowledge Portal (CMIP6-x0.25),,1995-2014,SSP2-4.5,Mean temperature
GEO,Georgia,9.914942697340928,centre_cell_mask_coslat_area_weighted,tas,ssp245,2040-2059,median,climatology,degC,ensemble of Daily Near-Surface Air Temperature,50.0,"access-cm2,access-esm1-5,bcc-csm2-mr,canesm5,cmcc-esm2,cnrm-cm6-1,cnrm-esm2-1,ec-earth3,ec-earth3-veg-lr,fgoals-g3,gfdl-cm4,gfdl-esm4,giss-e2-1-g,hadgem3-gc31-ll,inm-cm4-8,inm-cm5-0,ipsl-cm6a-lr,kace-1-0-g,miroc6,miroc-es2l,mpi-esm1-2-hr,mpi-esm1-2-lr,mri-esm2-0,nesm3,noresm2-lm,noresm2-mm,ukesm1-0-ll",World Bank Climate Change Knowledge Portal (CMIP6-x0.25),,,SSP2-4.5,Mean temperature
GGY,Guernsey (U.K.),0.0,fractional_overlap_equal_area,hd30,ssp245,2040-2059,median,climatology,days,annual climatology of ensemble of hd30: hot days with 30 degC and higher,50.0,"access-cm2,access-esm1-5,bcc-csm2-mr,canesm5,cmcc-esm2,cnrm-cm6-1,cnrm-esm2-1,ec-earth3,ec-earth3-veg-lr,fgoals-g3,gfdl-cm4,gfdl-esm4,giss-e2-1-g,hadgem3-gc31-ll,inm-cm4-8,inm-cm5-0,ipsl-cm6a-lr,kace-1-0-g,kiost-esm,miroc6,miroc-es2l,mpi-esm1-2-hr,mpi-esm1-2-lr,mri-esm2-0,nesm3,noresm2-lm,noresm2-mm,ukesm1-0-ll",World Bank Climate Change Knowledge Portal (CMIP6-x0.25),,,SSP2-4.5,Hot days above 30°C
GGY,Guernsey (U.K.),1.0689491037965606,fractional_overlap_equal_area,tas,ssp245,2040-2059,median,anomaly,degC,ensemble of anomaly of Daily Near-Surface Air Temperature with reference period 1995-2014,50.0,"access-cm2,access-esm1-5,bcc-csm2-mr,canesm5,cmcc-esm2,cnrm-cm6-1,cnrm-esm2-1,ec-earth3,ec-earth3-veg-lr,fgoals-g3,gfdl-cm4,gfdl-esm4,giss-e2-1-g,hadgem3-gc31-ll,inm-cm4-8,inm-cm5-0,ipsl-cm6a-lr,kace-1-0-g,miroc6,miroc-es2l,mpi-esm1-2-hr,mpi-esm1-2-lr,mri-esm2-0,nesm3,noresm2-lm,noresm2-mm,ukesm1-0-ll",World Bank Climate Change Knowledge Portal (CMIP6-x0.25),,1995-2014,SSP2-4.5,Mean temperature
GGY,Guernsey (U.K.),13.155894514290098,fractional_overlap_equal_area,tas,ssp245,2040-2059,median,climatology,degC,ensemble of Daily Near-Surface Air Temperature,50.0,"access-cm2,access-esm1-5,bcc-csm2-mr,canesm5,cmcc-esm2,cnrm-cm6-1,cnrm-esm2-1,ec-earth3,ec-earth3-veg-lr,fgoals-g3,gfdl-cm4,gfdl-esm4,giss-e2-1-g,hadgem3-gc31-ll,inm-cm4-8,inm-cm5-0,ipsl-cm6a-lr,kace-1-0-g,miroc6,miroc-es2l,mpi-esm1-2-hr,mpi-esm1-2-lr,mri-esm2-0,nesm3,noresm2-lm,noresm2-mm,ukesm1-0-ll",World Bank Climate Change Knowledge Portal (CMIP6-x0.25),,,SSP2-4.5,Mean temperature
GHA,Ghana,303.25164829841435,centre_cell_mask_coslat_area_weighted,hd30,ssp245,2040-2059,median,climatology,days,annual climatology of ensemble of hd30: hot days with 30 degC and higher,50.0,"access-cm2,access-esm1-5,bcc-csm2-mr,canesm5,cmcc-esm2,cnrm-cm6-1,cnrm-esm2-1,ec-earth3,ec-earth3-veg-lr,fgoals-g3,gfdl-cm4,gfdl-esm4,giss-e2-1-g,hadgem3-gc31-ll,inm-cm4-8,inm-cm5-0,ipsl-cm6a-lr,kace-1-0-g,kiost-esm,miroc6,miroc-es2l,mpi-esm1-2-hr,mpi-esm1-2-lr,mri-esm2-0,nesm3,noresm2-lm,noresm2-mm,ukesm1-0-ll",World Bank Climate Change Knowledge Portal (CMIP6-x0.25),,,SSP2-4.5,Hot days above 30°C
GHA,Ghana,1.2475199670015464,centre_cell_mask_coslat_area_weighted,tas,ssp245,2040-2059,median,anomaly,degC,ensemble of anomaly of Daily Near-Surface Air Temperature with reference period 1995-2014,50.0,"access-cm2,access-esm1-5,bcc-csm2-mr,canesm5,cmcc-esm2,cnrm-cm6-1,cnrm-esm2-1,ec-earth3,ec-earth3-veg-lr,fgoals-g3,gfdl-cm4,gfdl-esm4,giss-e2-1-g,hadgem3-gc31-ll,inm-cm4-8,inm-cm5-0,ipsl-cm6a-lr,kace-1-0-g,miroc6,miroc-es2l,mpi-esm1-2-hr,mpi-esm1-2-lr,mri-esm2-0,nesm3,noresm2-lm,noresm2-mm,ukesm1-0-ll",World Bank Climate Change Knowledge Portal (CMIP6-x0.25),,1995-2014,SSP2-4.5,Mean temperature
GHA,Ghana,28.85399017779772,centre_cell_mask_coslat_area_weighted,tas,ssp245,2040-2059,median,climatology,degC,ensemble of Daily Near-Surface Air Temperature,50.0,"access-cm2,access-esm1-5,bcc-csm2-mr,canesm5,cmcc-esm2,cnrm-cm6-1,cnrm-esm2-1,ec-earth3,ec-earth3-veg-lr,fgoals-g3,gfdl-cm4,gfdl-esm4,giss-e2-1-g,hadgem3-gc31-ll,inm-cm4-8,inm-cm5-0,ipsl-cm6a-lr,kace-1-0-g,miroc6,miroc-es2l,mpi-esm1-2-hr,mpi-esm1-2-lr,mri-esm2-0,nesm3,noresm2-lm,noresm2-mm,ukesm1-0-ll",World Bank Climate Change Knowledge Portal (CMIP6-x0.25),,,SSP2-4.5,Mean temperature
GIB,Gibraltar,2.691300879316223,fractional_overlap_equal_area,hd30,ssp245,2040-2059,median,climatology,days,annual climatology of ensemble of hd30: hot days with 30 degC and higher,50.0,"access-cm2,access-esm1-5,bcc-csm2-mr,canesm5,cmcc-esm2,cnrm-cm6-1,cnrm-esm2-1,ec-earth3,ec-earth3-veg-lr,fgoals-g3,gfdl-cm4,gfdl-esm4,giss-e2-1-g,hadgem3-gc31-ll,inm-cm4-8,inm-cm5-0,ipsl-cm6a-lr,kace-1-0-g,kiost-esm,miroc6,miroc-es2l,mpi-esm1-2-hr,mpi-esm1-2-lr,mri-esm2-0,nesm3,noresm2-lm,noresm2-mm,ukesm1-0-ll",World Bank Climate Change Knowledge Portal (CMIP6-x0.25),,,SSP2-4.5,Hot days above 30°C
GIB,Gibraltar,1.4456956957698939,fractional_overlap_equal_area,tas,ssp245,2040-2059,median,anomaly,degC,ensemble of anomaly of Daily Near-Surface Air Temperature with reference period 1995-2014,50.0,"access-cm2,access-esm1-5,bcc-csm2-mr,canesm5,cmcc-esm2,cnrm-cm6-1,cnrm-esm2-1,ec-earth3,ec-earth3-veg-lr,fgoals-g3,gfdl-cm4,gfdl-esm4,giss-e2-1-g,hadgem3-gc31-ll,inm-cm4-8,inm-cm5-0,ipsl-cm6a-lr,kace-1-0-g,miroc6,miroc-es2l,mpi-esm1-2-hr,mpi-esm1-2-lr,mri-esm2-0,nesm3,noresm2-lm,noresm2-mm,ukesm1-0-ll",World Bank Climate Change Knowledge Portal (CMIP6-x0.25),,1995-2014,SSP2-4.5,Mean temperature
GIB,Gibraltar,19.276869460331717,fractional_overlap_equal_area,tas,ssp245,2040-2059,median,climatology,degC,ensemble of Daily Near-Surface Air Temperature,50.0,"access-cm2,access-esm1-5,bcc-csm2-mr,canesm5,cmcc-esm2,cnrm-cm6-1,cnrm-esm2-1,ec-earth3,ec-earth3-veg-lr,fgoals-g3,gfdl-cm4,gfdl-esm4,giss-e2-1-g,hadgem3-gc31-ll,inm-cm4-8,inm-cm5-0,ipsl-cm6a-lr,kace-1-0-g,miroc6,miroc-es2l,mpi-esm1-2-hr,mpi-esm1-2-lr,mri-esm2-0,nesm3,noresm2-lm,noresm2-mm,ukesm1-0-ll",World Bank Climate Change Knowledge Portal (CMIP6-x0.25),,,SSP2-4.5,Mean temperature
GIN,Guinea,290.1194165371466,centre_cell_mask_coslat_area_weighted,hd30,ssp245,2040-2059,median,climatology,days,annual climatology of ensemble of hd30: hot days with 30 degC and higher,50.0,"access-cm2,access-esm1-5,bcc-csm2-mr,canesm5,cmcc-esm2,cnrm-cm6-1,cnrm-esm2-1,ec-earth3,ec-earth3-veg-lr,fgoals-g3,gfdl-cm4,gfdl-esm4,giss-e2-1-g,hadgem3-gc31-ll,inm-cm4-8,inm-cm5-0,ipsl-cm6a-lr,kace-1-0-g,kiost-esm,miroc6,miroc-es2l,mpi-esm1-2-hr,mpi-esm1-2-lr,mri-esm2-0,nesm3,noresm2-lm,noresm2-mm,ukesm1-0-ll",World Bank Climate Change Knowledge Portal (CMIP6-x0.25),,,SSP2-4.5,Hot days above 30°C
GIN,Guinea,1.3680908861955163,centre_cell_mask_coslat_area_weighted,tas,ssp245,2040-2059,median,anomaly,degC,ensemble of anomaly of Daily Near-Surface Air Temperature with reference period 1995-2014,50.0,"access-cm2,access-esm1-5,bcc-csm2-mr,canesm5,cmcc-esm2,cnrm-cm6-1,cnrm-esm2-1,ec-earth3,ec-earth3-veg-lr,fgoals-g3,gfdl-cm4,gfdl-esm4,giss-e2-1-g,hadgem3-gc31-ll,inm-cm4-8,inm-cm5-0,ipsl-cm6a-lr,kace-1-0-g,miroc6,miroc-es2l,mpi-esm1-2-hr,mpi-esm1-2-lr,mri-esm2-0,nesm3,noresm2-lm,noresm2-mm,ukesm1-0-ll",World Bank Climate Change Knowledge Portal (CMIP6-x0.25),,1995-2014,SSP2-4.5,Mean temperature
GIN,Guinea,27.80703767123762,centre_cell_mask_coslat_area_weighted,tas,ssp245,2040-2059,median,climatology,degC,ensemble of Daily Near-Surface Air Temperature,50.0,"access-cm2,access-esm1-5,bcc-csm2-mr,canesm5,cmcc-esm2,cnrm-cm6-1,cnrm-esm2-1,ec-earth3,ec-earth3-veg-lr,fgoals-g3,gfdl-cm4,gfdl-esm4,giss-e2-1-g,hadgem3-gc31-ll,inm-cm4-8,inm-cm5-0,ipsl-cm6a-lr,kace-1-0-g,miroc6,miroc-es2l,mpi-esm1-2-hr,mpi-esm1-2-lr,mri-esm2-0,nesm3,noresm2-lm,noresm2-mm,ukesm1-0-ll",World Bank Climate Change Knowledge Portal (CMIP6-x0.25),,,SSP2-4.5,Mean temperature
GLP,France,0.400000000372529,centre_cell_mask_coslat_area_weighted,hd30,ssp245,2040-2059,median,climatology,days,annual climatology of ensemble of hd30: hot days with 30 degC and higher,50.0,"access-cm2,access-esm1-5,bcc-csm2-mr,canesm5,cmcc-esm2,cnrm-cm6-1,cnrm-esm2-1,ec-earth3,ec-earth3-veg-lr,fgoals-g3,gfdl-cm4,gfdl-esm4,giss-e2-1-g,hadgem3-gc31-ll,inm-cm4-8,inm-cm5-0,ipsl-cm6a-lr,kace-1-0-g,kiost-esm,miroc6,miroc-es2l,mpi-esm1-2-hr,mpi-esm1-2-lr,mri-esm2-0,nesm3,noresm2-lm,noresm2-mm,ukesm1-0-ll",World Bank Climate Change Knowledge Portal (CMIP6-x0.25),,,SSP2-4.5,Hot days above 30°C
GLP,France,1.0605000257492065,centre_cell_mask_coslat_area_weighted,tas,ssp245,2040-2059,median,anomaly,degC,ensemble of anomaly of Daily Near-Surface Air Temperature with reference period 1995-2014,50.0,"access-cm2,access-esm1-5,bcc-csm2-mr,canesm5,cmcc-esm2,cnrm-cm6-1,cnrm-esm2-1,ec-earth3,ec-earth3-veg-lr,fgoals-g3,gfdl-cm4,gfdl-esm4,giss-e2-1-g,hadgem3-gc31-ll,inm-cm4-8,inm-cm5-0,ipsl-cm6a-lr,kace-1-0-g,miroc6,miroc-es2l,mpi-esm1-2-hr,mpi-esm1-2-lr,mri-esm2-0,nesm3,noresm2-lm,noresm2-mm,ukesm1-0-ll",World Bank Climate Change Knowledge Portal (CMIP6-x0.25),,1995-2014,SSP2-4.5,Mean temperature
GLP,France,26.777999877929688,centre_cell_mask_coslat_area_weighted,tas,ssp245,2040-2059,median,climatology,degC,ensemble of Daily Near-Surface Air Temperature,50.0,"access-cm2,access-esm1-5,bcc-csm2-mr,canesm5,cmcc-esm2,cnrm-cm6-1,cnrm-esm2-1,ec-earth3,ec-earth3-veg-lr,fgoals-g3,gfdl-cm4,gfdl-esm4,giss-e2-1-g,hadgem3-gc31-ll,inm-cm4-8,inm-cm5-0,ipsl-cm6a-lr,kace-1-0-g,miroc6,miroc-es2l,mpi-esm1-2-hr,mpi-esm1-2-lr,mri-esm2-0,nesm3,noresm2-lm,noresm2-mm,ukesm1-0-ll",World Bank Climate Change Knowledge Portal (CMIP6-x0.25),,,SSP2-4.5,Mean temperature
GMB,The Gambia,332.3899436255717,centre_cell_mask_coslat_area_weighted,hd30,ssp245,2040-2059,median,climatology,days,annual climatology of ensemble of hd30: hot days with 30 degC and higher,50.0,"access-cm2,access-esm1-5,bcc-csm2-mr,canesm5,cmcc-esm2,cnrm-cm6-1,cnrm-esm2-1,ec-earth3,ec-earth3-veg-lr,fgoals-g3,gfdl-cm4,gfdl-esm4,giss-e2-1-g,hadgem3-gc31-ll,inm-cm4-8,inm-cm5-0,ipsl-cm6a-lr,kace-1-0-g,kiost-esm,miroc6,miroc-es2l,mpi-esm1-2-hr,mpi-esm1-2-lr,mri-esm2-0,nesm3,noresm2-lm,noresm2-mm,ukesm1-0-ll",World Bank Climate Change Knowledge Portal (CMIP6-x0.25),,,SSP2-4.5,Hot days above 30°C
GMB,The Gambia,1.3066432608189709,centre_cell_mask_coslat_area_weighted,tas,ssp245,2040-2059,median,anomaly,degC,ensemble of anomaly of Daily Near-Surface Air Temperature with reference period 1995-2014,50.0,"access-cm2,access-esm1-5,bcc-csm2-mr,canesm5,cmcc-esm2,cnrm-cm6-1,cnrm-esm2-1,ec-earth3,ec-earth3-veg-lr,fgoals-g3,gfdl-cm4,gfdl-esm4,giss-e2-1-g,hadgem3-gc31-ll,inm-cm4-8,inm-cm5-0,ipsl-cm6a-lr,kace-1-0-g,miroc6,miroc-es2l,mpi-esm1-2-hr,mpi-esm1-2-lr,mri-esm2-0,nesm3,noresm2-lm,noresm2-mm,ukesm1-0-ll",World Bank Climate Change Knowledge Portal (CMIP6-x0.25),,1995-2014,SSP2-4.5,Mean temperature
GMB,The Gambia,29.54996162327364,centre_cell_mask_coslat_area_weighted,tas,ssp245,2040-2059,median,climatology,degC,ensemble of Daily Near-Surface Air Temperature,50.0,"access-cm2,access-esm1-5,bcc-csm2-mr,canesm5,cmcc-esm2,cnrm-cm6-1,cnrm-esm2-1,ec-earth3,ec-earth3-veg-lr,fgoals-g3,gfdl-cm4,gfdl-esm4,giss-e2-1-g,hadgem3-gc31-ll,inm-cm4-8,inm-cm5-0,ipsl-cm6a-lr,kace-1-0-g,miroc6,miroc-es2l,mpi-esm1-2-hr,mpi-esm1-2-lr,mri-esm2-0,nesm3,noresm2-lm,noresm2-mm,ukesm1-0-ll",World Bank Climate Change Knowledge Portal (CMIP6-x0.25),,,SSP2-4.5,Mean temperature
GNB,Guinea-Bissau,324.00205794380884,centre_cell_mask_coslat_area_weighted,hd30,ssp245,2040-2059,median,climatology,days,annual climatology of ensemble of hd30: hot days with 30 degC and higher,50.0,"access-cm2,access-esm1-5,bcc-csm2-mr,canesm5,cmcc-esm2,cnrm-cm6-1,cnrm-esm2-1,ec-earth3,ec-earth3-veg-lr,fgoals-g3,gfdl-cm4,gfdl-esm4,giss-e2-1-g,hadgem3-gc31-ll,inm-cm4-8,inm-cm5-0,ipsl-cm6a-lr,kace-1-0-g,kiost-esm,miroc6,miroc-es2l,mpi-esm1-2-hr,mpi-esm1-2-lr,mri-esm2-0,nesm3,noresm2-lm,noresm2-mm,ukesm1-0-ll",World Bank Climate Change Knowledge Portal (CMIP6-x0.25),,,SSP2-4.5,Hot days above 30°C
GNB,Guinea-Bissau,1.265738457757524,centre_cell_mask_coslat_area_weighted,tas,ssp245,2040-2059,median,anomaly,degC,ensemble of anomaly of Daily Near-Surface Air Temperature with reference period 1995-2014,50.0,"access-cm2,access-esm1-5,bcc-csm2-mr,canesm5,cmcc-esm2,cnrm-cm6-1,cnrm-esm2-1,ec-earth3,ec-earth3-veg-lr,fgoals-g3,gfdl-cm4,gfdl-esm4,giss-e2-1-g,hadgem3-gc31-ll,inm-cm4-8,inm-cm5-0,ipsl-cm6a-lr,kace-1-0-g,miroc6,miroc-es2l,mpi-esm1-2-hr,mpi-esm1-2-lr,mri-esm2-0,nesm3,noresm2-lm,noresm2-mm,ukesm1-0-ll",World Bank Climate Change Knowledge Portal (CMIP6-x0.25),,1995-2014,SSP2-4.5,Mean temperature
GNB,Guinea-Bissau,29.33545311956696,centre_cell_mask_coslat_area_weighted,tas,ssp245,2040-2059,median,climatology,degC,ensemble of Daily Near-Surface Air Temperature,50.0,"access-cm2,access-esm1-5,bcc-csm2-mr,canesm5,cmcc-esm2,cnrm-cm6-1,cnrm-esm2-1,ec-earth3,ec-earth3-veg-lr,fgoals-g3,gfdl-cm4,gfdl-esm4,giss-e2-1-g,hadgem3-gc31-ll,inm-cm4-8,inm-cm5-0,ipsl-cm6a-lr,kace-1-0-g,miroc6,miroc-es2l,mpi-esm1-2-hr,mpi-esm1-2-lr,mri-esm2-0,nesm3,noresm2-lm,noresm2-mm,ukesm1-0-ll",World Bank Climate Change Knowledge Portal (CMIP6-x0.25),,,SSP2-4.5,Mean temperature
GNQ,Equatorial Guinea,99.46564599368645,centre_cell_mask_coslat_area_weighted,hd30,ssp245,2040-2059,median,climatology,days,annual climatology of ensemble of hd30: hot days with 30 degC and higher,50.0,"access-cm2,access-esm1-5,bcc-csm2-mr,canesm5,cmcc-esm2,cnrm-cm6-1,cnrm-esm2-1,ec-earth3,ec-earth3-veg-lr,fgoals-g3,gfdl-cm4,gfdl-esm4,giss-e2-1-g,hadgem3-gc31-ll,inm-cm4-8,inm-cm5-0,ipsl-cm6a-lr,kace-1-0-g,kiost-esm,miroc6,miroc-es2l,mpi-esm1-2-hr,mpi-esm1-2-lr,mri-esm2-0,nesm3,noresm2-lm,noresm2-mm,ukesm1-0-ll",World Bank Climate Change Knowledge Portal (CMIP6-x0.25),,,SSP2-4.5,Hot days above 30°C
GNQ,Equatorial Guinea,1.149512817967343,centre_cell_mask_coslat_area_weighted,tas,ssp245,2040-2059,median,anomaly,degC,ensemble of anomaly of Daily Near-Surface Air Temperature with reference period 1995-2014,50.0,"access-cm2,access-esm1-5,bcc-csm2-mr,canesm5,cmcc-esm2,cnrm-cm6-1,cnrm-esm2-1,ec-earth3,ec-earth3-veg-lr,fgoals-g3,gfdl-cm4,gfdl-esm4,giss-e2-1-g,hadgem3-gc31-ll,inm-cm4-8,inm-cm5-0,ipsl-cm6a-lr,kace-1-0-g,miroc6,miroc-es2l,mpi-esm1-2-hr,mpi-esm1-2-lr,mri-esm2-0,nesm3,noresm2-lm,noresm2-mm,ukesm1-0-ll",World Bank Climate Change Knowledge Portal (CMIP6-x0.25),,1995-2014,SSP2-4.5,Mean temperature
GNQ,Equatorial Guinea,25.540291805357374,centre_cell_mask_coslat_area_weighted,tas,ssp245,2040-2059,median,climatology,degC,ensemble of Daily Near-Surface Air Temperature,50.0,"access-cm2,access-esm1-5,bcc-csm2-mr,canesm5,cmcc-esm2,cnrm-cm6-1,cnrm-esm2-1,ec-earth3,ec-earth3-veg-lr,fgoals-g3,gfdl-cm4,gfdl-esm4,giss-e2-1-g,hadgem3-gc31-ll,inm-cm4-8,inm-cm5-0,ipsl-cm6a-lr,kace-1-0-g,miroc6,miroc-es2l,mpi-esm1-2-hr,mpi-esm1-2-lr,mri-esm2-0,nesm3,noresm2-lm,noresm2-mm,ukesm1-0-ll",World Bank Climate Change Knowledge Portal (CMIP6-x0.25),,,SSP2-4.5,Mean temperature
GRC,Greece,62.198123989374835,centre_cell_mask_coslat_area_weighted,hd30,ssp245,2040-2059,median,climatology,days,annual climatology of ensemble of hd30: hot days with 30 degC and higher,50.0,"access-cm2,access-esm1-5,bcc-csm2-mr,canesm5,cmcc-esm2,cnrm-cm6-1,cnrm-esm2-1,ec-earth3,ec-earth3-veg-lr,fgoals-g3,gfdl-cm4,gfdl-esm4,giss-e2-1-g,hadgem3-gc31-ll,inm-cm4-8,inm-cm5-0,ipsl-cm6a-lr,kace-1-0-g,kiost-esm,miroc6,miroc-es2l,mpi-esm1-2-hr,mpi-esm1-2-lr,mri-esm2-0,nesm3,noresm2-lm,noresm2-mm,ukesm1-0-ll",World Bank Climate Change Knowledge Portal (CMIP6-x0.25),,,SSP2-4.5,Hot days above 30°C
GRC,Greece,1.5850960787641701,centre_cell_mask_coslat_area_weighted,tas,ssp245,2040-2059,median,anomaly,degC,ensemble of anomaly of Daily Near-Surface Air Temperature with reference period 1995-2014,50.0,"access-cm2,access-esm1-5,bcc-csm2-mr,canesm5,cmcc-esm2,cnrm-cm6-1,cnrm-esm2-1,ec-earth3,ec-earth3-veg-lr,fgoals-g3,gfdl-cm4,gfdl-esm4,giss-e2-1-g,hadgem3-gc31-ll,inm-cm4-8,inm-cm5-0,ipsl-cm6a-lr,kace-1-0-g,miroc6,miroc-es2l,mpi-esm1-2-hr,mpi-esm1-2-lr,mri-esm2-0,nesm3,noresm2-lm,noresm2-mm,ukesm1-0-ll",World Bank Climate Change Knowledge Portal (CMIP6-x0.25),,1995-2014,SSP2-4.5,Mean temperature
GRC,Greece,16.648837945477126,centre_cell_mask_coslat_area_weighted,tas,ssp245,2040-2059,median,climatology,degC,ensemble of Daily Near-Surface Air Temperature,50.0,"access-cm2,access-esm1-5,bcc-csm2-mr,canesm5,cmcc-esm2,cnrm-cm6-1,cnrm-esm2-1,ec-earth3,ec-earth3-veg-lr,fgoals-g3,gfdl-cm4,gfdl-esm4,giss-e2-1-g,hadgem3-gc31-ll,inm-cm4-8,inm-cm5-0,ipsl-cm6a-lr,kace-1-0-g,miroc6,miroc-es2l,mpi-esm1-2-hr,mpi-esm1-2-lr,mri-esm2-0,nesm3,noresm2-lm,noresm2-mm,ukesm1-0-ll",World Bank Climate Change Knowledge Portal (CMIP6-x0.25),,,SSP2-4.5,Mean temperature
GRD,Grenada,1.442884768191577,fractional_overlap_equal_area,hd30,ssp245,2040-2059,median,climatology,days,annual climatology of ensemble of hd30: hot days with 30 degC and higher,50.0,"access-cm2,access-esm1-5,bcc-csm2-mr,canesm5,cmcc-esm2,cnrm-cm6-1,cnrm-esm2-1,ec-earth3,ec-earth3-veg-lr,fgoals-g3,gfdl-cm4,gfdl-esm4,giss-e2-1-g,hadgem3-gc31-ll,inm-cm4-8,inm-cm5-0,ipsl-cm6a-lr,kace-1-0-g,kiost-esm,miroc6,miroc-es2l,mpi-esm1-2-hr,mpi-esm1-2-lr,mri-esm2-0,nesm3,noresm2-lm,noresm2-mm,ukesm1-0-ll",World Bank Climate Change Knowledge Portal (CMIP6-x0.25),,,SSP2-4.5,Hot days above 30°C
GRD,Grenada,1.0331885181522162,fractional_overlap_equal_area,tas,ssp245,2040-2059,median,anomaly,degC,ensemble of anomaly of Daily Near-Surface Air Temperature with reference period 1995-2014,50.0,"access-cm2,access-esm1-5,bcc-csm2-mr,canesm5,cmcc-esm2,cnrm-cm6-1,cnrm-esm2-1,ec-earth3,ec-earth3-veg-lr,fgoals-g3,gfdl-cm4,gfdl-esm4,giss-e2-1-g,hadgem3-gc31-ll,inm-cm4-8,inm-cm5-0,ipsl-cm6a-lr,kace-1-0-g,miroc6,miroc-es2l,mpi-esm1-2-hr,mpi-esm1-2-lr,mri-esm2-0,nesm3,noresm2-lm,noresm2-mm,ukesm1-0-ll",World Bank Climate Change Knowledge Portal (CMIP6-x0.25),,1995-2014,SSP2-4.5,Mean temperature
GRD,Grenada,27.441444076950912,fractional_overlap_equal_area,tas,ssp245,2040-2059,median,climatology,degC,ensemble of Daily Near-Surface Air Temperature,50.0,"access-cm2,access-esm1-5,bcc-csm2-mr,canesm5,cmcc-esm2,cnrm-cm6-1,cnrm-esm2-1,ec-earth3,ec-earth3-veg-lr,fgoals-g3,gfdl-cm4,gfdl-esm4,giss-e2-1-g,hadgem3-gc31-ll,inm-cm4-8,inm-cm5-0,ipsl-cm6a-lr,kace-1-0-g,miroc6,miroc-es2l,mpi-esm1-2-hr,mpi-esm1-2-lr,mri-esm2-0,nesm3,noresm2-lm,noresm2-mm,ukesm1-0-ll",World Bank Climate Change Knowledge Portal (CMIP6-x0.25),,,SSP2-4.5,Mean temperature
GRL,Greenland (Den.),0.0,centre_cell_mask_coslat_area_weighted,hd30,ssp245,2040-2059,median,climatology,days,annual climatology of ensemble of hd30: hot days with 30 degC and higher,50.0,"access-cm2,access-esm1-5,bcc-csm2-mr,canesm5,cmcc-esm2,cnrm-cm6-1,cnrm-esm2-1,ec-earth3,ec-earth3-veg-lr,fgoals-g3,gfdl-cm4,gfdl-esm4,giss-e2-1-g,hadgem3-gc31-ll,inm-cm4-8,inm-cm5-0,ipsl-cm6a-lr,kace-1-0-g,kiost-esm,miroc6,miroc-es2l,mpi-esm1-2-hr,mpi-esm1-2-lr,mri-esm2-0,nesm3,noresm2-lm,noresm2-mm,ukesm1-0-ll",World Bank Climate Change Knowledge Portal (CMIP6-x0.25),,,SSP2-4.5,Hot days above 30°C
GRL,Greenland (Den.),1.7103637994741177,centre_cell_mask_coslat_area_weighted,tas,ssp245,2040-2059,median,anomaly,degC,ensemble of anomaly of Daily Near-Surface Air Temperature with reference period 1995-2014,50.0,"access-cm2,access-esm1-5,bcc-csm2-mr,canesm5,cmcc-esm2,cnrm-cm6-1,cnrm-esm2-1,ec-earth3,ec-earth3-veg-lr,fgoals-g3,gfdl-cm4,gfdl-esm4,giss-e2-1-g,hadgem3-gc31-ll,inm-cm4-8,inm-cm5-0,ipsl-cm6a-lr,kace-1-0-g,miroc6,miroc-es2l,mpi-esm1-2-hr,mpi-esm1-2-lr,mri-esm2-0,nesm3,noresm2-lm,noresm2-mm,ukesm1-0-ll",World Bank Climate Change Knowledge Portal (CMIP6-x0.25),,1995-2014,SSP2-4.5,Mean temperature
GRL,Greenland (Den.),-16.510463966942343,centre_cell_mask_coslat_area_weighted,tas,ssp245,2040-2059,median,climatology,degC,ensemble of Daily Near-Surface Air Temperature,50.0,"access-cm2,access-esm1-5,bcc-csm2-mr,canesm5,cmcc-esm2,cnrm-cm6-1,cnrm-esm2-1,ec-earth3,ec-earth3-veg-lr,fgoals-g3,gfdl-cm4,gfdl-esm4,giss-e2-1-g,hadgem3-gc31-ll,inm-cm4-8,inm-cm5-0,ipsl-cm6a-lr,kace-1-0-g,miroc6,miroc-es2l,mpi-esm1-2-hr,mpi-esm1-2-lr,mri-esm2-0,nesm3,noresm2-lm,noresm2-mm,ukesm1-0-ll",World Bank Climate Change Knowledge Portal (CMIP6-x0.25),,,SSP2-4.5,Mean temperature
GTM,Guatemala,161.01148081754684,centre_cell_mask_coslat_area_weighted,hd30,ssp245,2040-2059,median,climatology,days,annual climatology of ensemble of hd30: hot days with 30 degC and higher,50.0,"access-cm2,access-esm1-5,bcc-csm2-mr,canesm5,cmcc-esm2,cnrm-cm6-1,cnrm-esm2-1,ec-earth3,ec-earth3-veg-lr,fgoals-g3,gfdl-cm4,gfdl-esm4,giss-e2-1-g,hadgem3-gc31-ll,inm-cm4-8,inm-cm5-0,ipsl-cm6a-lr,kace-1-0-g,kiost-esm,miroc6,miroc-es2l,mpi-esm1-2-hr,mpi-esm1-2-lr,mri-esm2-0,nesm3,noresm2-lm,noresm2-mm,ukesm1-0-ll",World Bank Climate Change Knowledge Portal (CMIP6-x0.25),,,SSP2-4.5,Hot days above 30°C
GTM,Guatemala,1.3591792306803225,centre_cell_mask_coslat_area_weighted,tas,ssp245,2040-2059,median,anomaly,degC,ensemble of anomaly of Daily Near-Surface Air Temperature with reference period 1995-2014,50.0,"access-cm2,access-esm1-5,bcc-csm2-mr,canesm5,cmcc-esm2,cnrm-cm6-1,cnrm-esm2-1,ec-earth3,ec-earth3-veg-lr,fgoals-g3,gfdl-cm4,gfdl-esm4,giss-e2-1-g,hadgem3-gc31-ll,inm-cm4-8,inm-cm5-0,ipsl-cm6a-lr,kace-1-0-g,miroc6,miroc-es2l,mpi-esm1-2-hr,mpi-esm1-2-lr,mri-esm2-0,nesm3,noresm2-lm,noresm2-mm,ukesm1-0-ll",World Bank Climate Change Knowledge Portal (CMIP6-x0.25),,1995-2014,SSP2-4.5,Mean temperature
GTM,Guatemala,24.666196202661162,centre_cell_mask_coslat_area_weighted,tas,ssp245,2040-2059,median,climatology,degC,ensemble of Daily Near-Surface Air Temperature,50.0,"access-cm2,access-esm1-5,bcc-csm2-mr,canesm5,cmcc-esm2,cnrm-cm6-1,cnrm-esm2-1,ec-earth3,ec-earth3-veg-lr,fgoals-g3,gfdl-cm4,gfdl-esm4,giss-e2-1-g,hadgem3-gc31-ll,inm-cm4-8,inm-cm5-0,ipsl-cm6a-lr,kace-1-0-g,miroc6,miroc-es2l,mpi-esm1-2-hr,mpi-esm1-2-lr,mri-esm2-0,nesm3,noresm2-lm,noresm2-mm,ukesm1-0-ll",World Bank Climate Change Knowledge Portal (CMIP6-x0.25),,,SSP2-4.5,Mean temperature
GUF,France,287.4909764276104,centre_cell_mask_coslat_area_weighted,hd30,ssp245,2040-2059,median,climatology,days,annual climatology of ensemble of hd30: hot days with 30 degC and higher,50.0,"access-cm2,access-esm1-5,bcc-csm2-mr,canesm5,cmcc-esm2,cnrm-cm6-1,cnrm-esm2-1,ec-earth3,ec-earth3-veg-lr,fgoals-g3,gfdl-cm4,gfdl-esm4,giss-e2-1-g,hadgem3-gc31-ll,inm-cm4-8,inm-cm5-0,ipsl-cm6a-lr,kace-1-0-g,kiost-esm,miroc6,miroc-es2l,mpi-esm1-2-hr,mpi-esm1-2-lr,mri-esm2-0,nesm3,noresm2-lm,noresm2-mm,ukesm1-0-ll",World Bank Climate Change Knowledge Portal (CMIP6-x0.25),,,SSP2-4.5,Hot days above 30°C
GUF,France,1.2888139729632724,centre_cell_mask_coslat_area_weighted,tas,ssp245,2040-2059,median,anomaly,degC,ensemble of anomaly of Daily Near-Surface Air Temperature with reference period 1995-2014,50.0,"access-cm2,access-esm1-5,bcc-csm2-mr,canesm5,cmcc-esm2,cnrm-cm6-1,cnrm-esm2-1,ec-earth3,ec-earth3-veg-lr,fgoals-g3,gfdl-cm4,gfdl-esm4,giss-e2-1-g,hadgem3-gc31-ll,inm-cm4-8,inm-cm5-0,ipsl-cm6a-lr,kace-1-0-g,miroc6,miroc-es2l,mpi-esm1-2-hr,mpi-esm1-2-lr,mri-esm2-0,nesm3,noresm2-lm,noresm2-mm,ukesm1-0-ll",World Bank Climate Change Knowledge Portal (CMIP6-x0.25),,1995-2014,SSP2-4.5,Mean temperature
GUF,France,27.745768786516834,centre_cell_mask_coslat_area_weighted,tas,ssp245,2040-2059,median,climatology,degC,ensemble of Daily Near-Surface Air Temperature,50.0,"access-cm2,access-esm1-5,bcc-csm2-mr,canesm5,cmcc-esm2,cnrm-cm6-1,cnrm-esm2-1,ec-earth3,ec-earth3-veg-lr,fgoals-g3,gfdl-cm4,gfdl-esm4,giss-e2-1-g,hadgem3-gc31-ll,inm-cm4-8,inm-cm5-0,ipsl-cm6a-lr,kace-1-0-g,miroc6,miroc-es2l,mpi-esm1-2-hr,mpi-esm1-2-lr,mri-esm2-0,nesm3,noresm2-lm,noresm2-mm,ukesm1-0-ll",World Bank Climate Change Knowledge Portal (CMIP6-x0.25),,,SSP2-4.5,Mean temperature
GUM,Guam (U.S.),3.2649659580641197,fractional_overlap_equal_area,hd30,ssp245,2040-2059,median,climatology,days,annual climatology of ensemble of hd30: hot days with 30 degC and higher,50.0,"access-cm2,access-esm1-5,bcc-csm2-mr,canesm5,cmcc-esm2,cnrm-cm6-1,cnrm-esm2-1,ec-earth3,ec-earth3-veg-lr,fgoals-g3,gfdl-cm4,gfdl-esm4,giss-e2-1-g,hadgem3-gc31-ll,inm-cm4-8,inm-cm5-0,ipsl-cm6a-lr,kace-1-0-g,kiost-esm,miroc6,miroc-es2l,mpi-esm1-2-hr,mpi-esm1-2-lr,mri-esm2-0,nesm3,noresm2-lm,noresm2-mm,ukesm1-0-ll",World Bank Climate Change Knowledge Portal (CMIP6-x0.25),,,SSP2-4.5,Hot days above 30°C
GUM,Guam (U.S.),1.0311682571493856,fractional_overlap_equal_area,tas,ssp245,2040-2059,median,anomaly,degC,ensemble of anomaly of Daily Near-Surface Air Temperature with reference period 1995-2014,50.0,"access-cm2,access-esm1-5,bcc-csm2-mr,canesm5,cmcc-esm2,cnrm-cm6-1,cnrm-esm2-1,ec-earth3,ec-earth3-veg-lr,fgoals-g3,gfdl-cm4,gfdl-esm4,giss-e2-1-g,hadgem3-gc31-ll,inm-cm4-8,inm-cm5-0,ipsl-cm6a-lr,kace-1-0-g,miroc6,miroc-es2l,mpi-esm1-2-hr,mpi-esm1-2-lr,mri-esm2-0,nesm3,noresm2-lm,noresm2-mm,ukesm1-0-ll",World Bank Climate Change Knowledge Portal (CMIP6-x0.25),,1995-2014,SSP2-4.5,Mean temperature
GUM,Guam (U.S.),28.01231283646056,fractional_overlap_equal_area,tas,ssp245,2040-2059,median,climatology,degC,ensemble of Daily Near-Surface Air Temperature,50.0,"access-cm2,access-esm1-5,bcc-csm2-mr,canesm5,cmcc-esm2,cnrm-cm6-1,cnrm-esm2-1,ec-earth3,ec-earth3-veg-lr,fgoals-g3,gfdl-cm4,gfdl-esm4,giss-e2-1-g,hadgem3-gc31-ll,inm-cm4-8,inm-cm5-0,ipsl-cm6a-lr,kace-1-0-g,miroc6,miroc-es2l,mpi-esm1-2-hr,mpi-esm1-2-lr,mri-esm2-0,nesm3,noresm2-lm,noresm2-mm,ukesm1-0-ll",World Bank Climate Change Knowledge Portal (CMIP6-x0.25),,,SSP2-4.5,Mean temperature
GUY,Guyana,250.7511868710033,centre_cell_mask_coslat_area_weighted,hd30,ssp245,2040-2059,median,climatology,days,annual climatology of ensemble of hd30: hot days with 30 degC and higher,50.0,"access-cm2,access-esm1-5,bcc-csm2-mr,canesm5,cmcc-esm2,cnrm-cm6-1,cnrm-esm2-1,ec-earth3,ec-earth3-veg-lr,fgoals-g3,gfdl-cm4,gfdl-esm4,giss-e2-1-g,hadgem3-gc31-ll,inm-cm4-8,inm-cm5-0,ipsl-cm6a-lr,kace-1-0-g,kiost-esm,miroc6,miroc-es2l,mpi-esm1-2-hr,mpi-esm1-2-lr,mri-esm2-0,nesm3,noresm2-lm,noresm2-mm,ukesm1-0-ll",World Bank Climate Change Knowledge Portal (CMIP6-x0.25),,,SSP2-4.5,Hot days above 30°C
GUY,Guyana,1.3563507411610964,centre_cell_mask_coslat_area_weighted,tas,ssp245,2040-2059,median,anomaly,degC,ensemble of anomaly of Daily Near-Surface Air Temperature with reference period 1995-2014,50.0,"access-cm2,access-esm1-5,bcc-csm2-mr,canesm5,cmcc-esm2,cnrm-cm6-1,cnrm-esm2-1,ec-earth3,ec-earth3-veg-lr,fgoals-g3,gfdl-cm4,gfdl-esm4,giss-e2-1-g,hadgem3-gc31-ll,inm-cm4-8,inm-cm5-0,ipsl-cm6a-lr,kace-1-0-g,miroc6,miroc-es2l,mpi-esm1-2-hr,mpi-esm1-2-lr,mri-esm2-0,nesm3,noresm2-lm,noresm2-mm,ukesm1-0-ll",World Bank Climate Change Knowledge Portal (CMIP6-x0.25),,1995-2014,SSP2-4.5,Mean temperature
GUY,Guyana,27.28546054728124,centre_cell_mask_coslat_area_weighted,tas,ssp245,2040-2059,median,climatology,degC,ensemble of Daily Near-Surface Air Temperature,50.0,"access-cm2,access-esm1-5,bcc-csm2-mr,canesm5,cmcc-esm2,cnrm-cm6-1,cnrm-esm2-1,ec-earth3,ec-earth3-veg-lr,fgoals-g3,gfdl-cm4,gfdl-esm4,giss-e2-1-g,hadgem3-gc31-ll,inm-cm4-8,inm-cm5-0,ipsl-cm6a-lr,kace-1-0-g,miroc6,miroc-es2l,mpi-esm1-2-hr,mpi-esm1-2-lr,mri-esm2-0,nesm3,noresm2-lm,noresm2-mm,ukesm1-0-ll",World Bank Climate Change Knowledge Portal (CMIP6-x0.25),,,SSP2-4.5,Mean temperature
HKG,"Hong Kong, SAR",107.94329311388864,centre_cell_mask_coslat_area_weighted,hd30,ssp245,2040-2059,median,climatology,days,annual climatology of ensemble of hd30: hot days with 30 degC and higher,50.0,"access-cm2,access-esm1-5,bcc-csm2-mr,canesm5,cmcc-esm2,cnrm-cm6-1,cnrm-esm2-1,ec-earth3,ec-earth3-veg-lr,fgoals-g3,gfdl-cm4,gfdl-esm4,giss-e2-1-g,hadgem3-gc31-ll,inm-cm4-8,inm-cm5-0,ipsl-cm6a-lr,kace-1-0-g,kiost-esm,miroc6,miroc-es2l,mpi-esm1-2-hr,mpi-esm1-2-lr,mri-esm2-0,nesm3,noresm2-lm,noresm2-mm,ukesm1-0-ll",World Bank Climate Change Knowledge Portal (CMIP6-x0.25),,,SSP2-4.5,Hot days above 30°C
HKG,"Hong Kong, SAR",1.2569790597031987,centre_cell_mask_coslat_area_weighted,tas,ssp245,2040-2059,median,anomaly,degC,ensemble of anomaly of Daily Near-Surface Air Temperature with reference period 1995-2014,50.0,"access-cm2,access-esm1-5,bcc-csm2-mr,canesm5,cmcc-esm2,cnrm-cm6-1,cnrm-esm2-1,ec-earth3,ec-earth3-veg-lr,fgoals-g3,gfdl-cm4,gfdl-esm4,giss-e2-1-g,hadgem3-gc31-ll,inm-cm4-8,inm-cm5-0,ipsl-cm6a-lr,kace-1-0-g,miroc6,miroc-es2l,mpi-esm1-2-hr,mpi-esm1-2-lr,mri-esm2-0,nesm3,noresm2-lm,noresm2-mm,ukesm1-0-ll",World Bank Climate Change Knowledge Portal (CMIP6-x0.25),,1995-2014,SSP2-4.5,Mean temperature
HKG,"Hong Kong, SAR",24.394114658462893,centre_cell_mask_coslat_area_weighted,tas,ssp245,2040-2059,median,climatology,degC,ensemble of Daily Near-Surface Air Temperature,50.0,"access-cm2,access-esm1-5,bcc-csm2-mr,canesm5,cmcc-esm2,cnrm-cm6-1,cnrm-esm2-1,ec-earth3,ec-earth3-veg-lr,fgoals-g3,gfdl-cm4,gfdl-esm4,giss-e2-1-g,hadgem3-gc31-ll,inm-cm4-8,inm-cm5-0,ipsl-cm6a-lr,kace-1-0-g,miroc6,miroc-es2l,mpi-esm1-2-hr,mpi-esm1-2-lr,mri-esm2-0,nesm3,noresm2-lm,noresm2-mm,ukesm1-0-ll",World Bank Climate Change Knowledge Portal (CMIP6-x0.25),,,SSP2-4.5,Mean temperature
HMD,Heard Island and McDonald Islands (Aus.),0.0,fractional_overlap_equal_area,hd30,ssp245,2040-2059,median,climatology,days,annual climatology of ensemble of hd30: hot days with 30 degC and higher,50.0,"access-cm2,access-esm1-5,bcc-csm2-mr,canesm5,cmcc-esm2,cnrm-cm6-1,cnrm-esm2-1,ec-earth3,ec-earth3-veg-lr,fgoals-g3,gfdl-cm4,gfdl-esm4,giss-e2-1-g,hadgem3-gc31-ll,inm-cm4-8,inm-cm5-0,ipsl-cm6a-lr,kace-1-0-g,kiost-esm,miroc6,miroc-es2l,mpi-esm1-2-hr,mpi-esm1-2-lr,mri-esm2-0,nesm3,noresm2-lm,noresm2-mm,ukesm1-0-ll",World Bank Climate Change Knowledge Portal (CMIP6-x0.25),,,SSP2-4.5,Hot days above 30°C
HMD,Heard Island and McDonald Islands (Aus.),0.641847908309709,fractional_overlap_equal_area,tas,ssp245,2040-2059,median,anomaly,degC,ensemble of anomaly of Daily Near-Surface Air Temperature with reference period 1995-2014,50.0,"access-cm2,access-esm1-5,bcc-csm2-mr,canesm5,cmcc-esm2,cnrm-cm6-1,cnrm-esm2-1,ec-earth3,ec-earth3-veg-lr,fgoals-g3,gfdl-cm4,gfdl-esm4,giss-e2-1-g,hadgem3-gc31-ll,inm-cm4-8,inm-cm5-0,ipsl-cm6a-lr,kace-1-0-g,miroc6,miroc-es2l,mpi-esm1-2-hr,mpi-esm1-2-lr,mri-esm2-0,nesm3,noresm2-lm,noresm2-mm,ukesm1-0-ll",World Bank Climate Change Knowledge Portal (CMIP6-x0.25),,1995-2014,SSP2-4.5,Mean temperature
HMD,Heard Island and McDonald Islands (Aus.),2.326876096595198,fractional_overlap_equal_area,tas,ssp245,2040-2059,median,climatology,degC,ensemble of Daily Near-Surface Air Temperature,50.0,"access-cm2,access-esm1-5,bcc-csm2-mr,canesm5,cmcc-esm2,cnrm-cm6-1,cnrm-esm2-1,ec-earth3,ec-earth3-veg-lr,fgoals-g3,gfdl-cm4,gfdl-esm4,giss-e2-1-g,hadgem3-gc31-ll,inm-cm4-8,inm-cm5-0,ipsl-cm6a-lr,kace-1-0-g,miroc6,miroc-es2l,mpi-esm1-2-hr,mpi-esm1-2-lr,mri-esm2-0,nesm3,noresm2-lm,noresm2-mm,ukesm1-0-ll",World Bank Climate Change Knowledge Portal (CMIP6-x0.25),,,SSP2-4.5,Mean temperature
HND,Honduras,163.79508018692275,centre_cell_mask_coslat_area_weighted,hd30,ssp245,2040-2059,median,climatology,days,annual climatology of ensemble of hd30: hot days with 30 degC and higher,50.0,"access-cm2,access-esm1-5,bcc-csm2-mr,canesm5,cmcc-esm2,cnrm-cm6-1,cnrm-esm2-1,ec-earth3,ec-earth3-veg-lr,fgoals-g3,gfdl-cm4,gfdl-esm4,giss-e2-1-g,hadgem3-gc31-ll,inm-cm4-8,inm-cm5-0,ipsl-cm6a-lr,kace-1-0-g,kiost-esm,miroc6,miroc-es2l,mpi-esm1-2-hr,mpi-esm1-2-lr,mri-esm2-0,nesm3,noresm2-lm,noresm2-mm,ukesm1-0-ll",World Bank Climate Change Knowledge Portal (CMIP6-x0.25),,,SSP2-4.5,Hot days above 30°C
HND,Honduras,1.296731283241153,centre_cell_mask_coslat_area_weighted,tas,ssp245,2040-2059,median,anomaly,degC,ensemble of anomaly of Daily Near-Surface Air Temperature with reference period 1995-2014,50.0,"access-cm2,access-esm1-5,bcc-csm2-mr,canesm5,cmcc-esm2,cnrm-cm6-1,cnrm-esm2-1,ec-earth3,ec-earth3-veg-lr,fgoals-g3,gfdl-cm4,gfdl-esm4,giss-e2-1-g,hadgem3-gc31-ll,inm-cm4-8,inm-cm5-0,ipsl-cm6a-lr,kace-1-0-g,miroc6,miroc-es2l,mpi-esm1-2-hr,mpi-esm1-2-lr,mri-esm2-0,nesm3,noresm2-lm,noresm2-mm,ukesm1-0-ll",World Bank Climate Change Knowledge Portal (CMIP6-x0.25),,1995-2014,SSP2-4.5,Mean temperature
HND,Honduras,25.273915005379312,centre_cell_mask_coslat_area_weighted,tas,ssp245,2040-2059,median,climatology,degC,ensemble of Daily Near-Surface Air Temperature,50.0,"access-cm2,access-esm1-5,bcc-csm2-mr,canesm5,cmcc-esm2,cnrm-cm6-1,cnrm-esm2-1,ec-earth3,ec-earth3-veg-lr,fgoals-g3,gfdl-cm4,gfdl-esm4,giss-e2-1-g,hadgem3-gc31-ll,inm-cm4-8,inm-cm5-0,ipsl-cm6a-lr,kace-1-0-g,miroc6,miroc-es2l,mpi-esm1-2-hr,mpi-esm1-2-lr,mri-esm2-0,nesm3,noresm2-lm,noresm2-mm,ukesm1-0-ll",World Bank Climate Change Knowledge Portal (CMIP6-x0.25),,,SSP2-4.5,Mean temperature
HRV,Croatia,38.940705906056884,centre_cell_mask_coslat_area_weighted,hd30,ssp245,2040-2059,median,climatology,days,annual climatology of ensemble of hd30: hot days with 30 degC and higher,50.0,"access-cm2,access-esm1-5,bcc-csm2-mr,canesm5,cmcc-esm2,cnrm-cm6-1,cnrm-esm2-1,ec-earth3,ec-earth3-veg-lr,fgoals-g3,gfdl-cm4,gfdl-esm4,giss-e2-1-g,hadgem3-gc31-ll,inm-cm4-8,inm-cm5-0,ipsl-cm6a-lr,kace-1-0-g,kiost-esm,miroc6,miroc-es2l,mpi-esm1-2-hr,mpi-esm1-2-lr,mri-esm2-0,nesm3,noresm2-lm,noresm2-mm,ukesm1-0-ll",World Bank Climate Change Knowledge Portal (CMIP6-x0.25),,,SSP2-4.5,Hot days above 30°C
HRV,Croatia,1.7034455180334556,centre_cell_mask_coslat_area_weighted,tas,ssp245,2040-2059,median,anomaly,degC,ensemble of anomaly of Daily Near-Surface Air Temperature with reference period 1995-2014,50.0,"access-cm2,access-esm1-5,bcc-csm2-mr,canesm5,cmcc-esm2,cnrm-cm6-1,cnrm-esm2-1,ec-earth3,ec-earth3-veg-lr,fgoals-g3,gfdl-cm4,gfdl-esm4,giss-e2-1-g,hadgem3-gc31-ll,inm-cm4-8,inm-cm5-0,ipsl-cm6a-lr,kace-1-0-g,miroc6,miroc-es2l,mpi-esm1-2-hr,mpi-esm1-2-lr,mri-esm2-0,nesm3,noresm2-lm,noresm2-mm,ukesm1-0-ll",World Bank Climate Change Knowledge Portal (CMIP6-x0.25),,1995-2014,SSP2-4.5,Mean temperature
HRV,Croatia,13.727116571551539,centre_cell_mask_coslat_area_weighted,tas,ssp245,2040-2059,median,climatology,degC,ensemble of Daily Near-Surface Air Temperature,50.0,"access-cm2,access-esm1-5,bcc-csm2-mr,canesm5,cmcc-esm2,cnrm-cm6-1,cnrm-esm2-1,ec-earth3,ec-earth3-veg-lr,fgoals-g3,gfdl-cm4,gfdl-esm4,giss-e2-1-g,hadgem3-gc31-ll,inm-cm4-8,inm-cm5-0,ipsl-cm6a-lr,kace-1-0-g,miroc6,miroc-es2l,mpi-esm1-2-hr,mpi-esm1-2-lr,mri-esm2-0,nesm3,noresm2-lm,noresm2-mm,ukesm1-0-ll",World Bank Climate Change Knowledge Portal (CMIP6-x0.25),,,SSP2-4.5,Mean temperature
HTI,Haiti,152.8069500218337,centre_cell_mask_coslat_area_weighted,hd30,ssp245,2040-2059,median,climatology,days,annual climatology of ensemble of hd30: hot days with 30 degC and higher,50.0,"access-cm2,access-esm1-5,bcc-csm2-mr,canesm5,cmcc-esm2,cnrm-cm6-1,cnrm-esm2-1,ec-earth3,ec-earth3-veg-lr,fgoals-g3,gfdl-cm4,gfdl-esm4,giss-e2-1-g,hadgem3-gc31-ll,inm-cm4-8,inm-cm5-0,ipsl-cm6a-lr,kace-1-0-g,kiost-esm,miroc6,miroc-es2l,mpi-esm1-2-hr,mpi-esm1-2-lr,mri-esm2-0,nesm3,noresm2-lm,noresm2-mm,ukesm1-0-ll",World Bank Climate Change Knowledge Portal (CMIP6-x0.25),,,SSP2-4.5,Hot days above 30°C
HTI,Haiti,1.3113312986405987,centre_cell_mask_coslat_area_weighted,tas,ssp245,2040-2059,median,anomaly,degC,ensemble of anomaly of Daily Near-Surface Air Temperature with reference period 1995-2014,50.0,"access-cm2,access-esm1-5,bcc-csm2-mr,canesm5,cmcc-esm2,cnrm-cm6-1,cnrm-esm2-1,ec-earth3,ec-earth3-veg-lr,fgoals-g3,gfdl-cm4,gfdl-esm4,giss-e2-1-g,hadgem3-gc31-ll,inm-cm4-8,inm-cm5-0,ipsl-cm6a-lr,kace-1-0-g,miroc6,miroc-es2l,mpi-esm1-2-hr,mpi-esm1-2-lr,mri-esm2-0,nesm3,noresm2-lm,noresm2-mm,ukesm1-0-ll",World Bank Climate Change Knowledge Portal (CMIP6-x0.25),,1995-2014,SSP2-4.5,Mean temperature
HTI,Haiti,26.562329024672707,centre_cell_mask_coslat_area_weighted,tas,ssp245,2040-2059,median,climatology,degC,ensemble of Daily Near-Surface Air Temperature,50.0,"access-cm2,access-esm1-5,bcc-csm2-mr,canesm5,cmcc-esm2,cnrm-cm6-1,cnrm-esm2-1,ec-earth3,ec-earth3-veg-lr,fgoals-g3,gfdl-cm4,gfdl-esm4,giss-e2-1-g,hadgem3-gc31-ll,inm-cm4-8,inm-cm5-0,ipsl-cm6a-lr,kace-1-0-g,miroc6,miroc-es2l,mpi-esm1-2-hr,mpi-esm1-2-lr,mri-esm2-0,nesm3,noresm2-lm,noresm2-mm,ukesm1-0-ll",World Bank Climate Change Knowledge Portal (CMIP6-x0.25),,,SSP2-4.5,Mean temperature
HUN,Hungary,45.917590109392634,centre_cell_mask_coslat_area_weighted,hd30,ssp245,2040-2059,median,climatology,days,annual climatology of ensemble of hd30: hot days with 30 degC and higher,50.0,"access-cm2,access-esm1-5,bcc-csm2-mr,canesm5,cmcc-esm2,cnrm-cm6-1,cnrm-esm2-1,ec-earth3,ec-earth3-veg-lr,fgoals-g3,gfdl-cm4,gfdl-esm4,giss-e2-1-g,hadgem3-gc31-ll,inm-cm4-8,inm-cm5-0,ipsl-cm6a-lr,kace-1-0-g,kiost-esm,miroc6,miroc-es2l,mpi-esm1-2-hr,mpi-esm1-2-lr,mri-esm2-0,nesm3,noresm2-lm,noresm2-mm,ukesm1-0-ll",World Bank Climate Change Knowledge Portal (CMIP6-x0.25),,,SSP2-4.5,Hot days above 30°C
HUN,Hungary,1.7327038422957537,centre_cell_mask_coslat_area_weighted,tas,ssp245,2040-2059,median,anomaly,degC,ensemble of anomaly of Daily Near-Surface Air Temperature with reference period 1995-2014,50.0,"access-cm2,access-esm1-5,bcc-csm2-mr,canesm5,cmcc-esm2,cnrm-cm6-1,cnrm-esm2-1,ec-earth3,ec-earth3-veg-lr,fgoals-g3,gfdl-cm4,gfdl-esm4,giss-e2-1-g,hadgem3-gc31-ll,inm-cm4-8,inm-cm5-0,ipsl-cm6a-lr,kace-1-0-g,miroc6,miroc-es2l,mpi-esm1-2-hr,mpi-esm1-2-lr,mri-esm2-0,nesm3,noresm2-lm,noresm2-mm,ukesm1-0-ll",World Bank Climate Change Knowledge Portal (CMIP6-x0.25),,1995-2014,SSP2-4.5,Mean temperature
HUN,Hungary,13.123912235239192,centre_cell_mask_coslat_area_weighted,tas,ssp245,2040-2059,median,climatology,degC,ensemble of Daily Near-Surface Air Temperature,50.0,"access-cm2,access-esm1-5,bcc-csm2-mr,canesm5,cmcc-esm2,cnrm-cm6-1,cnrm-esm2-1,ec-earth3,ec-earth3-veg-lr,fgoals-g3,gfdl-cm4,gfdl-esm4,giss-e2-1-g,hadgem3-gc31-ll,inm-cm4-8,inm-cm5-0,ipsl-cm6a-lr,kace-1-0-g,miroc6,miroc-es2l,mpi-esm1-2-hr,mpi-esm1-2-lr,mri-esm2-0,nesm3,noresm2-lm,noresm2-mm,ukesm1-0-ll",World Bank Climate Change Knowledge Portal (CMIP6-x0.25),,,SSP2-4.5,Mean temperature
IDN,Indonesia,200.06827282379467,centre_cell_mask_coslat_area_weighted,hd30,ssp245,2040-2059,median,climatology,days,annual climatology of ensemble of hd30: hot days with 30 degC and higher,50.0,"access-cm2,access-esm1-5,bcc-csm2-mr,canesm5,cmcc-esm2,cnrm-cm6-1,cnrm-esm2-1,ec-earth3,ec-earth3-veg-lr,fgoals-g3,gfdl-cm4,gfdl-esm4,giss-e2-1-g,hadgem3-gc31-ll,inm-cm4-8,inm-cm5-0,ipsl-cm6a-lr,kace-1-0-g,kiost-esm,miroc6,miroc-es2l,mpi-esm1-2-hr,mpi-esm1-2-lr,mri-esm2-0,nesm3,noresm2-lm,noresm2-mm,ukesm1-0-ll",World Bank Climate Change Knowledge Portal (CMIP6-x0.25),,,SSP2-4.5,Hot days above 30°C
IDN,Indonesia,1.0807961671159536,centre_cell_mask_coslat_area_weighted,tas,ssp245,2040-2059,median,anomaly,degC,ensemble of anomaly of Daily Near-Surface Air Temperature with reference period 1995-2014,50.0,"access-cm2,access-esm1-5,bcc-csm2-mr,canesm5,cmcc-esm2,cnrm-cm6-1,cnrm-esm2-1,ec-earth3,ec-earth3-veg-lr,fgoals-g3,gfdl-cm4,gfdl-esm4,giss-e2-1-g,hadgem3-gc31-ll,inm-cm4-8,inm-cm5-0,ipsl-cm6a-lr,kace-1-0-g,miroc6,miroc-es2l,mpi-esm1-2-hr,mpi-esm1-2-lr,mri-esm2-0,nesm3,noresm2-lm,noresm2-mm,ukesm1-0-ll",World Bank Climate Change Knowledge Portal (CMIP6-x0.25),,1995-2014,SSP2-4.5,Mean temperature
IDN,Indonesia,26.6237868792674,centre_cell_mask_coslat_area_weighted,tas,ssp245,2040-2059,median,climatology,degC,ensemble of Daily Near-Surface Air Temperature,50.0,"access-cm2,access-esm1-5,bcc-csm2-mr,canesm5,cmcc-esm2,cnrm-cm6-1,cnrm-esm2-1,ec-earth3,ec-earth3-veg-lr,fgoals-g3,gfdl-cm4,gfdl-esm4,giss-e2-1-g,hadgem3-gc31-ll,inm-cm4-8,inm-cm5-0,ipsl-cm6a-lr,kace-1-0-g,miroc6,miroc-es2l,mpi-esm1-2-hr,mpi-esm1-2-lr,mri-esm2-0,nesm3,noresm2-lm,noresm2-mm,ukesm1-0-ll",World Bank Climate Change Knowledge Portal (CMIP6-x0.25),,,SSP2-4.5,Mean temperature
IMN,Isle of Man (U.K.),0.0,centre_cell_mask_coslat_area_weighted,hd30,ssp245,2040-2059,median,climatology,days,annual climatology of ensemble of hd30: hot days with 30 degC and higher,50.0,"access-cm2,access-esm1-5,bcc-csm2-mr,canesm5,cmcc-esm2,cnrm-cm6-1,cnrm-esm2-1,ec-earth3,ec-earth3-veg-lr,fgoals-g3,gfdl-cm4,gfdl-esm4,giss-e2-1-g,hadgem3-gc31-ll,inm-cm4-8,inm-cm5-0,ipsl-cm6a-lr,kace-1-0-g,kiost-esm,miroc6,miroc-es2l,mpi-esm1-2-hr,mpi-esm1-2-lr,mri-esm2-0,nesm3,noresm2-lm,noresm2-mm,ukesm1-0-ll",World Bank Climate Change Knowledge Portal (CMIP6-x0.25),,,SSP2-4.5,Hot days above 30°C
IMN,Isle of Man (U.K.),0.8809999823570251,centre_cell_mask_coslat_area_weighted,tas,ssp245,2040-2059,median,anomaly,degC,ensemble of anomaly of Daily Near-Surface Air Temperature with reference period 1995-2014,50.0,"access-cm2,access-esm1-5,bcc-csm2-mr,canesm5,cmcc-esm2,cnrm-cm6-1,cnrm-esm2-1,ec-earth3,ec-earth3-veg-lr,fgoals-g3,gfdl-cm4,gfdl-esm4,giss-e2-1-g,hadgem3-gc31-ll,inm-cm4-8,inm-cm5-0,ipsl-cm6a-lr,kace-1-0-g,miroc6,miroc-es2l,mpi-esm1-2-hr,mpi-esm1-2-lr,mri-esm2-0,nesm3,noresm2-lm,noresm2-mm,ukesm1-0-ll",World Bank Climate Change Knowledge Portal (CMIP6-x0.25),,1995-2014,SSP2-4.5,Mean temperature
IMN,Isle of Man (U.K.),11.274999618530273,centre_cell_mask_coslat_area_weighted,tas,ssp245,2040-2059,median,climatology,degC,ensemble of Daily Near-Surface Air Temperature,50.0,"access-cm2,access-esm1-5,bcc-csm2-mr,canesm5,cmcc-esm2,cnrm-cm6-1,cnrm-esm2-1,ec-earth3,ec-earth3-veg-lr,fgoals-g3,gfdl-cm4,gfdl-esm4,giss-e2-1-g,hadgem3-gc31-ll,inm-cm4-8,inm-cm5-0,ipsl-cm6a-lr,kace-1-0-g,miroc6,miroc-es2l,mpi-esm1-2-hr,mpi-esm1-2-lr,mri-esm2-0,nesm3,noresm2-lm,noresm2-mm,ukesm1-0-ll",World Bank Climate Change Knowledge Portal (CMIP6-x0.25),,,SSP2-4.5,Mean temperature
IND,India,235.12996455468758,centre_cell_mask_coslat_area_weighted,hd30,ssp245,2040-2059,median,climatology,days,annual climatology of ensemble of hd30: hot days with 30 degC and higher,50.0,"access-cm2,access-esm1-5,bcc-csm2-mr,canesm5,cmcc-esm2,cnrm-cm6-1,cnrm-esm2-1,ec-earth3,ec-earth3-veg-lr,fgoals-g3,gfdl-cm4,gfdl-esm4,giss-e2-1-g,hadgem3-gc31-ll,inm-cm4-8,inm-cm5-0,ipsl-cm6a-lr,kace-1-0-g,kiost-esm,miroc6,miroc-es2l,mpi-esm1-2-hr,mpi-esm1-2-lr,mri-esm2-0,nesm3,noresm2-lm,noresm2-mm,ukesm1-0-ll",World Bank Climate Change Knowledge Portal (CMIP6-x0.25),,,SSP2-4.5,Hot days above 30°C
IND,India,1.191983179798962,centre_cell_mask_coslat_area_weighted,tas,ssp245,2040-2059,median,anomaly,degC,ensemble of anomaly of Daily Near-Surface Air Temperature with reference period 1995-2014,50.0,"access-cm2,access-esm1-5,bcc-csm2-mr,canesm5,cmcc-esm2,cnrm-cm6-1,cnrm-esm2-1,ec-earth3,ec-earth3-veg-lr,fgoals-g3,gfdl-cm4,gfdl-esm4,giss-e2-1-g,hadgem3-gc31-ll,inm-cm4-8,inm-cm5-0,ipsl-cm6a-lr,kace-1-0-g,miroc6,miroc-es2l,mpi-esm1-2-hr,mpi-esm1-2-lr,mri-esm2-0,nesm3,noresm2-lm,noresm2-mm,ukesm1-0-ll",World Bank Climate Change Knowledge Portal (CMIP6-x0.25),,1995-2014,SSP2-4.5,Mean temperature
IND,India,26.515842177573212,centre_cell_mask_coslat_area_weighted,tas,ssp245,2040-2059,median,climatology,degC,ensemble of Daily Near-Surface Air Temperature,50.0,"access-cm2,access-esm1-5,bcc-csm2-mr,canesm5,cmcc-esm2,cnrm-cm6-1,cnrm-esm2-1,ec-earth3,ec-earth3-veg-lr,fgoals-g3,gfdl-cm4,gfdl-esm4,giss-e2-1-g,hadgem3-gc31-ll,inm-cm4-8,inm-cm5-0,ipsl-cm6a-lr,kace-1-0-g,miroc6,miroc-es2l,mpi-esm1-2-hr,mpi-esm1-2-lr,mri-esm2-0,nesm3,noresm2-lm,noresm2-mm,ukesm1-0-ll",World Bank Climate Change Knowledge Portal (CMIP6-x0.25),,,SSP2-4.5,Mean temperature
IRL,Ireland,0.00031829728126739625,centre_cell_mask_coslat_area_weighted,hd30,ssp245,2040-2059,median,climatology,days,annual climatology of ensemble of hd30: hot days with 30 degC and higher,50.0,"access-cm2,access-esm1-5,bcc-csm2-mr,canesm5,cmcc-esm2,cnrm-cm6-1,cnrm-esm2-1,ec-earth3,ec-earth3-veg-lr,fgoals-g3,gfdl-cm4,gfdl-esm4,giss-e2-1-g,hadgem3-gc31-ll,inm-cm4-8,inm-cm5-0,ipsl-cm6a-lr,kace-1-0-g,kiost-esm,miroc6,miroc-es2l,mpi-esm1-2-hr,mpi-esm1-2-lr,mri-esm2-0,nesm3,noresm2-lm,noresm2-mm,ukesm1-0-ll",World Bank Climate Change Knowledge Portal (CMIP6-x0.25),,,SSP2-4.5,Hot days above 30°C
IRL,Ireland,0.8801794125877266,centre_cell_mask_coslat_area_weighted,tas,ssp245,2040-2059,median,anomaly,degC,ensemble of anomaly of Daily Near-Surface Air Temperature with reference period 1995-2014,50.0,"access-cm2,access-esm1-5,bcc-csm2-mr,canesm5,cmcc-esm2,cnrm-cm6-1,cnrm-esm2-1,ec-earth3,ec-earth3-veg-lr,fgoals-g3,gfdl-cm4,gfdl-esm4,giss-e2-1-g,hadgem3-gc31-ll,inm-cm4-8,inm-cm5-0,ipsl-cm6a-lr,kace-1-0-g,miroc6,miroc-es2l,mpi-esm1-2-hr,mpi-esm1-2-lr,mri-esm2-0,nesm3,noresm2-lm,noresm2-mm,ukesm1-0-ll",World Bank Climate Change Knowledge Portal (CMIP6-x0.25),,1995-2014,SSP2-4.5,Mean temperature
IRL,Ireland,10.769845324449202,centre_cell_mask_coslat_area_weighted,tas,ssp245,2040-2059,median,climatology,degC,ensemble of Daily Near-Surface Air Temperature,50.0,"access-cm2,access-esm1-5,bcc-csm2-mr,canesm5,cmcc-esm2,cnrm-cm6-1,cnrm-esm2-1,ec-earth3,ec-earth3-veg-lr,fgoals-g3,gfdl-cm4,gfdl-esm4,giss-e2-1-g,hadgem3-gc31-ll,inm-cm4-8,inm-cm5-0,ipsl-cm6a-lr,kace-1-0-g,miroc6,miroc-es2l,mpi-esm1-2-hr,mpi-esm1-2-lr,mri-esm2-0,nesm3,noresm2-lm,noresm2-mm,ukesm1-0-ll",World Bank Climate Change Knowledge Portal (CMIP6-x0.25),,,SSP2-4.5,Mean temperature
IRN,Islamic Republic of Iran,152.09069597210228,centre_cell_mask_coslat_area_weighted,hd30,ssp245,2040-2059,median,climatology,days,annual climatology of ensemble of hd30: hot days with 30 degC and higher,50.0,"access-cm2,access-esm1-5,bcc-csm2-mr,canesm5,cmcc-esm2,cnrm-cm6-1,cnrm-esm2-1,ec-earth3,ec-earth3-veg-lr,fgoals-g3,gfdl-cm4,gfdl-esm4,giss-e2-1-g,hadgem3-gc31-ll,inm-cm4-8,inm-cm5-0,ipsl-cm6a-lr,kace-1-0-g,kiost-esm,miroc6,miroc-es2l,mpi-esm1-2-hr,mpi-esm1-2-lr,mri-esm2-0,nesm3,noresm2-lm,noresm2-mm,ukesm1-0-ll",World Bank Climate Change Knowledge Portal (CMIP6-x0.25),,,SSP2-4.5,Hot days above 30°C
IRN,Islamic Republic of Iran,1.8977008899676668,centre_cell_mask_coslat_area_weighted,tas,ssp245,2040-2059,median,anomaly,degC,ensemble of anomaly of Daily Near-Surface Air Temperature with reference period 1995-2014,50.0,"access-cm2,access-esm1-5,bcc-csm2-mr,canesm5,cmcc-esm2,cnrm-cm6-1,cnrm-esm2-1,ec-earth3,ec-earth3-veg-lr,fgoals-g3,gfdl-cm4,gfdl-esm4,giss-e2-1-g,hadgem3-gc31-ll,inm-cm4-8,inm-cm5-0,ipsl-cm6a-lr,kace-1-0-g,miroc6,miroc-es2l,mpi-esm1-2-hr,mpi-esm1-2-lr,mri-esm2-0,nesm3,noresm2-lm,noresm2-mm,ukesm1-0-ll",World Bank Climate Change Knowledge Portal (CMIP6-x0.25),,1995-2014,SSP2-4.5,Mean temperature
IRN,Islamic Republic of Iran,19.747385727246133,centre_cell_mask_coslat_area_weighted,tas,ssp245,2040-2059,median,climatology,degC,ensemble of Daily Near-Surface Air Temperature,50.0,"access-cm2,access-esm1-5,bcc-csm2-mr,canesm5,cmcc-esm2,cnrm-cm6-1,cnrm-esm2-1,ec-earth3,ec-earth3-veg-lr,fgoals-g3,gfdl-cm4,gfdl-esm4,giss-e2-1-g,hadgem3-gc31-ll,inm-cm4-8,inm-cm5-0,ipsl-cm6a-lr,kace-1-0-g,miroc6,miroc-es2l,mpi-esm1-2-hr,mpi-esm1-2-lr,mri-esm2-0,nesm3,noresm2-lm,noresm2-mm,ukesm1-0-ll",World Bank Climate Change Knowledge Portal (CMIP6-x0.25),,,SSP2-4.5,Mean temperature
IRQ,Iraq,196.12034452684435,centre_cell_mask_coslat_area_weighted,hd30,ssp245,2040-2059,median,climatology,days,annual climatology of ensemble of hd30: hot days with 30 degC and higher,50.0,"access-cm2,access-esm1-5,bcc-csm2-mr,canesm5,cmcc-esm2,cnrm-cm6-1,cnrm-esm2-1,ec-earth3,ec-earth3-veg-lr,fgoals-g3,gfdl-cm4,gfdl-esm4,giss-e2-1-g,hadgem3-gc31-ll,inm-cm4-8,inm-cm5-0,ipsl-cm6a-lr,kace-1-0-g,kiost-esm,miroc6,miroc-es2l,mpi-esm1-2-hr,mpi-esm1-2-lr,mri-esm2-0,nesm3,noresm2-lm,noresm2-mm,ukesm1-0-ll",World Bank Climate Change Knowledge Portal (CMIP6-x0.25),,,SSP2-4.5,Hot days above 30°C
IRQ,Iraq,1.8971725402188102,centre_cell_mask_coslat_area_weighted,tas,ssp245,2040-2059,median,anomaly,degC,ensemble of anomaly of Daily Near-Surface Air Temperature with reference period 1995-2014,50.0,"access-cm2,access-esm1-5,bcc-csm2-mr,canesm5,cmcc-esm2,cnrm-cm6-1,cnrm-esm2-1,ec-earth3,ec-earth3-veg-lr,fgoals-g3,gfdl-cm4,gfdl-esm4,giss-e2-1-g,hadgem3-gc31-ll,inm-cm4-8,inm-cm5-0,ipsl-cm6a-lr,kace-1-0-g,miroc6,miroc-es2l,mpi-esm1-2-hr,mpi-esm1-2-lr,mri-esm2-0,nesm3,noresm2-lm,noresm2-mm,ukesm1-0-ll",World Bank Climate Change Knowledge Portal (CMIP6-x0.25),,1995-2014,SSP2-4.5,Mean temperature
IRQ,Iraq,24.624039300481293,centre_cell_mask_coslat_area_weighted,tas,ssp245,2040-2059,median,climatology,degC,ensemble of Daily Near-Surface Air Temperature,50.0,"access-cm2,access-esm1-5,bcc-csm2-mr,canesm5,cmcc-esm2,cnrm-cm6-1,cnrm-esm2-1,ec-earth3,ec-earth3-veg-lr,fgoals-g3,gfdl-cm4,gfdl-esm4,giss-e2-1-g,hadgem3-gc31-ll,inm-cm4-8,inm-cm5-0,ipsl-cm6a-lr,kace-1-0-g,miroc6,miroc-es2l,mpi-esm1-2-hr,mpi-esm1-2-lr,mri-esm2-0,nesm3,noresm2-lm,noresm2-mm,ukesm1-0-ll",World Bank Climate Change Knowledge Portal (CMIP6-x0.25),,,SSP2-4.5,Mean temperature
ISL,Iceland,0.0,centre_cell_mask_coslat_area_weighted,hd30,ssp245,2040-2059,median,climatology,days,annual climatology of ensemble of hd30: hot days with 30 degC and higher,50.0,"access-cm2,access-esm1-5,bcc-csm2-mr,canesm5,cmcc-esm2,cnrm-cm6-1,cnrm-esm2-1,ec-earth3,ec-earth3-veg-lr,fgoals-g3,gfdl-cm4,gfdl-esm4,giss-e2-1-g,hadgem3-gc31-ll,inm-cm4-8,inm-cm5-0,ipsl-cm6a-lr,kace-1-0-g,kiost-esm,miroc6,miroc-es2l,mpi-esm1-2-hr,mpi-esm1-2-lr,mri-esm2-0,nesm3,noresm2-lm,noresm2-mm,ukesm1-0-ll",World Bank Climate Change Knowledge Portal (CMIP6-x0.25),,,SSP2-4.5,Hot days above 30°C
ISL,Iceland,1.4035889286413252,centre_cell_mask_coslat_area_weighted,tas,ssp245,2040-2059,median,anomaly,degC,ensemble of anomaly of Daily Near-Surface Air Temperature with reference period 1995-2014,50.0,"access-cm2,access-esm1-5,bcc-csm2-mr,canesm5,cmcc-esm2,cnrm-cm6-1,cnrm-esm2-1,ec-earth3,ec-earth3-veg-lr,fgoals-g3,gfdl-cm4,gfdl-esm4,giss-e2-1-g,hadgem3-gc31-ll,inm-cm4-8,inm-cm5-0,ipsl-cm6a-lr,kace-1-0-g,miroc6,miroc-es2l,mpi-esm1-2-hr,mpi-esm1-2-lr,mri-esm2-0,nesm3,noresm2-lm,noresm2-mm,ukesm1-0-ll",World Bank Climate Change Knowledge Portal (CMIP6-x0.25),,1995-2014,SSP2-4.5,Mean temperature
ISL,Iceland,2.4273991714027425,centre_cell_mask_coslat_area_weighted,tas,ssp245,2040-2059,median,climatology,degC,ensemble of Daily Near-Surface Air Temperature,50.0,"access-cm2,access-esm1-5,bcc-csm2-mr,canesm5,cmcc-esm2,cnrm-cm6-1,cnrm-esm2-1,ec-earth3,ec-earth3-veg-lr,fgoals-g3,gfdl-cm4,gfdl-esm4,giss-e2-1-g,hadgem3-gc31-ll,inm-cm4-8,inm-cm5-0,ipsl-cm6a-lr,kace-1-0-g,miroc6,miroc-es2l,mpi-esm1-2-hr,mpi-esm1-2-lr,mri-esm2-0,nesm3,noresm2-lm,noresm2-mm,ukesm1-0-ll",World Bank Climate Change Knowledge Portal (CMIP6-x0.25),,,SSP2-4.5,Mean temperature
ISR,Israel,159.85449728715977,centre_cell_mask_coslat_area_weighted,hd30,ssp245,2040-2059,median,climatology,days,annual climatology of ensemble of hd30: hot days with 30 degC and higher,50.0,"access-cm2,access-esm1-5,bcc-csm2-mr,canesm5,cmcc-esm2,cnrm-cm6-1,cnrm-esm2-1,ec-earth3,ec-earth3-veg-lr,fgoals-g3,gfdl-cm4,gfdl-esm4,giss-e2-1-g,hadgem3-gc31-ll,inm-cm4-8,inm-cm5-0,ipsl-cm6a-lr,kace-1-0-g,kiost-esm,miroc6,miroc-es2l,mpi-esm1-2-hr,mpi-esm1-2-lr,mri-esm2-0,nesm3,noresm2-lm,noresm2-mm,ukesm1-0-ll",World Bank Climate Change Knowledge Portal (CMIP6-x0.25),,,SSP2-4.5,Hot days above 30°C
ISR,Israel,1.6314105873364284,centre_cell_mask_coslat_area_weighted,tas,ssp245,2040-2059,median,anomaly,degC,ensemble of anomaly of Daily Near-Surface Air Temperature with reference period 1995-2014,50.0,"access-cm2,access-esm1-5,bcc-csm2-mr,canesm5,cmcc-esm2,cnrm-cm6-1,cnrm-esm2-1,ec-earth3,ec-earth3-veg-lr,fgoals-g3,gfdl-cm4,gfdl-esm4,giss-e2-1-g,hadgem3-gc31-ll,inm-cm4-8,inm-cm5-0,ipsl-cm6a-lr,kace-1-0-g,miroc6,miroc-es2l,mpi-esm1-2-hr,mpi-esm1-2-lr,mri-esm2-0,nesm3,noresm2-lm,noresm2-mm,ukesm1-0-ll",World Bank Climate Change Knowledge Portal (CMIP6-x0.25),,1995-2014,SSP2-4.5,Mean temperature
ISR,Israel,22.08859899534232,centre_cell_mask_coslat_area_weighted,tas,ssp245,2040-2059,median,climatology,degC,ensemble of Daily Near-Surface Air Temperature,50.0,"access-cm2,access-esm1-5,bcc-csm2-mr,canesm5,cmcc-esm2,cnrm-cm6-1,cnrm-esm2-1,ec-earth3,ec-earth3-veg-lr,fgoals-g3,gfdl-cm4,gfdl-esm4,giss-e2-1-g,hadgem3-gc31-ll,inm-cm4-8,inm-cm5-0,ipsl-cm6a-lr,kace-1-0-g,miroc6,miroc-es2l,mpi-esm1-2-hr,mpi-esm1-2-lr,mri-esm2-0,nesm3,noresm2-lm,noresm2-mm,ukesm1-0-ll",World Bank Climate Change Knowledge Portal (CMIP6-x0.25),,,SSP2-4.5,Mean temperature
ITA,Italy,39.861791103600474,centre_cell_mask_coslat_area_weighted,hd30,ssp245,2040-2059,median,climatology,days,annual climatology of ensemble of hd30: hot days with 30 degC and higher,50.0,"access-cm2,access-esm1-5,bcc-csm2-mr,canesm5,cmcc-esm2,cnrm-cm6-1,cnrm-esm2-1,ec-earth3,ec-earth3-veg-lr,fgoals-g3,gfdl-cm4,gfdl-esm4,giss-e2-1-g,hadgem3-gc31-ll,inm-cm4-8,inm-cm5-0,ipsl-cm6a-lr,kace-1-0-g,kiost-esm,miroc6,miroc-es2l,mpi-esm1-2-hr,mpi-esm1-2-lr,mri-esm2-0,nesm3,noresm2-lm,noresm2-mm,ukesm1-0-ll",World Bank Climate Change Knowledge Portal (CMIP6-x0.25),,,SSP2-4.5,Hot days above 30°C
ITA,Italy,1.6565479986020604,centre_cell_mask_coslat_area_weighted,tas,ssp245,2040-2059,median,anomaly,degC,ensemble of anomaly of Daily Near-Surface Air Temperature with reference period 1995-2014,50.0,"access-cm2,access-esm1-5,bcc-csm2-mr,canesm5,cmcc-esm2,cnrm-cm6-1,cnrm-esm2-1,ec-earth3,ec-earth3-veg-lr,fgoals-g3,gfdl-cm4,gfdl-esm4,giss-e2-1-g,hadgem3-gc31-ll,inm-cm4-8,inm-cm5-0,ipsl-cm6a-lr,kace-1-0-g,miroc6,miroc-es2l,mpi-esm1-2-hr,mpi-esm1-2-lr,mri-esm2-0,nesm3,noresm2-lm,noresm2-mm,ukesm1-0-ll",World Bank Climate Change Knowledge Portal (CMIP6-x0.25),,1995-2014,SSP2-4.5,Mean temperature
ITA,Italy,14.587406937724852,centre_cell_mask_coslat_area_weighted,tas,ssp245,2040-2059,median,climatology,degC,ensemble of Daily Near-Surface Air Temperature,50.0,"access-cm2,access-esm1-5,bcc-csm2-mr,canesm5,cmcc-esm2,cnrm-cm6-1,cnrm-esm2-1,ec-earth3,ec-earth3-veg-lr,fgoals-g3,gfdl-cm4,gfdl-esm4,giss-e2-1-g,hadgem3-gc31-ll,inm-cm4-8,inm-cm5-0,ipsl-cm6a-lr,kace-1-0-g,miroc6,miroc-es2l,mpi-esm1-2-hr,mpi-esm1-2-lr,mri-esm2-0,nesm3,noresm2-lm,noresm2-mm,ukesm1-0-ll",World Bank Climate Change Knowledge Portal (CMIP6-x0.25),,,SSP2-4.5,Mean temperature
JAM,Jamaica,172.1148004877821,centre_cell_mask_coslat_area_weighted,hd30,ssp245,2040-2059,median,climatology,days,annual climatology of ensemble of hd30: hot days with 30 degC and higher,50.0,"access-cm2,access-esm1-5,bcc-csm2-mr,canesm5,cmcc-esm2,cnrm-cm6-1,cnrm-esm2-1,ec-earth3,ec-earth3-veg-lr,fgoals-g3,gfdl-cm4,gfdl-esm4,giss-e2-1-g,hadgem3-gc31-ll,inm-cm4-8,inm-cm5-0,ipsl-cm6a-lr,kace-1-0-g,kiost-esm,miroc6,miroc-es2l,mpi-esm1-2-hr,mpi-esm1-2-lr,mri-esm2-0,nesm3,noresm2-lm,noresm2-mm,ukesm1-0-ll",World Bank Climate Change Knowledge Portal (CMIP6-x0.25),,,SSP2-4.5,Hot days above 30°C
JAM,Jamaica,1.171853314854899,centre_cell_mask_coslat_area_weighted,tas,ssp245,2040-2059,median,anomaly,degC,ensemble of anomaly of Daily Near-Surface Air Temperature with reference period 1995-2014,50.0,"access-cm2,access-esm1-5,bcc-csm2-mr,canesm5,cmcc-esm2,cnrm-cm6-1,cnrm-esm2-1,ec-earth3,ec-earth3-veg-lr,fgoals-g3,gfdl-cm4,gfdl-esm4,giss-e2-1-g,hadgem3-gc31-ll,inm-cm4-8,inm-cm5-0,ipsl-cm6a-lr,kace-1-0-g,miroc6,miroc-es2l,mpi-esm1-2-hr,mpi-esm1-2-lr,mri-esm2-0,nesm3,noresm2-lm,noresm2-mm,ukesm1-0-ll",World Bank Climate Change Knowledge Portal (CMIP6-x0.25),,1995-2014,SSP2-4.5,Mean temperature
JAM,Jamaica,26.946050620133157,centre_cell_mask_coslat_area_weighted,tas,ssp245,2040-2059,median,climatology,degC,ensemble of Daily Near-Surface Air Temperature,50.0,"access-cm2,access-esm1-5,bcc-csm2-mr,canesm5,cmcc-esm2,cnrm-cm6-1,cnrm-esm2-1,ec-earth3,ec-earth3-veg-lr,fgoals-g3,gfdl-cm4,gfdl-esm4,giss-e2-1-g,hadgem3-gc31-ll,inm-cm4-8,inm-cm5-0,ipsl-cm6a-lr,kace-1-0-g,miroc6,miroc-es2l,mpi-esm1-2-hr,mpi-esm1-2-lr,mri-esm2-0,nesm3,noresm2-lm,noresm2-mm,ukesm1-0-ll",World Bank Climate Change Knowledge Portal (CMIP6-x0.25),,,SSP2-4.5,Mean temperature
JEY,Jersey (U.K.),0.0,centre_cell_mask_coslat_area_weighted,hd30,ssp245,2040-2059,median,climatology,days,annual climatology of ensemble of hd30: hot days with 30 degC and higher,50.0,"access-cm2,access-esm1-5,bcc-csm2-mr,canesm5,cmcc-esm2,cnrm-cm6-1,cnrm-esm2-1,ec-earth3,ec-earth3-veg-lr,fgoals-g3,gfdl-cm4,gfdl-esm4,giss-e2-1-g,hadgem3-gc31-ll,inm-cm4-8,inm-cm5-0,ipsl-cm6a-lr,kace-1-0-g,kiost-esm,miroc6,miroc-es2l,mpi-esm1-2-hr,mpi-esm1-2-lr,mri-esm2-0,nesm3,noresm2-lm,noresm2-mm,ukesm1-0-ll",World Bank Climate Change Knowledge Portal (CMIP6-x0.25),,,SSP2-4.5,Hot days above 30°C
JEY,Jersey (U.K.),1.1299999952316284,centre_cell_mask_coslat_area_weighted,tas,ssp245,2040-2059,median,anomaly,degC,ensemble of anomaly of Daily Near-Surface Air Temperature with reference period 1995-2014,50.0,"access-cm2,access-esm1-5,bcc-csm2-mr,canesm5,cmcc-esm2,cnrm-cm6-1,cnrm-esm2-1,ec-earth3,ec-earth3-veg-lr,fgoals-g3,gfdl-cm4,gfdl-esm4,giss-e2-1-g,hadgem3-gc31-ll,inm-cm4-8,inm-cm5-0,ipsl-cm6a-lr,kace-1-0-g,miroc6,miroc-es2l,mpi-esm1-2-hr,mpi-esm1-2-lr,mri-esm2-0,nesm3,noresm2-lm,noresm2-mm,ukesm1-0-ll",World Bank Climate Change Knowledge Portal (CMIP6-x0.25),,1995-2014,SSP2-4.5,Mean temperature
JEY,Jersey (U.K.),13.196999549865723,centre_cell_mask_coslat_area_weighted,tas,ssp245,2040-2059,median,climatology,degC,ensemble of Daily Near-Surface Air Temperature,50.0,"access-cm2,access-esm1-5,bcc-csm2-mr,canesm5,cmcc-esm2,cnrm-cm6-1,cnrm-esm2-1,ec-earth3,ec-earth3-veg-lr,fgoals-g3,gfdl-cm4,gfdl-esm4,giss-e2-1-g,hadgem3-gc31-ll,inm-cm4-8,inm-cm5-0,ipsl-cm6a-lr,kace-1-0-g,miroc6,miroc-es2l,mpi-esm1-2-hr,mpi-esm1-2-lr,mri-esm2-0,nesm3,noresm2-lm,noresm2-mm,ukesm1-0-ll",World Bank Climate Change Knowledge Portal (CMIP6-x0.25),,,SSP2-4.5,Mean temperature
JOR,Jordan,167.9504656960702,centre_cell_mask_coslat_area_weighted,hd30,ssp245,2040-2059,median,climatology,days,annual climatology of ensemble of hd30: hot days with 30 degC and higher,50.0,"access-cm2,access-esm1-5,bcc-csm2-mr,canesm5,cmcc-esm2,cnrm-cm6-1,cnrm-esm2-1,ec-earth3,ec-earth3-veg-lr,fgoals-g3,gfdl-cm4,gfdl-esm4,giss-e2-1-g,hadgem3-gc31-ll,inm-cm4-8,inm-cm5-0,ipsl-cm6a-lr,kace-1-0-g,kiost-esm,miroc6,miroc-es2l,mpi-esm1-2-hr,mpi-esm1-2-lr,mri-esm2-0,nesm3,noresm2-lm,noresm2-mm,ukesm1-0-ll",World Bank Climate Change Knowledge Portal (CMIP6-x0.25),,,SSP2-4.5,Hot days above 30°C
JOR,Jordan,1.7778725545936294,centre_cell_mask_coslat_area_weighted,tas,ssp245,2040-2059,median,anomaly,degC,ensemble of anomaly of Daily Near-Surface Air Temperature with reference period 1995-2014,50.0,"access-cm2,access-esm1-5,bcc-csm2-mr,canesm5,cmcc-esm2,cnrm-cm6-1,cnrm-esm2-1,ec-earth3,ec-earth3-veg-lr,fgoals-g3,gfdl-cm4,gfdl-esm4,giss-e2-1-g,hadgem3-gc31-ll,inm-cm4-8,inm-cm5-0,ipsl-cm6a-lr,kace-1-0-g,miroc6,miroc-es2l,mpi-esm1-2-hr,mpi-esm1-2-lr,mri-esm2-0,nesm3,noresm2-lm,noresm2-mm,ukesm1-0-ll",World Bank Climate Change Knowledge Portal (CMIP6-x0.25),,1995-2014,SSP2-4.5,Mean temperature
JOR,Jordan,21.079717140758174,centre_cell_mask_coslat_area_weighted,tas,ssp245,2040-2059,median,climatology,degC,ensemble of Daily Near-Surface Air Temperature,50.0,"access-cm2,access-esm1-5,bcc-csm2-mr,canesm5,cmcc-esm2,cnrm-cm6-1,cnrm-esm2-1,ec-earth3,ec-earth3-veg-lr,fgoals-g3,gfdl-cm4,gfdl-esm4,giss-e2-1-g,hadgem3-gc31-ll,inm-cm4-8,inm-cm5-0,ipsl-cm6a-lr,kace-1-0-g,miroc6,miroc-es2l,mpi-esm1-2-hr,mpi-esm1-2-lr,mri-esm2-0,nesm3,noresm2-lm,noresm2-mm,ukesm1-0-ll",World Bank Climate Change Knowledge Portal (CMIP6-x0.25),,,SSP2-4.5,Mean temperature
JPN,Japan,25.640084452567567,centre_cell_mask_coslat_area_weighted,hd30,ssp245,2040-2059,median,climatology,days,annual climatology of ensemble of hd30: hot days with 30 degC and higher,50.0,"access-cm2,access-esm1-5,bcc-csm2-mr,canesm5,cmcc-esm2,cnrm-cm6-1,cnrm-esm2-1,ec-earth3,ec-earth3-veg-lr,fgoals-g3,gfdl-cm4,gfdl-esm4,giss-e2-1-g,hadgem3-gc31-ll,inm-cm4-8,inm-cm5-0,ipsl-cm6a-lr,kace-1-0-g,kiost-esm,miroc6,miroc-es2l,mpi-esm1-2-hr,mpi-esm1-2-lr,mri-esm2-0,nesm3,noresm2-lm,noresm2-mm,ukesm1-0-ll",World Bank Climate Change Knowledge Portal (CMIP6-x0.25),,,SSP2-4.5,Hot days above 30°C
JPN,Japan,1.6614931052151136,centre_cell_mask_coslat_area_weighted,tas,ssp245,2040-2059,median,anomaly,degC,ensemble of anomaly of Daily Near-Surface Air Temperature with reference period 1995-2014,50.0,"access-cm2,access-esm1-5,bcc-csm2-mr,canesm5,cmcc-esm2,cnrm-cm6-1,cnrm-esm2-1,ec-earth3,ec-earth3-veg-lr,fgoals-g3,gfdl-cm4,gfdl-esm4,giss-e2-1-g,hadgem3-gc31-ll,inm-cm4-8,inm-cm5-0,ipsl-cm6a-lr,kace-1-0-g,miroc6,miroc-es2l,mpi-esm1-2-hr,mpi-esm1-2-lr,mri-esm2-0,nesm3,noresm2-lm,noresm2-mm,ukesm1-0-ll",World Bank Climate Change Knowledge Portal (CMIP6-x0.25),,1995-2014,SSP2-4.5,Mean temperature
JPN,Japan,13.980930640859663,centre_cell_mask_coslat_area_weighted,tas,ssp245,2040-2059,median,climatology,degC,ensemble of Daily Near-Surface Air Temperature,50.0,"access-cm2,access-esm1-5,bcc-csm2-mr,canesm5,cmcc-esm2,cnrm-cm6-1,cnrm-esm2-1,ec-earth3,ec-earth3-veg-lr,fgoals-g3,gfdl-cm4,gfdl-esm4,giss-e2-1-g,hadgem3-gc31-ll,inm-cm4-8,inm-cm5-0,ipsl-cm6a-lr,kace-1-0-g,miroc6,miroc-es2l,mpi-esm1-2-hr,mpi-esm1-2-lr,mri-esm2-0,nesm3,noresm2-lm,noresm2-mm,ukesm1-0-ll",World Bank Climate Change Knowledge Portal (CMIP6-x0.25),,,SSP2-4.5,Mean temperature
KAZ,Kazakhstan,65.6570395201162,centre_cell_mask_coslat_area_weighted,hd30,ssp245,2040-2059,median,climatology,days,annual climatology of ensemble of hd30: hot days with 30 degC and higher,50.0,"access-cm2,access-esm1-5,bcc-csm2-mr,canesm5,cmcc-esm2,cnrm-cm6-1,cnrm-esm2-1,ec-earth3,ec-earth3-veg-lr,fgoals-g3,gfdl-cm4,gfdl-esm4,giss-e2-1-g,hadgem3-gc31-ll,inm-cm4-8,inm-cm5-0,ipsl-cm6a-lr,kace-1-0-g,kiost-esm,miroc6,miroc-es2l,mpi-esm1-2-hr,mpi-esm1-2-lr,mri-esm2-0,nesm3,noresm2-lm,noresm2-mm,ukesm1-0-ll",World Bank Climate Change Knowledge Portal (CMIP6-x0.25),,,SSP2-4.5,Hot days above 30°C
KAZ,Kazakhstan,1.8525364376853455,centre_cell_mask_coslat_area_weighted,tas,ssp245,2040-2059,median,anomaly,degC,ensemble of anomaly of Daily Near-Surface Air Temperature with reference period 1995-2014,50.0,"access-cm2,access-esm1-5,bcc-csm2-mr,canesm5,cmcc-esm2,cnrm-cm6-1,cnrm-esm2-1,ec-earth3,ec-earth3-veg-lr,fgoals-g3,gfdl-cm4,gfdl-esm4,giss-e2-1-g,hadgem3-gc31-ll,inm-cm4-8,inm-cm5-0,ipsl-cm6a-lr,kace-1-0-g,miroc6,miroc-es2l,mpi-esm1-2-hr,mpi-esm1-2-lr,mri-esm2-0,nesm3,noresm2-lm,noresm2-mm,ukesm1-0-ll",World Bank Climate Change Knowledge Portal (CMIP6-x0.25),,1995-2014,SSP2-4.5,Mean temperature
KAZ,Kazakhstan,8.65741340232962,centre_cell_mask_coslat_area_weighted,tas,ssp245,2040-2059,median,climatology,degC,ensemble of Daily Near-Surface Air Temperature,50.0,"access-cm2,access-esm1-5,bcc-csm2-mr,canesm5,cmcc-esm2,cnrm-cm6-1,cnrm-esm2-1,ec-earth3,ec-earth3-veg-lr,fgoals-g3,gfdl-cm4,gfdl-esm4,giss-e2-1-g,hadgem3-gc31-ll,inm-cm4-8,inm-cm5-0,ipsl-cm6a-lr,kace-1-0-g,miroc6,miroc-es2l,mpi-esm1-2-hr,mpi-esm1-2-lr,mri-esm2-0,nesm3,noresm2-lm,noresm2-mm,ukesm1-0-ll",World Bank Climate Change Knowledge Portal (CMIP6-x0.25),,,SSP2-4.5,Mean temperature
KEN,Kenya,246.28267856330032,centre_cell_mask_coslat_area_weighted,hd30,ssp245,2040-2059,median,climatology,days,annual climatology of ensemble of hd30: hot days with 30 degC and higher,50.0,"access-cm2,access-esm1-5,bcc-csm2-mr,canesm5,cmcc-esm2,cnrm-cm6-1,cnrm-esm2-1,ec-earth3,ec-earth3-veg-lr,fgoals-g3,gfdl-cm4,gfdl-esm4,giss-e2-1-g,hadgem3-gc31-ll,inm-cm4-8,inm-cm5-0,ipsl-cm6a-lr,kace-1-0-g,kiost-esm,miroc6,miroc-es2l,mpi-esm1-2-hr,mpi-esm1-2-lr,mri-esm2-0,nesm3,noresm2-lm,noresm2-mm,ukesm1-0-ll",World Bank Climate Change Knowledge Portal (CMIP6-x0.25),,,SSP2-4.5,Hot days above 30°C
KEN,Kenya,1.1820228924070495,centre_cell_mask_coslat_area_weighted,tas,ssp245,2040-2059,median,anomaly,degC,ensemble of anomaly of Daily Near-Surface Air Temperature with reference period 1995-2014,50.0,"access-cm2,access-esm1-5,bcc-csm2-mr,canesm5,cmcc-esm2,cnrm-cm6-1,cnrm-esm2-1,ec-earth3,ec-earth3-veg-lr,fgoals-g3,gfdl-cm4,gfdl-esm4,giss-e2-1-g,hadgem3-gc31-ll,inm-cm4-8,inm-cm5-0,ipsl-cm6a-lr,kace-1-0-g,miroc6,miroc-es2l,mpi-esm1-2-hr,mpi-esm1-2-lr,mri-esm2-0,nesm3,noresm2-lm,noresm2-mm,ukesm1-0-ll",World Bank Climate Change Knowledge Portal (CMIP6-x0.25),,1995-2014,SSP2-4.5,Mean temperature
KEN,Kenya,26.625661437306345,centre_cell_mask_coslat_area_weighted,tas,ssp245,2040-2059,median,climatology,degC,ensemble of Daily Near-Surface Air Temperature,50.0,"access-cm2,access-esm1-5,bcc-csm2-mr,canesm5,cmcc-esm2,cnrm-cm6-1,cnrm-esm2-1,ec-earth3,ec-earth3-veg-lr,fgoals-g3,gfdl-cm4,gfdl-esm4,giss-e2-1-g,hadgem3-gc31-ll,inm-cm4-8,inm-cm5-0,ipsl-cm6a-lr,kace-1-0-g,miroc6,miroc-es2l,mpi-esm1-2-hr,mpi-esm1-2-lr,mri-esm2-0,nesm3,noresm2-lm,noresm2-mm,ukesm1-0-ll",World Bank Climate Change Knowledge Portal (CMIP6-x0.25),,,SSP2-4.5,Mean temperature
KGZ,Kyrgyz Republic,6.776368895256449,centre_cell_mask_coslat_area_weighted,hd30,ssp245,2040-2059,median,climatology,days,annual climatology of ensemble of hd30: hot days with 30 degC and higher,50.0,"access-cm2,access-esm1-5,bcc-csm2-mr,canesm5,cmcc-esm2,cnrm-cm6-1,cnrm-esm2-1,ec-earth3,ec-earth3-veg-lr,fgoals-g3,gfdl-cm4,gfdl-esm4,giss-e2-1-g,hadgem3-gc31-ll,inm-cm4-8,inm-cm5-0,ipsl-cm6a-lr,kace-1-0-g,kiost-esm,miroc6,miroc-es2l,mpi-esm1-2-hr,mpi-esm1-2-lr,mri-esm2-0,nesm3,noresm2-lm,noresm2-mm,ukesm1-0-ll",World Bank Climate Change Knowledge Portal (CMIP6-x0.25),,,SSP2-4.5,Hot days above 30°C
KGZ,Kyrgyz Republic,1.899575049377563,centre_cell_mask_coslat_area_weighted,tas,ssp245,2040-2059,median,anomaly,degC,ensemble of anomaly of Daily Near-Surface Air Temperature with reference period 1995-2014,50.0,"access-cm2,access-esm1-5,bcc-csm2-mr,canesm5,cmcc-esm2,cnrm-cm6-1,cnrm-esm2-1,ec-earth3,ec-earth3-veg-lr,fgoals-g3,gfdl-cm4,gfdl-esm4,giss-e2-1-g,hadgem3-gc31-ll,inm-cm4-8,inm-cm5-0,ipsl-cm6a-lr,kace-1-0-g,miroc6,miroc-es2l,mpi-esm1-2-hr,mpi-esm1-2-lr,mri-esm2-0,nesm3,noresm2-lm,noresm2-mm,ukesm1-0-ll",World Bank Climate Change Knowledge Portal (CMIP6-x0.25),,1995-2014,SSP2-4.5,Mean temperature
KGZ,Kyrgyz Republic,2.4286009055704665,centre_cell_mask_coslat_area_weighted,tas,ssp245,2040-2059,median,climatology,degC,ensemble of Daily Near-Surface Air Temperature,50.0,"access-cm2,access-esm1-5,bcc-csm2-mr,canesm5,cmcc-esm2,cnrm-cm6-1,cnrm-esm2-1,ec-earth3,ec-earth3-veg-lr,fgoals-g3,gfdl-cm4,gfdl-esm4,giss-e2-1-g,hadgem3-gc31-ll,inm-cm4-8,inm-cm5-0,ipsl-cm6a-lr,kace-1-0-g,miroc6,miroc-es2l,mpi-esm1-2-hr,mpi-esm1-2-lr,mri-esm2-0,nesm3,noresm2-lm,noresm2-mm,ukesm1-0-ll",World Bank Climate Change Knowledge Portal (CMIP6-x0.25),,,SSP2-4.5,Mean temperature
KHM,Cambodia,320.640656236594,centre_cell_mask_coslat_area_weighted,hd30,ssp245,2040-2059,median,climatology,days,annual climatology of ensemble of hd30: hot days with 30 degC and higher,50.0,"access-cm2,access-esm1-5,bcc-csm2-mr,canesm5,cmcc-esm2,cnrm-cm6-1,cnrm-esm2-1,ec-earth3,ec-earth3-veg-lr,fgoals-g3,gfdl-cm4,gfdl-esm4,giss-e2-1-g,hadgem3-gc31-ll,inm-cm4-8,inm-cm5-0,ipsl-cm6a-lr,kace-1-0-g,kiost-esm,miroc6,miroc-es2l,mpi-esm1-2-hr,mpi-esm1-2-lr,mri-esm2-0,nesm3,noresm2-lm,noresm2-mm,ukesm1-0-ll",World Bank Climate Change Knowledge Portal (CMIP6-x0.25),,,SSP2-4.5,Hot days above 30°C
KHM,Cambodia,1.1961614397508875,centre_cell_mask_coslat_area_weighted,tas,ssp245,2040-2059,median,anomaly,degC,ensemble of anomaly of Daily Near-Surface Air Temperature with reference period 1995-2014,50.0,"access-cm2,access-esm1-5,bcc-csm2-mr,canesm5,cmcc-esm2,cnrm-cm6-1,cnrm-esm2-1,ec-earth3,ec-earth3-veg-lr,fgoals-g3,gfdl-cm4,gfdl-esm4,giss-e2-1-g,hadgem3-gc31-ll,inm-cm4-8,inm-cm5-0,ipsl-cm6a-lr,kace-1-0-g,miroc6,miroc-es2l,mpi-esm1-2-hr,mpi-esm1-2-lr,mri-esm2-0,nesm3,noresm2-lm,noresm2-mm,ukesm1-0-ll",World Bank Climate Change Knowledge Portal (CMIP6-x0.25),,1995-2014,SSP2-4.5,Mean temperature
KHM,Cambodia,29.03091049217924,centre_cell_mask_coslat_area_weighted,tas,ssp245,2040-2059,median,climatology,degC,ensemble of Daily Near-Surface Air Temperature,50.0,"access-cm2,access-esm1-5,bcc-csm2-mr,canesm5,cmcc-esm2,cnrm-cm6-1,cnrm-esm2-1,ec-earth3,ec-earth3-veg-lr,fgoals-g3,gfdl-cm4,gfdl-esm4,giss-e2-1-g,hadgem3-gc31-ll,inm-cm4-8,inm-cm5-0,ipsl-cm6a-lr,kace-1-0-g,miroc6,miroc-es2l,mpi-esm1-2-hr,mpi-esm1-2-lr,mri-esm2-0,nesm3,noresm2-lm,noresm2-mm,ukesm1-0-ll",World Bank Climate Change Knowledge Portal (CMIP6-x0.25),,,SSP2-4.5,Mean temperature
KIR,Kiribati,0.5,centre_cell_mask_coslat_area_weighted,hd30,ssp245,2040-2059,median,climatology,days,annual climatology of ensemble of hd30: hot days with 30 degC and higher,50.0,"access-cm2,access-esm1-5,bcc-csm2-mr,canesm5,cmcc-esm2,cnrm-cm6-1,cnrm-esm2-1,ec-earth3,ec-earth3-veg-lr,fgoals-g3,gfdl-cm4,gfdl-esm4,giss-e2-1-g,hadgem3-gc31-ll,inm-cm4-8,inm-cm5-0,ipsl-cm6a-lr,kace-1-0-g,kiost-esm,miroc6,miroc-es2l,mpi-esm1-2-hr,mpi-esm1-2-lr,mri-esm2-0,nesm3,noresm2-lm,noresm2-mm,ukesm1-0-ll",World Bank Climate Change Knowledge Portal (CMIP6-x0.25),,,SSP2-4.5,Hot days above 30°C
KIR,Kiribati,0.9940000176429749,centre_cell_mask_coslat_area_weighted,tas,ssp245,2040-2059,median,anomaly,degC,ensemble of anomaly of Daily Near-Surface Air Temperature with reference period 1995-2014,50.0,"access-cm2,access-esm1-5,bcc-csm2-mr,canesm5,cmcc-esm2,cnrm-cm6-1,cnrm-esm2-1,ec-earth3,ec-earth3-veg-lr,fgoals-g3,gfdl-cm4,gfdl-esm4,giss-e2-1-g,hadgem3-gc31-ll,inm-cm4-8,inm-cm5-0,ipsl-cm6a-lr,kace-1-0-g,miroc6,miroc-es2l,mpi-esm1-2-hr,mpi-esm1-2-lr,mri-esm2-0,nesm3,noresm2-lm,noresm2-mm,ukesm1-0-ll",World Bank Climate Change Knowledge Portal (CMIP6-x0.25),,1995-2014,SSP2-4.5,Mean temperature
KIR,Kiribati,27.434999465942383,centre_cell_mask_coslat_area_weighted,tas,ssp245,2040-2059,median,climatology,degC,ensemble of Daily Near-Surface Air Temperature,50.0,"access-cm2,access-esm1-5,bcc-csm2-mr,canesm5,cmcc-esm2,cnrm-cm6-1,cnrm-esm2-1,ec-earth3,ec-earth3-veg-lr,fgoals-g3,gfdl-cm4,gfdl-esm4,giss-e2-1-g,hadgem3-gc31-ll,inm-cm4-8,inm-cm5-0,ipsl-cm6a-lr,kace-1-0-g,miroc6,miroc-es2l,mpi-esm1-2-hr,mpi-esm1-2-lr,mri-esm2-0,nesm3,noresm2-lm,noresm2-mm,ukesm1-0-ll",World Bank Climate Change Knowledge Portal (CMIP6-x0.25),,,SSP2-4.5,Mean temperature
KNA,Saint Kitts and Nevis,0.2646582791593134,fractional_overlap_equal_area,hd30,ssp245,2040-2059,median,climatology,days,annual climatology of ensemble of hd30: hot days with 30 degC and higher,50.0,"access-cm2,access-esm1-5,bcc-csm2-mr,canesm5,cmcc-esm2,cnrm-cm6-1,cnrm-esm2-1,ec-earth3,ec-earth3-veg-lr,fgoals-g3,gfdl-cm4,gfdl-esm4,giss-e2-1-g,hadgem3-gc31-ll,inm-cm4-8,inm-cm5-0,ipsl-cm6a-lr,kace-1-0-g,kiost-esm,miroc6,miroc-es2l,mpi-esm1-2-hr,mpi-esm1-2-lr,mri-esm2-0,nesm3,noresm2-lm,noresm2-mm,ukesm1-0-ll",World Bank Climate Change Knowledge Portal (CMIP6-x0.25),,,SSP2-4.5,Hot days above 30°C
KNA,Saint Kitts and Nevis,1.0640884794280394,fractional_overlap_equal_area,tas,ssp245,2040-2059,median,anomaly,degC,ensemble of anomaly of Daily Near-Surface Air Temperature with reference period 1995-2014,50.0,"access-cm2,access-esm1-5,bcc-csm2-mr,canesm5,cmcc-esm2,cnrm-cm6-1,cnrm-esm2-1,ec-earth3,ec-earth3-veg-lr,fgoals-g3,gfdl-cm4,gfdl-esm4,giss-e2-1-g,hadgem3-gc31-ll,inm-cm4-8,inm-cm5-0,ipsl-cm6a-lr,kace-1-0-g,miroc6,miroc-es2l,mpi-esm1-2-hr,mpi-esm1-2-lr,mri-esm2-0,nesm3,noresm2-lm,noresm2-mm,ukesm1-0-ll",World Bank Climate Change Knowledge Portal (CMIP6-x0.25),,1995-2014,SSP2-4.5,Mean temperature
KNA,Saint Kitts and Nevis,27.158185865142126,fractional_overlap_equal_area,tas,ssp245,2040-2059,median,climatology,degC,ensemble of Daily Near-Surface Air Temperature,50.0,"access-cm2,access-esm1-5,bcc-csm2-mr,canesm5,cmcc-esm2,cnrm-cm6-1,cnrm-esm2-1,ec-earth3,ec-earth3-veg-lr,fgoals-g3,gfdl-cm4,gfdl-esm4,giss-e2-1-g,hadgem3-gc31-ll,inm-cm4-8,inm-cm5-0,ipsl-cm6a-lr,kace-1-0-g,miroc6,miroc-es2l,mpi-esm1-2-hr,mpi-esm1-2-lr,mri-esm2-0,nesm3,noresm2-lm,noresm2-mm,ukesm1-0-ll",World Bank Climate Change Knowledge Portal (CMIP6-x0.25),,,SSP2-4.5,Mean temperature
KOR,Republic of Korea,36.494997684488666,centre_cell_mask_coslat_area_weighted,hd30,ssp245,2040-2059,median,climatology,days,annual climatology of ensemble of hd30: hot days with 30 degC and higher,50.0,"access-cm2,access-esm1-5,bcc-csm2-mr,canesm5,cmcc-esm2,cnrm-cm6-1,cnrm-esm2-1,ec-earth3,ec-earth3-veg-lr,fgoals-g3,gfdl-cm4,gfdl-esm4,giss-e2-1-g,hadgem3-gc31-ll,inm-cm4-8,inm-cm5-0,ipsl-cm6a-lr,kace-1-0-g,kiost-esm,miroc6,miroc-es2l,mpi-esm1-2-hr,mpi-esm1-2-lr,mri-esm2-0,nesm3,noresm2-lm,noresm2-mm,ukesm1-0-ll",World Bank Climate Change Knowledge Portal (CMIP6-x0.25),,,SSP2-4.5,Hot days above 30°C
KOR,Republic of Korea,1.7234785596006676,centre_cell_mask_coslat_area_weighted,tas,ssp245,2040-2059,median,anomaly,degC,ensemble of anomaly of Daily Near-Surface Air Temperature with reference period 1995-2014,50.0,"access-cm2,access-esm1-5,bcc-csm2-mr,canesm5,cmcc-esm2,cnrm-cm6-1,cnrm-esm2-1,ec-earth3,ec-earth3-veg-lr,fgoals-g3,gfdl-cm4,gfdl-esm4,giss-e2-1-g,hadgem3-gc31-ll,inm-cm4-8,inm-cm5-0,ipsl-cm6a-lr,kace-1-0-g,miroc6,miroc-es2l,mpi-esm1-2-hr,mpi-esm1-2-lr,mri-esm2-0,nesm3,noresm2-lm,noresm2-mm,ukesm1-0-ll",World Bank Climate Change Knowledge Portal (CMIP6-x0.25),,1995-2014,SSP2-4.5,Mean temperature
KOR,Republic of Korea,14.2797914751028,centre_cell_mask_coslat_area_weighted,tas,ssp245,2040-2059,median,climatology,degC,ensemble of Daily Near-Surface Air Temperature,50.0,"access-cm2,access-esm1-5,bcc-csm2-mr,canesm5,cmcc-esm2,cnrm-cm6-1,cnrm-esm2-1,ec-earth3,ec-earth3-veg-lr,fgoals-g3,gfdl-cm4,gfdl-esm4,giss-e2-1-g,hadgem3-gc31-ll,inm-cm4-8,inm-cm5-0,ipsl-cm6a-lr,kace-1-0-g,miroc6,miroc-es2l,mpi-esm1-2-hr,mpi-esm1-2-lr,mri-esm2-0,nesm3,noresm2-lm,noresm2-mm,ukesm1-0-ll",World Bank Climate Change Knowledge Portal (CMIP6-x0.25),,,SSP2-4.5,Mean temperature
KSV,Kosovo,39.266140857622474,centre_cell_mask_coslat_area_weighted,hd30,ssp245,2040-2059,median,climatology,days,annual climatology of ensemble of hd30: hot days with 30 degC and higher,50.0,"access-cm2,access-esm1-5,bcc-csm2-mr,canesm5,cmcc-esm2,cnrm-cm6-1,cnrm-esm2-1,ec-earth3,ec-earth3-veg-lr,fgoals-g3,gfdl-cm4,gfdl-esm4,giss-e2-1-g,hadgem3-gc31-ll,inm-cm4-8,inm-cm5-0,ipsl-cm6a-lr,kace-1-0-g,kiost-esm,miroc6,miroc-es2l,mpi-esm1-2-hr,mpi-esm1-2-lr,mri-esm2-0,nesm3,noresm2-lm,noresm2-mm,ukesm1-0-ll",World Bank Climate Change Knowledge Portal (CMIP6-x0.25),,,SSP2-4.5,Hot days above 30°C
KSV,Kosovo,1.6420379206401405,centre_cell_mask_coslat_area_weighted,tas,ssp245,2040-2059,median,anomaly,degC,ensemble of anomaly of Daily Near-Surface Air Temperature with reference period 1995-2014,50.0,"access-cm2,access-esm1-5,bcc-csm2-mr,canesm5,cmcc-esm2,cnrm-cm6-1,cnrm-esm2-1,ec-earth3,ec-earth3-veg-lr,fgoals-g3,gfdl-cm4,gfdl-esm4,giss-e2-1-g,hadgem3-gc31-ll,inm-cm4-8,inm-cm5-0,ipsl-cm6a-lr,kace-1-0-g,miroc6,miroc-es2l,mpi-esm1-2-hr,mpi-esm1-2-lr,mri-esm2-0,nesm3,noresm2-lm,noresm2-mm,ukesm1-0-ll",World Bank Climate Change Knowledge Portal (CMIP6-x0.25),,1995-2014,SSP2-4.5,Mean temperature
KSV,Kosovo,12.390942659695712,centre_cell_mask_coslat_area_weighted,tas,ssp245,2040-2059,median,climatology,degC,ensemble of Daily Near-Surface Air Temperature,50.0,"access-cm2,access-esm1-5,bcc-csm2-mr,canesm5,cmcc-esm2,cnrm-cm6-1,cnrm-esm2-1,ec-earth3,ec-earth3-veg-lr,fgoals-g3,gfdl-cm4,gfdl-esm4,giss-e2-1-g,hadgem3-gc31-ll,inm-cm4-8,inm-cm5-0,ipsl-cm6a-lr,kace-1-0-g,miroc6,miroc-es2l,mpi-esm1-2-hr,mpi-esm1-2-lr,mri-esm2-0,nesm3,noresm2-lm,noresm2-mm,ukesm1-0-ll",World Bank Climate Change Knowledge Portal (CMIP6-x0.25),,,SSP2-4.5,Mean temperature
KWT,Kuwait,223.76247640622563,centre_cell_mask_coslat_area_weighted,hd30,ssp245,2040-2059,median,climatology,days,annual climatology of ensemble of hd30: hot days with 30 degC and higher,50.0,"access-cm2,access-esm1-5,bcc-csm2-mr,canesm5,cmcc-esm2,cnrm-cm6-1,cnrm-esm2-1,ec-earth3,ec-earth3-veg-lr,fgoals-g3,gfdl-cm4,gfdl-esm4,giss-e2-1-g,hadgem3-gc31-ll,inm-cm4-8,inm-cm5-0,ipsl-cm6a-lr,kace-1-0-g,kiost-esm,miroc6,miroc-es2l,mpi-esm1-2-hr,mpi-esm1-2-lr,mri-esm2-0,nesm3,noresm2-lm,noresm2-mm,ukesm1-0-ll",World Bank Climate Change Knowledge Portal (CMIP6-x0.25),,,SSP2-4.5,Hot days above 30°C
KWT,Kuwait,1.8602989174427993,centre_cell_mask_coslat_area_weighted,tas,ssp245,2040-2059,median,anomaly,degC,ensemble of anomaly of Daily Near-Surface Air Temperature with reference period 1995-2014,50.0,"access-cm2,access-esm1-5,bcc-csm2-mr,canesm5,cmcc-esm2,cnrm-cm6-1,cnrm-esm2-1,ec-earth3,ec-earth3-veg-lr,fgoals-g3,gfdl-cm4,gfdl-esm4,giss-e2-1-g,hadgem3-gc31-ll,inm-cm4-8,inm-cm5-0,ipsl-cm6a-lr,kace-1-0-g,miroc6,miroc-es2l,mpi-esm1-2-hr,mpi-esm1-2-lr,mri-esm2-0,nesm3,noresm2-lm,noresm2-mm,ukesm1-0-ll",World Bank Climate Change Knowledge Portal (CMIP6-x0.25),,1995-2014,SSP2-4.5,Mean temperature
KWT,Kuwait,27.943098905045517,centre_cell_mask_coslat_area_weighted,tas,ssp245,2040-2059,median,climatology,degC,ensemble of Daily Near-Surface Air Temperature,50.0,"access-cm2,access-esm1-5,bcc-csm2-mr,canesm5,cmcc-esm2,cnrm-cm6-1,cnrm-esm2-1,ec-earth3,ec-earth3-veg-lr,fgoals-g3,gfdl-cm4,gfdl-esm4,giss-e2-1-g,hadgem3-gc31-ll,inm-cm4-8,inm-cm5-0,ipsl-cm6a-lr,kace-1-0-g,miroc6,miroc-es2l,mpi-esm1-2-hr,mpi-esm1-2-lr,mri-esm2-0,nesm3,noresm2-lm,noresm2-mm,ukesm1-0-ll",World Bank Climate Change Knowledge Portal (CMIP6-x0.25),,,SSP2-4.5,Mean temperature
LAO,Lao People's Democratic Republic,162.80710647061298,centre_cell_mask_coslat_area_weighted,hd30,ssp245,2040-2059,median,climatology,days,annual climatology of ensemble of hd30: hot days with 30 degC and higher,50.0,"access-cm2,access-esm1-5,bcc-csm2-mr,canesm5,cmcc-esm2,cnrm-cm6-1,cnrm-esm2-1,ec-earth3,ec-earth3-veg-lr,fgoals-g3,gfdl-cm4,gfdl-esm4,giss-e2-1-g,hadgem3-gc31-ll,inm-cm4-8,inm-cm5-0,ipsl-cm6a-lr,kace-1-0-g,kiost-esm,miroc6,miroc-es2l,mpi-esm1-2-hr,mpi-esm1-2-lr,mri-esm2-0,nesm3,noresm2-lm,noresm2-mm,ukesm1-0-ll",World Bank Climate Change Knowledge Portal (CMIP6-x0.25),,,SSP2-4.5,Hot days above 30°C
LAO,Lao People's Democratic Republic,1.3028090633620069,centre_cell_mask_coslat_area_weighted,tas,ssp245,2040-2059,median,anomaly,degC,ensemble of anomaly of Daily Near-Surface Air Temperature with reference period 1995-2014,50.0,"access-cm2,access-esm1-5,bcc-csm2-mr,canesm5,cmcc-esm2,cnrm-cm6-1,cnrm-esm2-1,ec-earth3,ec-earth3-veg-lr,fgoals-g3,gfdl-cm4,gfdl-esm4,giss-e2-1-g,hadgem3-gc31-ll,inm-cm4-8,inm-cm5-0,ipsl-cm6a-lr,kace-1-0-g,miroc6,miroc-es2l,mpi-esm1-2-hr,mpi-esm1-2-lr,mri-esm2-0,nesm3,noresm2-lm,noresm2-mm,ukesm1-0-ll",World Bank Climate Change Knowledge Portal (CMIP6-x0.25),,1995-2014,SSP2-4.5,Mean temperature
LAO,Lao People's Democratic Republic,24.784093068163735,centre_cell_mask_coslat_area_weighted,tas,ssp245,2040-2059,median,climatology,degC,ensemble of Daily Near-Surface Air Temperature,50.0,"access-cm2,access-esm1-5,bcc-csm2-mr,canesm5,cmcc-esm2,cnrm-cm6-1,cnrm-esm2-1,ec-earth3,ec-earth3-veg-lr,fgoals-g3,gfdl-cm4,gfdl-esm4,giss-e2-1-g,hadgem3-gc31-ll,inm-cm4-8,inm-cm5-0,ipsl-cm6a-lr,kace-1-0-g,miroc6,miroc-es2l,mpi-esm1-2-hr,mpi-esm1-2-lr,mri-esm2-0,nesm3,noresm2-lm,noresm2-mm,ukesm1-0-ll",World Bank Climate Change Knowledge Portal (CMIP6-x0.25),,,SSP2-4.5,Mean temperature
LBN,Lebanon,64.37817576741138,centre_cell_mask_coslat_area_weighted,hd30,ssp245,2040-2059,median,climatology,days,annual climatology of ensemble of hd30: hot days with 30 degC and higher,50.0,"access-cm2,access-esm1-5,bcc-csm2-mr,canesm5,cmcc-esm2,cnrm-cm6-1,cnrm-esm2-1,ec-earth3,ec-earth3-veg-lr,fgoals-g3,gfdl-cm4,gfdl-esm4,giss-e2-1-g,hadgem3-gc31-ll,inm-cm4-8,inm-cm5-0,ipsl-cm6a-lr,kace-1-0-g,kiost-esm,miroc6,miroc-es2l,mpi-esm1-2-hr,mpi-esm1-2-lr,mri-esm2-0,nesm3,noresm2-lm,noresm2-mm,ukesm1-0-ll",World Bank Climate Change Knowledge Portal (CMIP6-x0.25),,,SSP2-4.5,Hot days above 30°C
LBN,Lebanon,1.620467782843837,centre_cell_mask_coslat_area_weighted,tas,ssp245,2040-2059,median,anomaly,degC,ensemble of anomaly of Daily Near-Surface Air Temperature with reference period 1995-2014,50.0,"access-cm2,access-esm1-5,bcc-csm2-mr,canesm5,cmcc-esm2,cnrm-cm6-1,cnrm-esm2-1,ec-earth3,ec-earth3-veg-lr,fgoals-g3,gfdl-cm4,gfdl-esm4,giss-e2-1-g,hadgem3-gc31-ll,inm-cm4-8,inm-cm5-0,ipsl-cm6a-lr,kace-1-0-g,miroc6,miroc-es2l,mpi-esm1-2-hr,mpi-esm1-2-lr,mri-esm2-0,nesm3,noresm2-lm,noresm2-mm,ukesm1-0-ll",World Bank Climate Change Knowledge Portal (CMIP6-x0.25),,1995-2014,SSP2-4.5,Mean temperature
LBN,Lebanon,17.0287591364407,centre_cell_mask_coslat_area_weighted,tas,ssp245,2040-2059,median,climatology,degC,ensemble of Daily Near-Surface Air Temperature,50.0,"access-cm2,access-esm1-5,bcc-csm2-mr,canesm5,cmcc-esm2,cnrm-cm6-1,cnrm-esm2-1,ec-earth3,ec-earth3-veg-lr,fgoals-g3,gfdl-cm4,gfdl-esm4,giss-e2-1-g,hadgem3-gc31-ll,inm-cm4-8,inm-cm5-0,ipsl-cm6a-lr,kace-1-0-g,miroc6,miroc-es2l,mpi-esm1-2-hr,mpi-esm1-2-lr,mri-esm2-0,nesm3,noresm2-lm,noresm2-mm,ukesm1-0-ll",World Bank Climate Change Knowledge Portal (CMIP6-x0.25),,,SSP2-4.5,Mean temperature
LBR,Liberia,221.0282938605964,centre_cell_mask_coslat_area_weighted,hd30,ssp245,2040-2059,median,climatology,days,annual climatology of ensemble of hd30: hot days with 30 degC and higher,50.0,"access-cm2,access-esm1-5,bcc-csm2-mr,canesm5,cmcc-esm2,cnrm-cm6-1,cnrm-esm2-1,ec-earth3,ec-earth3-veg-lr,fgoals-g3,gfdl-cm4,gfdl-esm4,giss-e2-1-g,hadgem3-gc31-ll,inm-cm4-8,inm-cm5-0,ipsl-cm6a-lr,kace-1-0-g,kiost-esm,miroc6,miroc-es2l,mpi-esm1-2-hr,mpi-esm1-2-lr,mri-esm2-0,nesm3,noresm2-lm,noresm2-mm,ukesm1-0-ll",World Bank Climate Change Knowledge Portal (CMIP6-x0.25),,,SSP2-4.5,Hot days above 30°C
LBR,Liberia,1.1937684885322783,centre_cell_mask_coslat_area_weighted,tas,ssp245,2040-2059,median,anomaly,degC,ensemble of anomaly of Daily Near-Surface Air Temperature with reference period 1995-2014,50.0,"access-cm2,access-esm1-5,bcc-csm2-mr,canesm5,cmcc-esm2,cnrm-cm6-1,cnrm-esm2-1,ec-earth3,ec-earth3-veg-lr,fgoals-g3,gfdl-cm4,gfdl-esm4,giss-e2-1-g,hadgem3-gc31-ll,inm-cm4-8,inm-cm5-0,ipsl-cm6a-lr,kace-1-0-g,miroc6,miroc-es2l,mpi-esm1-2-hr,mpi-esm1-2-lr,mri-esm2-0,nesm3,noresm2-lm,noresm2-mm,ukesm1-0-ll",World Bank Climate Change Knowledge Portal (CMIP6-x0.25),,1995-2014,SSP2-4.5,Mean temperature
LBR,Liberia,26.92582737647488,centre_cell_mask_coslat_area_weighted,tas,ssp245,2040-2059,median,climatology,degC,ensemble of Daily Near-Surface Air Temperature,50.0,"access-cm2,access-esm1-5,bcc-csm2-mr,canesm5,cmcc-esm2,cnrm-cm6-1,cnrm-esm2-1,ec-earth3,ec-earth3-veg-lr,fgoals-g3,gfdl-cm4,gfdl-esm4,giss-e2-1-g,hadgem3-gc31-ll,inm-cm4-8,inm-cm5-0,ipsl-cm6a-lr,kace-1-0-g,miroc6,miroc-es2l,mpi-esm1-2-hr,mpi-esm1-2-lr,mri-esm2-0,nesm3,noresm2-lm,noresm2-mm,ukesm1-0-ll",World Bank Climate Change Knowledge Portal (CMIP6-x0.25),,,SSP2-4.5,Mean temperature
LBY,Libya,195.62519755863616,centre_cell_mask_coslat_area_weighted,hd30,ssp245,2040-2059,median,climatology,days,annual climatology of ensemble of hd30: hot days with 30 degC and higher,50.0,"access-cm2,access-esm1-5,bcc-csm2-mr,canesm5,cmcc-esm2,cnrm-cm6-1,cnrm-esm2-1,ec-earth3,ec-earth3-veg-lr,fgoals-g3,gfdl-cm4,gfdl-esm4,giss-e2-1-g,hadgem3-gc31-ll,inm-cm4-8,inm-cm5-0,ipsl-cm6a-lr,kace-1-0-g,kiost-esm,miroc6,miroc-es2l,mpi-esm1-2-hr,mpi-esm1-2-lr,mri-esm2-0,nesm3,noresm2-lm,noresm2-mm,ukesm1-0-ll",World Bank Climate Change Knowledge Portal (CMIP6-x0.25),,,SSP2-4.5,Hot days above 30°C
LBY,Libya,1.5639596294345761,centre_cell_mask_coslat_area_weighted,tas,ssp245,2040-2059,median,anomaly,degC,ensemble of anomaly of Daily Near-Surface Air Temperature with reference period 1995-2014,50.0,"access-cm2,access-esm1-5,bcc-csm2-mr,canesm5,cmcc-esm2,cnrm-cm6-1,cnrm-esm2-1,ec-earth3,ec-earth3-veg-lr,fgoals-g3,gfdl-cm4,gfdl-esm4,giss-e2-1-g,hadgem3-gc31-ll,inm-cm4-8,inm-cm5-0,ipsl-cm6a-lr,kace-1-0-g,miroc6,miroc-es2l,mpi-esm1-2-hr,mpi-esm1-2-lr,mri-esm2-0,nesm3,noresm2-lm,noresm2-mm,ukesm1-0-ll",World Bank Climate Change Knowledge Portal (CMIP6-x0.25),,1995-2014,SSP2-4.5,Mean temperature
LBY,Libya,23.759024512286295,centre_cell_mask_coslat_area_weighted,tas,ssp245,2040-2059,median,climatology,degC,ensemble of Daily Near-Surface Air Temperature,50.0,"access-cm2,access-esm1-5,bcc-csm2-mr,canesm5,cmcc-esm2,cnrm-cm6-1,cnrm-esm2-1,ec-earth3,ec-earth3-veg-lr,fgoals-g3,gfdl-cm4,gfdl-esm4,giss-e2-1-g,hadgem3-gc31-ll,inm-cm4-8,inm-cm5-0,ipsl-cm6a-lr,kace-1-0-g,miroc6,miroc-es2l,mpi-esm1-2-hr,mpi-esm1-2-lr,mri-esm2-0,nesm3,noresm2-lm,noresm2-mm,ukesm1-0-ll",World Bank Climate Change Knowledge Portal (CMIP6-x0.25),,,SSP2-4.5,Mean temperature
LCA,Saint Lucia,167.25,centre_cell_mask_coslat_area_weighted,hd30,ssp245,2040-2059,median,climatology,days,annual climatology of ensemble of hd30: hot days with 30 degC and higher,50.0,"access-cm2,access-esm1-5,bcc-csm2-mr,canesm5,cmcc-esm2,cnrm-cm6-1,cnrm-esm2-1,ec-earth3,ec-earth3-veg-lr,fgoals-g3,gfdl-cm4,gfdl-esm4,giss-e2-1-g,hadgem3-gc31-ll,inm-cm4-8,inm-cm5-0,ipsl-cm6a-lr,kace-1-0-g,kiost-esm,miroc6,miroc-es2l,mpi-esm1-2-hr,mpi-esm1-2-lr,mri-esm2-0,nesm3,noresm2-lm,noresm2-mm,ukesm1-0-ll",World Bank Climate Change Knowledge Portal (CMIP6-x0.25),,,SSP2-4.5,Hot days above 30°C
LCA,Saint Lucia,1.031000018119812,centre_cell_mask_coslat_area_weighted,tas,ssp245,2040-2059,median,anomaly,degC,ensemble of anomaly of Daily Near-Surface Air Temperature with reference period 1995-2014,50.0,"access-cm2,access-esm1-5,bcc-csm2-mr,canesm5,cmcc-esm2,cnrm-cm6-1,cnrm-esm2-1,ec-earth3,ec-earth3-veg-lr,fgoals-g3,gfdl-cm4,gfdl-esm4,giss-e2-1-g,hadgem3-gc31-ll,inm-cm4-8,inm-cm5-0,ipsl-cm6a-lr,kace-1-0-g,miroc6,miroc-es2l,mpi-esm1-2-hr,mpi-esm1-2-lr,mri-esm2-0,nesm3,noresm2-lm,noresm2-mm,ukesm1-0-ll",World Bank Climate Change Knowledge Portal (CMIP6-x0.25),,1995-2014,SSP2-4.5,Mean temperature
LCA,Saint Lucia,27.829999923706055,centre_cell_mask_coslat_area_weighted,tas,ssp245,2040-2059,median,climatology,degC,ensemble of Daily Near-Surface Air Temperature,50.0,"access-cm2,access-esm1-5,bcc-csm2-mr,canesm5,cmcc-esm2,cnrm-cm6-1,cnrm-esm2-1,ec-earth3,ec-earth3-veg-lr,fgoals-g3,gfdl-cm4,gfdl-esm4,giss-e2-1-g,hadgem3-gc31-ll,inm-cm4-8,inm-cm5-0,ipsl-cm6a-lr,kace-1-0-g,miroc6,miroc-es2l,mpi-esm1-2-hr,mpi-esm1-2-lr,mri-esm2-0,nesm3,noresm2-lm,noresm2-mm,ukesm1-0-ll",World Bank Climate Change Knowledge Portal (CMIP6-x0.25),,,SSP2-4.5,Mean temperature
LIE,Liechtenstein,0.8007376989974723,fractional_overlap_equal_area,hd30,ssp245,2040-2059,median,climatology,days,annual climatology of ensemble of hd30: hot days with 30 degC and higher,50.0,"access-cm2,access-esm1-5,bcc-csm2-mr,canesm5,cmcc-esm2,cnrm-cm6-1,cnrm-esm2-1,ec-earth3,ec-earth3-veg-lr,fgoals-g3,gfdl-cm4,gfdl-esm4,giss-e2-1-g,hadgem3-gc31-ll,inm-cm4-8,inm-cm5-0,ipsl-cm6a-lr,kace-1-0-g,kiost-esm,miroc6,miroc-es2l,mpi-esm1-2-hr,mpi-esm1-2-lr,mri-esm2-0,nesm3,noresm2-lm,noresm2-mm,ukesm1-0-ll",World Bank Climate Change Knowledge Portal (CMIP6-x0.25),,,SSP2-4.5,Hot days above 30°C
LIE,Liechtenstein,1.5866189289452075,fractional_overlap_equal_area,tas,ssp245,2040-2059,median,anomaly,degC,ensemble of anomaly of Daily Near-Surface Air Temperature with reference period 1995-2014,50.0,"access-cm2,access-esm1-5,bcc-csm2-mr,canesm5,cmcc-esm2,cnrm-cm6-1,cnrm-esm2-1,ec-earth3,ec-earth3-veg-lr,fgoals-g3,gfdl-cm4,gfdl-esm4,giss-e2-1-g,hadgem3-gc31-ll,inm-cm4-8,inm-cm5-0,ipsl-cm6a-lr,kace-1-0-g,miroc6,miroc-es2l,mpi-esm1-2-hr,mpi-esm1-2-lr,mri-esm2-0,nesm3,noresm2-lm,noresm2-mm,ukesm1-0-ll",World Bank Climate Change Knowledge Portal (CMIP6-x0.25),,1995-2014,SSP2-4.5,Mean temperature
LIE,Liechtenstein,7.336341238993592,fractional_overlap_equal_area,tas,ssp245,2040-2059,median,climatology,degC,ensemble of Daily Near-Surface Air Temperature,50.0,"access-cm2,access-esm1-5,bcc-csm2-mr,canesm5,cmcc-esm2,cnrm-cm6-1,cnrm-esm2-1,ec-earth3,ec-earth3-veg-lr,fgoals-g3,gfdl-cm4,gfdl-esm4,giss-e2-1-g,hadgem3-gc31-ll,inm-cm4-8,inm-cm5-0,ipsl-cm6a-lr,kace-1-0-g,miroc6,miroc-es2l,mpi-esm1-2-hr,mpi-esm1-2-lr,mri-esm2-0,nesm3,noresm2-lm,noresm2-mm,ukesm1-0-ll",World Bank Climate Change Knowledge Portal (CMIP6-x0.25),,,SSP2-4.5,Mean temperature
LKA,Sri Lanka,242.0496415848944,centre_cell_mask_coslat_area_weighted,hd30,ssp245,2040-2059,median,climatology,days,annual climatology of ensemble of hd30: hot days with 30 degC and higher,50.0,"access-cm2,access-esm1-5,bcc-csm2-mr,canesm5,cmcc-esm2,cnrm-cm6-1,cnrm-esm2-1,ec-earth3,ec-earth3-veg-lr,fgoals-g3,gfdl-cm4,gfdl-esm4,giss-e2-1-g,hadgem3-gc31-ll,inm-cm4-8,inm-cm5-0,ipsl-cm6a-lr,kace-1-0-g,kiost-esm,miroc6,miroc-es2l,mpi-esm1-2-hr,mpi-esm1-2-lr,mri-esm2-0,nesm3,noresm2-lm,noresm2-mm,ukesm1-0-ll",World Bank Climate Change Knowledge Portal (CMIP6-x0.25),,,SSP2-4.5,Hot days above 30°C
LKA,Sri Lanka,0.9714685673744321,centre_cell_mask_coslat_area_weighted,tas,ssp245,2040-2059,median,anomaly,degC,ensemble of anomaly of Daily Near-Surface Air Temperature with reference period 1995-2014,50.0,"access-cm2,access-esm1-5,bcc-csm2-mr,canesm5,cmcc-esm2,cnrm-cm6-1,cnrm-esm2-1,ec-earth3,ec-earth3-veg-lr,fgoals-g3,gfdl-cm4,gfdl-esm4,giss-e2-1-g,hadgem3-gc31-ll,inm-cm4-8,inm-cm5-0,ipsl-cm6a-lr,kace-1-0-g,miroc6,miroc-es2l,mpi-esm1-2-hr,mpi-esm1-2-lr,mri-esm2-0,nesm3,noresm2-lm,noresm2-mm,ukesm1-0-ll",World Bank Climate Change Knowledge Portal (CMIP6-x0.25),,1995-2014,SSP2-4.5,Mean temperature
LKA,Sri Lanka,27.934882793782673,centre_cell_mask_coslat_area_weighted,tas,ssp245,2040-2059,median,climatology,degC,ensemble of Daily Near-Surface Air Temperature,50.0,"access-cm2,access-esm1-5,bcc-csm2-mr,canesm5,cmcc-esm2,cnrm-cm6-1,cnrm-esm2-1,ec-earth3,ec-earth3-veg-lr,fgoals-g3,gfdl-cm4,gfdl-esm4,giss-e2-1-g,hadgem3-gc31-ll,inm-cm4-8,inm-cm5-0,ipsl-cm6a-lr,kace-1-0-g,miroc6,miroc-es2l,mpi-esm1-2-hr,mpi-esm1-2-lr,mri-esm2-0,nesm3,noresm2-lm,noresm2-mm,ukesm1-0-ll",World Bank Climate Change Knowledge Portal (CMIP6-x0.25),,,SSP2-4.5,Mean temperature
LSO,Lesotho,7.722122950589529,centre_cell_mask_coslat_area_weighted,hd30,ssp245,2040-2059,median,climatology,days,annual climatology of ensemble of hd30: hot days with 30 degC and higher,50.0,"access-cm2,access-esm1-5,bcc-csm2-mr,canesm5,cmcc-esm2,cnrm-cm6-1,cnrm-esm2-1,ec-earth3,ec-earth3-veg-lr,fgoals-g3,gfdl-cm4,gfdl-esm4,giss-e2-1-g,hadgem3-gc31-ll,inm-cm4-8,inm-cm5-0,ipsl-cm6a-lr,kace-1-0-g,kiost-esm,miroc6,miroc-es2l,mpi-esm1-2-hr,mpi-esm1-2-lr,mri-esm2-0,nesm3,noresm2-lm,noresm2-mm,ukesm1-0-ll",World Bank Climate Change Knowledge Portal (CMIP6-x0.25),,,SSP2-4.5,Hot days above 30°C
LSO,Lesotho,1.5144382875907163,centre_cell_mask_coslat_area_weighted,tas,ssp245,2040-2059,median,anomaly,degC,ensemble of anomaly of Daily Near-Surface Air Temperature with reference period 1995-2014,50.0,"access-cm2,access-esm1-5,bcc-csm2-mr,canesm5,cmcc-esm2,cnrm-cm6-1,cnrm-esm2-1,ec-earth3,ec-earth3-veg-lr,fgoals-g3,gfdl-cm4,gfdl-esm4,giss-e2-1-g,hadgem3-gc31-ll,inm-cm4-8,inm-cm5-0,ipsl-cm6a-lr,kace-1-0-g,miroc6,miroc-es2l,mpi-esm1-2-hr,mpi-esm1-2-lr,mri-esm2-0,nesm3,noresm2-lm,noresm2-mm,ukesm1-0-ll",World Bank Climate Change Knowledge Portal (CMIP6-x0.25),,1995-2014,SSP2-4.5,Mean temperature
LSO,Lesotho,13.337899777465248,centre_cell_mask_coslat_area_weighted,tas,ssp245,2040-2059,median,climatology,degC,ensemble of Daily Near-Surface Air Temperature,50.0,"access-cm2,access-esm1-5,bcc-csm2-mr,canesm5,cmcc-esm2,cnrm-cm6-1,cnrm-esm2-1,ec-earth3,ec-earth3-veg-lr,fgoals-g3,gfdl-cm4,gfdl-esm4,giss-e2-1-g,hadgem3-gc31-ll,inm-cm4-8,inm-cm5-0,ipsl-cm6a-lr,kace-1-0-g,miroc6,miroc-es2l,mpi-esm1-2-hr,mpi-esm1-2-lr,mri-esm2-0,nesm3,noresm2-lm,noresm2-mm,ukesm1-0-ll",World Bank Climate Change Knowledge Portal (CMIP6-x0.25),,,SSP2-4.5,Mean temperature
LTU,Lithuania,5.550868030609777,centre_cell_mask_coslat_area_weighted,hd30,ssp245,2040-2059,median,climatology,days,annual climatology of ensemble of hd30: hot days with 30 degC and higher,50.0,"access-cm2,access-esm1-5,bcc-csm2-mr,canesm5,cmcc-esm2,cnrm-cm6-1,cnrm-esm2-1,ec-earth3,ec-earth3-veg-lr,fgoals-g3,gfdl-cm4,gfdl-esm4,giss-e2-1-g,hadgem3-gc31-ll,inm-cm4-8,inm-cm5-0,ipsl-cm6a-lr,kace-1-0-g,kiost-esm,miroc6,miroc-es2l,mpi-esm1-2-hr,mpi-esm1-2-lr,mri-esm2-0,nesm3,noresm2-lm,noresm2-mm,ukesm1-0-ll",World Bank Climate Change Knowledge Portal (CMIP6-x0.25),,,SSP2-4.5,Hot days above 30°C
LTU,Lithuania,1.6651866547984882,centre_cell_mask_coslat_area_weighted,tas,ssp245,2040-2059,median,anomaly,degC,ensemble of anomaly of Daily Near-Surface Air Temperature with reference period 1995-2014,50.0,"access-cm2,access-esm1-5,bcc-csm2-mr,canesm5,cmcc-esm2,cnrm-cm6-1,cnrm-esm2-1,ec-earth3,ec-earth3-veg-lr,fgoals-g3,gfdl-cm4,gfdl-esm4,giss-e2-1-g,hadgem3-gc31-ll,inm-cm4-8,inm-cm5-0,ipsl-cm6a-lr,kace-1-0-g,miroc6,miroc-es2l,mpi-esm1-2-hr,mpi-esm1-2-lr,mri-esm2-0,nesm3,noresm2-lm,noresm2-mm,ukesm1-0-ll",World Bank Climate Change Knowledge Portal (CMIP6-x0.25),,1995-2014,SSP2-4.5,Mean temperature
LTU,Lithuania,8.756198211363012,centre_cell_mask_coslat_area_weighted,tas,ssp245,2040-2059,median,climatology,degC,ensemble of Daily Near-Surface Air Temperature,50.0,"access-cm2,access-esm1-5,bcc-csm2-mr,canesm5,cmcc-esm2,cnrm-cm6-1,cnrm-esm2-1,ec-earth3,ec-earth3-veg-lr,fgoals-g3,gfdl-cm4,gfdl-esm4,giss-e2-1-g,hadgem3-gc31-ll,inm-cm4-8,inm-cm5-0,ipsl-cm6a-lr,kace-1-0-g,miroc6,miroc-es2l,mpi-esm1-2-hr,mpi-esm1-2-lr,mri-esm2-0,nesm3,noresm2-lm,noresm2-mm,ukesm1-0-ll",World Bank Climate Change Knowledge Portal (CMIP6-x0.25),,,SSP2-4.5,Mean temperature
LUX,Luxembourg,8.085207366330103,centre_cell_mask_coslat_area_weighted,hd30,ssp245,2040-2059,median,climatology,days,annual climatology of ensemble of hd30: hot days with 30 degC and higher,50.0,"access-cm2,access-esm1-5,bcc-csm2-mr,canesm5,cmcc-esm2,cnrm-cm6-1,cnrm-esm2-1,ec-earth3,ec-earth3-veg-lr,fgoals-g3,gfdl-cm4,gfdl-esm4,giss-e2-1-g,hadgem3-gc31-ll,inm-cm4-8,inm-cm5-0,ipsl-cm6a-lr,kace-1-0-g,kiost-esm,miroc6,miroc-es2l,mpi-esm1-2-hr,mpi-esm1-2-lr,mri-esm2-0,nesm3,noresm2-lm,noresm2-mm,ukesm1-0-ll",World Bank Climate Change Knowledge Portal (CMIP6-x0.25),,,SSP2-4.5,Hot days above 30°C
LUX,Luxembourg,1.3534505024872745,centre_cell_mask_coslat_area_weighted,tas,ssp245,2040-2059,median,anomaly,degC,ensemble of anomaly of Daily Near-Surface Air Temperature with reference period 1995-2014,50.0,"access-cm2,access-esm1-5,bcc-csm2-mr,canesm5,cmcc-esm2,cnrm-cm6-1,cnrm-esm2-1,ec-earth3,ec-earth3-veg-lr,fgoals-g3,gfdl-cm4,gfdl-esm4,giss-e2-1-g,hadgem3-gc31-ll,inm-cm4-8,inm-cm5-0,ipsl-cm6a-lr,kace-1-0-g,miroc6,miroc-es2l,mpi-esm1-2-hr,mpi-esm1-2-lr,mri-esm2-0,nesm3,noresm2-lm,noresm2-mm,ukesm1-0-ll",World Bank Climate Change Knowledge Portal (CMIP6-x0.25),,1995-2014,SSP2-4.5,Mean temperature
LUX,Luxembourg,10.670704036625283,centre_cell_mask_coslat_area_weighted,tas,ssp245,2040-2059,median,climatology,degC,ensemble of Daily Near-Surface Air Temperature,50.0,"access-cm2,access-esm1-5,bcc-csm2-mr,canesm5,cmcc-esm2,cnrm-cm6-1,cnrm-esm2-1,ec-earth3,ec-earth3-veg-lr,fgoals-g3,gfdl-cm4,gfdl-esm4,giss-e2-1-g,hadgem3-gc31-ll,inm-cm4-8,inm-cm5-0,ipsl-cm6a-lr,kace-1-0-g,miroc6,miroc-es2l,mpi-esm1-2-hr,mpi-esm1-2-lr,mri-esm2-0,nesm3,noresm2-lm,noresm2-mm,ukesm1-0-ll",World Bank Climate Change Knowledge Portal (CMIP6-x0.25),,,SSP2-4.5,Mean temperature
LVA,Latvia,3.2758325932144188,centre_cell_mask_coslat_area_weighted,hd30,ssp245,2040-2059,median,climatology,days,annual climatology of ensemble of hd30: hot days with 30 degC and higher,50.0,"access-cm2,access-esm1-5,bcc-csm2-mr,canesm5,cmcc-esm2,cnrm-cm6-1,cnrm-esm2-1,ec-earth3,ec-earth3-veg-lr,fgoals-g3,gfdl-cm4,gfdl-esm4,giss-e2-1-g,hadgem3-gc31-ll,inm-cm4-8,inm-cm5-0,ipsl-cm6a-lr,kace-1-0-g,kiost-esm,miroc6,miroc-es2l,mpi-esm1-2-hr,mpi-esm1-2-lr,mri-esm2-0,nesm3,noresm2-lm,noresm2-mm,ukesm1-0-ll",World Bank Climate Change Knowledge Portal (CMIP6-x0.25),,,SSP2-4.5,Hot days above 30°C
LVA,Latvia,1.6774869265095151,centre_cell_mask_coslat_area_weighted,tas,ssp245,2040-2059,median,anomaly,degC,ensemble of anomaly of Daily Near-Surface Air Temperature with reference period 1995-2014,50.0,"access-cm2,access-esm1-5,bcc-csm2-mr,canesm5,cmcc-esm2,cnrm-cm6-1,cnrm-esm2-1,ec-earth3,ec-earth3-veg-lr,fgoals-g3,gfdl-cm4,gfdl-esm4,giss-e2-1-g,hadgem3-gc31-ll,inm-cm4-8,inm-cm5-0,ipsl-cm6a-lr,kace-1-0-g,miroc6,miroc-es2l,mpi-esm1-2-hr,mpi-esm1-2-lr,mri-esm2-0,nesm3,noresm2-lm,noresm2-mm,ukesm1-0-ll",World Bank Climate Change Knowledge Portal (CMIP6-x0.25),,1995-2014,SSP2-4.5,Mean temperature
LVA,Latvia,8.276147798411552,centre_cell_mask_coslat_area_weighted,tas,ssp245,2040-2059,median,climatology,degC,ensemble of Daily Near-Surface Air Temperature,50.0,"access-cm2,access-esm1-5,bcc-csm2-mr,canesm5,cmcc-esm2,cnrm-cm6-1,cnrm-esm2-1,ec-earth3,ec-earth3-veg-lr,fgoals-g3,gfdl-cm4,gfdl-esm4,giss-e2-1-g,hadgem3-gc31-ll,inm-cm4-8,inm-cm5-0,ipsl-cm6a-lr,kace-1-0-g,miroc6,miroc-es2l,mpi-esm1-2-hr,mpi-esm1-2-lr,mri-esm2-0,nesm3,noresm2-lm,noresm2-mm,ukesm1-0-ll",World Bank Climate Change Knowledge Portal (CMIP6-x0.25),,,SSP2-4.5,Mean temperature
MAC,"Macau, SAR",115.57674546314378,fractional_overlap_equal_area,hd30,ssp245,2040-2059,median,climatology,days,annual climatology of ensemble of hd30: hot days with 30 degC and higher,50.0,"access-cm2,access-esm1-5,bcc-csm2-mr,canesm5,cmcc-esm2,cnrm-cm6-1,cnrm-esm2-1,ec-earth3,ec-earth3-veg-lr,fgoals-g3,gfdl-cm4,gfdl-esm4,giss-e2-1-g,hadgem3-gc31-ll,inm-cm4-8,inm-cm5-0,ipsl-cm6a-lr,kace-1-0-g,kiost-esm,miroc6,miroc-es2l,mpi-esm1-2-hr,mpi-esm1-2-lr,mri-esm2-0,nesm3,noresm2-lm,noresm2-mm,ukesm1-0-ll",World Bank Climate Change Knowledge Portal (CMIP6-x0.25),,,SSP2-4.5,Hot days above 30°C
MAC,"Macau, SAR",1.2790429837397317,fractional_overlap_equal_area,tas,ssp245,2040-2059,median,anomaly,degC,ensemble of anomaly of Daily Near-Surface Air Temperature with reference period 1995-2014,50.0,"access-cm2,access-esm1-5,bcc-csm2-mr,canesm5,cmcc-esm2,cnrm-cm6-1,cnrm-esm2-1,ec-earth3,ec-earth3-veg-lr,fgoals-g3,gfdl-cm4,gfdl-esm4,giss-e2-1-g,hadgem3-gc31-ll,inm-cm4-8,inm-cm5-0,ipsl-cm6a-lr,kace-1-0-g,miroc6,miroc-es2l,mpi-esm1-2-hr,mpi-esm1-2-lr,mri-esm2-0,nesm3,noresm2-lm,noresm2-mm,ukesm1-0-ll",World Bank Climate Change Knowledge Portal (CMIP6-x0.25),,1995-2014,SSP2-4.5,Mean temperature
MAC,"Macau, SAR",24.596000842589422,fractional_overlap_equal_area,tas,ssp245,2040-2059,median,climatology,degC,ensemble of Daily Near-Surface Air Temperature,50.0,"access-cm2,access-esm1-5,bcc-csm2-mr,canesm5,cmcc-esm2,cnrm-cm6-1,cnrm-esm2-1,ec-earth3,ec-earth3-veg-lr,fgoals-g3,gfdl-cm4,gfdl-esm4,giss-e2-1-g,hadgem3-gc31-ll,inm-cm4-8,inm-cm5-0,ipsl-cm6a-lr,kace-1-0-g,miroc6,miroc-es2l,mpi-esm1-2-hr,mpi-esm1-2-lr,mri-esm2-0,nesm3,noresm2-lm,noresm2-mm,ukesm1-0-ll",World Bank Climate Change Knowledge Portal (CMIP6-x0.25),,,SSP2-4.5,Mean temperature
MAF,Saint-Martin (Fr.),0.628228941288479,fractional_overlap_equal_area,hd30,ssp245,2040-2059,median,climatology,days,annual climatology of ensemble of hd30: hot days with 30 degC and higher,50.0,"access-cm2,access-esm1-5,bcc-csm2-mr,canesm5,cmcc-esm2,cnrm-cm6-1,cnrm-esm2-1,ec-earth3,ec-earth3-veg-lr,fgoals-g3,gfdl-cm4,gfdl-esm4,giss-e2-1-g,hadgem3-gc31-ll,inm-cm4-8,inm-cm5-0,ipsl-cm6a-lr,kace-1-0-g,kiost-esm,miroc6,miroc-es2l,mpi-esm1-2-hr,mpi-esm1-2-lr,mri-esm2-0,nesm3,noresm2-lm,noresm2-mm,ukesm1-0-ll",World Bank Climate Change Knowledge Portal (CMIP6-x0.25),,,SSP2-4.5,Hot days above 30°C
MAF,Saint-Martin (Fr.),1.0779193012566524,fractional_overlap_equal_area,tas,ssp245,2040-2059,median,anomaly,degC,ensemble of anomaly of Daily Near-Surface Air Temperature with reference period 1995-2014,50.0,"access-cm2,access-esm1-5,bcc-csm2-mr,canesm5,cmcc-esm2,cnrm-cm6-1,cnrm-esm2-1,ec-earth3,ec-earth3-veg-lr,fgoals-g3,gfdl-cm4,gfdl-esm4,giss-e2-1-g,hadgem3-gc31-ll,inm-cm4-8,inm-cm5-0,ipsl-cm6a-lr,kace-1-0-g,miroc6,miroc-es2l,mpi-esm1-2-hr,mpi-esm1-2-lr,mri-esm2-0,nesm3,noresm2-lm,noresm2-mm,ukesm1-0-ll",World Bank Climate Change Knowledge Portal (CMIP6-x0.25),,1995-2014,SSP2-4.5,Mean temperature
MAF,Saint-Martin (Fr.),27.19479079620544,fractional_overlap_equal_area,tas,ssp245,2040-2059,median,climatology,degC,ensemble of Daily Near-Surface Air Temperature,50.0,"access-cm2,access-esm1-5,bcc-csm2-mr,canesm5,cmcc-esm2,cnrm-cm6-1,cnrm-esm2-1,ec-earth3,ec-earth3-veg-lr,fgoals-g3,gfdl-cm4,gfdl-esm4,giss-e2-1-g,hadgem3-gc31-ll,inm-cm4-8,inm-cm5-0,ipsl-cm6a-lr,kace-1-0-g,miroc6,miroc-es2l,mpi-esm1-2-hr,mpi-esm1-2-lr,mri-esm2-0,nesm3,noresm2-lm,noresm2-mm,ukesm1-0-ll",World Bank Climate Change Knowledge Portal (CMIP6-x0.25),,,SSP2-4.5,Mean temperature
MAR,Morocco,114.36533751223205,centre_cell_mask_coslat_area_weighted,hd30,ssp245,2040-2059,median,climatology,days,annual climatology of ensemble of hd30: hot days with 30 degC and higher,50.0,"access-cm2,access-esm1-5,bcc-csm2-mr,canesm5,cmcc-esm2,cnrm-cm6-1,cnrm-esm2-1,ec-earth3,ec-earth3-veg-lr,fgoals-g3,gfdl-cm4,gfdl-esm4,giss-e2-1-g,hadgem3-gc31-ll,inm-cm4-8,inm-cm5-0,ipsl-cm6a-lr,kace-1-0-g,kiost-esm,miroc6,miroc-es2l,mpi-esm1-2-hr,mpi-esm1-2-lr,mri-esm2-0,nesm3,noresm2-lm,noresm2-mm,ukesm1-0-ll",World Bank Climate Change Knowledge Portal (CMIP6-x0.25),,,SSP2-4.5,Hot days above 30°C
MAR,Morocco,1.755690665067136,centre_cell_mask_coslat_area_weighted,tas,ssp245,2040-2059,median,anomaly,degC,ensemble of anomaly of Daily Near-Surface Air Temperature with reference period 1995-2014,50.0,"access-cm2,access-esm1-5,bcc-csm2-mr,canesm5,cmcc-esm2,cnrm-cm6-1,cnrm-esm2-1,ec-earth3,ec-earth3-veg-lr,fgoals-g3,gfdl-cm4,gfdl-esm4,giss-e2-1-g,hadgem3-gc31-ll,inm-cm4-8,inm-cm5-0,ipsl-cm6a-lr,kace-1-0-g,miroc6,miroc-es2l,mpi-esm1-2-hr,mpi-esm1-2-lr,mri-esm2-0,nesm3,noresm2-lm,noresm2-mm,ukesm1-0-ll",World Bank Climate Change Knowledge Portal (CMIP6-x0.25),,1995-2014,SSP2-4.5,Mean temperature
MAR,Morocco,20.177056973466993,centre_cell_mask_coslat_area_weighted,tas,ssp245,2040-2059,median,climatology,degC,ensemble of Daily Near-Surface Air Temperature,50.0,"access-cm2,access-esm1-5,bcc-csm2-mr,canesm5,cmcc-esm2,cnrm-cm6-1,cnrm-esm2-1,ec-earth3,ec-earth3-veg-lr,fgoals-g3,gfdl-cm4,gfdl-esm4,giss-e2-1-g,hadgem3-gc31-ll,inm-cm4-8,inm-cm5-0,ipsl-cm6a-lr,kace-1-0-g,miroc6,miroc-es2l,mpi-esm1-2-hr,mpi-esm1-2-lr,mri-esm2-0,nesm3,noresm2-lm,noresm2-mm,ukesm1-0-ll",World Bank Climate Change Knowledge Portal (CMIP6-x0.25),,,SSP2-4.5,Mean temperature
MCO,Monaco,0.44999998807907104,fractional_overlap_equal_area,hd30,ssp245,2040-2059,median,climatology,days,annual climatology of ensemble of hd30: hot days with 30 degC and higher,50.0,"access-cm2,access-esm1-5,bcc-csm2-mr,canesm5,cmcc-esm2,cnrm-cm6-1,cnrm-esm2-1,ec-earth3,ec-earth3-veg-lr,fgoals-g3,gfdl-cm4,gfdl-esm4,giss-e2-1-g,hadgem3-gc31-ll,inm-cm4-8,inm-cm5-0,ipsl-cm6a-lr,kace-1-0-g,kiost-esm,miroc6,miroc-es2l,mpi-esm1-2-hr,mpi-esm1-2-lr,mri-esm2-0,nesm3,noresm2-lm,noresm2-mm,ukesm1-0-ll",World Bank Climate Change Knowledge Portal (CMIP6-x0.25),,,SSP2-4.5,Hot days above 30°C
MCO,Monaco,1.7050000429153442,fractional_overlap_equal_area,tas,ssp245,2040-2059,median,anomaly,degC,ensemble of anomaly of Daily Near-Surface Air Temperature with reference period 1995-2014,50.0,"access-cm2,access-esm1-5,bcc-csm2-mr,canesm5,cmcc-esm2,cnrm-cm6-1,cnrm-esm2-1,ec-earth3,ec-earth3-veg-lr,fgoals-g3,gfdl-cm4,gfdl-esm4,giss-e2-1-g,hadgem3-gc31-ll,inm-cm4-8,inm-cm5-0,ipsl-cm6a-lr,kace-1-0-g,miroc6,miroc-es2l,mpi-esm1-2-hr,mpi-esm1-2-lr,mri-esm2-0,nesm3,noresm2-lm,noresm2-mm,ukesm1-0-ll",World Bank Climate Change Knowledge Portal (CMIP6-x0.25),,1995-2014,SSP2-4.5,Mean temperature
MCO,Monaco,16.17799949645996,fractional_overlap_equal_area,tas,ssp245,2040-2059,median,climatology,degC,ensemble of Daily Near-Surface Air Temperature,50.0,"access-cm2,access-esm1-5,bcc-csm2-mr,canesm5,cmcc-esm2,cnrm-cm6-1,cnrm-esm2-1,ec-earth3,ec-earth3-veg-lr,fgoals-g3,gfdl-cm4,gfdl-esm4,giss-e2-1-g,hadgem3-gc31-ll,inm-cm4-8,inm-cm5-0,ipsl-cm6a-lr,kace-1-0-g,miroc6,miroc-es2l,mpi-esm1-2-hr,mpi-esm1-2-lr,mri-esm2-0,nesm3,noresm2-lm,noresm2-mm,ukesm1-0-ll",World Bank Climate Change Knowledge Portal (CMIP6-x0.25),,,SSP2-4.5,Mean temperature
MDA,Moldova,41.94209429443469,centre_cell_mask_coslat_area_weighted,hd30,ssp245,2040-2059,median,climatology,days,annual climatology of ensemble of hd30: hot days with 30 degC and higher,50.0,"access-cm2,access-esm1-5,bcc-csm2-mr,canesm5,cmcc-esm2,cnrm-cm6-1,cnrm-esm2-1,ec-earth3,ec-earth3-veg-lr,fgoals-g3,gfdl-cm4,gfdl-esm4,giss-e2-1-g,hadgem3-gc31-ll,inm-cm4-8,inm-cm5-0,ipsl-cm6a-lr,kace-1-0-g,kiost-esm,miroc6,miroc-es2l,mpi-esm1-2-hr,mpi-esm1-2-lr,mri-esm2-0,nesm3,noresm2-lm,noresm2-mm,ukesm1-0-ll",World Bank Climate Change Knowledge Portal (CMIP6-x0.25),,,SSP2-4.5,Hot days above 30°C
MDA,Moldova,1.841221399385128,centre_cell_mask_coslat_area_weighted,tas,ssp245,2040-2059,median,anomaly,degC,ensemble of anomaly of Daily Near-Surface Air Temperature with reference period 1995-2014,50.0,"access-cm2,access-esm1-5,bcc-csm2-mr,canesm5,cmcc-esm2,cnrm-cm6-1,cnrm-esm2-1,ec-earth3,ec-earth3-veg-lr,fgoals-g3,gfdl-cm4,gfdl-esm4,giss-e2-1-g,hadgem3-gc31-ll,inm-cm4-8,inm-cm5-0,ipsl-cm6a-lr,kace-1-0-g,miroc6,miroc-es2l,mpi-esm1-2-hr,mpi-esm1-2-lr,mri-esm2-0,nesm3,noresm2-lm,noresm2-mm,ukesm1-0-ll",World Bank Climate Change Knowledge Portal (CMIP6-x0.25),,1995-2014,SSP2-4.5,Mean temperature
MDA,Moldova,12.278369717695188,centre_cell_mask_coslat_area_weighted,tas,ssp245,2040-2059,median,climatology,degC,ensemble of Daily Near-Surface Air Temperature,50.0,"access-cm2,access-esm1-5,bcc-csm2-mr,canesm5,cmcc-esm2,cnrm-cm6-1,cnrm-esm2-1,ec-earth3,ec-earth3-veg-lr,fgoals-g3,gfdl-cm4,gfdl-esm4,giss-e2-1-g,hadgem3-gc31-ll,inm-cm4-8,inm-cm5-0,ipsl-cm6a-lr,kace-1-0-g,miroc6,miroc-es2l,mpi-esm1-2-hr,mpi-esm1-2-lr,mri-esm2-0,nesm3,noresm2-lm,noresm2-mm,ukesm1-0-ll",World Bank Climate Change Knowledge Portal (CMIP6-x0.25),,,SSP2-4.5,Mean temperature
MDG,Madagascar,153.5413318291944,centre_cell_mask_coslat_area_weighted,hd30,ssp245,2040-2059,median,climatology,days,annual climatology of ensemble of hd30: hot days with 30 degC and higher,50.0,"access-cm2,access-esm1-5,bcc-csm2-mr,canesm5,cmcc-esm2,cnrm-cm6-1,cnrm-esm2-1,ec-earth3,ec-earth3-veg-lr,fgoals-g3,gfdl-cm4,gfdl-esm4,giss-e2-1-g,hadgem3-gc31-ll,inm-cm4-8,inm-cm5-0,ipsl-cm6a-lr,kace-1-0-g,kiost-esm,miroc6,miroc-es2l,mpi-esm1-2-hr,mpi-esm1-2-lr,mri-esm2-0,nesm3,noresm2-lm,noresm2-mm,ukesm1-0-ll",World Bank Climate Change Knowledge Portal (CMIP6-x0.25),,,SSP2-4.5,Hot days above 30°C
MDG,Madagascar,1.188077220349771,centre_cell_mask_coslat_area_weighted,tas,ssp245,2040-2059,median,anomaly,degC,ensemble of anomaly of Daily Near-Surface Air Temperature with reference period 1995-2014,50.0,"access-cm2,access-esm1-5,bcc-csm2-mr,canesm5,cmcc-esm2,cnrm-cm6-1,cnrm-esm2-1,ec-earth3,ec-earth3-veg-lr,fgoals-g3,gfdl-cm4,gfdl-esm4,giss-e2-1-g,hadgem3-gc31-ll,inm-cm4-8,inm-cm5-0,ipsl-cm6a-lr,kace-1-0-g,miroc6,miroc-es2l,mpi-esm1-2-hr,mpi-esm1-2-lr,mri-esm2-0,nesm3,noresm2-lm,noresm2-mm,ukesm1-0-ll",World Bank Climate Change Knowledge Portal (CMIP6-x0.25),,1995-2014,SSP2-4.5,Mean temperature
MDG,Madagascar,24.1020210780019,centre_cell_mask_coslat_area_weighted,tas,ssp245,2040-2059,median,climatology,degC,ensemble of Daily Near-Surface Air Temperature,50.0,"access-cm2,access-esm1-5,bcc-csm2-mr,canesm5,cmcc-esm2,cnrm-cm6-1,cnrm-esm2-1,ec-earth3,ec-earth3-veg-lr,fgoals-g3,gfdl-cm4,gfdl-esm4,giss-e2-1-g,hadgem3-gc31-ll,inm-cm4-8,inm-cm5-0,ipsl-cm6a-lr,kace-1-0-g,miroc6,miroc-es2l,mpi-esm1-2-hr,mpi-esm1-2-lr,mri-esm2-0,nesm3,noresm2-lm,noresm2-mm,ukesm1-0-ll",World Bank Climate Change Knowledge Portal (CMIP6-x0.25),,,SSP2-4.5,Mean temperature
MDV,Maldives,25.299999237060547,centre_cell_mask_coslat_area_weighted,hd30,ssp245,2040-2059,median,climatology,days,annual climatology of ensemble of hd30: hot days with 30 degC and higher,50.0,"access-cm2,access-esm1-5,bcc-csm2-mr,canesm5,cmcc-esm2,cnrm-cm6-1,cnrm-esm2-1,ec-earth3,ec-earth3-veg-lr,fgoals-g3,gfdl-cm4,gfdl-esm4,giss-e2-1-g,hadgem3-gc31-ll,inm-cm4-8,inm-cm5-0,ipsl-cm6a-lr,kace-1-0-g,kiost-esm,miroc6,miroc-es2l,mpi-esm1-2-hr,mpi-esm1-2-lr,mri-esm2-0,nesm3,noresm2-lm,noresm2-mm,ukesm1-0-ll",World Bank Climate Change Knowledge Portal (CMIP6-x0.25),,,SSP2-4.5,Hot days above 30°C
MDV,Maldives,0.9639999866485596,centre_cell_mask_coslat_area_weighted,tas,ssp245,2040-2059,median,anomaly,degC,ensemble of anomaly of Daily Near-Surface Air Temperature with reference period 1995-2014,50.0,"access-cm2,access-esm1-5,bcc-csm2-mr,canesm5,cmcc-esm2,cnrm-cm6-1,cnrm-esm2-1,ec-earth3,ec-earth3-veg-lr,fgoals-g3,gfdl-cm4,gfdl-esm4,giss-e2-1-g,hadgem3-gc31-ll,inm-cm4-8,inm-cm5-0,ipsl-cm6a-lr,kace-1-0-g,miroc6,miroc-es2l,mpi-esm1-2-hr,mpi-esm1-2-lr,mri-esm2-0,nesm3,noresm2-lm,noresm2-mm,ukesm1-0-ll",World Bank Climate Change Knowledge Portal (CMIP6-x0.25),,1995-2014,SSP2-4.5,Mean temperature
MDV,Maldives,28.086999893188477,centre_cell_mask_coslat_area_weighted,tas,ssp245,2040-2059,median,climatology,degC,ensemble of Daily Near-Surface Air Temperature,50.0,"access-cm2,access-esm1-5,bcc-csm2-mr,canesm5,cmcc-esm2,cnrm-cm6-1,cnrm-esm2-1,ec-earth3,ec-earth3-veg-lr,fgoals-g3,gfdl-cm4,gfdl-esm4,giss-e2-1-g,hadgem3-gc31-ll,inm-cm4-8,inm-cm5-0,ipsl-cm6a-lr,kace-1-0-g,miroc6,miroc-es2l,mpi-esm1-2-hr,mpi-esm1-2-lr,mri-esm2-0,nesm3,noresm2-lm,noresm2-mm,ukesm1-0-ll",World Bank Climate Change Knowledge Portal (CMIP6-x0.25),,,SSP2-4.5,Mean temperature
MEX,Mexico,158.55882195274935,centre_cell_mask_coslat_area_weighted,hd30,ssp245,2040-2059,median,climatology,days,annual climatology of ensemble of hd30: hot days with 30 degC and higher,50.0,"access-cm2,access-esm1-5,bcc-csm2-mr,canesm5,cmcc-esm2,cnrm-cm6-1,cnrm-esm2-1,ec-earth3,ec-earth3-veg-lr,fgoals-g3,gfdl-cm4,gfdl-esm4,giss-e2-1-g,hadgem3-gc31-ll,inm-cm4-8,inm-cm5-0,ipsl-cm6a-lr,kace-1-0-g,kiost-esm,miroc6,miroc-es2l,mpi-esm1-2-hr,mpi-esm1-2-lr,mri-esm2-0,nesm3,noresm2-lm,noresm2-mm,ukesm1-0-ll",World Bank Climate Change Knowledge Portal (CMIP6-x0.25),,,SSP2-4.5,Hot days above 30°C
MEX,Mexico,1.5393825460105577,centre_cell_mask_coslat_area_weighted,tas,ssp245,2040-2059,median,anomaly,degC,ensemble of anomaly of Daily Near-Surface Air Temperature with reference period 1995-2014,50.0,"access-cm2,access-esm1-5,bcc-csm2-mr,canesm5,cmcc-esm2,cnrm-cm6-1,cnrm-esm2-1,ec-earth3,ec-earth3-veg-lr,fgoals-g3,gfdl-cm4,gfdl-esm4,giss-e2-1-g,hadgem3-gc31-ll,inm-cm4-8,inm-cm5-0,ipsl-cm6a-lr,kace-1-0-g,miroc6,miroc-es2l,mpi-esm1-2-hr,mpi-esm1-2-lr,mri-esm2-0,nesm3,noresm2-lm,noresm2-mm,ukesm1-0-ll",World Bank Climate Change Knowledge Portal (CMIP6-x0.25),,1995-2014,SSP2-4.5,Mean temperature
MEX,Mexico,22.73813391899188,centre_cell_mask_coslat_area_weighted,tas,ssp245,2040-2059,median,climatology,degC,ensemble of Daily Near-Surface Air Temperature,50.0,"access-cm2,access-esm1-5,bcc-csm2-mr,canesm5,cmcc-esm2,cnrm-cm6-1,cnrm-esm2-1,ec-earth3,ec-earth3-veg-lr,fgoals-g3,gfdl-cm4,gfdl-esm4,giss-e2-1-g,hadgem3-gc31-ll,inm-cm4-8,inm-cm5-0,ipsl-cm6a-lr,kace-1-0-g,miroc6,miroc-es2l,mpi-esm1-2-hr,mpi-esm1-2-lr,mri-esm2-0,nesm3,noresm2-lm,noresm2-mm,ukesm1-0-ll",World Bank Climate Change Knowledge Portal (CMIP6-x0.25),,,SSP2-4.5,Mean temperature
MHL,Marshall Islands,1.35890465657379,fractional_overlap_equal_area,hd30,ssp245,2040-2059,median,climatology,days,annual climatology of ensemble of hd30: hot days with 30 degC and higher,50.0,"access-cm2,access-esm1-5,bcc-csm2-mr,canesm5,cmcc-esm2,cnrm-cm6-1,cnrm-esm2-1,ec-earth3,ec-earth3-veg-lr,fgoals-g3,gfdl-cm4,gfdl-esm4,giss-e2-1-g,hadgem3-gc31-ll,inm-cm4-8,inm-cm5-0,ipsl-cm6a-lr,kace-1-0-g,kiost-esm,miroc6,miroc-es2l,mpi-esm1-2-hr,mpi-esm1-2-lr,mri-esm2-0,nesm3,noresm2-lm,noresm2-mm,ukesm1-0-ll",World Bank Climate Change Knowledge Portal (CMIP6-x0.25),,,SSP2-4.5,Hot days above 30°C
MHL,Marshall Islands,1.0009794615991336,fractional_overlap_equal_area,tas,ssp245,2040-2059,median,anomaly,degC,ensemble of anomaly of Daily Near-Surface Air Temperature with reference period 1995-2014,50.0,"access-cm2,access-esm1-5,bcc-csm2-mr,canesm5,cmcc-esm2,cnrm-cm6-1,cnrm-esm2-1,ec-earth3,ec-earth3-veg-lr,fgoals-g3,gfdl-cm4,gfdl-esm4,giss-e2-1-g,hadgem3-gc31-ll,inm-cm4-8,inm-cm5-0,ipsl-cm6a-lr,kace-1-0-g,miroc6,miroc-es2l,mpi-esm1-2-hr,mpi-esm1-2-lr,mri-esm2-0,nesm3,noresm2-lm,noresm2-mm,ukesm1-0-ll",World Bank Climate Change Knowledge Portal (CMIP6-x0.25),,1995-2014,SSP2-4.5,Mean temperature
MHL,Marshall Islands,27.990004014491472,fractional_overlap_equal_area,tas,ssp245,2040-2059,median,climatology,degC,ensemble of Daily Near-Surface Air Temperature,50.0,"access-cm2,access-esm1-5,bcc-csm2-mr,canesm5,cmcc-esm2,cnrm-cm6-1,cnrm-esm2-1,ec-earth3,ec-earth3-veg-lr,fgoals-g3,gfdl-cm4,gfdl-esm4,giss-e2-1-g,hadgem3-gc31-ll,inm-cm4-8,inm-cm5-0,ipsl-cm6a-lr,kace-1-0-g,miroc6,miroc-es2l,mpi-esm1-2-hr,mpi-esm1-2-lr,mri-esm2-0,nesm3,noresm2-lm,noresm2-mm,ukesm1-0-ll",World Bank Climate Change Knowledge Portal (CMIP6-x0.25),,,SSP2-4.5,Mean temperature
MKD,North Macedonia,48.317650535986225,centre_cell_mask_coslat_area_weighted,hd30,ssp245,2040-2059,median,climatology,days,annual climatology of ensemble of hd30: hot days with 30 degC and higher,50.0,"access-cm2,access-esm1-5,bcc-csm2-mr,canesm5,cmcc-esm2,cnrm-cm6-1,cnrm-esm2-1,ec-earth3,ec-earth3-veg-lr,fgoals-g3,gfdl-cm4,gfdl-esm4,giss-e2-1-g,hadgem3-gc31-ll,inm-cm4-8,inm-cm5-0,ipsl-cm6a-lr,kace-1-0-g,kiost-esm,miroc6,miroc-es2l,mpi-esm1-2-hr,mpi-esm1-2-lr,mri-esm2-0,nesm3,noresm2-lm,noresm2-mm,ukesm1-0-ll",World Bank Climate Change Knowledge Portal (CMIP6-x0.25),,,SSP2-4.5,Hot days above 30°C
MKD,North Macedonia,1.670032375817472,centre_cell_mask_coslat_area_weighted,tas,ssp245,2040-2059,median,anomaly,degC,ensemble of anomaly of Daily Near-Surface Air Temperature with reference period 1995-2014,50.0,"access-cm2,access-esm1-5,bcc-csm2-mr,canesm5,cmcc-esm2,cnrm-cm6-1,cnrm-esm2-1,ec-earth3,ec-earth3-veg-lr,fgoals-g3,gfdl-cm4,gfdl-esm4,giss-e2-1-g,hadgem3-gc31-ll,inm-cm4-8,inm-cm5-0,ipsl-cm6a-lr,kace-1-0-g,miroc6,miroc-es2l,mpi-esm1-2-hr,mpi-esm1-2-lr,mri-esm2-0,nesm3,noresm2-lm,noresm2-mm,ukesm1-0-ll",World Bank Climate Change Knowledge Portal (CMIP6-x0.25),,1995-2014,SSP2-4.5,Mean temperature
MKD,North Macedonia,12.835467819144093,centre_cell_mask_coslat_area_weighted,tas,ssp245,2040-2059,median,climatology,degC,ensemble of Daily Near-Surface Air Temperature,50.0,"access-cm2,access-esm1-5,bcc-csm2-mr,canesm5,cmcc-esm2,cnrm-cm6-1,cnrm-esm2-1,ec-earth3,ec-earth3-veg-lr,fgoals-g3,gfdl-cm4,gfdl-esm4,giss-e2-1-g,hadgem3-gc31-ll,inm-cm4-8,inm-cm5-0,ipsl-cm6a-lr,kace-1-0-g,miroc6,miroc-es2l,mpi-esm1-2-hr,mpi-esm1-2-lr,mri-esm2-0,nesm3,noresm2-lm,noresm2-mm,ukesm1-0-ll",World Bank Climate Change Knowledge Portal (CMIP6-x0.25),,,SSP2-4.5,Mean temperature
MLI,Mali,314.7167679719926,centre_cell_mask_coslat_area_weighted,hd30,ssp245,2040-2059,median,climatology,days,annual climatology of ensemble of hd30: hot days with 30 degC and higher,50.0,"access-cm2,access-esm1-5,bcc-csm2-mr,canesm5,cmcc-esm2,cnrm-cm6-1,cnrm-esm2-1,ec-earth3,ec-earth3-veg-lr,fgoals-g3,gfdl-cm4,gfdl-esm4,giss-e2-1-g,hadgem3-gc31-ll,inm-cm4-8,inm-cm5-0,ipsl-cm6a-lr,kace-1-0-g,kiost-esm,miroc6,miroc-es2l,mpi-esm1-2-hr,mpi-esm1-2-lr,mri-esm2-0,nesm3,noresm2-lm,noresm2-mm,ukesm1-0-ll",World Bank Climate Change Knowledge Portal (CMIP6-x0.25),,,SSP2-4.5,Hot days above 30°C
MLI,Mali,1.6332847814120628,centre_cell_mask_coslat_area_weighted,tas,ssp245,2040-2059,median,anomaly,degC,ensemble of anomaly of Daily Near-Surface Air Temperature with reference period 1995-2014,50.0,"access-cm2,access-esm1-5,bcc-csm2-mr,canesm5,cmcc-esm2,cnrm-cm6-1,cnrm-esm2-1,ec-earth3,ec-earth3-veg-lr,fgoals-g3,gfdl-cm4,gfdl-esm4,giss-e2-1-g,hadgem3-gc31-ll,inm-cm4-8,inm-cm5-0,ipsl-cm6a-lr,kace-1-0-g,miroc6,miroc-es2l,mpi-esm1-2-hr,mpi-esm1-2-lr,mri-esm2-0,nesm3,noresm2-lm,noresm2-mm,ukesm1-0-ll",World Bank Climate Change Knowledge Portal (CMIP6-x0.25),,1995-2014,SSP2-4.5,Mean temperature
MLI,Mali,30.266763791806657,centre_cell_mask_coslat_area_weighted,tas,ssp245,2040-2059,median,climatology,degC,ensemble of Daily Near-Surface Air Temperature,50.0,"access-cm2,access-esm1-5,bcc-csm2-mr,canesm5,cmcc-esm2,cnrm-cm6-1,cnrm-esm2-1,ec-earth3,ec-earth3-veg-lr,fgoals-g3,gfdl-cm4,gfdl-esm4,giss-e2-1-g,hadgem3-gc31-ll,inm-cm4-8,inm-cm5-0,ipsl-cm6a-lr,kace-1-0-g,miroc6,miroc-es2l,mpi-esm1-2-hr,mpi-esm1-2-lr,mri-esm2-0,nesm3,noresm2-lm,noresm2-mm,ukesm1-0-ll",World Bank Climate Change Knowledge Portal (CMIP6-x0.25),,,SSP2-4.5,Mean temperature
MLT,Malta,4.950368485970152,fractional_overlap_equal_area,hd30,ssp245,2040-2059,median,climatology,days,annual climatology of ensemble of hd30: hot days with 30 degC and higher,50.0,"access-cm2,access-esm1-5,bcc-csm2-mr,canesm5,cmcc-esm2,cnrm-cm6-1,cnrm-esm2-1,ec-earth3,ec-earth3-veg-lr,fgoals-g3,gfdl-cm4,gfdl-esm4,giss-e2-1-g,hadgem3-gc31-ll,inm-cm4-8,inm-cm5-0,ipsl-cm6a-lr,kace-1-0-g,kiost-esm,miroc6,miroc-es2l,mpi-esm1-2-hr,mpi-esm1-2-lr,mri-esm2-0,nesm3,noresm2-lm,noresm2-mm,ukesm1-0-ll",World Bank Climate Change Knowledge Portal (CMIP6-x0.25),,,SSP2-4.5,Hot days above 30°C
MLT,Malta,1.415707221735511,fractional_overlap_equal_area,tas,ssp245,2040-2059,median,anomaly,degC,ensemble of anomaly of Daily Near-Surface Air Temperature with reference period 1995-2014,50.0,"access-cm2,access-esm1-5,bcc-csm2-mr,canesm5,cmcc-esm2,cnrm-cm6-1,cnrm-esm2-1,ec-earth3,ec-earth3-veg-lr,fgoals-g3,gfdl-cm4,gfdl-esm4,giss-e2-1-g,hadgem3-gc31-ll,inm-cm4-8,inm-cm5-0,ipsl-cm6a-lr,kace-1-0-g,miroc6,miroc-es2l,mpi-esm1-2-hr,mpi-esm1-2-lr,mri-esm2-0,nesm3,noresm2-lm,noresm2-mm,ukesm1-0-ll",World Bank Climate Change Knowledge Portal (CMIP6-x0.25),,1995-2014,SSP2-4.5,Mean temperature
MLT,Malta,20.693460788950592,fractional_overlap_equal_area,tas,ssp245,2040-2059,median,climatology,degC,ensemble of Daily Near-Surface Air Temperature,50.0,"access-cm2,access-esm1-5,bcc-csm2-mr,canesm5,cmcc-esm2,cnrm-cm6-1,cnrm-esm2-1,ec-earth3,ec-earth3-veg-lr,fgoals-g3,gfdl-cm4,gfdl-esm4,giss-e2-1-g,hadgem3-gc31-ll,inm-cm4-8,inm-cm5-0,ipsl-cm6a-lr,kace-1-0-g,miroc6,miroc-es2l,mpi-esm1-2-hr,mpi-esm1-2-lr,mri-esm2-0,nesm3,noresm2-lm,noresm2-mm,ukesm1-0-ll",World Bank Climate Change Knowledge Portal (CMIP6-x0.25),,,SSP2-4.5,Mean temperature
MMR,Myanmar,185.9922321292456,centre_cell_mask_coslat_area_weighted,hd30,ssp245,2040-2059,median,climatology,days,annual climatology of ensemble of hd30: hot days with 30 degC and higher,50.0,"access-cm2,access-esm1-5,bcc-csm2-mr,canesm5,cmcc-esm2,cnrm-cm6-1,cnrm-esm2-1,ec-earth3,ec-earth3-veg-lr,fgoals-g3,gfdl-cm4,gfdl-esm4,giss-e2-1-g,hadgem3-gc31-ll,inm-cm4-8,inm-cm5-0,ipsl-cm6a-lr,kace-1-0-g,kiost-esm,miroc6,miroc-es2l,mpi-esm1-2-hr,mpi-esm1-2-lr,mri-esm2-0,nesm3,noresm2-lm,noresm2-mm,ukesm1-0-ll",World Bank Climate Change Knowledge Portal (CMIP6-x0.25),,,SSP2-4.5,Hot days above 30°C
MMR,Myanmar,1.2225561587832292,centre_cell_mask_coslat_area_weighted,tas,ssp245,2040-2059,median,anomaly,degC,ensemble of anomaly of Daily Near-Surface Air Temperature with reference period 1995-2014,50.0,"access-cm2,access-esm1-5,bcc-csm2-mr,canesm5,cmcc-esm2,cnrm-cm6-1,cnrm-esm2-1,ec-earth3,ec-earth3-veg-lr,fgoals-g3,gfdl-cm4,gfdl-esm4,giss-e2-1-g,hadgem3-gc31-ll,inm-cm4-8,inm-cm5-0,ipsl-cm6a-lr,kace-1-0-g,miroc6,miroc-es2l,mpi-esm1-2-hr,mpi-esm1-2-lr,mri-esm2-0,nesm3,noresm2-lm,noresm2-mm,ukesm1-0-ll",World Bank Climate Change Knowledge Portal (CMIP6-x0.25),,1995-2014,SSP2-4.5,Mean temperature
MMR,Myanmar,25.107681363492844,centre_cell_mask_coslat_area_weighted,tas,ssp245,2040-2059,median,climatology,degC,ensemble of Daily Near-Surface Air Temperature,50.0,"access-cm2,access-esm1-5,bcc-csm2-mr,canesm5,cmcc-esm2,cnrm-cm6-1,cnrm-esm2-1,ec-earth3,ec-earth3-veg-lr,fgoals-g3,gfdl-cm4,gfdl-esm4,giss-e2-1-g,hadgem3-gc31-ll,inm-cm4-8,inm-cm5-0,ipsl-cm6a-lr,kace-1-0-g,miroc6,miroc-es2l,mpi-esm1-2-hr,mpi-esm1-2-lr,mri-esm2-0,nesm3,noresm2-lm,noresm2-mm,ukesm1-0-ll",World Bank Climate Change Knowledge Portal (CMIP6-x0.25),,,SSP2-4.5,Mean temperature
MNE,Montenegro,13.691212912939363,centre_cell_mask_coslat_area_weighted,hd30,ssp245,2040-2059,median,climatology,days,annual climatology of ensemble of hd30: hot days with 30 degC and higher,50.0,"access-cm2,access-esm1-5,bcc-csm2-mr,canesm5,cmcc-esm2,cnrm-cm6-1,cnrm-esm2-1,ec-earth3,ec-earth3-veg-lr,fgoals-g3,gfdl-cm4,gfdl-esm4,giss-e2-1-g,hadgem3-gc31-ll,inm-cm4-8,inm-cm5-0,ipsl-cm6a-lr,kace-1-0-g,kiost-esm,miroc6,miroc-es2l,mpi-esm1-2-hr,mpi-esm1-2-lr,mri-esm2-0,nesm3,noresm2-lm,noresm2-mm,ukesm1-0-ll",World Bank Climate Change Knowledge Portal (CMIP6-x0.25),,,SSP2-4.5,Hot days above 30°C
MNE,Montenegro,1.696405297642374,centre_cell_mask_coslat_area_weighted,tas,ssp245,2040-2059,median,anomaly,degC,ensemble of anomaly of Daily Near-Surface Air Temperature with reference period 1995-2014,50.0,"access-cm2,access-esm1-5,bcc-csm2-mr,canesm5,cmcc-esm2,cnrm-cm6-1,cnrm-esm2-1,ec-earth3,ec-earth3-veg-lr,fgoals-g3,gfdl-cm4,gfdl-esm4,giss-e2-1-g,hadgem3-gc31-ll,inm-cm4-8,inm-cm5-0,ipsl-cm6a-lr,kace-1-0-g,miroc6,miroc-es2l,mpi-esm1-2-hr,mpi-esm1-2-lr,mri-esm2-0,nesm3,noresm2-lm,noresm2-mm,ukesm1-0-ll",World Bank Climate Change Knowledge Portal (CMIP6-x0.25),,1995-2014,SSP2-4.5,Mean temperature
MNE,Montenegro,11.096093372520457,centre_cell_mask_coslat_area_weighted,tas,ssp245,2040-2059,median,climatology,degC,ensemble of Daily Near-Surface Air Temperature,50.0,"access-cm2,access-esm1-5,bcc-csm2-mr,canesm5,cmcc-esm2,cnrm-cm6-1,cnrm-esm2-1,ec-earth3,ec-earth3-veg-lr,fgoals-g3,gfdl-cm4,gfdl-esm4,giss-e2-1-g,hadgem3-gc31-ll,inm-cm4-8,inm-cm5-0,ipsl-cm6a-lr,kace-1-0-g,miroc6,miroc-es2l,mpi-esm1-2-hr,mpi-esm1-2-lr,mri-esm2-0,nesm3,noresm2-lm,noresm2-mm,ukesm1-0-ll",World Bank Climate Change Knowledge Portal (CMIP6-x0.25),,,SSP2-4.5,Mean temperature
MNG,Mongolia,25.277635859991996,centre_cell_mask_coslat_area_weighted,hd30,ssp245,2040-2059,median,climatology,days,annual climatology of ensemble of hd30: hot days with 30 degC and higher,50.0,"access-cm2,access-esm1-5,bcc-csm2-mr,canesm5,cmcc-esm2,cnrm-cm6-1,cnrm-esm2-1,ec-earth3,ec-earth3-veg-lr,fgoals-g3,gfdl-cm4,gfdl-esm4,giss-e2-1-g,hadgem3-gc31-ll,inm-cm4-8,inm-cm5-0,ipsl-cm6a-lr,kace-1-0-g,kiost-esm,miroc6,miroc-es2l,mpi-esm1-2-hr,mpi-esm1-2-lr,mri-esm2-0,nesm3,noresm2-lm,noresm2-mm,ukesm1-0-ll",World Bank Climate Change Knowledge Portal (CMIP6-x0.25),,,SSP2-4.5,Hot days above 30°C
MNG,Mongolia,1.959505735708398,centre_cell_mask_coslat_area_weighted,tas,ssp245,2040-2059,median,anomaly,degC,ensemble of anomaly of Daily Near-Surface Air Temperature with reference period 1995-2014,50.0,"access-cm2,access-esm1-5,bcc-csm2-mr,canesm5,cmcc-esm2,cnrm-cm6-1,cnrm-esm2-1,ec-earth3,ec-earth3-veg-lr,fgoals-g3,gfdl-cm4,gfdl-esm4,giss-e2-1-g,hadgem3-gc31-ll,inm-cm4-8,inm-cm5-0,ipsl-cm6a-lr,kace-1-0-g,miroc6,miroc-es2l,mpi-esm1-2-hr,mpi-esm1-2-lr,mri-esm2-0,nesm3,noresm2-lm,noresm2-mm,ukesm1-0-ll",World Bank Climate Change Knowledge Portal (CMIP6-x0.25),,1995-2014,SSP2-4.5,Mean temperature
MNG,Mongolia,3.2765215884616716,centre_cell_mask_coslat_area_weighted,tas,ssp245,2040-2059,median,climatology,degC,ensemble of Daily Near-Surface Air Temperature,50.0,"access-cm2,access-esm1-5,bcc-csm2-mr,canesm5,cmcc-esm2,cnrm-cm6-1,cnrm-esm2-1,ec-earth3,ec-earth3-veg-lr,fgoals-g3,gfdl-cm4,gfdl-esm4,giss-e2-1-g,hadgem3-gc31-ll,inm-cm4-8,inm-cm5-0,ipsl-cm6a-lr,kace-1-0-g,miroc6,miroc-es2l,mpi-esm1-2-hr,mpi-esm1-2-lr,mri-esm2-0,nesm3,noresm2-lm,noresm2-mm,ukesm1-0-ll",World Bank Climate Change Knowledge Portal (CMIP6-x0.25),,,SSP2-4.5,Mean temperature
MNP,Northern Mariana Islands (U.S.),8.677360539765901,fractional_overlap_equal_area,hd30,ssp245,2040-2059,median,climatology,days,annual climatology of ensemble of hd30: hot days with 30 degC and higher,50.0,"access-cm2,access-esm1-5,bcc-csm2-mr,canesm5,cmcc-esm2,cnrm-cm6-1,cnrm-esm2-1,ec-earth3,ec-earth3-veg-lr,fgoals-g3,gfdl-cm4,gfdl-esm4,giss-e2-1-g,hadgem3-gc31-ll,inm-cm4-8,inm-cm5-0,ipsl-cm6a-lr,kace-1-0-g,kiost-esm,miroc6,miroc-es2l,mpi-esm1-2-hr,mpi-esm1-2-lr,mri-esm2-0,nesm3,noresm2-lm,noresm2-mm,ukesm1-0-ll",World Bank Climate Change Knowledge Portal (CMIP6-x0.25),,,SSP2-4.5,Hot days above 30°C
MNP,Northern Mariana Islands (U.S.),1.0370261492909332,fractional_overlap_equal_area,tas,ssp245,2040-2059,median,anomaly,degC,ensemble of anomaly of Daily Near-Surface Air Temperature with reference period 1995-2014,50.0,"access-cm2,access-esm1-5,bcc-csm2-mr,canesm5,cmcc-esm2,cnrm-cm6-1,cnrm-esm2-1,ec-earth3,ec-earth3-veg-lr,fgoals-g3,gfdl-cm4,gfdl-esm4,giss-e2-1-g,hadgem3-gc31-ll,inm-cm4-8,inm-cm5-0,ipsl-cm6a-lr,kace-1-0-g,miroc6,miroc-es2l,mpi-esm1-2-hr,mpi-esm1-2-lr,mri-esm2-0,nesm3,noresm2-lm,noresm2-mm,ukesm1-0-ll",World Bank Climate Change Knowledge Portal (CMIP6-x0.25),,1995-2014,SSP2-4.5,Mean temperature
MNP,Northern Mariana Islands (U.S.),27.942646499452735,fractional_overlap_equal_area,tas,ssp245,2040-2059,median,climatology,degC,ensemble of Daily Near-Surface Air Temperature,50.0,"access-cm2,access-esm1-5,bcc-csm2-mr,canesm5,cmcc-esm2,cnrm-cm6-1,cnrm-esm2-1,ec-earth3,ec-earth3-veg-lr,fgoals-g3,gfdl-cm4,gfdl-esm4,giss-e2-1-g,hadgem3-gc31-ll,inm-cm4-8,inm-cm5-0,ipsl-cm6a-lr,kace-1-0-g,miroc6,miroc-es2l,mpi-esm1-2-hr,mpi-esm1-2-lr,mri-esm2-0,nesm3,noresm2-lm,noresm2-mm,ukesm1-0-ll",World Bank Climate Change Knowledge Portal (CMIP6-x0.25),,,SSP2-4.5,Mean temperature
MOZ,Mozambique,202.02683974828943,centre_cell_mask_coslat_area_weighted,hd30,ssp245,2040-2059,median,climatology,days,annual climatology of ensemble of hd30: hot days with 30 degC and higher,50.0,"access-cm2,access-esm1-5,bcc-csm2-mr,canesm5,cmcc-esm2,cnrm-cm6-1,cnrm-esm2-1,ec-earth3,ec-earth3-veg-lr,fgoals-g3,gfdl-cm4,gfdl-esm4,giss-e2-1-g,hadgem3-gc31-ll,inm-cm4-8,inm-cm5-0,ipsl-cm6a-lr,kace-1-0-g,kiost-esm,miroc6,miroc-es2l,mpi-esm1-2-hr,mpi-esm1-2-lr,mri-esm2-0,nesm3,noresm2-lm,noresm2-mm,ukesm1-0-ll",World Bank Climate Change Knowledge Portal (CMIP6-x0.25),,,SSP2-4.5,Hot days above 30°C
MOZ,Mozambique,1.3228122712128274,centre_cell_mask_coslat_area_weighted,tas,ssp245,2040-2059,median,anomaly,degC,ensemble of anomaly of Daily Near-Surface Air Temperature with reference period 1995-2014,50.0,"access-cm2,access-esm1-5,bcc-csm2-mr,canesm5,cmcc-esm2,cnrm-cm6-1,cnrm-esm2-1,ec-earth3,ec-earth3-veg-lr,fgoals-g3,gfdl-cm4,gfdl-esm4,giss-e2-1-g,hadgem3-gc31-ll,inm-cm4-8,inm-cm5-0,ipsl-cm6a-lr,kace-1-0-g,miroc6,miroc-es2l,mpi-esm1-2-hr,mpi-esm1-2-lr,mri-esm2-0,nesm3,noresm2-lm,noresm2-mm,ukesm1-0-ll",World Bank Climate Change Knowledge Portal (CMIP6-x0.25),,1995-2014,SSP2-4.5,Mean temperature
MOZ,Mozambique,25.657846308713356,centre_cell_mask_coslat_area_weighted,tas,ssp245,2040-2059,median,climatology,degC,ensemble of Daily Near-Surface Air Temperature,50.0,"access-cm2,access-esm1-5,bcc-csm2-mr,canesm5,cmcc-esm2,cnrm-cm6-1,cnrm-esm2-1,ec-earth3,ec-earth3-veg-lr,fgoals-g3,gfdl-cm4,gfdl-esm4,giss-e2-1-g,hadgem3-gc31-ll,inm-cm4-8,inm-cm5-0,ipsl-cm6a-lr,kace-1-0-g,miroc6,miroc-es2l,mpi-esm1-2-hr,mpi-esm1-2-lr,mri-esm2-0,nesm3,noresm2-lm,noresm2-mm,ukesm1-0-ll",World Bank Climate Change Knowledge Portal (CMIP6-x0.25),,,SSP2-4.5,Mean temperature
MRT,Mauritania,285.9927293682198,centre_cell_mask_coslat_area_weighted,hd30,ssp245,2040-2059,median,climatology,days,annual climatology of ensemble of hd30: hot days with 30 degC and higher,50.0,"access-cm2,access-esm1-5,bcc-csm2-mr,canesm5,cmcc-esm2,cnrm-cm6-1,cnrm-esm2-1,ec-earth3,ec-earth3-veg-lr,fgoals-g3,gfdl-cm4,gfdl-esm4,giss-e2-1-g,hadgem3-gc31-ll,inm-cm4-8,inm-cm5-0,ipsl-cm6a-lr,kace-1-0-g,kiost-esm,miroc6,miroc-es2l,mpi-esm1-2-hr,mpi-esm1-2-lr,mri-esm2-0,nesm3,noresm2-lm,noresm2-mm,ukesm1-0-ll",World Bank Climate Change Knowledge Portal (CMIP6-x0.25),,,SSP2-4.5,Hot days above 30°C
MRT,Mauritania,1.6210462091622266,centre_cell_mask_coslat_area_weighted,tas,ssp245,2040-2059,median,anomaly,degC,ensemble of anomaly of Daily Near-Surface Air Temperature with reference period 1995-2014,50.0,"access-cm2,access-esm1-5,bcc-csm2-mr,canesm5,cmcc-esm2,cnrm-cm6-1,cnrm-esm2-1,ec-earth3,ec-earth3-veg-lr,fgoals-g3,gfdl-cm4,gfdl-esm4,giss-e2-1-g,hadgem3-gc31-ll,inm-cm4-8,inm-cm5-0,ipsl-cm6a-lr,kace-1-0-g,miroc6,miroc-es2l,mpi-esm1-2-hr,mpi-esm1-2-lr,mri-esm2-0,nesm3,noresm2-lm,noresm2-mm,ukesm1-0-ll",World Bank Climate Change Knowledge Portal (CMIP6-x0.25),,1995-2014,SSP2-4.5,Mean temperature
MRT,Mauritania,29.231350635928486,centre_cell_mask_coslat_area_weighted,tas,ssp245,2040-2059,median,climatology,degC,ensemble of Daily Near-Surface Air Temperature,50.0,"access-cm2,access-esm1-5,bcc-csm2-mr,canesm5,cmcc-esm2,cnrm-cm6-1,cnrm-esm2-1,ec-earth3,ec-earth3-veg-lr,fgoals-g3,gfdl-cm4,gfdl-esm4,giss-e2-1-g,hadgem3-gc31-ll,inm-cm4-8,inm-cm5-0,ipsl-cm6a-lr,kace-1-0-g,miroc6,miroc-es2l,mpi-esm1-2-hr,mpi-esm1-2-lr,mri-esm2-0,nesm3,noresm2-lm,noresm2-mm,ukesm1-0-ll",World Bank Climate Change Knowledge Portal (CMIP6-x0.25),,,SSP2-4.5,Mean temperature
MSR,Montserrat (U.K.),0.3500000238418579,fractional_overlap_equal_area,hd30,ssp245,2040-2059,median,climatology,days,annual climatology of ensemble of hd30: hot days with 30 degC and higher,50.0,"access-cm2,access-esm1-5,bcc-csm2-mr,canesm5,cmcc-esm2,cnrm-cm6-1,cnrm-esm2-1,ec-earth3,ec-earth3-veg-lr,fgoals-g3,gfdl-cm4,gfdl-esm4,giss-e2-1-g,hadgem3-gc31-ll,inm-cm4-8,inm-cm5-0,ipsl-cm6a-lr,kace-1-0-g,kiost-esm,miroc6,miroc-es2l,mpi-esm1-2-hr,mpi-esm1-2-lr,mri-esm2-0,nesm3,noresm2-lm,noresm2-mm,ukesm1-0-ll",World Bank Climate Change Knowledge Portal (CMIP6-x0.25),,,SSP2-4.5,Hot days above 30°C
MSR,Montserrat (U.K.),1.065000057220459,fractional_overlap_equal_area,tas,ssp245,2040-2059,median,anomaly,degC,ensemble of anomaly of Daily Near-Surface Air Temperature with reference period 1995-2014,50.0,"access-cm2,access-esm1-5,bcc-csm2-mr,canesm5,cmcc-esm2,cnrm-cm6-1,cnrm-esm2-1,ec-earth3,ec-earth3-veg-lr,fgoals-g3,gfdl-cm4,gfdl-esm4,giss-e2-1-g,hadgem3-gc31-ll,inm-cm4-8,inm-cm5-0,ipsl-cm6a-lr,kace-1-0-g,miroc6,miroc-es2l,mpi-esm1-2-hr,mpi-esm1-2-lr,mri-esm2-0,nesm3,noresm2-lm,noresm2-mm,ukesm1-0-ll",World Bank Climate Change Knowledge Portal (CMIP6-x0.25),,1995-2014,SSP2-4.5,Mean temperature
MSR,Montserrat (U.K.),27.187999725341797,fractional_overlap_equal_area,tas,ssp245,2040-2059,median,climatology,degC,ensemble of Daily Near-Surface Air Temperature,50.0,"access-cm2,access-esm1-5,bcc-csm2-mr,canesm5,cmcc-esm2,cnrm-cm6-1,cnrm-esm2-1,ec-earth3,ec-earth3-veg-lr,fgoals-g3,gfdl-cm4,gfdl-esm4,giss-e2-1-g,hadgem3-gc31-ll,inm-cm4-8,inm-cm5-0,ipsl-cm6a-lr,kace-1-0-g,miroc6,miroc-es2l,mpi-esm1-2-hr,mpi-esm1-2-lr,mri-esm2-0,nesm3,noresm2-lm,noresm2-mm,ukesm1-0-ll",World Bank Climate Change Knowledge Portal (CMIP6-x0.25),,,SSP2-4.5,Mean temperature
MTQ,France,14.591687680113667,centre_cell_mask_coslat_area_weighted,hd30,ssp245,2040-2059,median,climatology,days,annual climatology of ensemble of hd30: hot days with 30 degC and higher,50.0,"access-cm2,access-esm1-5,bcc-csm2-mr,canesm5,cmcc-esm2,cnrm-cm6-1,cnrm-esm2-1,ec-earth3,ec-earth3-veg-lr,fgoals-g3,gfdl-cm4,gfdl-esm4,giss-e2-1-g,hadgem3-gc31-ll,inm-cm4-8,inm-cm5-0,ipsl-cm6a-lr,kace-1-0-g,kiost-esm,miroc6,miroc-es2l,mpi-esm1-2-hr,mpi-esm1-2-lr,mri-esm2-0,nesm3,noresm2-lm,noresm2-mm,ukesm1-0-ll",World Bank Climate Change Knowledge Portal (CMIP6-x0.25),,,SSP2-4.5,Hot days above 30°C
MTQ,France,1.0324980360765859,centre_cell_mask_coslat_area_weighted,tas,ssp245,2040-2059,median,anomaly,degC,ensemble of anomaly of Daily Near-Surface Air Temperature with reference period 1995-2014,50.0,"access-cm2,access-esm1-5,bcc-csm2-mr,canesm5,cmcc-esm2,cnrm-cm6-1,cnrm-esm2-1,ec-earth3,ec-earth3-veg-lr,fgoals-g3,gfdl-cm4,gfdl-esm4,giss-e2-1-g,hadgem3-gc31-ll,inm-cm4-8,inm-cm5-0,ipsl-cm6a-lr,kace-1-0-g,miroc6,miroc-es2l,mpi-esm1-2-hr,mpi-esm1-2-lr,mri-esm2-0,nesm3,noresm2-lm,noresm2-mm,ukesm1-0-ll",World Bank Climate Change Knowledge Portal (CMIP6-x0.25),,1995-2014,SSP2-4.5,Mean temperature
MTQ,France,26.974505110526536,centre_cell_mask_coslat_area_weighted,tas,ssp245,2040-2059,median,climatology,degC,ensemble of Daily Near-Surface Air Temperature,50.0,"access-cm2,access-esm1-5,bcc-csm2-mr,canesm5,cmcc-esm2,cnrm-cm6-1,cnrm-esm2-1,ec-earth3,ec-earth3-veg-lr,fgoals-g3,gfdl-cm4,gfdl-esm4,giss-e2-1-g,hadgem3-gc31-ll,inm-cm4-8,inm-cm5-0,ipsl-cm6a-lr,kace-1-0-g,miroc6,miroc-es2l,mpi-esm1-2-hr,mpi-esm1-2-lr,mri-esm2-0,nesm3,noresm2-lm,noresm2-mm,ukesm1-0-ll",World Bank Climate Change Knowledge Portal (CMIP6-x0.25),,,SSP2-4.5,Mean temperature
MUS,Mauritius,1.350188956413794,centre_cell_mask_coslat_area_weighted,hd30,ssp245,2040-2059,median,climatology,days,annual climatology of ensemble of hd30: hot days with 30 degC and higher,50.0,"access-cm2,access-esm1-5,bcc-csm2-mr,canesm5,cmcc-esm2,cnrm-cm6-1,cnrm-esm2-1,ec-earth3,ec-earth3-veg-lr,fgoals-g3,gfdl-cm4,gfdl-esm4,giss-e2-1-g,hadgem3-gc31-ll,inm-cm4-8,inm-cm5-0,ipsl-cm6a-lr,kace-1-0-g,kiost-esm,miroc6,miroc-es2l,mpi-esm1-2-hr,mpi-esm1-2-lr,mri-esm2-0,nesm3,noresm2-lm,noresm2-mm,ukesm1-0-ll",World Bank Climate Change Knowledge Portal (CMIP6-x0.25),,,SSP2-4.5,Hot days above 30°C
MUS,Mauritius,0.8713329609172027,centre_cell_mask_coslat_area_weighted,tas,ssp245,2040-2059,median,anomaly,degC,ensemble of anomaly of Daily Near-Surface Air Temperature with reference period 1995-2014,50.0,"access-cm2,access-esm1-5,bcc-csm2-mr,canesm5,cmcc-esm2,cnrm-cm6-1,cnrm-esm2-1,ec-earth3,ec-earth3-veg-lr,fgoals-g3,gfdl-cm4,gfdl-esm4,giss-e2-1-g,hadgem3-gc31-ll,inm-cm4-8,inm-cm5-0,ipsl-cm6a-lr,kace-1-0-g,miroc6,miroc-es2l,mpi-esm1-2-hr,mpi-esm1-2-lr,mri-esm2-0,nesm3,noresm2-lm,noresm2-mm,ukesm1-0-ll",World Bank Climate Change Knowledge Portal (CMIP6-x0.25),,1995-2014,SSP2-4.5,Mean temperature
MUS,Mauritius,24.474327589235603,centre_cell_mask_coslat_area_weighted,tas,ssp245,2040-2059,median,climatology,degC,ensemble of Daily Near-Surface Air Temperature,50.0,"access-cm2,access-esm1-5,bcc-csm2-mr,canesm5,cmcc-esm2,cnrm-cm6-1,cnrm-esm2-1,ec-earth3,ec-earth3-veg-lr,fgoals-g3,gfdl-cm4,gfdl-esm4,giss-e2-1-g,hadgem3-gc31-ll,inm-cm4-8,inm-cm5-0,ipsl-cm6a-lr,kace-1-0-g,miroc6,miroc-es2l,mpi-esm1-2-hr,mpi-esm1-2-lr,mri-esm2-0,nesm3,noresm2-lm,noresm2-mm,ukesm1-0-ll",World Bank Climate Change Knowledge Portal (CMIP6-x0.25),,,SSP2-4.5,Mean temperature
MWI,Malawi,85.9080549317147,centre_cell_mask_coslat_area_weighted,hd30,ssp245,2040-2059,median,climatology,days,annual climatology of ensemble of hd30: hot days with 30 degC and higher,50.0,"access-cm2,access-esm1-5,bcc-csm2-mr,canesm5,cmcc-esm2,cnrm-cm6-1,cnrm-esm2-1,ec-earth3,ec-earth3-veg-lr,fgoals-g3,gfdl-cm4,gfdl-esm4,giss-e2-1-g,hadgem3-gc31-ll,inm-cm4-8,inm-cm5-0,ipsl-cm6a-lr,kace-1-0-g,kiost-esm,miroc6,miroc-es2l,mpi-esm1-2-hr,mpi-esm1-2-lr,mri-esm2-0,nesm3,noresm2-lm,noresm2-mm,ukesm1-0-ll",World Bank Climate Change Knowledge Portal (CMIP6-x0.25),,,SSP2-4.5,Hot days above 30°C
MWI,Malawi,1.39094409714051,centre_cell_mask_coslat_area_weighted,tas,ssp245,2040-2059,median,anomaly,degC,ensemble of anomaly of Daily Near-Surface Air Temperature with reference period 1995-2014,50.0,"access-cm2,access-esm1-5,bcc-csm2-mr,canesm5,cmcc-esm2,cnrm-cm6-1,cnrm-esm2-1,ec-earth3,ec-earth3-veg-lr,fgoals-g3,gfdl-cm4,gfdl-esm4,giss-e2-1-g,hadgem3-gc31-ll,inm-cm4-8,inm-cm5-0,ipsl-cm6a-lr,kace-1-0-g,miroc6,miroc-es2l,mpi-esm1-2-hr,mpi-esm1-2-lr,mri-esm2-0,nesm3,noresm2-lm,noresm2-mm,ukesm1-0-ll",World Bank Climate Change Knowledge Portal (CMIP6-x0.25),,1995-2014,SSP2-4.5,Mean temperature
MWI,Malawi,23.82443365018317,centre_cell_mask_coslat_area_weighted,tas,ssp245,2040-2059,median,climatology,degC,ensemble of Daily Near-Surface Air Temperature,50.0,"access-cm2,access-esm1-5,bcc-csm2-mr,canesm5,cmcc-esm2,cnrm-cm6-1,cnrm-esm2-1,ec-earth3,ec-earth3-veg-lr,fgoals-g3,gfdl-cm4,gfdl-esm4,giss-e2-1-g,hadgem3-gc31-ll,inm-cm4-8,inm-cm5-0,ipsl-cm6a-lr,kace-1-0-g,miroc6,miroc-es2l,mpi-esm1-2-hr,mpi-esm1-2-lr,mri-esm2-0,nesm3,noresm2-lm,noresm2-mm,ukesm1-0-ll",World Bank Climate Change Knowledge Portal (CMIP6-x0.25),,,SSP2-4.5,Mean temperature
MYS,Malaysia,258.4187163979033,centre_cell_mask_coslat_area_weighted,hd30,ssp245,2040-2059,median,climatology,days,annual climatology of ensemble of hd30: hot days with 30 degC and higher,50.0,"access-cm2,access-esm1-5,bcc-csm2-mr,canesm5,cmcc-esm2,cnrm-cm6-1,cnrm-esm2-1,ec-earth3,ec-earth3-veg-lr,fgoals-g3,gfdl-cm4,gfdl-esm4,giss-e2-1-g,hadgem3-gc31-ll,inm-cm4-8,inm-cm5-0,ipsl-cm6a-lr,kace-1-0-g,kiost-esm,miroc6,miroc-es2l,mpi-esm1-2-hr,mpi-esm1-2-lr,mri-esm2-0,nesm3,noresm2-lm,noresm2-mm,ukesm1-0-ll",World Bank Climate Change Knowledge Portal (CMIP6-x0.25),,,SSP2-4.5,Hot days above 30°C
MYS,Malaysia,1.0809245640202838,centre_cell_mask_coslat_area_weighted,tas,ssp245,2040-2059,median,anomaly,degC,ensemble of anomaly of Daily Near-Surface Air Temperature with reference period 1995-2014,50.0,"access-cm2,access-esm1-5,bcc-csm2-mr,canesm5,cmcc-esm2,cnrm-cm6-1,cnrm-esm2-1,ec-earth3,ec-earth3-veg-lr,fgoals-g3,gfdl-cm4,gfdl-esm4,giss-e2-1-g,hadgem3-gc31-ll,inm-cm4-8,inm-cm5-0,ipsl-cm6a-lr,kace-1-0-g,miroc6,miroc-es2l,mpi-esm1-2-hr,mpi-esm1-2-lr,mri-esm2-0,nesm3,noresm2-lm,noresm2-mm,ukesm1-0-ll",World Bank Climate Change Knowledge Portal (CMIP6-x0.25),,1995-2014,SSP2-4.5,Mean temperature
MYS,Malaysia,27.131951807730957,centre_cell_mask_coslat_area_weighted,tas,ssp245,2040-2059,median,climatology,degC,ensemble of Daily Near-Surface Air Temperature,50.0,"access-cm2,access-esm1-5,bcc-csm2-mr,canesm5,cmcc-esm2,cnrm-cm6-1,cnrm-esm2-1,ec-earth3,ec-earth3-veg-lr,fgoals-g3,gfdl-cm4,gfdl-esm4,giss-e2-1-g,hadgem3-gc31-ll,inm-cm4-8,inm-cm5-0,ipsl-cm6a-lr,kace-1-0-g,miroc6,miroc-es2l,mpi-esm1-2-hr,mpi-esm1-2-lr,mri-esm2-0,nesm3,noresm2-lm,noresm2-mm,ukesm1-0-ll",World Bank Climate Change Knowledge Portal (CMIP6-x0.25),,,SSP2-4.5,Mean temperature
MYT,France,3.5662034691796487,fractional_overlap_equal_area,hd30,ssp245,2040-2059,median,climatology,days,annual climatology of ensemble of hd30: hot days with 30 degC and higher,50.0,"access-cm2,access-esm1-5,bcc-csm2-mr,canesm5,cmcc-esm2,cnrm-cm6-1,cnrm-esm2-1,ec-earth3,ec-earth3-veg-lr,fgoals-g3,gfdl-cm4,gfdl-esm4,giss-e2-1-g,hadgem3-gc31-ll,inm-cm4-8,inm-cm5-0,ipsl-cm6a-lr,kace-1-0-g,kiost-esm,miroc6,miroc-es2l,mpi-esm1-2-hr,mpi-esm1-2-lr,mri-esm2-0,nesm3,noresm2-lm,noresm2-mm,ukesm1-0-ll",World Bank Climate Change Knowledge Portal (CMIP6-x0.25),,,SSP2-4.5,Hot days above 30°C
MYT,France,1.0257157440787086,fractional_overlap_equal_area,tas,ssp245,2040-2059,median,anomaly,degC,ensemble of anomaly of Daily Near-Surface Air Temperature with reference period 1995-2014,50.0,"access-cm2,access-esm1-5,bcc-csm2-mr,canesm5,cmcc-esm2,cnrm-cm6-1,cnrm-esm2-1,ec-earth3,ec-earth3-veg-lr,fgoals-g3,gfdl-cm4,gfdl-esm4,giss-e2-1-g,hadgem3-gc31-ll,inm-cm4-8,inm-cm5-0,ipsl-cm6a-lr,kace-1-0-g,miroc6,miroc-es2l,mpi-esm1-2-hr,mpi-esm1-2-lr,mri-esm2-0,nesm3,noresm2-lm,noresm2-mm,ukesm1-0-ll",World Bank Climate Change Knowledge Portal (CMIP6-x0.25),,1995-2014,SSP2-4.5,Mean temperature
MYT,France,27.124583575864317,fractional_overlap_equal_area,tas,ssp245,2040-2059,median,climatology,degC,ensemble of Daily Near-Surface Air Temperature,50.0,"access-cm2,access-esm1-5,bcc-csm2-mr,canesm5,cmcc-esm2,cnrm-cm6-1,cnrm-esm2-1,ec-earth3,ec-earth3-veg-lr,fgoals-g3,gfdl-cm4,gfdl-esm4,giss-e2-1-g,hadgem3-gc31-ll,inm-cm4-8,inm-cm5-0,ipsl-cm6a-lr,kace-1-0-g,miroc6,miroc-es2l,mpi-esm1-2-hr,mpi-esm1-2-lr,mri-esm2-0,nesm3,noresm2-lm,noresm2-mm,ukesm1-0-ll",World Bank Climate Change Knowledge Portal (CMIP6-x0.25),,,SSP2-4.5,Mean temperature
NAM,Namibia,202.46487825532228,centre_cell_mask_coslat_area_weighted,hd30,ssp245,2040-2059,median,climatology,days,annual climatology of ensemble of hd30: hot days with 30 degC and higher,50.0,"access-cm2,access-esm1-5,bcc-csm2-mr,canesm5,cmcc-esm2,cnrm-cm6-1,cnrm-esm2-1,ec-earth3,ec-earth3-veg-lr,fgoals-g3,gfdl-cm4,gfdl-esm4,giss-e2-1-g,hadgem3-gc31-ll,inm-cm4-8,inm-cm5-0,ipsl-cm6a-lr,kace-1-0-g,kiost-esm,miroc6,miroc-es2l,mpi-esm1-2-hr,mpi-esm1-2-lr,mri-esm2-0,nesm3,noresm2-lm,noresm2-mm,ukesm1-0-ll",World Bank Climate Change Knowledge Portal (CMIP6-x0.25),,,SSP2-4.5,Hot days above 30°C
NAM,Namibia,1.6165527407252942,centre_cell_mask_coslat_area_weighted,tas,ssp245,2040-2059,median,anomaly,degC,ensemble of anomaly of Daily Near-Surface Air Temperature with reference period 1995-2014,50.0,"access-cm2,access-esm1-5,bcc-csm2-mr,canesm5,cmcc-esm2,cnrm-cm6-1,cnrm-esm2-1,ec-earth3,ec-earth3-veg-lr,fgoals-g3,gfdl-cm4,gfdl-esm4,giss-e2-1-g,hadgem3-gc31-ll,inm-cm4-8,inm-cm5-0,ipsl-cm6a-lr,kace-1-0-g,miroc6,miroc-es2l,mpi-esm1-2-hr,mpi-esm1-2-lr,mri-esm2-0,nesm3,noresm2-lm,noresm2-mm,ukesm1-0-ll",World Bank Climate Change Knowledge Portal (CMIP6-x0.25),,1995-2014,SSP2-4.5,Mean temperature
NAM,Namibia,23.323666798012443,centre_cell_mask_coslat_area_weighted,tas,ssp245,2040-2059,median,climatology,degC,ensemble of Daily Near-Surface Air Temperature,50.0,"access-cm2,access-esm1-5,bcc-csm2-mr,canesm5,cmcc-esm2,cnrm-cm6-1,cnrm-esm2-1,ec-earth3,ec-earth3-veg-lr,fgoals-g3,gfdl-cm4,gfdl-esm4,giss-e2-1-g,hadgem3-gc31-ll,inm-cm4-8,inm-cm5-0,ipsl-cm6a-lr,kace-1-0-g,miroc6,miroc-es2l,mpi-esm1-2-hr,mpi-esm1-2-lr,mri-esm2-0,nesm3,noresm2-lm,noresm2-mm,ukesm1-0-ll",World Bank Climate Change Knowledge Portal (CMIP6-x0.25),,,SSP2-4.5,Mean temperature
NCL,New Caledonia (Fr.),19.578108321640233,centre_cell_mask_coslat_area_weighted,hd30,ssp245,2040-2059,median,climatology,days,annual climatology of ensemble of hd30: hot days with 30 degC and higher,50.0,"access-cm2,access-esm1-5,bcc-csm2-mr,canesm5,cmcc-esm2,cnrm-cm6-1,cnrm-esm2-1,ec-earth3,ec-earth3-veg-lr,fgoals-g3,gfdl-cm4,gfdl-esm4,giss-e2-1-g,hadgem3-gc31-ll,inm-cm4-8,inm-cm5-0,ipsl-cm6a-lr,kace-1-0-g,kiost-esm,miroc6,miroc-es2l,mpi-esm1-2-hr,mpi-esm1-2-lr,mri-esm2-0,nesm3,noresm2-lm,noresm2-mm,ukesm1-0-ll",World Bank Climate Change Knowledge Portal (CMIP6-x0.25),,,SSP2-4.5,Hot days above 30°C
NCL,New Caledonia (Fr.),0.9002147718764854,centre_cell_mask_coslat_area_weighted,tas,ssp245,2040-2059,median,anomaly,degC,ensemble of anomaly of Daily Near-Surface Air Temperature with reference period 1995-2014,50.0,"access-cm2,access-esm1-5,bcc-csm2-mr,canesm5,cmcc-esm2,cnrm-cm6-1,cnrm-esm2-1,ec-earth3,ec-earth3-veg-lr,fgoals-g3,gfdl-cm4,gfdl-esm4,giss-e2-1-g,hadgem3-gc31-ll,inm-cm4-8,inm-cm5-0,ipsl-cm6a-lr,kace-1-0-g,miroc6,miroc-es2l,mpi-esm1-2-hr,mpi-esm1-2-lr,mri-esm2-0,nesm3,noresm2-lm,noresm2-mm,ukesm1-0-ll",World Bank Climate Change Knowledge Portal (CMIP6-x0.25),,1995-2014,SSP2-4.5,Mean temperature
NCL,New Caledonia (Fr.),23.59502975208498,centre_cell_mask_coslat_area_weighted,tas,ssp245,2040-2059,median,climatology,degC,ensemble of Daily Near-Surface Air Temperature,50.0,"access-cm2,access-esm1-5,bcc-csm2-mr,canesm5,cmcc-esm2,cnrm-cm6-1,cnrm-esm2-1,ec-earth3,ec-earth3-veg-lr,fgoals-g3,gfdl-cm4,gfdl-esm4,giss-e2-1-g,hadgem3-gc31-ll,inm-cm4-8,inm-cm5-0,ipsl-cm6a-lr,kace-1-0-g,miroc6,miroc-es2l,mpi-esm1-2-hr,mpi-esm1-2-lr,mri-esm2-0,nesm3,noresm2-lm,noresm2-mm,ukesm1-0-ll",World Bank Climate Change Knowledge Portal (CMIP6-x0.25),,,SSP2-4.5,Mean temperature
NER,Niger,296.1051842199867,centre_cell_mask_coslat_area_weighted,hd30,ssp245,2040-2059,median,climatology,days,annual climatology of ensemble of hd30: hot days with 30 degC and higher,50.0,"access-cm2,access-esm1-5,bcc-csm2-mr,canesm5,cmcc-esm2,cnrm-cm6-1,cnrm-esm2-1,ec-earth3,ec-earth3-veg-lr,fgoals-g3,gfdl-cm4,gfdl-esm4,giss-e2-1-g,hadgem3-gc31-ll,inm-cm4-8,inm-cm5-0,ipsl-cm6a-lr,kace-1-0-g,kiost-esm,miroc6,miroc-es2l,mpi-esm1-2-hr,mpi-esm1-2-lr,mri-esm2-0,nesm3,noresm2-lm,noresm2-mm,ukesm1-0-ll",World Bank Climate Change Knowledge Portal (CMIP6-x0.25),,,SSP2-4.5,Hot days above 30°C
NER,Niger,1.6152968637105014,centre_cell_mask_coslat_area_weighted,tas,ssp245,2040-2059,median,anomaly,degC,ensemble of anomaly of Daily Near-Surface Air Temperature with reference period 1995-2014,50.0,"access-cm2,access-esm1-5,bcc-csm2-mr,canesm5,cmcc-esm2,cnrm-cm6-1,cnrm-esm2-1,ec-earth3,ec-earth3-veg-lr,fgoals-g3,gfdl-cm4,gfdl-esm4,giss-e2-1-g,hadgem3-gc31-ll,inm-cm4-8,inm-cm5-0,ipsl-cm6a-lr,kace-1-0-g,miroc6,miroc-es2l,mpi-esm1-2-hr,mpi-esm1-2-lr,mri-esm2-0,nesm3,noresm2-lm,noresm2-mm,ukesm1-0-ll",World Bank Climate Change Knowledge Portal (CMIP6-x0.25),,1995-2014,SSP2-4.5,Mean temperature
NER,Niger,29.011972289478987,centre_cell_mask_coslat_area_weighted,tas,ssp245,2040-2059,median,climatology,degC,ensemble of Daily Near-Surface Air Temperature,50.0,"access-cm2,access-esm1-5,bcc-csm2-mr,canesm5,cmcc-esm2,cnrm-cm6-1,cnrm-esm2-1,ec-earth3,ec-earth3-veg-lr,fgoals-g3,gfdl-cm4,gfdl-esm4,giss-e2-1-g,hadgem3-gc31-ll,inm-cm4-8,inm-cm5-0,ipsl-cm6a-lr,kace-1-0-g,miroc6,miroc-es2l,mpi-esm1-2-hr,mpi-esm1-2-lr,mri-esm2-0,nesm3,noresm2-lm,noresm2-mm,ukesm1-0-ll",World Bank Climate Change Knowledge Portal (CMIP6-x0.25),,,SSP2-4.5,Mean temperature
NFK,Norfolk Island (Aus.),0.0,fractional_overlap_equal_area,hd30,ssp245,2040-2059,median,climatology,days,annual climatology of ensemble of hd30: hot days with 30 degC and higher,50.0,"access-cm2,access-esm1-5,bcc-csm2-mr,canesm5,cmcc-esm2,cnrm-cm6-1,cnrm-esm2-1,ec-earth3,ec-earth3-veg-lr,fgoals-g3,gfdl-cm4,gfdl-esm4,giss-e2-1-g,hadgem3-gc31-ll,inm-cm4-8,inm-cm5-0,ipsl-cm6a-lr,kace-1-0-g,kiost-esm,miroc6,miroc-es2l,mpi-esm1-2-hr,mpi-esm1-2-lr,mri-esm2-0,nesm3,noresm2-lm,noresm2-mm,ukesm1-0-ll",World Bank Climate Change Knowledge Portal (CMIP6-x0.25),,,SSP2-4.5,Hot days above 30°C
NFK,Norfolk Island (Aus.),0.9959999918937683,fractional_overlap_equal_area,tas,ssp245,2040-2059,median,anomaly,degC,ensemble of anomaly of Daily Near-Surface Air Temperature with reference period 1995-2014,50.0,"access-cm2,access-esm1-5,bcc-csm2-mr,canesm5,cmcc-esm2,cnrm-cm6-1,cnrm-esm2-1,ec-earth3,ec-earth3-veg-lr,fgoals-g3,gfdl-cm4,gfdl-esm4,giss-e2-1-g,hadgem3-gc31-ll,inm-cm4-8,inm-cm5-0,ipsl-cm6a-lr,kace-1-0-g,miroc6,miroc-es2l,mpi-esm1-2-hr,mpi-esm1-2-lr,mri-esm2-0,nesm3,noresm2-lm,noresm2-mm,ukesm1-0-ll",World Bank Climate Change Knowledge Portal (CMIP6-x0.25),,1995-2014,SSP2-4.5,Mean temperature
NFK,Norfolk Island (Aus.),20.934668106080885,fractional_overlap_equal_area,tas,ssp245,2040-2059,median,climatology,degC,ensemble of Daily Near-Surface Air Temperature,50.0,"access-cm2,access-esm1-5,bcc-csm2-mr,canesm5,cmcc-esm2,cnrm-cm6-1,cnrm-esm2-1,ec-earth3,ec-earth3-veg-lr,fgoals-g3,gfdl-cm4,gfdl-esm4,giss-e2-1-g,hadgem3-gc31-ll,inm-cm4-8,inm-cm5-0,ipsl-cm6a-lr,kace-1-0-g,miroc6,miroc-es2l,mpi-esm1-2-hr,mpi-esm1-2-lr,mri-esm2-0,nesm3,noresm2-lm,noresm2-mm,ukesm1-0-ll",World Bank Climate Change Knowledge Portal (CMIP6-x0.25),,,SSP2-4.5,Mean temperature
NGA,Nigeria,305.5754355202773,centre_cell_mask_coslat_area_weighted,hd30,ssp245,2040-2059,median,climatology,days,annual climatology of ensemble of hd30: hot days with 30 degC and higher,50.0,"access-cm2,access-esm1-5,bcc-csm2-mr,canesm5,cmcc-esm2,cnrm-cm6-1,cnrm-esm2-1,ec-earth3,ec-earth3-veg-lr,fgoals-g3,gfdl-cm4,gfdl-esm4,giss-e2-1-g,hadgem3-gc31-ll,inm-cm4-8,inm-cm5-0,ipsl-cm6a-lr,kace-1-0-g,kiost-esm,miroc6,miroc-es2l,mpi-esm1-2-hr,mpi-esm1-2-lr,mri-esm2-0,nesm3,noresm2-lm,noresm2-mm,ukesm1-0-ll",World Bank Climate Change Knowledge Portal (CMIP6-x0.25),,,SSP2-4.5,Hot days above 30°C
NGA,Nigeria,1.2584473478155356,centre_cell_mask_coslat_area_weighted,tas,ssp245,2040-2059,median,anomaly,degC,ensemble of anomaly of Daily Near-Surface Air Temperature with reference period 1995-2014,50.0,"access-cm2,access-esm1-5,bcc-csm2-mr,canesm5,cmcc-esm2,cnrm-cm6-1,cnrm-esm2-1,ec-earth3,ec-earth3-veg-lr,fgoals-g3,gfdl-cm4,gfdl-esm4,giss-e2-1-g,hadgem3-gc31-ll,inm-cm4-8,inm-cm5-0,ipsl-cm6a-lr,kace-1-0-g,miroc6,miroc-es2l,mpi-esm1-2-hr,mpi-esm1-2-lr,mri-esm2-0,nesm3,noresm2-lm,noresm2-mm,ukesm1-0-ll",World Bank Climate Change Knowledge Portal (CMIP6-x0.25),,1995-2014,SSP2-4.5,Mean temperature
NGA,Nigeria,28.693111240285315,centre_cell_mask_coslat_area_weighted,tas,ssp245,2040-2059,median,climatology,degC,ensemble of Daily Near-Surface Air Temperature,50.0,"access-cm2,access-esm1-5,bcc-csm2-mr,canesm5,cmcc-esm2,cnrm-cm6-1,cnrm-esm2-1,ec-earth3,ec-earth3-veg-lr,fgoals-g3,gfdl-cm4,gfdl-esm4,giss-e2-1-g,hadgem3-gc31-ll,inm-cm4-8,inm-cm5-0,ipsl-cm6a-lr,kace-1-0-g,miroc6,miroc-es2l,mpi-esm1-2-hr,mpi-esm1-2-lr,mri-esm2-0,nesm3,noresm2-lm,noresm2-mm,ukesm1-0-ll",World Bank Climate Change Knowledge Portal (CMIP6-x0.25),,,SSP2-4.5,Mean temperature
NIC,Nicaragua,216.43689587507862,centre_cell_mask_coslat_area_weighted,hd30,ssp245,2040-2059,median,climatology,days,annual climatology of ensemble of hd30: hot days with 30 degC and higher,50.0,"access-cm2,access-esm1-5,bcc-csm2-mr,canesm5,cmcc-esm2,cnrm-cm6-1,cnrm-esm2-1,ec-earth3,ec-earth3-veg-lr,fgoals-g3,gfdl-cm4,gfdl-esm4,giss-e2-1-g,hadgem3-gc31-ll,inm-cm4-8,inm-cm5-0,ipsl-cm6a-lr,kace-1-0-g,kiost-esm,miroc6,miroc-es2l,mpi-esm1-2-hr,mpi-esm1-2-lr,mri-esm2-0,nesm3,noresm2-lm,noresm2-mm,ukesm1-0-ll",World Bank Climate Change Knowledge Portal (CMIP6-x0.25),,,SSP2-4.5,Hot days above 30°C
NIC,Nicaragua,1.2962897937495108,centre_cell_mask_coslat_area_weighted,tas,ssp245,2040-2059,median,anomaly,degC,ensemble of anomaly of Daily Near-Surface Air Temperature with reference period 1995-2014,50.0,"access-cm2,access-esm1-5,bcc-csm2-mr,canesm5,cmcc-esm2,cnrm-cm6-1,cnrm-esm2-1,ec-earth3,ec-earth3-veg-lr,fgoals-g3,gfdl-cm4,gfdl-esm4,giss-e2-1-g,hadgem3-gc31-ll,inm-cm4-8,inm-cm5-0,ipsl-cm6a-lr,kace-1-0-g,miroc6,miroc-es2l,mpi-esm1-2-hr,mpi-esm1-2-lr,mri-esm2-0,nesm3,noresm2-lm,noresm2-mm,ukesm1-0-ll",World Bank Climate Change Knowledge Portal (CMIP6-x0.25),,1995-2014,SSP2-4.5,Mean temperature
NIC,Nicaragua,27.174935997440425,centre_cell_mask_coslat_area_weighted,tas,ssp245,2040-2059,median,climatology,degC,ensemble of Daily Near-Surface Air Temperature,50.0,"access-cm2,access-esm1-5,bcc-csm2-mr,canesm5,cmcc-esm2,cnrm-cm6-1,cnrm-esm2-1,ec-earth3,ec-earth3-veg-lr,fgoals-g3,gfdl-cm4,gfdl-esm4,giss-e2-1-g,hadgem3-gc31-ll,inm-cm4-8,inm-cm5-0,ipsl-cm6a-lr,kace-1-0-g,miroc6,miroc-es2l,mpi-esm1-2-hr,mpi-esm1-2-lr,mri-esm2-0,nesm3,noresm2-lm,noresm2-mm,ukesm1-0-ll",World Bank Climate Change Knowledge Portal (CMIP6-x0.25),,,SSP2-4.5,Mean temperature
NIU,Niue (N.Z.),0.05000000074505806,fractional_overlap_equal_area,hd30,ssp245,2040-2059,median,climatology,days,annual climatology of ensemble of hd30: hot days with 30 degC and higher,50.0,"access-cm2,access-esm1-5,bcc-csm2-mr,canesm5,cmcc-esm2,cnrm-cm6-1,cnrm-esm2-1,ec-earth3,ec-earth3-veg-lr,fgoals-g3,gfdl-cm4,gfdl-esm4,giss-e2-1-g,hadgem3-gc31-ll,inm-cm4-8,inm-cm5-0,ipsl-cm6a-lr,kace-1-0-g,kiost-esm,miroc6,miroc-es2l,mpi-esm1-2-hr,mpi-esm1-2-lr,mri-esm2-0,nesm3,noresm2-lm,noresm2-mm,ukesm1-0-ll",World Bank Climate Change Knowledge Portal (CMIP6-x0.25),,,SSP2-4.5,Hot days above 30°C
NIU,Niue (N.Z.),0.8454238943457703,fractional_overlap_equal_area,tas,ssp245,2040-2059,median,anomaly,degC,ensemble of anomaly of Daily Near-Surface Air Temperature with reference period 1995-2014,50.0,"access-cm2,access-esm1-5,bcc-csm2-mr,canesm5,cmcc-esm2,cnrm-cm6-1,cnrm-esm2-1,ec-earth3,ec-earth3-veg-lr,fgoals-g3,gfdl-cm4,gfdl-esm4,giss-e2-1-g,hadgem3-gc31-ll,inm-cm4-8,inm-cm5-0,ipsl-cm6a-lr,kace-1-0-g,miroc6,miroc-es2l,mpi-esm1-2-hr,mpi-esm1-2-lr,mri-esm2-0,nesm3,noresm2-lm,noresm2-mm,ukesm1-0-ll",World Bank Climate Change Knowledge Portal (CMIP6-x0.25),,1995-2014,SSP2-4.5,Mean temperature
NIU,Niue (N.Z.),26.1365488565179,fractional_overlap_equal_area,tas,ssp245,2040-2059,median,climatology,degC,ensemble of Daily Near-Surface Air Temperature,50.0,"access-cm2,access-esm1-5,bcc-csm2-mr,canesm5,cmcc-esm2,cnrm-cm6-1,cnrm-esm2-1,ec-earth3,ec-earth3-veg-lr,fgoals-g3,gfdl-cm4,gfdl-esm4,giss-e2-1-g,hadgem3-gc31-ll,inm-cm4-8,inm-cm5-0,ipsl-cm6a-lr,kace-1-0-g,miroc6,miroc-es2l,mpi-esm1-2-hr,mpi-esm1-2-lr,mri-esm2-0,nesm3,noresm2-lm,noresm2-mm,ukesm1-0-ll",World Bank Climate Change Knowledge Portal (CMIP6-x0.25),,,SSP2-4.5,Mean temperature
NLD,Netherlands,3.6264471552941213,centre_cell_mask_coslat_area_weighted,hd30,ssp245,2040-2059,median,climatology,days,annual climatology of ensemble of hd30: hot days with 30 degC and higher,50.0,"access-cm2,access-esm1-5,bcc-csm2-mr,canesm5,cmcc-esm2,cnrm-cm6-1,cnrm-esm2-1,ec-earth3,ec-earth3-veg-lr,fgoals-g3,gfdl-cm4,gfdl-esm4,giss-e2-1-g,hadgem3-gc31-ll,inm-cm4-8,inm-cm5-0,ipsl-cm6a-lr,kace-1-0-g,kiost-esm,miroc6,miroc-es2l,mpi-esm1-2-hr,mpi-esm1-2-lr,mri-esm2-0,nesm3,noresm2-lm,noresm2-mm,ukesm1-0-ll",World Bank Climate Change Knowledge Portal (CMIP6-x0.25),,,SSP2-4.5,Hot days above 30°C
NLD,Netherlands,1.1425748290074609,centre_cell_mask_coslat_area_weighted,tas,ssp245,2040-2059,median,anomaly,degC,ensemble of anomaly of Daily Near-Surface Air Temperature with reference period 1995-2014,50.0,"access-cm2,access-esm1-5,bcc-csm2-mr,canesm5,cmcc-esm2,cnrm-cm6-1,cnrm-esm2-1,ec-earth3,ec-earth3-veg-lr,fgoals-g3,gfdl-cm4,gfdl-esm4,giss-e2-1-g,hadgem3-gc31-ll,inm-cm4-8,inm-cm5-0,ipsl-cm6a-lr,kace-1-0-g,miroc6,miroc-es2l,mpi-esm1-2-hr,mpi-esm1-2-lr,mri-esm2-0,nesm3,noresm2-lm,noresm2-mm,ukesm1-0-ll",World Bank Climate Change Knowledge Portal (CMIP6-x0.25),,1995-2014,SSP2-4.5,Mean temperature
NLD,Netherlands,11.443488055648462,centre_cell_mask_coslat_area_weighted,tas,ssp245,2040-2059,median,climatology,degC,ensemble of Daily Near-Surface Air Temperature,50.0,"access-cm2,access-esm1-5,bcc-csm2-mr,canesm5,cmcc-esm2,cnrm-cm6-1,cnrm-esm2-1,ec-earth3,ec-earth3-veg-lr,fgoals-g3,gfdl-cm4,gfdl-esm4,giss-e2-1-g,hadgem3-gc31-ll,inm-cm4-8,inm-cm5-0,ipsl-cm6a-lr,kace-1-0-g,miroc6,miroc-es2l,mpi-esm1-2-hr,mpi-esm1-2-lr,mri-esm2-0,nesm3,noresm2-lm,noresm2-mm,ukesm1-0-ll",World Bank Climate Change Knowledge Portal (CMIP6-x0.25),,,SSP2-4.5,Mean temperature
NOR,Norway,0.10844547832181711,centre_cell_mask_coslat_area_weighted,hd30,ssp245,2040-2059,median,climatology,days,annual climatology of ensemble of hd30: hot days with 30 degC and higher,50.0,"access-cm2,access-esm1-5,bcc-csm2-mr,canesm5,cmcc-esm2,cnrm-cm6-1,cnrm-esm2-1,ec-earth3,ec-earth3-veg-lr,fgoals-g3,gfdl-cm4,gfdl-esm4,giss-e2-1-g,hadgem3-gc31-ll,inm-cm4-8,inm-cm5-0,ipsl-cm6a-lr,kace-1-0-g,kiost-esm,miroc6,miroc-es2l,mpi-esm1-2-hr,mpi-esm1-2-lr,mri-esm2-0,nesm3,noresm2-lm,noresm2-mm,ukesm1-0-ll",World Bank Climate Change Knowledge Portal (CMIP6-x0.25),,,SSP2-4.5,Hot days above 30°C
NOR,Norway,1.6069883649732677,centre_cell_mask_coslat_area_weighted,tas,ssp245,2040-2059,median,anomaly,degC,ensemble of anomaly of Daily Near-Surface Air Temperature with reference period 1995-2014,50.0,"access-cm2,access-esm1-5,bcc-csm2-mr,canesm5,cmcc-esm2,cnrm-cm6-1,cnrm-esm2-1,ec-earth3,ec-earth3-veg-lr,fgoals-g3,gfdl-cm4,gfdl-esm4,giss-e2-1-g,hadgem3-gc31-ll,inm-cm4-8,inm-cm5-0,ipsl-cm6a-lr,kace-1-0-g,miroc6,miroc-es2l,mpi-esm1-2-hr,mpi-esm1-2-lr,mri-esm2-0,nesm3,noresm2-lm,noresm2-mm,ukesm1-0-ll",World Bank Climate Change Knowledge Portal (CMIP6-x0.25),,1995-2014,SSP2-4.5,Mean temperature
NOR,Norway,3.730138821784897,centre_cell_mask_coslat_area_weighted,tas,ssp245,2040-2059,median,climatology,degC,ensemble of Daily Near-Surface Air Temperature,50.0,"access-cm2,access-esm1-5,bcc-csm2-mr,canesm5,cmcc-esm2,cnrm-cm6-1,cnrm-esm2-1,ec-earth3,ec-earth3-veg-lr,fgoals-g3,gfdl-cm4,gfdl-esm4,giss-e2-1-g,hadgem3-gc31-ll,inm-cm4-8,inm-cm5-0,ipsl-cm6a-lr,kace-1-0-g,miroc6,miroc-es2l,mpi-esm1-2-hr,mpi-esm1-2-lr,mri-esm2-0,nesm3,noresm2-lm,noresm2-mm,ukesm1-0-ll",World Bank Climate Change Knowledge Portal (CMIP6-x0.25),,,SSP2-4.5,Mean temperature
NPL,Nepal,60.016822315216984,centre_cell_mask_coslat_area_weighted,hd30,ssp245,2040-2059,median,climatology,days,annual climatology of ensemble of hd30: hot days with 30 degC and higher,50.0,"access-cm2,access-esm1-5,bcc-csm2-mr,canesm5,cmcc-esm2,cnrm-cm6-1,cnrm-esm2-1,ec-earth3,ec-earth3-veg-lr,fgoals-g3,gfdl-cm4,gfdl-esm4,giss-e2-1-g,hadgem3-gc31-ll,inm-cm4-8,inm-cm5-0,ipsl-cm6a-lr,kace-1-0-g,kiost-esm,miroc6,miroc-es2l,mpi-esm1-2-hr,mpi-esm1-2-lr,mri-esm2-0,nesm3,noresm2-lm,noresm2-mm,ukesm1-0-ll",World Bank Climate Change Knowledge Portal (CMIP6-x0.25),,,SSP2-4.5,Hot days above 30°C
NPL,Nepal,1.5080154093302363,centre_cell_mask_coslat_area_weighted,tas,ssp245,2040-2059,median,anomaly,degC,ensemble of anomaly of Daily Near-Surface Air Temperature with reference period 1995-2014,50.0,"access-cm2,access-esm1-5,bcc-csm2-mr,canesm5,cmcc-esm2,cnrm-cm6-1,cnrm-esm2-1,ec-earth3,ec-earth3-veg-lr,fgoals-g3,gfdl-cm4,gfdl-esm4,giss-e2-1-g,hadgem3-gc31-ll,inm-cm4-8,inm-cm5-0,ipsl-cm6a-lr,kace-1-0-g,miroc6,miroc-es2l,mpi-esm1-2-hr,mpi-esm1-2-lr,mri-esm2-0,nesm3,noresm2-lm,noresm2-mm,ukesm1-0-ll",World Bank Climate Change Knowledge Portal (CMIP6-x0.25),,1995-2014,SSP2-4.5,Mean temperature
NPL,Nepal,14.11785522240202,centre_cell_mask_coslat_area_weighted,tas,ssp245,2040-2059,median,climatology,degC,ensemble of Daily Near-Surface Air Temperature,50.0,"access-cm2,access-esm1-5,bcc-csm2-mr,canesm5,cmcc-esm2,cnrm-cm6-1,cnrm-esm2-1,ec-earth3,ec-earth3-veg-lr,fgoals-g3,gfdl-cm4,gfdl-esm4,giss-e2-1-g,hadgem3-gc31-ll,inm-cm4-8,inm-cm5-0,ipsl-cm6a-lr,kace-1-0-g,miroc6,miroc-es2l,mpi-esm1-2-hr,mpi-esm1-2-lr,mri-esm2-0,nesm3,noresm2-lm,noresm2-mm,ukesm1-0-ll",World Bank Climate Change Knowledge Portal (CMIP6-x0.25),,,SSP2-4.5,Mean temperature
NRU,Nauru,17.44999885559082,fractional_overlap_equal_area,hd30,ssp245,2040-2059,median,climatology,days,annual climatology of ensemble of hd30: hot days with 30 degC and higher,50.0,"access-cm2,access-esm1-5,bcc-csm2-mr,canesm5,cmcc-esm2,cnrm-cm6-1,cnrm-esm2-1,ec-earth3,ec-earth3-veg-lr,fgoals-g3,gfdl-cm4,gfdl-esm4,giss-e2-1-g,hadgem3-gc31-ll,inm-cm4-8,inm-cm5-0,ipsl-cm6a-lr,kace-1-0-g,kiost-esm,miroc6,miroc-es2l,mpi-esm1-2-hr,mpi-esm1-2-lr,mri-esm2-0,nesm3,noresm2-lm,noresm2-mm,ukesm1-0-ll",World Bank Climate Change Knowledge Portal (CMIP6-x0.25),,,SSP2-4.5,Hot days above 30°C
NRU,Nauru,1.1799999475479126,fractional_overlap_equal_area,tas,ssp245,2040-2059,median,anomaly,degC,ensemble of anomaly of Daily Near-Surface Air Temperature with reference period 1995-2014,50.0,"access-cm2,access-esm1-5,bcc-csm2-mr,canesm5,cmcc-esm2,cnrm-cm6-1,cnrm-esm2-1,ec-earth3,ec-earth3-veg-lr,fgoals-g3,gfdl-cm4,gfdl-esm4,giss-e2-1-g,hadgem3-gc31-ll,inm-cm4-8,inm-cm5-0,ipsl-cm6a-lr,kace-1-0-g,miroc6,miroc-es2l,mpi-esm1-2-hr,mpi-esm1-2-lr,mri-esm2-0,nesm3,noresm2-lm,noresm2-mm,ukesm1-0-ll",World Bank Climate Change Knowledge Portal (CMIP6-x0.25),,1995-2014,SSP2-4.5,Mean temperature
NRU,Nauru,28.319000244140625,fractional_overlap_equal_area,tas,ssp245,2040-2059,median,climatology,degC,ensemble of Daily Near-Surface Air Temperature,50.0,"access-cm2,access-esm1-5,bcc-csm2-mr,canesm5,cmcc-esm2,cnrm-cm6-1,cnrm-esm2-1,ec-earth3,ec-earth3-veg-lr,fgoals-g3,gfdl-cm4,gfdl-esm4,giss-e2-1-g,hadgem3-gc31-ll,inm-cm4-8,inm-cm5-0,ipsl-cm6a-lr,kace-1-0-g,miroc6,miroc-es2l,mpi-esm1-2-hr,mpi-esm1-2-lr,mri-esm2-0,nesm3,noresm2-lm,noresm2-mm,ukesm1-0-ll",World Bank Climate Change Knowledge Portal (CMIP6-x0.25),,,SSP2-4.5,Mean temperature
NZL,New Zealand,0.0018373179457260983,centre_cell_mask_coslat_area_weighted,hd30,ssp245,2040-2059,median,climatology,days,annual climatology of ensemble of hd30: hot days with 30 degC and higher,50.0,"access-cm2,access-esm1-5,bcc-csm2-mr,canesm5,cmcc-esm2,cnrm-cm6-1,cnrm-esm2-1,ec-earth3,ec-earth3-veg-lr,fgoals-g3,gfdl-cm4,gfdl-esm4,giss-e2-1-g,hadgem3-gc31-ll,inm-cm4-8,inm-cm5-0,ipsl-cm6a-lr,kace-1-0-g,kiost-esm,miroc6,miroc-es2l,mpi-esm1-2-hr,mpi-esm1-2-lr,mri-esm2-0,nesm3,noresm2-lm,noresm2-mm,ukesm1-0-ll",World Bank Climate Change Knowledge Portal (CMIP6-x0.25),,,SSP2-4.5,Hot days above 30°C
NZL,New Zealand,0.9480471233396418,centre_cell_mask_coslat_area_weighted,tas,ssp245,2040-2059,median,anomaly,degC,ensemble of anomaly of Daily Near-Surface Air Temperature with reference period 1995-2014,50.0,"access-cm2,access-esm1-5,bcc-csm2-mr,canesm5,cmcc-esm2,cnrm-cm6-1,cnrm-esm2-1,ec-earth3,ec-earth3-veg-lr,fgoals-g3,gfdl-cm4,gfdl-esm4,giss-e2-1-g,hadgem3-gc31-ll,inm-cm4-8,inm-cm5-0,ipsl-cm6a-lr,kace-1-0-g,miroc6,miroc-es2l,mpi-esm1-2-hr,mpi-esm1-2-lr,mri-esm2-0,nesm3,noresm2-lm,noresm2-mm,ukesm1-0-ll",World Bank Climate Change Knowledge Portal (CMIP6-x0.25),,1995-2014,SSP2-4.5,Mean temperature
NZL,New Zealand,11.659498003005313,centre_cell_mask_coslat_area_weighted,tas,ssp245,2040-2059,median,climatology,degC,ensemble of Daily Near-Surface Air Temperature,50.0,"access-cm2,access-esm1-5,bcc-csm2-mr,canesm5,cmcc-esm2,cnrm-cm6-1,cnrm-esm2-1,ec-earth3,ec-earth3-veg-lr,fgoals-g3,gfdl-cm4,gfdl-esm4,giss-e2-1-g,hadgem3-gc31-ll,inm-cm4-8,inm-cm5-0,ipsl-cm6a-lr,kace-1-0-g,miroc6,miroc-es2l,mpi-esm1-2-hr,mpi-esm1-2-lr,mri-esm2-0,nesm3,noresm2-lm,noresm2-mm,ukesm1-0-ll",World Bank Climate Change Knowledge Portal (CMIP6-x0.25),,,SSP2-4.5,Mean temperature
OMN,Oman,276.90841589634056,centre_cell_mask_coslat_area_weighted,hd30,ssp245,2040-2059,median,climatology,days,annual climatology of ensemble of hd30: hot days with 30 degC and higher,50.0,"access-cm2,access-esm1-5,bcc-csm2-mr,canesm5,cmcc-esm2,cnrm-cm6-1,cnrm-esm2-1,ec-earth3,ec-earth3-veg-lr,fgoals-g3,gfdl-cm4,gfdl-esm4,giss-e2-1-g,hadgem3-gc31-ll,inm-cm4-8,inm-cm5-0,ipsl-cm6a-lr,kace-1-0-g,kiost-esm,miroc6,miroc-es2l,mpi-esm1-2-hr,mpi-esm1-2-lr,mri-esm2-0,nesm3,noresm2-lm,noresm2-mm,ukesm1-0-ll",World Bank Climate Change Knowledge Portal (CMIP6-x0.25),,,SSP2-4.5,Hot days above 30°C
OMN,Oman,1.5063230509879773,centre_cell_mask_coslat_area_weighted,tas,ssp245,2040-2059,median,anomaly,degC,ensemble of anomaly of Daily Near-Surface Air Temperature with reference period 1995-2014,50.0,"access-cm2,access-esm1-5,bcc-csm2-mr,canesm5,cmcc-esm2,cnrm-cm6-1,cnrm-esm2-1,ec-earth3,ec-earth3-veg-lr,fgoals-g3,gfdl-cm4,gfdl-esm4,giss-e2-1-g,hadgem3-gc31-ll,inm-cm4-8,inm-cm5-0,ipsl-cm6a-lr,kace-1-0-g,miroc6,miroc-es2l,mpi-esm1-2-hr,mpi-esm1-2-lr,mri-esm2-0,nesm3,noresm2-lm,noresm2-mm,ukesm1-0-ll",World Bank Climate Change Knowledge Portal (CMIP6-x0.25),,1995-2014,SSP2-4.5,Mean temperature
OMN,Oman,29.370041865005955,centre_cell_mask_coslat_area_weighted,tas,ssp245,2040-2059,median,climatology,degC,ensemble of Daily Near-Surface Air Temperature,50.0,"access-cm2,access-esm1-5,bcc-csm2-mr,canesm5,cmcc-esm2,cnrm-cm6-1,cnrm-esm2-1,ec-earth3,ec-earth3-veg-lr,fgoals-g3,gfdl-cm4,gfdl-esm4,giss-e2-1-g,hadgem3-gc31-ll,inm-cm4-8,inm-cm5-0,ipsl-cm6a-lr,kace-1-0-g,miroc6,miroc-es2l,mpi-esm1-2-hr,mpi-esm1-2-lr,mri-esm2-0,nesm3,noresm2-lm,noresm2-mm,ukesm1-0-ll",World Bank Climate Change Knowledge Portal (CMIP6-x0.25),,,SSP2-4.5,Mean temperature
PAK,Pakistan,215.40830704951176,centre_cell_mask_coslat_area_weighted,hd30,ssp245,2040-2059,median,climatology,days,annual climatology of ensemble of hd30: hot days with 30 degC and higher,50.0,"access-cm2,access-esm1-5,bcc-csm2-mr,canesm5,cmcc-esm2,cnrm-cm6-1,cnrm-esm2-1,ec-earth3,ec-earth3-veg-lr,fgoals-g3,gfdl-cm4,gfdl-esm4,giss-e2-1-g,hadgem3-gc31-ll,inm-cm4-8,inm-cm5-0,ipsl-cm6a-lr,kace-1-0-g,kiost-esm,miroc6,miroc-es2l,mpi-esm1-2-hr,mpi-esm1-2-lr,mri-esm2-0,nesm3,noresm2-lm,noresm2-mm,ukesm1-0-ll",World Bank Climate Change Knowledge Portal (CMIP6-x0.25),,,SSP2-4.5,Hot days above 30°C
PAK,Pakistan,1.609117111167688,centre_cell_mask_coslat_area_weighted,tas,ssp245,2040-2059,median,anomaly,degC,ensemble of anomaly of Daily Near-Surface Air Temperature with reference period 1995-2014,50.0,"access-cm2,access-esm1-5,bcc-csm2-mr,canesm5,cmcc-esm2,cnrm-cm6-1,cnrm-esm2-1,ec-earth3,ec-earth3-veg-lr,fgoals-g3,gfdl-cm4,gfdl-esm4,giss-e2-1-g,hadgem3-gc31-ll,inm-cm4-8,inm-cm5-0,ipsl-cm6a-lr,kace-1-0-g,miroc6,miroc-es2l,mpi-esm1-2-hr,mpi-esm1-2-lr,mri-esm2-0,nesm3,noresm2-lm,noresm2-mm,ukesm1-0-ll",World Bank Climate Change Knowledge Portal (CMIP6-x0.25),,1995-2014,SSP2-4.5,Mean temperature
PAK,Pakistan,24.48444071532703,centre_cell_mask_coslat_area_weighted,tas,ssp245,2040-2059,median,climatology,degC,ensemble of Daily Near-Surface Air Temperature,50.0,"access-cm2,access-esm1-5,bcc-csm2-mr,canesm5,cmcc-esm2,cnrm-cm6-1,cnrm-esm2-1,ec-earth3,ec-earth3-veg-lr,fgoals-g3,gfdl-cm4,gfdl-esm4,giss-e2-1-g,hadgem3-gc31-ll,inm-cm4-8,inm-cm5-0,ipsl-cm6a-lr,kace-1-0-g,miroc6,miroc-es2l,mpi-esm1-2-hr,mpi-esm1-2-lr,mri-esm2-0,nesm3,noresm2-lm,noresm2-mm,ukesm1-0-ll",World Bank Climate Change Knowledge Portal (CMIP6-x0.25),,,SSP2-4.5,Mean temperature
PAN,Panama,149.83495333188273,centre_cell_mask_coslat_area_weighted,hd30,ssp245,2040-2059,median,climatology,days,annual climatology of ensemble of hd30: hot days with 30 degC and higher,50.0,"access-cm2,access-esm1-5,bcc-csm2-mr,canesm5,cmcc-esm2,cnrm-cm6-1,cnrm-esm2-1,ec-earth3,ec-earth3-veg-lr,fgoals-g3,gfdl-cm4,gfdl-esm4,giss-e2-1-g,hadgem3-gc31-ll,inm-cm4-8,inm-cm5-0,ipsl-cm6a-lr,kace-1-0-g,kiost-esm,miroc6,miroc-es2l,mpi-esm1-2-hr,mpi-esm1-2-lr,mri-esm2-0,nesm3,noresm2-lm,noresm2-mm,ukesm1-0-ll",World Bank Climate Change Knowledge Portal (CMIP6-x0.25),,,SSP2-4.5,Hot days above 30°C
PAN,Panama,1.1951925852797987,centre_cell_mask_coslat_area_weighted,tas,ssp245,2040-2059,median,anomaly,degC,ensemble of anomaly of Daily Near-Surface Air Temperature with reference period 1995-2014,50.0,"access-cm2,access-esm1-5,bcc-csm2-mr,canesm5,cmcc-esm2,cnrm-cm6-1,cnrm-esm2-1,ec-earth3,ec-earth3-veg-lr,fgoals-g3,gfdl-cm4,gfdl-esm4,giss-e2-1-g,hadgem3-gc31-ll,inm-cm4-8,inm-cm5-0,ipsl-cm6a-lr,kace-1-0-g,miroc6,miroc-es2l,mpi-esm1-2-hr,mpi-esm1-2-lr,mri-esm2-0,nesm3,noresm2-lm,noresm2-mm,ukesm1-0-ll",World Bank Climate Change Knowledge Portal (CMIP6-x0.25),,1995-2014,SSP2-4.5,Mean temperature
PAN,Panama,26.53611748519063,centre_cell_mask_coslat_area_weighted,tas,ssp245,2040-2059,median,climatology,degC,ensemble of Daily Near-Surface Air Temperature,50.0,"access-cm2,access-esm1-5,bcc-csm2-mr,canesm5,cmcc-esm2,cnrm-cm6-1,cnrm-esm2-1,ec-earth3,ec-earth3-veg-lr,fgoals-g3,gfdl-cm4,gfdl-esm4,giss-e2-1-g,hadgem3-gc31-ll,inm-cm4-8,inm-cm5-0,ipsl-cm6a-lr,kace-1-0-g,miroc6,miroc-es2l,mpi-esm1-2-hr,mpi-esm1-2-lr,mri-esm2-0,nesm3,noresm2-lm,noresm2-mm,ukesm1-0-ll",World Bank Climate Change Knowledge Portal (CMIP6-x0.25),,,SSP2-4.5,Mean temperature
PCN,Pitcairn Islands (U.K.),0.0,fractional_overlap_equal_area,hd30,ssp245,2040-2059,median,climatology,days,annual climatology of ensemble of hd30: hot days with 30 degC and higher,50.0,"access-cm2,access-esm1-5,bcc-csm2-mr,canesm5,cmcc-esm2,cnrm-cm6-1,cnrm-esm2-1,ec-earth3,ec-earth3-veg-lr,fgoals-g3,gfdl-cm4,gfdl-esm4,giss-e2-1-g,hadgem3-gc31-ll,inm-cm4-8,inm-cm5-0,ipsl-cm6a-lr,kace-1-0-g,kiost-esm,miroc6,miroc-es2l,mpi-esm1-2-hr,mpi-esm1-2-lr,mri-esm2-0,nesm3,noresm2-lm,noresm2-mm,ukesm1-0-ll",World Bank Climate Change Knowledge Portal (CMIP6-x0.25),,,SSP2-4.5,Hot days above 30°C
PCN,Pitcairn Islands (U.K.),0.6969977082852202,fractional_overlap_equal_area,tas,ssp245,2040-2059,median,anomaly,degC,ensemble of anomaly of Daily Near-Surface Air Temperature with reference period 1995-2014,50.0,"access-cm2,access-esm1-5,bcc-csm2-mr,canesm5,cmcc-esm2,cnrm-cm6-1,cnrm-esm2-1,ec-earth3,ec-earth3-veg-lr,fgoals-g3,gfdl-cm4,gfdl-esm4,giss-e2-1-g,hadgem3-gc31-ll,inm-cm4-8,inm-cm5-0,ipsl-cm6a-lr,kace-1-0-g,miroc6,miroc-es2l,mpi-esm1-2-hr,mpi-esm1-2-lr,mri-esm2-0,nesm3,noresm2-lm,noresm2-mm,ukesm1-0-ll",World Bank Climate Change Knowledge Portal (CMIP6-x0.25),,1995-2014,SSP2-4.5,Mean temperature
PCN,Pitcairn Islands (U.K.),23.762709229781834,fractional_overlap_equal_area,tas,ssp245,2040-2059,median,climatology,degC,ensemble of Daily Near-Surface Air Temperature,50.0,"access-cm2,access-esm1-5,bcc-csm2-mr,canesm5,cmcc-esm2,cnrm-cm6-1,cnrm-esm2-1,ec-earth3,ec-earth3-veg-lr,fgoals-g3,gfdl-cm4,gfdl-esm4,giss-e2-1-g,hadgem3-gc31-ll,inm-cm4-8,inm-cm5-0,ipsl-cm6a-lr,kace-1-0-g,miroc6,miroc-es2l,mpi-esm1-2-hr,mpi-esm1-2-lr,mri-esm2-0,nesm3,noresm2-lm,noresm2-mm,ukesm1-0-ll",World Bank Climate Change Knowledge Portal (CMIP6-x0.25),,,SSP2-4.5,Mean temperature
PER,Peru,132.69780719572282,centre_cell_mask_coslat_area_weighted,hd30,ssp245,2040-2059,median,climatology,days,annual climatology of ensemble of hd30: hot days with 30 degC and higher,50.0,"access-cm2,access-esm1-5,bcc-csm2-mr,canesm5,cmcc-esm2,cnrm-cm6-1,cnrm-esm2-1,ec-earth3,ec-earth3-veg-lr,fgoals-g3,gfdl-cm4,gfdl-esm4,giss-e2-1-g,hadgem3-gc31-ll,inm-cm4-8,inm-cm5-0,ipsl-cm6a-lr,kace-1-0-g,kiost-esm,miroc6,miroc-es2l,mpi-esm1-2-hr,mpi-esm1-2-lr,mri-esm2-0,nesm3,noresm2-lm,noresm2-mm,ukesm1-0-ll",World Bank Climate Change Knowledge Portal (CMIP6-x0.25),,,SSP2-4.5,Hot days above 30°C
PER,Peru,1.397238010998998,centre_cell_mask_coslat_area_weighted,tas,ssp245,2040-2059,median,anomaly,degC,ensemble of anomaly of Daily Near-Surface Air Temperature with reference period 1995-2014,50.0,"access-cm2,access-esm1-5,bcc-csm2-mr,canesm5,cmcc-esm2,cnrm-cm6-1,cnrm-esm2-1,ec-earth3,ec-earth3-veg-lr,fgoals-g3,gfdl-cm4,gfdl-esm4,giss-e2-1-g,hadgem3-gc31-ll,inm-cm4-8,inm-cm5-0,ipsl-cm6a-lr,kace-1-0-g,miroc6,miroc-es2l,mpi-esm1-2-hr,mpi-esm1-2-lr,mri-esm2-0,nesm3,noresm2-lm,noresm2-mm,ukesm1-0-ll",World Bank Climate Change Knowledge Portal (CMIP6-x0.25),,1995-2014,SSP2-4.5,Mean temperature
PER,Peru,20.862963278019215,centre_cell_mask_coslat_area_weighted,tas,ssp245,2040-2059,median,climatology,degC,ensemble of Daily Near-Surface Air Temperature,50.0,"access-cm2,access-esm1-5,bcc-csm2-mr,canesm5,cmcc-esm2,cnrm-cm6-1,cnrm-esm2-1,ec-earth3,ec-earth3-veg-lr,fgoals-g3,gfdl-cm4,gfdl-esm4,giss-e2-1-g,hadgem3-gc31-ll,inm-cm4-8,inm-cm5-0,ipsl-cm6a-lr,kace-1-0-g,miroc6,miroc-es2l,mpi-esm1-2-hr,mpi-esm1-2-lr,mri-esm2-0,nesm3,noresm2-lm,noresm2-mm,ukesm1-0-ll",World Bank Climate Change Knowledge Portal (CMIP6-x0.25),,,SSP2-4.5,Mean temperature
PHL,Philippines,179.8775774017838,centre_cell_mask_coslat_area_weighted,hd30,ssp245,2040-2059,median,climatology,days,annual climatology of ensemble of hd30: hot days with 30 degC and higher,50.0,"access-cm2,access-esm1-5,bcc-csm2-mr,canesm5,cmcc-esm2,cnrm-cm6-1,cnrm-esm2-1,ec-earth3,ec-earth3-veg-lr,fgoals-g3,gfdl-cm4,gfdl-esm4,giss-e2-1-g,hadgem3-gc31-ll,inm-cm4-8,inm-cm5-0,ipsl-cm6a-lr,kace-1-0-g,kiost-esm,miroc6,miroc-es2l,mpi-esm1-2-hr,mpi-esm1-2-lr,mri-esm2-0,nesm3,noresm2-lm,noresm2-mm,ukesm1-0-ll",World Bank Climate Change Knowledge Portal (CMIP6-x0.25),,,SSP2-4.5,Hot days above 30°C
PHL,Philippines,1.0888125618305085,centre_cell_mask_coslat_area_weighted,tas,ssp245,2040-2059,median,anomaly,degC,ensemble of anomaly of Daily Near-Surface Air Temperature with reference period 1995-2014,50.0,"access-cm2,access-esm1-5,bcc-csm2-mr,canesm5,cmcc-esm2,cnrm-cm6-1,cnrm-esm2-1,ec-earth3,ec-earth3-veg-lr,fgoals-g3,gfdl-cm4,gfdl-esm4,giss-e2-1-g,hadgem3-gc31-ll,inm-cm4-8,inm-cm5-0,ipsl-cm6a-lr,kace-1-0-g,miroc6,miroc-es2l,mpi-esm1-2-hr,mpi-esm1-2-lr,mri-esm2-0,nesm3,noresm2-lm,noresm2-mm,ukesm1-0-ll",World Bank Climate Change Knowledge Portal (CMIP6-x0.25),,1995-2014,SSP2-4.5,Mean temperature
PHL,Philippines,27.152963209935,centre_cell_mask_coslat_area_weighted,tas,ssp245,2040-2059,median,climatology,degC,ensemble of Daily Near-Surface Air Temperature,50.0,"access-cm2,access-esm1-5,bcc-csm2-mr,canesm5,cmcc-esm2,cnrm-cm6-1,cnrm-esm2-1,ec-earth3,ec-earth3-veg-lr,fgoals-g3,gfdl-cm4,gfdl-esm4,giss-e2-1-g,hadgem3-gc31-ll,inm-cm4-8,inm-cm5-0,ipsl-cm6a-lr,kace-1-0-g,miroc6,miroc-es2l,mpi-esm1-2-hr,mpi-esm1-2-lr,mri-esm2-0,nesm3,noresm2-lm,noresm2-mm,ukesm1-0-ll",World Bank Climate Change Knowledge Portal (CMIP6-x0.25),,,SSP2-4.5,Mean temperature
PLW,Palau,2.950222083070541,centre_cell_mask_coslat_area_weighted,hd30,ssp245,2040-2059,median,climatology,days,annual climatology of ensemble of hd30: hot days with 30 degC and higher,50.0,"access-cm2,access-esm1-5,bcc-csm2-mr,canesm5,cmcc-esm2,cnrm-cm6-1,cnrm-esm2-1,ec-earth3,ec-earth3-veg-lr,fgoals-g3,gfdl-cm4,gfdl-esm4,giss-e2-1-g,hadgem3-gc31-ll,inm-cm4-8,inm-cm5-0,ipsl-cm6a-lr,kace-1-0-g,kiost-esm,miroc6,miroc-es2l,mpi-esm1-2-hr,mpi-esm1-2-lr,mri-esm2-0,nesm3,noresm2-lm,noresm2-mm,ukesm1-0-ll",World Bank Climate Change Knowledge Portal (CMIP6-x0.25),,,SSP2-4.5,Hot days above 30°C
PLW,Palau,1.0509988888839492,centre_cell_mask_coslat_area_weighted,tas,ssp245,2040-2059,median,anomaly,degC,ensemble of anomaly of Daily Near-Surface Air Temperature with reference period 1995-2014,50.0,"access-cm2,access-esm1-5,bcc-csm2-mr,canesm5,cmcc-esm2,cnrm-cm6-1,cnrm-esm2-1,ec-earth3,ec-earth3-veg-lr,fgoals-g3,gfdl-cm4,gfdl-esm4,giss-e2-1-g,hadgem3-gc31-ll,inm-cm4-8,inm-cm5-0,ipsl-cm6a-lr,kace-1-0-g,miroc6,miroc-es2l,mpi-esm1-2-hr,mpi-esm1-2-lr,mri-esm2-0,nesm3,noresm2-lm,noresm2-mm,ukesm1-0-ll",World Bank Climate Change Knowledge Portal (CMIP6-x0.25),,1995-2014,SSP2-4.5,Mean temperature
PLW,Palau,28.128512473720544,centre_cell_mask_coslat_area_weighted,tas,ssp245,2040-2059,median,climatology,degC,ensemble of Daily Near-Surface Air Temperature,50.0,"access-cm2,access-esm1-5,bcc-csm2-mr,canesm5,cmcc-esm2,cnrm-cm6-1,cnrm-esm2-1,ec-earth3,ec-earth3-veg-lr,fgoals-g3,gfdl-cm4,gfdl-esm4,giss-e2-1-g,hadgem3-gc31-ll,inm-cm4-8,inm-cm5-0,ipsl-cm6a-lr,kace-1-0-g,miroc6,miroc-es2l,mpi-esm1-2-hr,mpi-esm1-2-lr,mri-esm2-0,nesm3,noresm2-lm,noresm2-mm,ukesm1-0-ll",World Bank Climate Change Knowledge Portal (CMIP6-x0.25),,,SSP2-4.5,Mean temperature
PNG,Papua New Guinea,111.32789178937527,centre_cell_mask_coslat_area_weighted,hd30,ssp245,2040-2059,median,climatology,days,annual climatology of ensemble of hd30: hot days with 30 degC and higher,50.0,"access-cm2,access-esm1-5,bcc-csm2-mr,canesm5,cmcc-esm2,cnrm-cm6-1,cnrm-esm2-1,ec-earth3,ec-earth3-veg-lr,fgoals-g3,gfdl-cm4,gfdl-esm4,giss-e2-1-g,hadgem3-gc31-ll,inm-cm4-8,inm-cm5-0,ipsl-cm6a-lr,kace-1-0-g,kiost-esm,miroc6,miroc-es2l,mpi-esm1-2-hr,mpi-esm1-2-lr,mri-esm2-0,nesm3,noresm2-lm,noresm2-mm,ukesm1-0-ll",World Bank Climate Change Knowledge Portal (CMIP6-x0.25),,,SSP2-4.5,Hot days above 30°C
PNG,Papua New Guinea,1.0569527755553274,centre_cell_mask_coslat_area_weighted,tas,ssp245,2040-2059,median,anomaly,degC,ensemble of anomaly of Daily Near-Surface Air Temperature with reference period 1995-2014,50.0,"access-cm2,access-esm1-5,bcc-csm2-mr,canesm5,cmcc-esm2,cnrm-cm6-1,cnrm-esm2-1,ec-earth3,ec-earth3-veg-lr,fgoals-g3,gfdl-cm4,gfdl-esm4,giss-e2-1-g,hadgem3-gc31-ll,inm-cm4-8,inm-cm5-0,ipsl-cm6a-lr,kace-1-0-g,miroc6,miroc-es2l,mpi-esm1-2-hr,mpi-esm1-2-lr,mri-esm2-0,nesm3,noresm2-lm,noresm2-mm,ukesm1-0-ll",World Bank Climate Change Knowledge Portal (CMIP6-x0.25),,1995-2014,SSP2-4.5,Mean temperature
PNG,Papua New Guinea,24.882677329836792,centre_cell_mask_coslat_area_weighted,tas,ssp245,2040-2059,median,climatology,degC,ensemble of Daily Near-Surface Air Temperature,50.0,"access-cm2,access-esm1-5,bcc-csm2-mr,canesm5,cmcc-esm2,cnrm-cm6-1,cnrm-esm2-1,ec-earth3,ec-earth3-veg-lr,fgoals-g3,gfdl-cm4,gfdl-esm4,giss-e2-1-g,hadgem3-gc31-ll,inm-cm4-8,inm-cm5-0,ipsl-cm6a-lr,kace-1-0-g,miroc6,miroc-es2l,mpi-esm1-2-hr,mpi-esm1-2-lr,mri-esm2-0,nesm3,noresm2-lm,noresm2-mm,ukesm1-0-ll",World Bank Climate Change Knowledge Portal (CMIP6-x0.25),,,SSP2-4.5,Mean temperature
POL,Poland,12.037910540815709,centre_cell_mask_coslat_area_weighted,hd30,ssp245,2040-2059,median,climatology,days,annual climatology of ensemble of hd30: hot days with 30 degC and higher,50.0,"access-cm2,access-esm1-5,bcc-csm2-mr,canesm5,cmcc-esm2,cnrm-cm6-1,cnrm-esm2-1,ec-earth3,ec-earth3-veg-lr,fgoals-g3,gfdl-cm4,gfdl-esm4,giss-e2-1-g,hadgem3-gc31-ll,inm-cm4-8,inm-cm5-0,ipsl-cm6a-lr,kace-1-0-g,kiost-esm,miroc6,miroc-es2l,mpi-esm1-2-hr,mpi-esm1-2-lr,mri-esm2-0,nesm3,noresm2-lm,noresm2-mm,ukesm1-0-ll",World Bank Climate Change Knowledge Portal (CMIP6-x0.25),,,SSP2-4.5,Hot days above 30°C
POL,Poland,1.5616583021268,centre_cell_mask_coslat_area_weighted,tas,ssp245,2040-2059,median,anomaly,degC,ensemble of anomaly of Daily Near-Surface Air Temperature with reference period 1995-2014,50.0,"access-cm2,access-esm1-5,bcc-csm2-mr,canesm5,cmcc-esm2,cnrm-cm6-1,cnrm-esm2-1,ec-earth3,ec-earth3-veg-lr,fgoals-g3,gfdl-cm4,gfdl-esm4,giss-e2-1-g,hadgem3-gc31-ll,inm-cm4-8,inm-cm5-0,ipsl-cm6a-lr,kace-1-0-g,miroc6,miroc-es2l,mpi-esm1-2-hr,mpi-esm1-2-lr,mri-esm2-0,nesm3,noresm2-lm,noresm2-mm,ukesm1-0-ll",World Bank Climate Change Knowledge Portal (CMIP6-x0.25),,1995-2014,SSP2-4.5,Mean temperature
POL,Poland,10.161955940118338,centre_cell_mask_coslat_area_weighted,tas,ssp245,2040-2059,median,climatology,degC,ensemble of Daily Near-Surface Air Temperature,50.0,"access-cm2,access-esm1-5,bcc-csm2-mr,canesm5,cmcc-esm2,cnrm-cm6-1,cnrm-esm2-1,ec-earth3,ec-earth3-veg-lr,fgoals-g3,gfdl-cm4,gfdl-esm4,giss-e2-1-g,hadgem3-gc31-ll,inm-cm4-8,inm-cm5-0,ipsl-cm6a-lr,kace-1-0-g,miroc6,miroc-es2l,mpi-esm1-2-hr,mpi-esm1-2-lr,mri-esm2-0,nesm3,noresm2-lm,noresm2-mm,ukesm1-0-ll",World Bank Climate Change Knowledge Portal (CMIP6-x0.25),,,SSP2-4.5,Mean temperature
PRI,Puerto Rico (U.S.),107.79622909597272,centre_cell_mask_coslat_area_weighted,hd30,ssp245,2040-2059,median,climatology,days,annual climatology of ensemble of hd30: hot days with 30 degC and higher,50.0,"access-cm2,access-esm1-5,bcc-csm2-mr,canesm5,cmcc-esm2,cnrm-cm6-1,cnrm-esm2-1,ec-earth3,ec-earth3-veg-lr,fgoals-g3,gfdl-cm4,gfdl-esm4,giss-e2-1-g,hadgem3-gc31-ll,inm-cm4-8,inm-cm5-0,ipsl-cm6a-lr,kace-1-0-g,kiost-esm,miroc6,miroc-es2l,mpi-esm1-2-hr,mpi-esm1-2-lr,mri-esm2-0,nesm3,noresm2-lm,noresm2-mm,ukesm1-0-ll",World Bank Climate Change Knowledge Portal (CMIP6-x0.25),,,SSP2-4.5,Hot days above 30°C
PRI,Puerto Rico (U.S.),1.1215923250150406,centre_cell_mask_coslat_area_weighted,tas,ssp245,2040-2059,median,anomaly,degC,ensemble of anomaly of Daily Near-Surface Air Temperature with reference period 1995-2014,50.0,"access-cm2,access-esm1-5,bcc-csm2-mr,canesm5,cmcc-esm2,cnrm-cm6-1,cnrm-esm2-1,ec-earth3,ec-earth3-veg-lr,fgoals-g3,gfdl-cm4,gfdl-esm4,giss-e2-1-g,hadgem3-gc31-ll,inm-cm4-8,inm-cm5-0,ipsl-cm6a-lr,kace-1-0-g,miroc6,miroc-es2l,mpi-esm1-2-hr,mpi-esm1-2-lr,mri-esm2-0,nesm3,noresm2-lm,noresm2-mm,ukesm1-0-ll",World Bank Climate Change Knowledge Portal (CMIP6-x0.25),,1995-2014,SSP2-4.5,Mean temperature
PRI,Puerto Rico (U.S.),26.66730731440691,centre_cell_mask_coslat_area_weighted,tas,ssp245,2040-2059,median,climatology,degC,ensemble of Daily Near-Surface Air Temperature,50.0,"access-cm2,access-esm1-5,bcc-csm2-mr,canesm5,cmcc-esm2,cnrm-cm6-1,cnrm-esm2-1,ec-earth3,ec-earth3-veg-lr,fgoals-g3,gfdl-cm4,gfdl-esm4,giss-e2-1-g,hadgem3-gc31-ll,inm-cm4-8,inm-cm5-0,ipsl-cm6a-lr,kace-1-0-g,miroc6,miroc-es2l,mpi-esm1-2-hr,mpi-esm1-2-lr,mri-esm2-0,nesm3,noresm2-lm,noresm2-mm,ukesm1-0-ll",World Bank Climate Change Knowledge Portal (CMIP6-x0.25),,,SSP2-4.5,Mean temperature
PRK,D. P. R. of Korea,13.431551311478994,centre_cell_mask_coslat_area_weighted,hd30,ssp245,2040-2059,median,climatology,days,annual climatology of ensemble of hd30: hot days with 30 degC and higher,50.0,"access-cm2,access-esm1-5,bcc-csm2-mr,canesm5,cmcc-esm2,cnrm-cm6-1,cnrm-esm2-1,ec-earth3,ec-earth3-veg-lr,fgoals-g3,gfdl-cm4,gfdl-esm4,giss-e2-1-g,hadgem3-gc31-ll,inm-cm4-8,inm-cm5-0,ipsl-cm6a-lr,kace-1-0-g,kiost-esm,miroc6,miroc-es2l,mpi-esm1-2-hr,mpi-esm1-2-lr,mri-esm2-0,nesm3,noresm2-lm,noresm2-mm,ukesm1-0-ll",World Bank Climate Change Knowledge Portal (CMIP6-x0.25),,,SSP2-4.5,Hot days above 30°C
PRK,D. P. R. of Korea,1.8940068032286337,centre_cell_mask_coslat_area_weighted,tas,ssp245,2040-2059,median,anomaly,degC,ensemble of anomaly of Daily Near-Surface Air Temperature with reference period 1995-2014,50.0,"access-cm2,access-esm1-5,bcc-csm2-mr,canesm5,cmcc-esm2,cnrm-cm6-1,cnrm-esm2-1,ec-earth3,ec-earth3-veg-lr,fgoals-g3,gfdl-cm4,gfdl-esm4,giss-e2-1-g,hadgem3-gc31-ll,inm-cm4-8,inm-cm5-0,ipsl-cm6a-lr,kace-1-0-g,miroc6,miroc-es2l,mpi-esm1-2-hr,mpi-esm1-2-lr,mri-esm2-0,nesm3,noresm2-lm,noresm2-mm,ukesm1-0-ll",World Bank Climate Change Knowledge Portal (CMIP6-x0.25),,1995-2014,SSP2-4.5,Mean temperature
PRK,D. P. R. of Korea,9.124885515791796,centre_cell_mask_coslat_area_weighted,tas,ssp245,2040-2059,median,climatology,degC,ensemble of Daily Near-Surface Air Temperature,50.0,"access-cm2,access-esm1-5,bcc-csm2-mr,canesm5,cmcc-esm2,cnrm-cm6-1,cnrm-esm2-1,ec-earth3,ec-earth3-veg-lr,fgoals-g3,gfdl-cm4,gfdl-esm4,giss-e2-1-g,hadgem3-gc31-ll,inm-cm4-8,inm-cm5-0,ipsl-cm6a-lr,kace-1-0-g,miroc6,miroc-es2l,mpi-esm1-2-hr,mpi-esm1-2-lr,mri-esm2-0,nesm3,noresm2-lm,noresm2-mm,ukesm1-0-ll",World Bank Climate Change Knowledge Portal (CMIP6-x0.25),,,SSP2-4.5,Mean temperature
PRT,Portugal,54.99747294193082,centre_cell_mask_coslat_area_weighted,hd30,ssp245,2040-2059,median,climatology,days,annual climatology of ensemble of hd30: hot days with 30 degC and higher,50.0,"access-cm2,access-esm1-5,bcc-csm2-mr,canesm5,cmcc-esm2,cnrm-cm6-1,cnrm-esm2-1,ec-earth3,ec-earth3-veg-lr,fgoals-g3,gfdl-cm4,gfdl-esm4,giss-e2-1-g,hadgem3-gc31-ll,inm-cm4-8,inm-cm5-0,ipsl-cm6a-lr,kace-1-0-g,kiost-esm,miroc6,miroc-es2l,mpi-esm1-2-hr,mpi-esm1-2-lr,mri-esm2-0,nesm3,noresm2-lm,noresm2-mm,ukesm1-0-ll",World Bank Climate Change Knowledge Portal (CMIP6-x0.25),,,SSP2-4.5,Hot days above 30°C
PRT,Portugal,1.3001082329592115,centre_cell_mask_coslat_area_weighted,tas,ssp245,2040-2059,median,anomaly,degC,ensemble of anomaly of Daily Near-Surface Air Temperature with reference period 1995-2014,50.0,"access-cm2,access-esm1-5,bcc-csm2-mr,canesm5,cmcc-esm2,cnrm-cm6-1,cnrm-esm2-1,ec-earth3,ec-earth3-veg-lr,fgoals-g3,gfdl-cm4,gfdl-esm4,giss-e2-1-g,hadgem3-gc31-ll,inm-cm4-8,inm-cm5-0,ipsl-cm6a-lr,kace-1-0-g,miroc6,miroc-es2l,mpi-esm1-2-hr,mpi-esm1-2-lr,mri-esm2-0,nesm3,noresm2-lm,noresm2-mm,ukesm1-0-ll",World Bank Climate Change Knowledge Portal (CMIP6-x0.25),,1995-2014,SSP2-4.5,Mean temperature
PRT,Portugal,16.828087119625042,centre_cell_mask_coslat_area_weighted,tas,ssp245,2040-2059,median,climatology,degC,ensemble of Daily Near-Surface Air Temperature,50.0,"access-cm2,access-esm1-5,bcc-csm2-mr,canesm5,cmcc-esm2,cnrm-cm6-1,cnrm-esm2-1,ec-earth3,ec-earth3-veg-lr,fgoals-g3,gfdl-cm4,gfdl-esm4,giss-e2-1-g,hadgem3-gc31-ll,inm-cm4-8,inm-cm5-0,ipsl-cm6a-lr,kace-1-0-g,miroc6,miroc-es2l,mpi-esm1-2-hr,mpi-esm1-2-lr,mri-esm2-0,nesm3,noresm2-lm,noresm2-mm,ukesm1-0-ll",World Bank Climate Change Knowledge Portal (CMIP6-x0.25),,,SSP2-4.5,Mean temperature
PRY,Paraguay,225.95504055257572,centre_cell_mask_coslat_area_weighted,hd30,ssp245,2040-2059,median,climatology,days,annual climatology of ensemble of hd30: hot days with 30 degC and higher,50.0,"access-cm2,access-esm1-5,bcc-csm2-mr,canesm5,cmcc-esm2,cnrm-cm6-1,cnrm-esm2-1,ec-earth3,ec-earth3-veg-lr,fgoals-g3,gfdl-cm4,gfdl-esm4,giss-e2-1-g,hadgem3-gc31-ll,inm-cm4-8,inm-cm5-0,ipsl-cm6a-lr,kace-1-0-g,kiost-esm,miroc6,miroc-es2l,mpi-esm1-2-hr,mpi-esm1-2-lr,mri-esm2-0,nesm3,noresm2-lm,noresm2-mm,ukesm1-0-ll",World Bank Climate Change Knowledge Portal (CMIP6-x0.25),,,SSP2-4.5,Hot days above 30°C
PRY,Paraguay,1.4456451197410047,centre_cell_mask_coslat_area_weighted,tas,ssp245,2040-2059,median,anomaly,degC,ensemble of anomaly of Daily Near-Surface Air Temperature with reference period 1995-2014,50.0,"access-cm2,access-esm1-5,bcc-csm2-mr,canesm5,cmcc-esm2,cnrm-cm6-1,cnrm-esm2-1,ec-earth3,ec-earth3-veg-lr,fgoals-g3,gfdl-cm4,gfdl-esm4,giss-e2-1-g,hadgem3-gc31-ll,inm-cm4-8,inm-cm5-0,ipsl-cm6a-lr,kace-1-0-g,miroc6,miroc-es2l,mpi-esm1-2-hr,mpi-esm1-2-lr,mri-esm2-0,nesm3,noresm2-lm,noresm2-mm,ukesm1-0-ll",World Bank Climate Change Knowledge Portal (CMIP6-x0.25),,1995-2014,SSP2-4.5,Mean temperature
PRY,Paraguay,25.88568615379136,centre_cell_mask_coslat_area_weighted,tas,ssp245,2040-2059,median,climatology,degC,ensemble of Daily Near-Surface Air Temperature,50.0,"access-cm2,access-esm1-5,bcc-csm2-mr,canesm5,cmcc-esm2,cnrm-cm6-1,cnrm-esm2-1,ec-earth3,ec-earth3-veg-lr,fgoals-g3,gfdl-cm4,gfdl-esm4,giss-e2-1-g,hadgem3-gc31-ll,inm-cm4-8,inm-cm5-0,ipsl-cm6a-lr,kace-1-0-g,miroc6,miroc-es2l,mpi-esm1-2-hr,mpi-esm1-2-lr,mri-esm2-0,nesm3,noresm2-lm,noresm2-mm,ukesm1-0-ll",World Bank Climate Change Knowledge Portal (CMIP6-x0.25),,,SSP2-4.5,Mean temperature
PSE,West Bank and Gaza,160.89665889331104,centre_cell_mask_coslat_area_weighted,hd30,ssp245,2040-2059,median,climatology,days,annual climatology of ensemble of hd30: hot days with 30 degC and higher,50.0,"access-cm2,access-esm1-5,bcc-csm2-mr,canesm5,cmcc-esm2,cnrm-cm6-1,cnrm-esm2-1,ec-earth3,ec-earth3-veg-lr,fgoals-g3,gfdl-cm4,gfdl-esm4,giss-e2-1-g,hadgem3-gc31-ll,inm-cm4-8,inm-cm5-0,ipsl-cm6a-lr,kace-1-0-g,kiost-esm,miroc6,miroc-es2l,mpi-esm1-2-hr,mpi-esm1-2-lr,mri-esm2-0,nesm3,noresm2-lm,noresm2-mm,ukesm1-0-ll",World Bank Climate Change Knowledge Portal (CMIP6-x0.25),,,SSP2-4.5,Hot days above 30°C
PSE,West Bank and Gaza,1.6193258169053182,centre_cell_mask_coslat_area_weighted,tas,ssp245,2040-2059,median,anomaly,degC,ensemble of anomaly of Daily Near-Surface Air Temperature with reference period 1995-2014,50.0,"access-cm2,access-esm1-5,bcc-csm2-mr,canesm5,cmcc-esm2,cnrm-cm6-1,cnrm-esm2-1,ec-earth3,ec-earth3-veg-lr,fgoals-g3,gfdl-cm4,gfdl-esm4,giss-e2-1-g,hadgem3-gc31-ll,inm-cm4-8,inm-cm5-0,ipsl-cm6a-lr,kace-1-0-g,miroc6,miroc-es2l,mpi-esm1-2-hr,mpi-esm1-2-lr,mri-esm2-0,nesm3,noresm2-lm,noresm2-mm,ukesm1-0-ll",World Bank Climate Change Knowledge Portal (CMIP6-x0.25),,1995-2014,SSP2-4.5,Mean temperature
PSE,West Bank and Gaza,21.98628958734727,centre_cell_mask_coslat_area_weighted,tas,ssp245,2040-2059,median,climatology,degC,ensemble of Daily Near-Surface Air Temperature,50.0,"access-cm2,access-esm1-5,bcc-csm2-mr,canesm5,cmcc-esm2,cnrm-cm6-1,cnrm-esm2-1,ec-earth3,ec-earth3-veg-lr,fgoals-g3,gfdl-cm4,gfdl-esm4,giss-e2-1-g,hadgem3-gc31-ll,inm-cm4-8,inm-cm5-0,ipsl-cm6a-lr,kace-1-0-g,miroc6,miroc-es2l,mpi-esm1-2-hr,mpi-esm1-2-lr,mri-esm2-0,nesm3,noresm2-lm,noresm2-mm,ukesm1-0-ll",World Bank Climate Change Knowledge Portal (CMIP6-x0.25),,,SSP2-4.5,Mean temperature
PYF,French Polynesia (Fr.),0.13378468176079494,centre_cell_mask_coslat_area_weighted,hd30,ssp245,2040-2059,median,climatology,days,annual climatology of ensemble of hd30: hot days with 30 degC and higher,50.0,"access-cm2,access-esm1-5,bcc-csm2-mr,canesm5,cmcc-esm2,cnrm-cm6-1,cnrm-esm2-1,ec-earth3,ec-earth3-veg-lr,fgoals-g3,gfdl-cm4,gfdl-esm4,giss-e2-1-g,hadgem3-gc31-ll,inm-cm4-8,inm-cm5-0,ipsl-cm6a-lr,kace-1-0-g,kiost-esm,miroc6,miroc-es2l,mpi-esm1-2-hr,mpi-esm1-2-lr,mri-esm2-0,nesm3,noresm2-lm,noresm2-mm,ukesm1-0-ll",World Bank Climate Change Knowledge Portal (CMIP6-x0.25),,,SSP2-4.5,Hot days above 30°C
PYF,French Polynesia (Fr.),0.8615972686139525,centre_cell_mask_coslat_area_weighted,tas,ssp245,2040-2059,median,anomaly,degC,ensemble of anomaly of Daily Near-Surface Air Temperature with reference period 1995-2014,50.0,"access-cm2,access-esm1-5,bcc-csm2-mr,canesm5,cmcc-esm2,cnrm-cm6-1,cnrm-esm2-1,ec-earth3,ec-earth3-veg-lr,fgoals-g3,gfdl-cm4,gfdl-esm4,giss-e2-1-g,hadgem3-gc31-ll,inm-cm4-8,inm-cm5-0,ipsl-cm6a-lr,kace-1-0-g,miroc6,miroc-es2l,mpi-esm1-2-hr,mpi-esm1-2-lr,mri-esm2-0,nesm3,noresm2-lm,noresm2-mm,ukesm1-0-ll",World Bank Climate Change Knowledge Portal (CMIP6-x0.25),,1995-2014,SSP2-4.5,Mean temperature
PYF,French Polynesia (Fr.),26.60958529607967,centre_cell_mask_coslat_area_weighted,tas,ssp245,2040-2059,median,climatology,degC,ensemble of Daily Near-Surface Air Temperature,50.0,"access-cm2,access-esm1-5,bcc-csm2-mr,canesm5,cmcc-esm2,cnrm-cm6-1,cnrm-esm2-1,ec-earth3,ec-earth3-veg-lr,fgoals-g3,gfdl-cm4,gfdl-esm4,giss-e2-1-g,hadgem3-gc31-ll,inm-cm4-8,inm-cm5-0,ipsl-cm6a-lr,kace-1-0-g,miroc6,miroc-es2l,mpi-esm1-2-hr,mpi-esm1-2-lr,mri-esm2-0,nesm3,noresm2-lm,noresm2-mm,ukesm1-0-ll",World Bank Climate Change Knowledge Portal (CMIP6-x0.25),,,SSP2-4.5,Mean temperature
QAT,Qatar,241.51676082646446,centre_cell_mask_coslat_area_weighted,hd30,ssp245,2040-2059,median,climatology,days,annual climatology of ensemble of hd30: hot days with 30 degC and higher,50.0,"access-cm2,access-esm1-5,bcc-csm2-mr,canesm5,cmcc-esm2,cnrm-cm6-1,cnrm-esm2-1,ec-earth3,ec-earth3-veg-lr,fgoals-g3,gfdl-cm4,gfdl-esm4,giss-e2-1-g,hadgem3-gc31-ll,inm-cm4-8,inm-cm5-0,ipsl-cm6a-lr,kace-1-0-g,kiost-esm,miroc6,miroc-es2l,mpi-esm1-2-hr,mpi-esm1-2-lr,mri-esm2-0,nesm3,noresm2-lm,noresm2-mm,ukesm1-0-ll",World Bank Climate Change Knowledge Portal (CMIP6-x0.25),,,SSP2-4.5,Hot days above 30°C
QAT,Qatar,1.6750567469453,centre_cell_mask_coslat_area_weighted,tas,ssp245,2040-2059,median,anomaly,degC,ensemble of anomaly of Daily Near-Surface Air Temperature with reference period 1995-2014,50.0,"access-cm2,access-esm1-5,bcc-csm2-mr,canesm5,cmcc-esm2,cnrm-cm6-1,cnrm-esm2-1,ec-earth3,ec-earth3-veg-lr,fgoals-g3,gfdl-cm4,gfdl-esm4,giss-e2-1-g,hadgem3-gc31-ll,inm-cm4-8,inm-cm5-0,ipsl-cm6a-lr,kace-1-0-g,miroc6,miroc-es2l,mpi-esm1-2-hr,mpi-esm1-2-lr,mri-esm2-0,nesm3,noresm2-lm,noresm2-mm,ukesm1-0-ll",World Bank Climate Change Knowledge Portal (CMIP6-x0.25),,1995-2014,SSP2-4.5,Mean temperature
QAT,Qatar,29.03932380385804,centre_cell_mask_coslat_area_weighted,tas,ssp245,2040-2059,median,climatology,degC,ensemble of Daily Near-Surface Air Temperature,50.0,"access-cm2,access-esm1-5,bcc-csm2-mr,canesm5,cmcc-esm2,cnrm-cm6-1,cnrm-esm2-1,ec-earth3,ec-earth3-veg-lr,fgoals-g3,gfdl-cm4,gfdl-esm4,giss-e2-1-g,hadgem3-gc31-ll,inm-cm4-8,inm-cm5-0,ipsl-cm6a-lr,kace-1-0-g,miroc6,miroc-es2l,mpi-esm1-2-hr,mpi-esm1-2-lr,mri-esm2-0,nesm3,noresm2-lm,noresm2-mm,ukesm1-0-ll",World Bank Climate Change Knowledge Portal (CMIP6-x0.25),,,SSP2-4.5,Mean temperature
REU,France,0.0,centre_cell_mask_coslat_area_weighted,hd30,ssp245,2040-2059,median,climatology,days,annual climatology of ensemble of hd30: hot days with 30 degC and higher,50.0,"access-cm2,access-esm1-5,bcc-csm2-mr,canesm5,cmcc-esm2,cnrm-cm6-1,cnrm-esm2-1,ec-earth3,ec-earth3-veg-lr,fgoals-g3,gfdl-cm4,gfdl-esm4,giss-e2-1-g,hadgem3-gc31-ll,inm-cm4-8,inm-cm5-0,ipsl-cm6a-lr,kace-1-0-g,kiost-esm,miroc6,miroc-es2l,mpi-esm1-2-hr,mpi-esm1-2-lr,mri-esm2-0,nesm3,noresm2-lm,noresm2-mm,ukesm1-0-ll",World Bank Climate Change Knowledge Portal (CMIP6-x0.25),,,SSP2-4.5,Hot days above 30°C
REU,France,0.8976634875821755,centre_cell_mask_coslat_area_weighted,tas,ssp245,2040-2059,median,anomaly,degC,ensemble of anomaly of Daily Near-Surface Air Temperature with reference period 1995-2014,50.0,"access-cm2,access-esm1-5,bcc-csm2-mr,canesm5,cmcc-esm2,cnrm-cm6-1,cnrm-esm2-1,ec-earth3,ec-earth3-veg-lr,fgoals-g3,gfdl-cm4,gfdl-esm4,giss-e2-1-g,hadgem3-gc31-ll,inm-cm4-8,inm-cm5-0,ipsl-cm6a-lr,kace-1-0-g,miroc6,miroc-es2l,mpi-esm1-2-hr,mpi-esm1-2-lr,mri-esm2-0,nesm3,noresm2-lm,noresm2-mm,ukesm1-0-ll",World Bank Climate Change Knowledge Portal (CMIP6-x0.25),,1995-2014,SSP2-4.5,Mean temperature
REU,France,21.145534951017183,centre_cell_mask_coslat_area_weighted,tas,ssp245,2040-2059,median,climatology,degC,ensemble of Daily Near-Surface Air Temperature,50.0,"access-cm2,access-esm1-5,bcc-csm2-mr,canesm5,cmcc-esm2,cnrm-cm6-1,cnrm-esm2-1,ec-earth3,ec-earth3-veg-lr,fgoals-g3,gfdl-cm4,gfdl-esm4,giss-e2-1-g,hadgem3-gc31-ll,inm-cm4-8,inm-cm5-0,ipsl-cm6a-lr,kace-1-0-g,miroc6,miroc-es2l,mpi-esm1-2-hr,mpi-esm1-2-lr,mri-esm2-0,nesm3,noresm2-lm,noresm2-mm,ukesm1-0-ll",World Bank Climate Change Knowledge Portal (CMIP6-x0.25),,,SSP2-4.5,Mean temperature
ROU,Romania,35.83740419176218,centre_cell_mask_coslat_area_weighted,hd30,ssp245,2040-2059,median,climatology,days,annual climatology of ensemble of hd30: hot days with 30 degC and higher,50.0,"access-cm2,access-esm1-5,bcc-csm2-mr,canesm5,cmcc-esm2,cnrm-cm6-1,cnrm-esm2-1,ec-earth3,ec-earth3-veg-lr,fgoals-g3,gfdl-cm4,gfdl-esm4,giss-e2-1-g,hadgem3-gc31-ll,inm-cm4-8,inm-cm5-0,ipsl-cm6a-lr,kace-1-0-g,kiost-esm,miroc6,miroc-es2l,mpi-esm1-2-hr,mpi-esm1-2-lr,mri-esm2-0,nesm3,noresm2-lm,noresm2-mm,ukesm1-0-ll",World Bank Climate Change Knowledge Portal (CMIP6-x0.25),,,SSP2-4.5,Hot days above 30°C
ROU,Romania,1.7263897940144242,centre_cell_mask_coslat_area_weighted,tas,ssp245,2040-2059,median,anomaly,degC,ensemble of anomaly of Daily Near-Surface Air Temperature with reference period 1995-2014,50.0,"access-cm2,access-esm1-5,bcc-csm2-mr,canesm5,cmcc-esm2,cnrm-cm6-1,cnrm-esm2-1,ec-earth3,ec-earth3-veg-lr,fgoals-g3,gfdl-cm4,gfdl-esm4,giss-e2-1-g,hadgem3-gc31-ll,inm-cm4-8,inm-cm5-0,ipsl-cm6a-lr,kace-1-0-g,miroc6,miroc-es2l,mpi-esm1-2-hr,mpi-esm1-2-lr,mri-esm2-0,nesm3,noresm2-lm,noresm2-mm,ukesm1-0-ll",World Bank Climate Change Knowledge Portal (CMIP6-x0.25),,1995-2014,SSP2-4.5,Mean temperature
ROU,Romania,11.860568968859683,centre_cell_mask_coslat_area_weighted,tas,ssp245,2040-2059,median,climatology,degC,ensemble of Daily Near-Surface Air Temperature,50.0,"access-cm2,access-esm1-5,bcc-csm2-mr,canesm5,cmcc-esm2,cnrm-cm6-1,cnrm-esm2-1,ec-earth3,ec-earth3-veg-lr,fgoals-g3,gfdl-cm4,gfdl-esm4,giss-e2-1-g,hadgem3-gc31-ll,inm-cm4-8,inm-cm5-0,ipsl-cm6a-lr,kace-1-0-g,miroc6,miroc-es2l,mpi-esm1-2-hr,mpi-esm1-2-lr,mri-esm2-0,nesm3,noresm2-lm,noresm2-mm,ukesm1-0-ll",World Bank Climate Change Knowledge Portal (CMIP6-x0.25),,,SSP2-4.5,Mean temperature
RUS,Russian Federation,8.016329744704134,centre_cell_mask_coslat_area_weighted,hd30,ssp245,2040-2059,median,climatology,days,annual climatology of ensemble of hd30: hot days with 30 degC and higher,50.0,"access-cm2,access-esm1-5,bcc-csm2-mr,canesm5,cmcc-esm2,cnrm-cm6-1,cnrm-esm2-1,ec-earth3,ec-earth3-veg-lr,fgoals-g3,gfdl-cm4,gfdl-esm4,giss-e2-1-g,hadgem3-gc31-ll,inm-cm4-8,inm-cm5-0,ipsl-cm6a-lr,kace-1-0-g,kiost-esm,miroc6,miroc-es2l,mpi-esm1-2-hr,mpi-esm1-2-lr,mri-esm2-0,nesm3,noresm2-lm,noresm2-mm,ukesm1-0-ll",World Bank Climate Change Knowledge Portal (CMIP6-x0.25),,,SSP2-4.5,Hot days above 30°C
RUS,Russian Federation,2.2162427925779133,centre_cell_mask_coslat_area_weighted,tas,ssp245,2040-2059,median,anomaly,degC,ensemble of anomaly of Daily Near-Surface Air Temperature with reference period 1995-2014,50.0,"access-cm2,access-esm1-5,bcc-csm2-mr,canesm5,cmcc-esm2,cnrm-cm6-1,cnrm-esm2-1,ec-earth3,ec-earth3-veg-lr,fgoals-g3,gfdl-cm4,gfdl-esm4,giss-e2-1-g,hadgem3-gc31-ll,inm-cm4-8,inm-cm5-0,ipsl-cm6a-lr,kace-1-0-g,miroc6,miroc-es2l,mpi-esm1-2-hr,mpi-esm1-2-lr,mri-esm2-0,nesm3,noresm2-lm,noresm2-mm,ukesm1-0-ll",World Bank Climate Change Knowledge Portal (CMIP6-x0.25),,1995-2014,SSP2-4.5,Mean temperature
RUS,Russian Federation,-1.5027413626198542,centre_cell_mask_coslat_area_weighted,tas,ssp245,2040-2059,median,climatology,degC,ensemble of Daily Near-Surface Air Temperature,50.0,"access-cm2,access-esm1-5,bcc-csm2-mr,canesm5,cmcc-esm2,cnrm-cm6-1,cnrm-esm2-1,ec-earth3,ec-earth3-veg-lr,fgoals-g3,gfdl-cm4,gfdl-esm4,giss-e2-1-g,hadgem3-gc31-ll,inm-cm4-8,inm-cm5-0,ipsl-cm6a-lr,kace-1-0-g,miroc6,miroc-es2l,mpi-esm1-2-hr,mpi-esm1-2-lr,mri-esm2-0,nesm3,noresm2-lm,noresm2-mm,ukesm1-0-ll",World Bank Climate Change Knowledge Portal (CMIP6-x0.25),,,SSP2-4.5,Mean temperature
RWA,Rwanda,6.253076354123909,centre_cell_mask_coslat_area_weighted,hd30,ssp245,2040-2059,median,climatology,days,annual climatology of ensemble of hd30: hot days with 30 degC and higher,50.0,"access-cm2,access-esm1-5,bcc-csm2-mr,canesm5,cmcc-esm2,cnrm-cm6-1,cnrm-esm2-1,ec-earth3,ec-earth3-veg-lr,fgoals-g3,gfdl-cm4,gfdl-esm4,giss-e2-1-g,hadgem3-gc31-ll,inm-cm4-8,inm-cm5-0,ipsl-cm6a-lr,kace-1-0-g,kiost-esm,miroc6,miroc-es2l,mpi-esm1-2-hr,mpi-esm1-2-lr,mri-esm2-0,nesm3,noresm2-lm,noresm2-mm,ukesm1-0-ll",World Bank Climate Change Knowledge Portal (CMIP6-x0.25),,,SSP2-4.5,Hot days above 30°C
RWA,Rwanda,1.3426429463313434,centre_cell_mask_coslat_area_weighted,tas,ssp245,2040-2059,median,anomaly,degC,ensemble of anomaly of Daily Near-Surface Air Temperature with reference period 1995-2014,50.0,"access-cm2,access-esm1-5,bcc-csm2-mr,canesm5,cmcc-esm2,cnrm-cm6-1,cnrm-esm2-1,ec-earth3,ec-earth3-veg-lr,fgoals-g3,gfdl-cm4,gfdl-esm4,giss-e2-1-g,hadgem3-gc31-ll,inm-cm4-8,inm-cm5-0,ipsl-cm6a-lr,kace-1-0-g,miroc6,miroc-es2l,mpi-esm1-2-hr,mpi-esm1-2-lr,mri-esm2-0,nesm3,noresm2-lm,noresm2-mm,ukesm1-0-ll",World Bank Climate Change Knowledge Portal (CMIP6-x0.25),,1995-2014,SSP2-4.5,Mean temperature
RWA,Rwanda,20.828034433483765,centre_cell_mask_coslat_area_weighted,tas,ssp245,2040-2059,median,climatology,degC,ensemble of Daily Near-Surface Air Temperature,50.0,"access-cm2,access-esm1-5,bcc-csm2-mr,canesm5,cmcc-esm2,cnrm-cm6-1,cnrm-esm2-1,ec-earth3,ec-earth3-veg-lr,fgoals-g3,gfdl-cm4,gfdl-esm4,giss-e2-1-g,hadgem3-gc31-ll,inm-cm4-8,inm-cm5-0,ipsl-cm6a-lr,kace-1-0-g,miroc6,miroc-es2l,mpi-esm1-2-hr,mpi-esm1-2-lr,mri-esm2-0,nesm3,noresm2-lm,noresm2-mm,ukesm1-0-ll",World Bank Climate Change Knowledge Portal (CMIP6-x0.25),,,SSP2-4.5,Mean temperature
SAU,Saudi Arabia,243.68358715245898,centre_cell_mask_coslat_area_weighted,hd30,ssp245,2040-2059,median,climatology,days,annual climatology of ensemble of hd30: hot days with 30 degC and higher,50.0,"access-cm2,access-esm1-5,bcc-csm2-mr,canesm5,cmcc-esm2,cnrm-cm6-1,cnrm-esm2-1,ec-earth3,ec-earth3-veg-lr,fgoals-g3,gfdl-cm4,gfdl-esm4,giss-e2-1-g,hadgem3-gc31-ll,inm-cm4-8,inm-cm5-0,ipsl-cm6a-lr,kace-1-0-g,kiost-esm,miroc6,miroc-es2l,mpi-esm1-2-hr,mpi-esm1-2-lr,mri-esm2-0,nesm3,noresm2-lm,noresm2-mm,ukesm1-0-ll",World Bank Climate Change Knowledge Portal (CMIP6-x0.25),,,SSP2-4.5,Hot days above 30°C
SAU,Saudi Arabia,1.8305032306552287,centre_cell_mask_coslat_area_weighted,tas,ssp245,2040-2059,median,anomaly,degC,ensemble of anomaly of Daily Near-Surface Air Temperature with reference period 1995-2014,50.0,"access-cm2,access-esm1-5,bcc-csm2-mr,canesm5,cmcc-esm2,cnrm-cm6-1,cnrm-esm2-1,ec-earth3,ec-earth3-veg-lr,fgoals-g3,gfdl-cm4,gfdl-esm4,giss-e2-1-g,hadgem3-gc31-ll,inm-cm4-8,inm-cm5-0,ipsl-cm6a-lr,kace-1-0-g,miroc6,miroc-es2l,mpi-esm1-2-hr,mpi-esm1-2-lr,mri-esm2-0,nesm3,noresm2-lm,noresm2-mm,ukesm1-0-ll",World Bank Climate Change Knowledge Portal (CMIP6-x0.25),,1995-2014,SSP2-4.5,Mean temperature
SAU,Saudi Arabia,27.33146065606553,centre_cell_mask_coslat_area_weighted,tas,ssp245,2040-2059,median,climatology,degC,ensemble of Daily Near-Surface Air Temperature,50.0,"access-cm2,access-esm1-5,bcc-csm2-mr,canesm5,cmcc-esm2,cnrm-cm6-1,cnrm-esm2-1,ec-earth3,ec-earth3-veg-lr,fgoals-g3,gfdl-cm4,gfdl-esm4,giss-e2-1-g,hadgem3-gc31-ll,inm-cm4-8,inm-cm5-0,ipsl-cm6a-lr,kace-1-0-g,miroc6,miroc-es2l,mpi-esm1-2-hr,mpi-esm1-2-lr,mri-esm2-0,nesm3,noresm2-lm,noresm2-mm,ukesm1-0-ll",World Bank Climate Change Knowledge Portal (CMIP6-x0.25),,,SSP2-4.5,Mean temperature
SDN,Sudan,298.77062821667346,centre_cell_mask_coslat_area_weighted,hd30,ssp245,2040-2059,median,climatology,days,annual climatology of ensemble of hd30: hot days with 30 degC and higher,50.0,"access-cm2,access-esm1-5,bcc-csm2-mr,canesm5,cmcc-esm2,cnrm-cm6-1,cnrm-esm2-1,ec-earth3,ec-earth3-veg-lr,fgoals-g3,gfdl-cm4,gfdl-esm4,giss-e2-1-g,hadgem3-gc31-ll,inm-cm4-8,inm-cm5-0,ipsl-cm6a-lr,kace-1-0-g,kiost-esm,miroc6,miroc-es2l,mpi-esm1-2-hr,mpi-esm1-2-lr,mri-esm2-0,nesm3,noresm2-lm,noresm2-mm,ukesm1-0-ll",World Bank Climate Change Knowledge Portal (CMIP6-x0.25),,,SSP2-4.5,Hot days above 30°C
SDN,Sudan,1.5098115682691482,centre_cell_mask_coslat_area_weighted,tas,ssp245,2040-2059,median,anomaly,degC,ensemble of anomaly of Daily Near-Surface Air Temperature with reference period 1995-2014,50.0,"access-cm2,access-esm1-5,bcc-csm2-mr,canesm5,cmcc-esm2,cnrm-cm6-1,cnrm-esm2-1,ec-earth3,ec-earth3-veg-lr,fgoals-g3,gfdl-cm4,gfdl-esm4,giss-e2-1-g,hadgem3-gc31-ll,inm-cm4-8,inm-cm5-0,ipsl-cm6a-lr,kace-1-0-g,miroc6,miroc-es2l,mpi-esm1-2-hr,mpi-esm1-2-lr,mri-esm2-0,nesm3,noresm2-lm,noresm2-mm,ukesm1-0-ll",World Bank Climate Change Knowledge Portal (CMIP6-x0.25),,1995-2014,SSP2-4.5,Mean temperature
SDN,Sudan,28.818228249367063,centre_cell_mask_coslat_area_weighted,tas,ssp245,2040-2059,median,climatology,degC,ensemble of Daily Near-Surface Air Temperature,50.0,"access-cm2,access-esm1-5,bcc-csm2-mr,canesm5,cmcc-esm2,cnrm-cm6-1,cnrm-esm2-1,ec-earth3,ec-earth3-veg-lr,fgoals-g3,gfdl-cm4,gfdl-esm4,giss-e2-1-g,hadgem3-gc31-ll,inm-cm4-8,inm-cm5-0,ipsl-cm6a-lr,kace-1-0-g,miroc6,miroc-es2l,mpi-esm1-2-hr,mpi-esm1-2-lr,mri-esm2-0,nesm3,noresm2-lm,noresm2-mm,ukesm1-0-ll",World Bank Climate Change Knowledge Portal (CMIP6-x0.25),,,SSP2-4.5,Mean temperature
SEN,Senegal,350.8946940185442,centre_cell_mask_coslat_area_weighted,hd30,ssp245,2040-2059,median,climatology,days,annual climatology of ensemble of hd30: hot days with 30 degC and higher,50.0,"access-cm2,access-esm1-5,bcc-csm2-mr,canesm5,cmcc-esm2,cnrm-cm6-1,cnrm-esm2-1,ec-earth3,ec-earth3-veg-lr,fgoals-g3,gfdl-cm4,gfdl-esm4,giss-e2-1-g,hadgem3-gc31-ll,inm-cm4-8,inm-cm5-0,ipsl-cm6a-lr,kace-1-0-g,kiost-esm,miroc6,miroc-es2l,mpi-esm1-2-hr,mpi-esm1-2-lr,mri-esm2-0,nesm3,noresm2-lm,noresm2-mm,ukesm1-0-ll",World Bank Climate Change Knowledge Portal (CMIP6-x0.25),,,SSP2-4.5,Hot days above 30°C
SEN,Senegal,1.3758572505567155,centre_cell_mask_coslat_area_weighted,tas,ssp245,2040-2059,median,anomaly,degC,ensemble of anomaly of Daily Near-Surface Air Temperature with reference period 1995-2014,50.0,"access-cm2,access-esm1-5,bcc-csm2-mr,canesm5,cmcc-esm2,cnrm-cm6-1,cnrm-esm2-1,ec-earth3,ec-earth3-veg-lr,fgoals-g3,gfdl-cm4,gfdl-esm4,giss-e2-1-g,hadgem3-gc31-ll,inm-cm4-8,inm-cm5-0,ipsl-cm6a-lr,kace-1-0-g,miroc6,miroc-es2l,mpi-esm1-2-hr,mpi-esm1-2-lr,mri-esm2-0,nesm3,noresm2-lm,noresm2-mm,ukesm1-0-ll",World Bank Climate Change Knowledge Portal (CMIP6-x0.25),,1995-2014,SSP2-4.5,Mean temperature
SEN,Senegal,30.520981933570418,centre_cell_mask_coslat_area_weighted,tas,ssp245,2040-2059,median,climatology,degC,ensemble of Daily Near-Surface Air Temperature,50.0,"access-cm2,access-esm1-5,bcc-csm2-mr,canesm5,cmcc-esm2,cnrm-cm6-1,cnrm-esm2-1,ec-earth3,ec-earth3-veg-lr,fgoals-g3,gfdl-cm4,gfdl-esm4,giss-e2-1-g,hadgem3-gc31-ll,inm-cm4-8,inm-cm5-0,ipsl-cm6a-lr,kace-1-0-g,miroc6,miroc-es2l,mpi-esm1-2-hr,mpi-esm1-2-lr,mri-esm2-0,nesm3,noresm2-lm,noresm2-mm,ukesm1-0-ll",World Bank Climate Change Knowledge Portal (CMIP6-x0.25),,,SSP2-4.5,Mean temperature
SGP,Singapore,142.27005834021216,fractional_overlap_equal_area,hd30,ssp245,2040-2059,median,climatology,days,annual climatology of ensemble of hd30: hot days with 30 degC and higher,50.0,"access-cm2,access-esm1-5,bcc-csm2-mr,canesm5,cmcc-esm2,cnrm-cm6-1,cnrm-esm2-1,ec-earth3,ec-earth3-veg-lr,fgoals-g3,gfdl-cm4,gfdl-esm4,giss-e2-1-g,hadgem3-gc31-ll,inm-cm4-8,inm-cm5-0,ipsl-cm6a-lr,kace-1-0-g,kiost-esm,miroc6,miroc-es2l,mpi-esm1-2-hr,mpi-esm1-2-lr,mri-esm2-0,nesm3,noresm2-lm,noresm2-mm,ukesm1-0-ll",World Bank Climate Change Knowledge Portal (CMIP6-x0.25),,,SSP2-4.5,Hot days above 30°C
SGP,Singapore,1.0776980054813767,fractional_overlap_equal_area,tas,ssp245,2040-2059,median,anomaly,degC,ensemble of anomaly of Daily Near-Surface Air Temperature with reference period 1995-2014,50.0,"access-cm2,access-esm1-5,bcc-csm2-mr,canesm5,cmcc-esm2,cnrm-cm6-1,cnrm-esm2-1,ec-earth3,ec-earth3-veg-lr,fgoals-g3,gfdl-cm4,gfdl-esm4,giss-e2-1-g,hadgem3-gc31-ll,inm-cm4-8,inm-cm5-0,ipsl-cm6a-lr,kace-1-0-g,miroc6,miroc-es2l,mpi-esm1-2-hr,mpi-esm1-2-lr,mri-esm2-0,nesm3,noresm2-lm,noresm2-mm,ukesm1-0-ll",World Bank Climate Change Knowledge Portal (CMIP6-x0.25),,1995-2014,SSP2-4.5,Mean temperature
SGP,Singapore,28.14633120373894,fractional_overlap_equal_area,tas,ssp245,2040-2059,median,climatology,degC,ensemble of Daily Near-Surface Air Temperature,50.0,"access-cm2,access-esm1-5,bcc-csm2-mr,canesm5,cmcc-esm2,cnrm-cm6-1,cnrm-esm2-1,ec-earth3,ec-earth3-veg-lr,fgoals-g3,gfdl-cm4,gfdl-esm4,giss-e2-1-g,hadgem3-gc31-ll,inm-cm4-8,inm-cm5-0,ipsl-cm6a-lr,kace-1-0-g,miroc6,miroc-es2l,mpi-esm1-2-hr,mpi-esm1-2-lr,mri-esm2-0,nesm3,noresm2-lm,noresm2-mm,ukesm1-0-ll",World Bank Climate Change Knowledge Portal (CMIP6-x0.25),,,SSP2-4.5,Mean temperature
SHN,"Saint Helena, Ascension and Tristan da Cunha (U.K.)",0.0,centre_cell_mask_coslat_area_weighted,hd30,ssp245,2040-2059,median,climatology,days,annual climatology of ensemble of hd30: hot days with 30 degC and higher,50.0,"access-cm2,access-esm1-5,bcc-csm2-mr,canesm5,cmcc-esm2,cnrm-cm6-1,cnrm-esm2-1,ec-earth3,ec-earth3-veg-lr,fgoals-g3,gfdl-cm4,gfdl-esm4,giss-e2-1-g,hadgem3-gc31-ll,inm-cm4-8,inm-cm5-0,ipsl-cm6a-lr,kace-1-0-g,kiost-esm,miroc6,miroc-es2l,mpi-esm1-2-hr,mpi-esm1-2-lr,mri-esm2-0,nesm3,noresm2-lm,noresm2-mm,ukesm1-0-ll",World Bank Climate Change Knowledge Portal (CMIP6-x0.25),,,SSP2-4.5,Hot days above 30°C
SHN,"Saint Helena, Ascension and Tristan da Cunha (U.K.)",0.9100000262260437,centre_cell_mask_coslat_area_weighted,tas,ssp245,2040-2059,median,anomaly,degC,ensemble of anomaly of Daily Near-Surface Air Temperature with reference period 1995-2014,50.0,"access-cm2,access-esm1-5,bcc-csm2-mr,canesm5,cmcc-esm2,cnrm-cm6-1,cnrm-esm2-1,ec-earth3,ec-earth3-veg-lr,fgoals-g3,gfdl-cm4,gfdl-esm4,giss-e2-1-g,hadgem3-gc31-ll,inm-cm4-8,inm-cm5-0,ipsl-cm6a-lr,kace-1-0-g,miroc6,miroc-es2l,mpi-esm1-2-hr,mpi-esm1-2-lr,mri-esm2-0,nesm3,noresm2-lm,noresm2-mm,ukesm1-0-ll",World Bank Climate Change Knowledge Portal (CMIP6-x0.25),,1995-2014,SSP2-4.5,Mean temperature
SHN,"Saint Helena, Ascension and Tristan da Cunha (U.K.)",22.29599952697754,centre_cell_mask_coslat_area_weighted,tas,ssp245,2040-2059,median,climatology,degC,ensemble of Daily Near-Surface Air Temperature,50.0,"access-cm2,access-esm1-5,bcc-csm2-mr,canesm5,cmcc-esm2,cnrm-cm6-1,cnrm-esm2-1,ec-earth3,ec-earth3-veg-lr,fgoals-g3,gfdl-cm4,gfdl-esm4,giss-e2-1-g,hadgem3-gc31-ll,inm-cm4-8,inm-cm5-0,ipsl-cm6a-lr,kace-1-0-g,miroc6,miroc-es2l,mpi-esm1-2-hr,mpi-esm1-2-lr,mri-esm2-0,nesm3,noresm2-lm,noresm2-mm,ukesm1-0-ll",World Bank Climate Change Knowledge Portal (CMIP6-x0.25),,,SSP2-4.5,Mean temperature
SJM,Svalbard and Jan Mayen (Nor.),0.0,centre_cell_mask_coslat_area_weighted,hd30,ssp245,2040-2059,median,climatology,days,annual climatology of ensemble of hd30: hot days with 30 degC and higher,50.0,"access-cm2,access-esm1-5,bcc-csm2-mr,canesm5,cmcc-esm2,cnrm-cm6-1,cnrm-esm2-1,ec-earth3,ec-earth3-veg-lr,fgoals-g3,gfdl-cm4,gfdl-esm4,giss-e2-1-g,hadgem3-gc31-ll,inm-cm4-8,inm-cm5-0,ipsl-cm6a-lr,kace-1-0-g,kiost-esm,miroc6,miroc-es2l,mpi-esm1-2-hr,mpi-esm1-2-lr,mri-esm2-0,nesm3,noresm2-lm,noresm2-mm,ukesm1-0-ll",World Bank Climate Change Knowledge Portal (CMIP6-x0.25),,,SSP2-4.5,Hot days above 30°C
SJM,Svalbard and Jan Mayen (Nor.),3.8447768525494466,centre_cell_mask_coslat_area_weighted,tas,ssp245,2040-2059,median,anomaly,degC,ensemble of anomaly of Daily Near-Surface Air Temperature with reference period 1995-2014,50.0,"access-cm2,access-esm1-5,bcc-csm2-mr,canesm5,cmcc-esm2,cnrm-cm6-1,cnrm-esm2-1,ec-earth3,ec-earth3-veg-lr,fgoals-g3,gfdl-cm4,gfdl-esm4,giss-e2-1-g,hadgem3-gc31-ll,inm-cm4-8,inm-cm5-0,ipsl-cm6a-lr,kace-1-0-g,miroc6,miroc-es2l,mpi-esm1-2-hr,mpi-esm1-2-lr,mri-esm2-0,nesm3,noresm2-lm,noresm2-mm,ukesm1-0-ll",World Bank Climate Change Knowledge Portal (CMIP6-x0.25),,1995-2014,SSP2-4.5,Mean temperature
SJM,Svalbard and Jan Mayen (Nor.),-4.857588859433513,centre_cell_mask_coslat_area_weighted,tas,ssp245,2040-2059,median,climatology,degC,ensemble of Daily Near-Surface Air Temperature,50.0,"access-cm2,access-esm1-5,bcc-csm2-mr,canesm5,cmcc-esm2,cnrm-cm6-1,cnrm-esm2-1,ec-earth3,ec-earth3-veg-lr,fgoals-g3,gfdl-cm4,gfdl-esm4,giss-e2-1-g,hadgem3-gc31-ll,inm-cm4-8,inm-cm5-0,ipsl-cm6a-lr,kace-1-0-g,miroc6,miroc-es2l,mpi-esm1-2-hr,mpi-esm1-2-lr,mri-esm2-0,nesm3,noresm2-lm,noresm2-mm,ukesm1-0-ll",World Bank Climate Change Knowledge Portal (CMIP6-x0.25),,,SSP2-4.5,Mean temperature
SLB,Solomon Islands,30.060811595230245,centre_cell_mask_coslat_area_weighted,hd30,ssp245,2040-2059,median,climatology,days,annual climatology of ensemble of hd30: hot days with 30 degC and higher,50.0,"access-cm2,access-esm1-5,bcc-csm2-mr,canesm5,cmcc-esm2,cnrm-cm6-1,cnrm-esm2-1,ec-earth3,ec-earth3-veg-lr,fgoals-g3,gfdl-cm4,gfdl-esm4,giss-e2-1-g,hadgem3-gc31-ll,inm-cm4-8,inm-cm5-0,ipsl-cm6a-lr,kace-1-0-g,kiost-esm,miroc6,miroc-es2l,mpi-esm1-2-hr,mpi-esm1-2-lr,mri-esm2-0,nesm3,noresm2-lm,noresm2-mm,ukesm1-0-ll",World Bank Climate Change Knowledge Portal (CMIP6-x0.25),,,SSP2-4.5,Hot days above 30°C
SLB,Solomon Islands,1.011828715013884,centre_cell_mask_coslat_area_weighted,tas,ssp245,2040-2059,median,anomaly,degC,ensemble of anomaly of Daily Near-Surface Air Temperature with reference period 1995-2014,50.0,"access-cm2,access-esm1-5,bcc-csm2-mr,canesm5,cmcc-esm2,cnrm-cm6-1,cnrm-esm2-1,ec-earth3,ec-earth3-veg-lr,fgoals-g3,gfdl-cm4,gfdl-esm4,giss-e2-1-g,hadgem3-gc31-ll,inm-cm4-8,inm-cm5-0,ipsl-cm6a-lr,kace-1-0-g,miroc6,miroc-es2l,mpi-esm1-2-hr,mpi-esm1-2-lr,mri-esm2-0,nesm3,noresm2-lm,noresm2-mm,ukesm1-0-ll",World Bank Climate Change Knowledge Portal (CMIP6-x0.25),,1995-2014,SSP2-4.5,Mean temperature
SLB,Solomon Islands,27.252135024114615,centre_cell_mask_coslat_area_weighted,tas,ssp245,2040-2059,median,climatology,degC,ensemble of Daily Near-Surface Air Temperature,50.0,"access-cm2,access-esm1-5,bcc-csm2-mr,canesm5,cmcc-esm2,cnrm-cm6-1,cnrm-esm2-1,ec-earth3,ec-earth3-veg-lr,fgoals-g3,gfdl-cm4,gfdl-esm4,giss-e2-1-g,hadgem3-gc31-ll,inm-cm4-8,inm-cm5-0,ipsl-cm6a-lr,kace-1-0-g,miroc6,miroc-es2l,mpi-esm1-2-hr,mpi-esm1-2-lr,mri-esm2-0,nesm3,noresm2-lm,noresm2-mm,ukesm1-0-ll",World Bank Climate Change Knowledge Portal (CMIP6-x0.25),,,SSP2-4.5,Mean temperature
SLE,Sierra Leone,255.53052240217477,centre_cell_mask_coslat_area_weighted,hd30,ssp245,2040-2059,median,climatology,days,annual climatology of ensemble of hd30: hot days with 30 degC and higher,50.0,"access-cm2,access-esm1-5,bcc-csm2-mr,canesm5,cmcc-esm2,cnrm-cm6-1,cnrm-esm2-1,ec-earth3,ec-earth3-veg-lr,fgoals-g3,gfdl-cm4,gfdl-esm4,giss-e2-1-g,hadgem3-gc31-ll,inm-cm4-8,inm-cm5-0,ipsl-cm6a-lr,kace-1-0-g,kiost-esm,miroc6,miroc-es2l,mpi-esm1-2-hr,mpi-esm1-2-lr,mri-esm2-0,nesm3,noresm2-lm,noresm2-mm,ukesm1-0-ll",World Bank Climate Change Knowledge Portal (CMIP6-x0.25),,,SSP2-4.5,Hot days above 30°C
SLE,Sierra Leone,1.2596671524915444,centre_cell_mask_coslat_area_weighted,tas,ssp245,2040-2059,median,anomaly,degC,ensemble of anomaly of Daily Near-Surface Air Temperature with reference period 1995-2014,50.0,"access-cm2,access-esm1-5,bcc-csm2-mr,canesm5,cmcc-esm2,cnrm-cm6-1,cnrm-esm2-1,ec-earth3,ec-earth3-veg-lr,fgoals-g3,gfdl-cm4,gfdl-esm4,giss-e2-1-g,hadgem3-gc31-ll,inm-cm4-8,inm-cm5-0,ipsl-cm6a-lr,kace-1-0-g,miroc6,miroc-es2l,mpi-esm1-2-hr,mpi-esm1-2-lr,mri-esm2-0,nesm3,noresm2-lm,noresm2-mm,ukesm1-0-ll",World Bank Climate Change Knowledge Portal (CMIP6-x0.25),,1995-2014,SSP2-4.5,Mean temperature
SLE,Sierra Leone,27.7485431402013,centre_cell_mask_coslat_area_weighted,tas,ssp245,2040-2059,median,climatology,degC,ensemble of Daily Near-Surface Air Temperature,50.0,"access-cm2,access-esm1-5,bcc-csm2-mr,canesm5,cmcc-esm2,cnrm-cm6-1,cnrm-esm2-1,ec-earth3,ec-earth3-veg-lr,fgoals-g3,gfdl-cm4,gfdl-esm4,giss-e2-1-g,hadgem3-gc31-ll,inm-cm4-8,inm-cm5-0,ipsl-cm6a-lr,kace-1-0-g,miroc6,miroc-es2l,mpi-esm1-2-hr,mpi-esm1-2-lr,mri-esm2-0,nesm3,noresm2-lm,noresm2-mm,ukesm1-0-ll",World Bank Climate Change Knowledge Portal (CMIP6-x0.25),,,SSP2-4.5,Mean temperature
SLV,El Salvador,302.4249845860497,centre_cell_mask_coslat_area_weighted,hd30,ssp245,2040-2059,median,climatology,days,annual climatology of ensemble of hd30: hot days with 30 degC and higher,50.0,"access-cm2,access-esm1-5,bcc-csm2-mr,canesm5,cmcc-esm2,cnrm-cm6-1,cnrm-esm2-1,ec-earth3,ec-earth3-veg-lr,fgoals-g3,gfdl-cm4,gfdl-esm4,giss-e2-1-g,hadgem3-gc31-ll,inm-cm4-8,inm-cm5-0,ipsl-cm6a-lr,kace-1-0-g,kiost-esm,miroc6,miroc-es2l,mpi-esm1-2-hr,mpi-esm1-2-lr,mri-esm2-0,nesm3,noresm2-lm,noresm2-mm,ukesm1-0-ll",World Bank Climate Change Knowledge Portal (CMIP6-x0.25),,,SSP2-4.5,Hot days above 30°C
SLV,El Salvador,1.3301924906726346,centre_cell_mask_coslat_area_weighted,tas,ssp245,2040-2059,median,anomaly,degC,ensemble of anomaly of Daily Near-Surface Air Temperature with reference period 1995-2014,50.0,"access-cm2,access-esm1-5,bcc-csm2-mr,canesm5,cmcc-esm2,cnrm-cm6-1,cnrm-esm2-1,ec-earth3,ec-earth3-veg-lr,fgoals-g3,gfdl-cm4,gfdl-esm4,giss-e2-1-g,hadgem3-gc31-ll,inm-cm4-8,inm-cm5-0,ipsl-cm6a-lr,kace-1-0-g,miroc6,miroc-es2l,mpi-esm1-2-hr,mpi-esm1-2-lr,mri-esm2-0,nesm3,noresm2-lm,noresm2-mm,ukesm1-0-ll",World Bank Climate Change Knowledge Portal (CMIP6-x0.25),,1995-2014,SSP2-4.5,Mean temperature
SLV,El Salvador,27.729721156822812,centre_cell_mask_coslat_area_weighted,tas,ssp245,2040-2059,median,climatology,degC,ensemble of Daily Near-Surface Air Temperature,50.0,"access-cm2,access-esm1-5,bcc-csm2-mr,canesm5,cmcc-esm2,cnrm-cm6-1,cnrm-esm2-1,ec-earth3,ec-earth3-veg-lr,fgoals-g3,gfdl-cm4,gfdl-esm4,giss-e2-1-g,hadgem3-gc31-ll,inm-cm4-8,inm-cm5-0,ipsl-cm6a-lr,kace-1-0-g,miroc6,miroc-es2l,mpi-esm1-2-hr,mpi-esm1-2-lr,mri-esm2-0,nesm3,noresm2-lm,noresm2-mm,ukesm1-0-ll",World Bank Climate Change Knowledge Portal (CMIP6-x0.25),,,SSP2-4.5,Mean temperature
SMR,San Marino,47.29999923706055,fractional_overlap_equal_area,hd30,ssp245,2040-2059,median,climatology,days,annual climatology of ensemble of hd30: hot days with 30 degC and higher,50.0,"access-cm2,access-esm1-5,bcc-csm2-mr,canesm5,cmcc-esm2,cnrm-cm6-1,cnrm-esm2-1,ec-earth3,ec-earth3-veg-lr,fgoals-g3,gfdl-cm4,gfdl-esm4,giss-e2-1-g,hadgem3-gc31-ll,inm-cm4-8,inm-cm5-0,ipsl-cm6a-lr,kace-1-0-g,kiost-esm,miroc6,miroc-es2l,mpi-esm1-2-hr,mpi-esm1-2-lr,mri-esm2-0,nesm3,noresm2-lm,noresm2-mm,ukesm1-0-ll",World Bank Climate Change Knowledge Portal (CMIP6-x0.25),,,SSP2-4.5,Hot days above 30°C
SMR,San Marino,1.7769999504089355,fractional_overlap_equal_area,tas,ssp245,2040-2059,median,anomaly,degC,ensemble of anomaly of Daily Near-Surface Air Temperature with reference period 1995-2014,50.0,"access-cm2,access-esm1-5,bcc-csm2-mr,canesm5,cmcc-esm2,cnrm-cm6-1,cnrm-esm2-1,ec-earth3,ec-earth3-veg-lr,fgoals-g3,gfdl-cm4,gfdl-esm4,giss-e2-1-g,hadgem3-gc31-ll,inm-cm4-8,inm-cm5-0,ipsl-cm6a-lr,kace-1-0-g,miroc6,miroc-es2l,mpi-esm1-2-hr,mpi-esm1-2-lr,mri-esm2-0,nesm3,noresm2-lm,noresm2-mm,ukesm1-0-ll",World Bank Climate Change Knowledge Portal (CMIP6-x0.25),,1995-2014,SSP2-4.5,Mean temperature
SMR,San Marino,16.422000885009766,fractional_overlap_equal_area,tas,ssp245,2040-2059,median,climatology,degC,ensemble of Daily Near-Surface Air Temperature,50.0,"access-cm2,access-esm1-5,bcc-csm2-mr,canesm5,cmcc-esm2,cnrm-cm6-1,cnrm-esm2-1,ec-earth3,ec-earth3-veg-lr,fgoals-g3,gfdl-cm4,gfdl-esm4,giss-e2-1-g,hadgem3-gc31-ll,inm-cm4-8,inm-cm5-0,ipsl-cm6a-lr,kace-1-0-g,miroc6,miroc-es2l,mpi-esm1-2-hr,mpi-esm1-2-lr,mri-esm2-0,nesm3,noresm2-lm,noresm2-mm,ukesm1-0-ll",World Bank Climate Change Knowledge Portal (CMIP6-x0.25),,,SSP2-4.5,Mean temperature
SOM,Somalia,313.91326343574394,centre_cell_mask_coslat_area_weighted,hd30,ssp245,2040-2059,median,climatology,days,annual climatology of ensemble of hd30: hot days with 30 degC and higher,50.0,"access-cm2,access-esm1-5,bcc-csm2-mr,canesm5,cmcc-esm2,cnrm-cm6-1,cnrm-esm2-1,ec-earth3,ec-earth3-veg-lr,fgoals-g3,gfdl-cm4,gfdl-esm4,giss-e2-1-g,hadgem3-gc31-ll,inm-cm4-8,inm-cm5-0,ipsl-cm6a-lr,kace-1-0-g,kiost-esm,miroc6,miroc-es2l,mpi-esm1-2-hr,mpi-esm1-2-lr,mri-esm2-0,nesm3,noresm2-lm,noresm2-mm,ukesm1-0-ll",World Bank Climate Change Knowledge Portal (CMIP6-x0.25),,,SSP2-4.5,Hot days above 30°C
SOM,Somalia,1.267616239180563,centre_cell_mask_coslat_area_weighted,tas,ssp245,2040-2059,median,anomaly,degC,ensemble of anomaly of Daily Near-Surface Air Temperature with reference period 1995-2014,50.0,"access-cm2,access-esm1-5,bcc-csm2-mr,canesm5,cmcc-esm2,cnrm-cm6-1,cnrm-esm2-1,ec-earth3,ec-earth3-veg-lr,fgoals-g3,gfdl-cm4,gfdl-esm4,giss-e2-1-g,hadgem3-gc31-ll,inm-cm4-8,inm-cm5-0,ipsl-cm6a-lr,kace-1-0-g,miroc6,miroc-es2l,mpi-esm1-2-hr,mpi-esm1-2-lr,mri-esm2-0,nesm3,noresm2-lm,noresm2-mm,ukesm1-0-ll",World Bank Climate Change Knowledge Portal (CMIP6-x0.25),,1995-2014,SSP2-4.5,Mean temperature
SOM,Somalia,28.328185875408366,centre_cell_mask_coslat_area_weighted,tas,ssp245,2040-2059,median,climatology,degC,ensemble of Daily Near-Surface Air Temperature,50.0,"access-cm2,access-esm1-5,bcc-csm2-mr,canesm5,cmcc-esm2,cnrm-cm6-1,cnrm-esm2-1,ec-earth3,ec-earth3-veg-lr,fgoals-g3,gfdl-cm4,gfdl-esm4,giss-e2-1-g,hadgem3-gc31-ll,inm-cm4-8,inm-cm5-0,ipsl-cm6a-lr,kace-1-0-g,miroc6,miroc-es2l,mpi-esm1-2-hr,mpi-esm1-2-lr,mri-esm2-0,nesm3,noresm2-lm,noresm2-mm,ukesm1-0-ll",World Bank Climate Change Knowledge Portal (CMIP6-x0.25),,,SSP2-4.5,Mean temperature
SPM,Saint-Pierre-et-Miquelon (Fr.),0.0,fractional_overlap_equal_area,hd30,ssp245,2040-2059,median,climatology,days,annual climatology of ensemble of hd30: hot days with 30 degC and higher,50.0,"access-cm2,access-esm1-5,bcc-csm2-mr,canesm5,cmcc-esm2,cnrm-cm6-1,cnrm-esm2-1,ec-earth3,ec-earth3-veg-lr,fgoals-g3,gfdl-cm4,gfdl-esm4,giss-e2-1-g,hadgem3-gc31-ll,inm-cm4-8,inm-cm5-0,ipsl-cm6a-lr,kace-1-0-g,kiost-esm,miroc6,miroc-es2l,mpi-esm1-2-hr,mpi-esm1-2-lr,mri-esm2-0,nesm3,noresm2-lm,noresm2-mm,ukesm1-0-ll",World Bank Climate Change Knowledge Portal (CMIP6-x0.25),,,SSP2-4.5,Hot days above 30°C
SPM,Saint-Pierre-et-Miquelon (Fr.),1.7796764474636515,fractional_overlap_equal_area,tas,ssp245,2040-2059,median,anomaly,degC,ensemble of anomaly of Daily Near-Surface Air Temperature with reference period 1995-2014,50.0,"access-cm2,access-esm1-5,bcc-csm2-mr,canesm5,cmcc-esm2,cnrm-cm6-1,cnrm-esm2-1,ec-earth3,ec-earth3-veg-lr,fgoals-g3,gfdl-cm4,gfdl-esm4,giss-e2-1-g,hadgem3-gc31-ll,inm-cm4-8,inm-cm5-0,ipsl-cm6a-lr,kace-1-0-g,miroc6,miroc-es2l,mpi-esm1-2-hr,mpi-esm1-2-lr,mri-esm2-0,nesm3,noresm2-lm,noresm2-mm,ukesm1-0-ll",World Bank Climate Change Knowledge Portal (CMIP6-x0.25),,1995-2014,SSP2-4.5,Mean temperature
SPM,Saint-Pierre-et-Miquelon (Fr.),7.861088115297074,fractional_overlap_equal_area,tas,ssp245,2040-2059,median,climatology,degC,ensemble of Daily Near-Surface Air Temperature,50.0,"access-cm2,access-esm1-5,bcc-csm2-mr,canesm5,cmcc-esm2,cnrm-cm6-1,cnrm-esm2-1,ec-earth3,ec-earth3-veg-lr,fgoals-g3,gfdl-cm4,gfdl-esm4,giss-e2-1-g,hadgem3-gc31-ll,inm-cm4-8,inm-cm5-0,ipsl-cm6a-lr,kace-1-0-g,miroc6,miroc-es2l,mpi-esm1-2-hr,mpi-esm1-2-lr,mri-esm2-0,nesm3,noresm2-lm,noresm2-mm,ukesm1-0-ll",World Bank Climate Change Knowledge Portal (CMIP6-x0.25),,,SSP2-4.5,Mean temperature
SRB,Serbia,46.36431040206444,centre_cell_mask_coslat_area_weighted,hd30,ssp245,2040-2059,median,climatology,days,annual climatology of ensemble of hd30: hot days with 30 degC and higher,50.0,"access-cm2,access-esm1-5,bcc-csm2-mr,canesm5,cmcc-esm2,cnrm-cm6-1,cnrm-esm2-1,ec-earth3,ec-earth3-veg-lr,fgoals-g3,gfdl-cm4,gfdl-esm4,giss-e2-1-g,hadgem3-gc31-ll,inm-cm4-8,inm-cm5-0,ipsl-cm6a-lr,kace-1-0-g,kiost-esm,miroc6,miroc-es2l,mpi-esm1-2-hr,mpi-esm1-2-lr,mri-esm2-0,nesm3,noresm2-lm,noresm2-mm,ukesm1-0-ll",World Bank Climate Change Knowledge Portal (CMIP6-x0.25),,,SSP2-4.5,Hot days above 30°C
SRB,Serbia,1.6646943404762464,centre_cell_mask_coslat_area_weighted,tas,ssp245,2040-2059,median,anomaly,degC,ensemble of anomaly of Daily Near-Surface Air Temperature with reference period 1995-2014,50.0,"access-cm2,access-esm1-5,bcc-csm2-mr,canesm5,cmcc-esm2,cnrm-cm6-1,cnrm-esm2-1,ec-earth3,ec-earth3-veg-lr,fgoals-g3,gfdl-cm4,gfdl-esm4,giss-e2-1-g,hadgem3-gc31-ll,inm-cm4-8,inm-cm5-0,ipsl-cm6a-lr,kace-1-0-g,miroc6,miroc-es2l,mpi-esm1-2-hr,mpi-esm1-2-lr,mri-esm2-0,nesm3,noresm2-lm,noresm2-mm,ukesm1-0-ll",World Bank Climate Change Knowledge Portal (CMIP6-x0.25),,1995-2014,SSP2-4.5,Mean temperature
SRB,Serbia,12.952585542994372,centre_cell_mask_coslat_area_weighted,tas,ssp245,2040-2059,median,climatology,degC,ensemble of Daily Near-Surface Air Temperature,50.0,"access-cm2,access-esm1-5,bcc-csm2-mr,canesm5,cmcc-esm2,cnrm-cm6-1,cnrm-esm2-1,ec-earth3,ec-earth3-veg-lr,fgoals-g3,gfdl-cm4,gfdl-esm4,giss-e2-1-g,hadgem3-gc31-ll,inm-cm4-8,inm-cm5-0,ipsl-cm6a-lr,kace-1-0-g,miroc6,miroc-es2l,mpi-esm1-2-hr,mpi-esm1-2-lr,mri-esm2-0,nesm3,noresm2-lm,noresm2-mm,ukesm1-0-ll",World Bank Climate Change Knowledge Portal (CMIP6-x0.25),,,SSP2-4.5,Mean temperature
SSD,South Sudan,324.01019695005704,centre_cell_mask_coslat_area_weighted,hd30,ssp245,2040-2059,median,climatology,days,annual climatology of ensemble of hd30: hot days with 30 degC and higher,50.0,"access-cm2,access-esm1-5,bcc-csm2-mr,canesm5,cmcc-esm2,cnrm-cm6-1,cnrm-esm2-1,ec-earth3,ec-earth3-veg-lr,fgoals-g3,gfdl-cm4,gfdl-esm4,giss-e2-1-g,hadgem3-gc31-ll,inm-cm4-8,inm-cm5-0,ipsl-cm6a-lr,kace-1-0-g,kiost-esm,miroc6,miroc-es2l,mpi-esm1-2-hr,mpi-esm1-2-lr,mri-esm2-0,nesm3,noresm2-lm,noresm2-mm,ukesm1-0-ll",World Bank Climate Change Knowledge Portal (CMIP6-x0.25),,,SSP2-4.5,Hot days above 30°C
SSD,South Sudan,1.2634110808372787,centre_cell_mask_coslat_area_weighted,tas,ssp245,2040-2059,median,anomaly,degC,ensemble of anomaly of Daily Near-Surface Air Temperature with reference period 1995-2014,50.0,"access-cm2,access-esm1-5,bcc-csm2-mr,canesm5,cmcc-esm2,cnrm-cm6-1,cnrm-esm2-1,ec-earth3,ec-earth3-veg-lr,fgoals-g3,gfdl-cm4,gfdl-esm4,giss-e2-1-g,hadgem3-gc31-ll,inm-cm4-8,inm-cm5-0,ipsl-cm6a-lr,kace-1-0-g,miroc6,miroc-es2l,mpi-esm1-2-hr,mpi-esm1-2-lr,mri-esm2-0,nesm3,noresm2-lm,noresm2-mm,ukesm1-0-ll",World Bank Climate Change Knowledge Portal (CMIP6-x0.25),,1995-2014,SSP2-4.5,Mean temperature
SSD,South Sudan,29.096875121533103,centre_cell_mask_coslat_area_weighted,tas,ssp245,2040-2059,median,climatology,degC,ensemble of Daily Near-Surface Air Temperature,50.0,"access-cm2,access-esm1-5,bcc-csm2-mr,canesm5,cmcc-esm2,cnrm-cm6-1,cnrm-esm2-1,ec-earth3,ec-earth3-veg-lr,fgoals-g3,gfdl-cm4,gfdl-esm4,giss-e2-1-g,hadgem3-gc31-ll,inm-cm4-8,inm-cm5-0,ipsl-cm6a-lr,kace-1-0-g,miroc6,miroc-es2l,mpi-esm1-2-hr,mpi-esm1-2-lr,mri-esm2-0,nesm3,noresm2-lm,noresm2-mm,ukesm1-0-ll",World Bank Climate Change Knowledge Portal (CMIP6-x0.25),,,SSP2-4.5,Mean temperature
STP,São Tomé and Príncipe,0.5,centre_cell_mask_coslat_area_weighted,hd30,ssp245,2040-2059,median,climatology,days,annual climatology of ensemble of hd30: hot days with 30 degC and higher,50.0,"access-cm2,access-esm1-5,bcc-csm2-mr,canesm5,cmcc-esm2,cnrm-cm6-1,cnrm-esm2-1,ec-earth3,ec-earth3-veg-lr,fgoals-g3,gfdl-cm4,gfdl-esm4,giss-e2-1-g,hadgem3-gc31-ll,inm-cm4-8,inm-cm5-0,ipsl-cm6a-lr,kace-1-0-g,kiost-esm,miroc6,miroc-es2l,mpi-esm1-2-hr,mpi-esm1-2-lr,mri-esm2-0,nesm3,noresm2-lm,noresm2-mm,ukesm1-0-ll",World Bank Climate Change Knowledge Portal (CMIP6-x0.25),,,SSP2-4.5,Hot days above 30°C
STP,São Tomé and Príncipe,1.0839999914169312,centre_cell_mask_coslat_area_weighted,tas,ssp245,2040-2059,median,anomaly,degC,ensemble of anomaly of Daily Near-Surface Air Temperature with reference period 1995-2014,50.0,"access-cm2,access-esm1-5,bcc-csm2-mr,canesm5,cmcc-esm2,cnrm-cm6-1,cnrm-esm2-1,ec-earth3,ec-earth3-veg-lr,fgoals-g3,gfdl-cm4,gfdl-esm4,giss-e2-1-g,hadgem3-gc31-ll,inm-cm4-8,inm-cm5-0,ipsl-cm6a-lr,kace-1-0-g,miroc6,miroc-es2l,mpi-esm1-2-hr,mpi-esm1-2-lr,mri-esm2-0,nesm3,noresm2-lm,noresm2-mm,ukesm1-0-ll",World Bank Climate Change Knowledge Portal (CMIP6-x0.25),,1995-2014,SSP2-4.5,Mean temperature
STP,São Tomé and Príncipe,26.551000595092773,centre_cell_mask_coslat_area_weighted,tas,ssp245,2040-2059,median,climatology,degC,ensemble of Daily Near-Surface Air Temperature,50.0,"access-cm2,access-esm1-5,bcc-csm2-mr,canesm5,cmcc-esm2,cnrm-cm6-1,cnrm-esm2-1,ec-earth3,ec-earth3-veg-lr,fgoals-g3,gfdl-cm4,gfdl-esm4,giss-e2-1-g,hadgem3-gc31-ll,inm-cm4-8,inm-cm5-0,ipsl-cm6a-lr,kace-1-0-g,miroc6,miroc-es2l,mpi-esm1-2-hr,mpi-esm1-2-lr,mri-esm2-0,nesm3,noresm2-lm,noresm2-mm,ukesm1-0-ll",World Bank Climate Change Knowledge Portal (CMIP6-x0.25),,,SSP2-4.5,Mean temperature
SUR,Suriname,307.49238498877816,centre_cell_mask_coslat_area_weighted,hd30,ssp245,2040-2059,median,climatology,days,annual climatology of ensemble of hd30: hot days with 30 degC and higher,50.0,"access-cm2,access-esm1-5,bcc-csm2-mr,canesm5,cmcc-esm2,cnrm-cm6-1,cnrm-esm2-1,ec-earth3,ec-earth3-veg-lr,fgoals-g3,gfdl-cm4,gfdl-esm4,giss-e2-1-g,hadgem3-gc31-ll,inm-cm4-8,inm-cm5-0,ipsl-cm6a-lr,kace-1-0-g,kiost-esm,miroc6,miroc-es2l,mpi-esm1-2-hr,mpi-esm1-2-lr,mri-esm2-0,nesm3,noresm2-lm,noresm2-mm,ukesm1-0-ll",World Bank Climate Change Knowledge Portal (CMIP6-x0.25),,,SSP2-4.5,Hot days above 30°C
SUR,Suriname,1.3217917816663916,centre_cell_mask_coslat_area_weighted,tas,ssp245,2040-2059,median,anomaly,degC,ensemble of anomaly of Daily Near-Surface Air Temperature with reference period 1995-2014,50.0,"access-cm2,access-esm1-5,bcc-csm2-mr,canesm5,cmcc-esm2,cnrm-cm6-1,cnrm-esm2-1,ec-earth3,ec-earth3-veg-lr,fgoals-g3,gfdl-cm4,gfdl-esm4,giss-e2-1-g,hadgem3-gc31-ll,inm-cm4-8,inm-cm5-0,ipsl-cm6a-lr,kace-1-0-g,miroc6,miroc-es2l,mpi-esm1-2-hr,mpi-esm1-2-lr,mri-esm2-0,nesm3,noresm2-lm,noresm2-mm,ukesm1-0-ll",World Bank Climate Change Knowledge Portal (CMIP6-x0.25),,1995-2014,SSP2-4.5,Mean temperature
SUR,Suriname,27.984597677376282,centre_cell_mask_coslat_area_weighted,tas,ssp245,2040-2059,median,climatology,degC,ensemble of Daily Near-Surface Air Temperature,50.0,"access-cm2,access-esm1-5,bcc-csm2-mr,canesm5,cmcc-esm2,cnrm-cm6-1,cnrm-esm2-1,ec-earth3,ec-earth3-veg-lr,fgoals-g3,gfdl-cm4,gfdl-esm4,giss-e2-1-g,hadgem3-gc31-ll,inm-cm4-8,inm-cm5-0,ipsl-cm6a-lr,kace-1-0-g,miroc6,miroc-es2l,mpi-esm1-2-hr,mpi-esm1-2-lr,mri-esm2-0,nesm3,noresm2-lm,noresm2-mm,ukesm1-0-ll",World Bank Climate Change Knowledge Portal (CMIP6-x0.25),,,SSP2-4.5,Mean temperature
SVK,Slovak Republic,18.63004773013446,centre_cell_mask_coslat_area_weighted,hd30,ssp245,2040-2059,median,climatology,days,annual climatology of ensemble of hd30: hot days with 30 degC and higher,50.0,"access-cm2,access-esm1-5,bcc-csm2-mr,canesm5,cmcc-esm2,cnrm-cm6-1,cnrm-esm2-1,ec-earth3,ec-earth3-veg-lr,fgoals-g3,gfdl-cm4,gfdl-esm4,giss-e2-1-g,hadgem3-gc31-ll,inm-cm4-8,inm-cm5-0,ipsl-cm6a-lr,kace-1-0-g,kiost-esm,miroc6,miroc-es2l,mpi-esm1-2-hr,mpi-esm1-2-lr,mri-esm2-0,nesm3,noresm2-lm,noresm2-mm,ukesm1-0-ll",World Bank Climate Change Knowledge Portal (CMIP6-x0.25),,,SSP2-4.5,Hot days above 30°C
SVK,Slovak Republic,1.7098996923473684,centre_cell_mask_coslat_area_weighted,tas,ssp245,2040-2059,median,anomaly,degC,ensemble of anomaly of Daily Near-Surface Air Temperature with reference period 1995-2014,50.0,"access-cm2,access-esm1-5,bcc-csm2-mr,canesm5,cmcc-esm2,cnrm-cm6-1,cnrm-esm2-1,ec-earth3,ec-earth3-veg-lr,fgoals-g3,gfdl-cm4,gfdl-esm4,giss-e2-1-g,hadgem3-gc31-ll,inm-cm4-8,inm-cm5-0,ipsl-cm6a-lr,kace-1-0-g,miroc6,miroc-es2l,mpi-esm1-2-hr,mpi-esm1-2-lr,mri-esm2-0,nesm3,noresm2-lm,noresm2-mm,ukesm1-0-ll",World Bank Climate Change Knowledge Portal (CMIP6-x0.25),,1995-2014,SSP2-4.5,Mean temperature
SVK,Slovak Republic,10.25986785198132,centre_cell_mask_coslat_area_weighted,tas,ssp245,2040-2059,median,climatology,degC,ensemble of Daily Near-Surface Air Temperature,50.0,"access-cm2,access-esm1-5,bcc-csm2-mr,canesm5,cmcc-esm2,cnrm-cm6-1,cnrm-esm2-1,ec-earth3,ec-earth3-veg-lr,fgoals-g3,gfdl-cm4,gfdl-esm4,giss-e2-1-g,hadgem3-gc31-ll,inm-cm4-8,inm-cm5-0,ipsl-cm6a-lr,kace-1-0-g,miroc6,miroc-es2l,mpi-esm1-2-hr,mpi-esm1-2-lr,mri-esm2-0,nesm3,noresm2-lm,noresm2-mm,ukesm1-0-ll",World Bank Climate Change Knowledge Portal (CMIP6-x0.25),,,SSP2-4.5,Mean temperature
SVN,Slovenia,18.178461644634513,centre_cell_mask_coslat_area_weighted,hd30,ssp245,2040-2059,median,climatology,days,annual climatology of ensemble of hd30: hot days with 30 degC and higher,50.0,"access-cm2,access-esm1-5,bcc-csm2-mr,canesm5,cmcc-esm2,cnrm-cm6-1,cnrm-esm2-1,ec-earth3,ec-earth3-veg-lr,fgoals-g3,gfdl-cm4,gfdl-esm4,giss-e2-1-g,hadgem3-gc31-ll,inm-cm4-8,inm-cm5-0,ipsl-cm6a-lr,kace-1-0-g,kiost-esm,miroc6,miroc-es2l,mpi-esm1-2-hr,mpi-esm1-2-lr,mri-esm2-0,nesm3,noresm2-lm,noresm2-mm,ukesm1-0-ll",World Bank Climate Change Knowledge Portal (CMIP6-x0.25),,,SSP2-4.5,Hot days above 30°C
SVN,Slovenia,1.6602069473515748,centre_cell_mask_coslat_area_weighted,tas,ssp245,2040-2059,median,anomaly,degC,ensemble of anomaly of Daily Near-Surface Air Temperature with reference period 1995-2014,50.0,"access-cm2,access-esm1-5,bcc-csm2-mr,canesm5,cmcc-esm2,cnrm-cm6-1,cnrm-esm2-1,ec-earth3,ec-earth3-veg-lr,fgoals-g3,gfdl-cm4,gfdl-esm4,giss-e2-1-g,hadgem3-gc31-ll,inm-cm4-8,inm-cm5-0,ipsl-cm6a-lr,kace-1-0-g,miroc6,miroc-es2l,mpi-esm1-2-hr,mpi-esm1-2-lr,mri-esm2-0,nesm3,noresm2-lm,noresm2-mm,ukesm1-0-ll",World Bank Climate Change Knowledge Portal (CMIP6-x0.25),,1995-2014,SSP2-4.5,Mean temperature
SVN,Slovenia,11.732280322453366,centre_cell_mask_coslat_area_weighted,tas,ssp245,2040-2059,median,climatology,degC,ensemble of Daily Near-Surface Air Temperature,50.0,"access-cm2,access-esm1-5,bcc-csm2-mr,canesm5,cmcc-esm2,cnrm-cm6-1,cnrm-esm2-1,ec-earth3,ec-earth3-veg-lr,fgoals-g3,gfdl-cm4,gfdl-esm4,giss-e2-1-g,hadgem3-gc31-ll,inm-cm4-8,inm-cm5-0,ipsl-cm6a-lr,kace-1-0-g,miroc6,miroc-es2l,mpi-esm1-2-hr,mpi-esm1-2-lr,mri-esm2-0,nesm3,noresm2-lm,noresm2-mm,ukesm1-0-ll",World Bank Climate Change Knowledge Portal (CMIP6-x0.25),,,SSP2-4.5,Mean temperature
SWE,Sweden,0.5803291680577977,centre_cell_mask_coslat_area_weighted,hd30,ssp245,2040-2059,median,climatology,days,annual climatology of ensemble of hd30: hot days with 30 degC and higher,50.0,"access-cm2,access-esm1-5,bcc-csm2-mr,canesm5,cmcc-esm2,cnrm-cm6-1,cnrm-esm2-1,ec-earth3,ec-earth3-veg-lr,fgoals-g3,gfdl-cm4,gfdl-esm4,giss-e2-1-g,hadgem3-gc31-ll,inm-cm4-8,inm-cm5-0,ipsl-cm6a-lr,kace-1-0-g,kiost-esm,miroc6,miroc-es2l,mpi-esm1-2-hr,mpi-esm1-2-lr,mri-esm2-0,nesm3,noresm2-lm,noresm2-mm,ukesm1-0-ll",World Bank Climate Change Knowledge Portal (CMIP6-x0.25),,,SSP2-4.5,Hot days above 30°C
SWE,Sweden,1.7448109219230026,centre_cell_mask_coslat_area_weighted,tas,ssp245,2040-2059,median,anomaly,degC,ensemble of anomaly of Daily Near-Surface Air Temperature with reference period 1995-2014,50.0,"access-cm2,access-esm1-5,bcc-csm2-mr,canesm5,cmcc-esm2,cnrm-cm6-1,cnrm-esm2-1,ec-earth3,ec-earth3-veg-lr,fgoals-g3,gfdl-cm4,gfdl-esm4,giss-e2-1-g,hadgem3-gc31-ll,inm-cm4-8,inm-cm5-0,ipsl-cm6a-lr,kace-1-0-g,miroc6,miroc-es2l,mpi-esm1-2-hr,mpi-esm1-2-lr,mri-esm2-0,nesm3,noresm2-lm,noresm2-mm,ukesm1-0-ll",World Bank Climate Change Knowledge Portal (CMIP6-x0.25),,1995-2014,SSP2-4.5,Mean temperature
SWE,Sweden,5.259746932855401,centre_cell_mask_coslat_area_weighted,tas,ssp245,2040-2059,median,climatology,degC,ensemble of Daily Near-Surface Air Temperature,50.0,"access-cm2,access-esm1-5,bcc-csm2-mr,canesm5,cmcc-esm2,cnrm-cm6-1,cnrm-esm2-1,ec-earth3,ec-earth3-veg-lr,fgoals-g3,gfdl-cm4,gfdl-esm4,giss-e2-1-g,hadgem3-gc31-ll,inm-cm4-8,inm-cm5-0,ipsl-cm6a-lr,kace-1-0-g,miroc6,miroc-es2l,mpi-esm1-2-hr,mpi-esm1-2-lr,mri-esm2-0,nesm3,noresm2-lm,noresm2-mm,ukesm1-0-ll",World Bank Climate Change Knowledge Portal (CMIP6-x0.25),,,SSP2-4.5,Mean temperature
SWZ,Eswatini,111.6230243541268,centre_cell_mask_coslat_area_weighted,hd30,ssp245,2040-2059,median,climatology,days,annual climatology of ensemble of hd30: hot days with 30 degC and higher,50.0,"access-cm2,access-esm1-5,bcc-csm2-mr,canesm5,cmcc-esm2,cnrm-cm6-1,cnrm-esm2-1,ec-earth3,ec-earth3-veg-lr,fgoals-g3,gfdl-cm4,gfdl-esm4,giss-e2-1-g,hadgem3-gc31-ll,inm-cm4-8,inm-cm5-0,ipsl-cm6a-lr,kace-1-0-g,kiost-esm,miroc6,miroc-es2l,mpi-esm1-2-hr,mpi-esm1-2-lr,mri-esm2-0,nesm3,noresm2-lm,noresm2-mm,ukesm1-0-ll",World Bank Climate Change Knowledge Portal (CMIP6-x0.25),,,SSP2-4.5,Hot days above 30°C
SWZ,Eswatini,1.2637541435117539,centre_cell_mask_coslat_area_weighted,tas,ssp245,2040-2059,median,anomaly,degC,ensemble of anomaly of Daily Near-Surface Air Temperature with reference period 1995-2014,50.0,"access-cm2,access-esm1-5,bcc-csm2-mr,canesm5,cmcc-esm2,cnrm-cm6-1,cnrm-esm2-1,ec-earth3,ec-earth3-veg-lr,fgoals-g3,gfdl-cm4,gfdl-esm4,giss-e2-1-g,hadgem3-gc31-ll,inm-cm4-8,inm-cm5-0,ipsl-cm6a-lr,kace-1-0-g,miroc6,miroc-es2l,mpi-esm1-2-hr,mpi-esm1-2-lr,mri-esm2-0,nesm3,noresm2-lm,noresm2-mm,ukesm1-0-ll",World Bank Climate Change Knowledge Portal (CMIP6-x0.25),,1995-2014,SSP2-4.5,Mean temperature
SWZ,Eswatini,21.917800815274862,centre_cell_mask_coslat_area_weighted,tas,ssp245,2040-2059,median,climatology,degC,ensemble of Daily Near-Surface Air Temperature,50.0,"access-cm2,access-esm1-5,bcc-csm2-mr,canesm5,cmcc-esm2,cnrm-cm6-1,cnrm-esm2-1,ec-earth3,ec-earth3-veg-lr,fgoals-g3,gfdl-cm4,gfdl-esm4,giss-e2-1-g,hadgem3-gc31-ll,inm-cm4-8,inm-cm5-0,ipsl-cm6a-lr,kace-1-0-g,miroc6,miroc-es2l,mpi-esm1-2-hr,mpi-esm1-2-lr,mri-esm2-0,nesm3,noresm2-lm,noresm2-mm,ukesm1-0-ll",World Bank Climate Change Knowledge Portal (CMIP6-x0.25),,,SSP2-4.5,Mean temperature
SXM,Sint Maarten (Neth.),0.6071841072516387,fractional_overlap_equal_area,hd30,ssp245,2040-2059,median,climatology,days,annual climatology of ensemble of hd30: hot days with 30 degC and higher,50.0,"access-cm2,access-esm1-5,bcc-csm2-mr,canesm5,cmcc-esm2,cnrm-cm6-1,cnrm-esm2-1,ec-earth3,ec-earth3-veg-lr,fgoals-g3,gfdl-cm4,gfdl-esm4,giss-e2-1-g,hadgem3-gc31-ll,inm-cm4-8,inm-cm5-0,ipsl-cm6a-lr,kace-1-0-g,kiost-esm,miroc6,miroc-es2l,mpi-esm1-2-hr,mpi-esm1-2-lr,mri-esm2-0,nesm3,noresm2-lm,noresm2-mm,ukesm1-0-ll",World Bank Climate Change Knowledge Portal (CMIP6-x0.25),,,SSP2-4.5,Hot days above 30°C
SXM,Sint Maarten (Neth.),1.0779794249917656,fractional_overlap_equal_area,tas,ssp245,2040-2059,median,anomaly,degC,ensemble of anomaly of Daily Near-Surface Air Temperature with reference period 1995-2014,50.0,"access-cm2,access-esm1-5,bcc-csm2-mr,canesm5,cmcc-esm2,cnrm-cm6-1,cnrm-esm2-1,ec-earth3,ec-earth3-veg-lr,fgoals-g3,gfdl-cm4,gfdl-esm4,giss-e2-1-g,hadgem3-gc31-ll,inm-cm4-8,inm-cm5-0,ipsl-cm6a-lr,kace-1-0-g,miroc6,miroc-es2l,mpi-esm1-2-hr,mpi-esm1-2-lr,mri-esm2-0,nesm3,noresm2-lm,noresm2-mm,ukesm1-0-ll",World Bank Climate Change Knowledge Portal (CMIP6-x0.25),,1995-2014,SSP2-4.5,Mean temperature
SXM,Sint Maarten (Neth.),27.19196472261333,fractional_overlap_equal_area,tas,ssp245,2040-2059,median,climatology,degC,ensemble of Daily Near-Surface Air Temperature,50.0,"access-cm2,access-esm1-5,bcc-csm2-mr,canesm5,cmcc-esm2,cnrm-cm6-1,cnrm-esm2-1,ec-earth3,ec-earth3-veg-lr,fgoals-g3,gfdl-cm4,gfdl-esm4,giss-e2-1-g,hadgem3-gc31-ll,inm-cm4-8,inm-cm5-0,ipsl-cm6a-lr,kace-1-0-g,miroc6,miroc-es2l,mpi-esm1-2-hr,mpi-esm1-2-lr,mri-esm2-0,nesm3,noresm2-lm,noresm2-mm,ukesm1-0-ll",World Bank Climate Change Knowledge Portal (CMIP6-x0.25),,,SSP2-4.5,Mean temperature
SYC,Seychelles,5.791842697169966,centre_cell_mask_coslat_area_weighted,hd30,ssp245,2040-2059,median,climatology,days,annual climatology of ensemble of hd30: hot days with 30 degC and higher,50.0,"access-cm2,access-esm1-5,bcc-csm2-mr,canesm5,cmcc-esm2,cnrm-cm6-1,cnrm-esm2-1,ec-earth3,ec-earth3-veg-lr,fgoals-g3,gfdl-cm4,gfdl-esm4,giss-e2-1-g,hadgem3-gc31-ll,inm-cm4-8,inm-cm5-0,ipsl-cm6a-lr,kace-1-0-g,kiost-esm,miroc6,miroc-es2l,mpi-esm1-2-hr,mpi-esm1-2-lr,mri-esm2-0,nesm3,noresm2-lm,noresm2-mm,ukesm1-0-ll",World Bank Climate Change Knowledge Portal (CMIP6-x0.25),,,SSP2-4.5,Hot days above 30°C
SYC,Seychelles,1.0230675464154733,centre_cell_mask_coslat_area_weighted,tas,ssp245,2040-2059,median,anomaly,degC,ensemble of anomaly of Daily Near-Surface Air Temperature with reference period 1995-2014,50.0,"access-cm2,access-esm1-5,bcc-csm2-mr,canesm5,cmcc-esm2,cnrm-cm6-1,cnrm-esm2-1,ec-earth3,ec-earth3-veg-lr,fgoals-g3,gfdl-cm4,gfdl-esm4,giss-e2-1-g,hadgem3-gc31-ll,inm-cm4-8,inm-cm5-0,ipsl-cm6a-lr,kace-1-0-g,miroc6,miroc-es2l,mpi-esm1-2-hr,mpi-esm1-2-lr,mri-esm2-0,nesm3,noresm2-lm,noresm2-mm,ukesm1-0-ll",World Bank Climate Change Knowledge Portal (CMIP6-x0.25),,1995-2014,SSP2-4.5,Mean temperature
SYC,Seychelles,27.280160302757388,centre_cell_mask_coslat_area_weighted,tas,ssp245,2040-2059,median,climatology,degC,ensemble of Daily Near-Surface Air Temperature,50.0,"access-cm2,access-esm1-5,bcc-csm2-mr,canesm5,cmcc-esm2,cnrm-cm6-1,cnrm-esm2-1,ec-earth3,ec-earth3-veg-lr,fgoals-g3,gfdl-cm4,gfdl-esm4,giss-e2-1-g,hadgem3-gc31-ll,inm-cm4-8,inm-cm5-0,ipsl-cm6a-lr,kace-1-0-g,miroc6,miroc-es2l,mpi-esm1-2-hr,mpi-esm1-2-lr,mri-esm2-0,nesm3,noresm2-lm,noresm2-mm,ukesm1-0-ll",World Bank Climate Change Knowledge Portal (CMIP6-x0.25),,,SSP2-4.5,Mean temperature
SYR,Syrian Arab Republic,158.59004184708022,centre_cell_mask_coslat_area_weighted,hd30,ssp245,2040-2059,median,climatology,days,annual climatology of ensemble of hd30: hot days with 30 degC and higher,50.0,"access-cm2,access-esm1-5,bcc-csm2-mr,canesm5,cmcc-esm2,cnrm-cm6-1,cnrm-esm2-1,ec-earth3,ec-earth3-veg-lr,fgoals-g3,gfdl-cm4,gfdl-esm4,giss-e2-1-g,hadgem3-gc31-ll,inm-cm4-8,inm-cm5-0,ipsl-cm6a-lr,kace-1-0-g,kiost-esm,miroc6,miroc-es2l,mpi-esm1-2-hr,mpi-esm1-2-lr,mri-esm2-0,nesm3,noresm2-lm,noresm2-mm,ukesm1-0-ll",World Bank Climate Change Knowledge Portal (CMIP6-x0.25),,,SSP2-4.5,Hot days above 30°C
SYR,Syrian Arab Republic,1.8194281175571807,centre_cell_mask_coslat_area_weighted,tas,ssp245,2040-2059,median,anomaly,degC,ensemble of anomaly of Daily Near-Surface Air Temperature with reference period 1995-2014,50.0,"access-cm2,access-esm1-5,bcc-csm2-mr,canesm5,cmcc-esm2,cnrm-cm6-1,cnrm-esm2-1,ec-earth3,ec-earth3-veg-lr,fgoals-g3,gfdl-cm4,gfdl-esm4,giss-e2-1-g,hadgem3-gc31-ll,inm-cm4-8,inm-cm5-0,ipsl-cm6a-lr,kace-1-0-g,miroc6,miroc-es2l,mpi-esm1-2-hr,mpi-esm1-2-lr,mri-esm2-0,nesm3,noresm2-lm,noresm2-mm,ukesm1-0-ll",World Bank Climate Change Knowledge Portal (CMIP6-x0.25),,1995-2014,SSP2-4.5,Mean temperature
SYR,Syrian Arab Republic,20.804298058893014,centre_cell_mask_coslat_area_weighted,tas,ssp245,2040-2059,median,climatology,degC,ensemble of Daily Near-Surface Air Temperature,50.0,"access-cm2,access-esm1-5,bcc-csm2-mr,canesm5,cmcc-esm2,cnrm-cm6-1,cnrm-esm2-1,ec-earth3,ec-earth3-veg-lr,fgoals-g3,gfdl-cm4,gfdl-esm4,giss-e2-1-g,hadgem3-gc31-ll,inm-cm4-8,inm-cm5-0,ipsl-cm6a-lr,kace-1-0-g,miroc6,miroc-es2l,mpi-esm1-2-hr,mpi-esm1-2-lr,mri-esm2-0,nesm3,noresm2-lm,noresm2-mm,ukesm1-0-ll",World Bank Climate Change Knowledge Portal (CMIP6-x0.25),,,SSP2-4.5,Mean temperature
TCA,Turks and Caicos Islands (U.K.),7.949999809265137,centre_cell_mask_coslat_area_weighted,hd30,ssp245,2040-2059,median,climatology,days,annual climatology of ensemble of hd30: hot days with 30 degC and higher,50.0,"access-cm2,access-esm1-5,bcc-csm2-mr,canesm5,cmcc-esm2,cnrm-cm6-1,cnrm-esm2-1,ec-earth3,ec-earth3-veg-lr,fgoals-g3,gfdl-cm4,gfdl-esm4,giss-e2-1-g,hadgem3-gc31-ll,inm-cm4-8,inm-cm5-0,ipsl-cm6a-lr,kace-1-0-g,kiost-esm,miroc6,miroc-es2l,mpi-esm1-2-hr,mpi-esm1-2-lr,mri-esm2-0,nesm3,noresm2-lm,noresm2-mm,ukesm1-0-ll",World Bank Climate Change Knowledge Portal (CMIP6-x0.25),,,SSP2-4.5,Hot days above 30°C
TCA,Turks and Caicos Islands (U.K.),1.166000008583069,centre_cell_mask_coslat_area_weighted,tas,ssp245,2040-2059,median,anomaly,degC,ensemble of anomaly of Daily Near-Surface Air Temperature with reference period 1995-2014,50.0,"access-cm2,access-esm1-5,bcc-csm2-mr,canesm5,cmcc-esm2,cnrm-cm6-1,cnrm-esm2-1,ec-earth3,ec-earth3-veg-lr,fgoals-g3,gfdl-cm4,gfdl-esm4,giss-e2-1-g,hadgem3-gc31-ll,inm-cm4-8,inm-cm5-0,ipsl-cm6a-lr,kace-1-0-g,miroc6,miroc-es2l,mpi-esm1-2-hr,mpi-esm1-2-lr,mri-esm2-0,nesm3,noresm2-lm,noresm2-mm,ukesm1-0-ll",World Bank Climate Change Knowledge Portal (CMIP6-x0.25),,1995-2014,SSP2-4.5,Mean temperature
TCA,Turks and Caicos Islands (U.K.),27.177000045776367,centre_cell_mask_coslat_area_weighted,tas,ssp245,2040-2059,median,climatology,degC,ensemble of Daily Near-Surface Air Temperature,50.0,"access-cm2,access-esm1-5,bcc-csm2-mr,canesm5,cmcc-esm2,cnrm-cm6-1,cnrm-esm2-1,ec-earth3,ec-earth3-veg-lr,fgoals-g3,gfdl-cm4,gfdl-esm4,giss-e2-1-g,hadgem3-gc31-ll,inm-cm4-8,inm-cm5-0,ipsl-cm6a-lr,kace-1-0-g,miroc6,miroc-es2l,mpi-esm1-2-hr,mpi-esm1-2-lr,mri-esm2-0,nesm3,noresm2-lm,noresm2-mm,ukesm1-0-ll",World Bank Climate Change Knowledge Portal (CMIP6-x0.25),,,SSP2-4.5,Mean temperature
TCD,Chad,299.66870025441966,centre_cell_mask_coslat_area_weighted,hd30,ssp245,2040-2059,median,climatology,days,annual climatology of ensemble of hd30: hot days with 30 degC and higher,50.0,"access-cm2,access-esm1-5,bcc-csm2-mr,canesm5,cmcc-esm2,cnrm-cm6-1,cnrm-esm2-1,ec-earth3,ec-earth3-veg-lr,fgoals-g3,gfdl-cm4,gfdl-esm4,giss-e2-1-g,hadgem3-gc31-ll,inm-cm4-8,inm-cm5-0,ipsl-cm6a-lr,kace-1-0-g,kiost-esm,miroc6,miroc-es2l,mpi-esm1-2-hr,mpi-esm1-2-lr,mri-esm2-0,nesm3,noresm2-lm,noresm2-mm,ukesm1-0-ll",World Bank Climate Change Knowledge Portal (CMIP6-x0.25),,,SSP2-4.5,Hot days above 30°C
TCD,Chad,1.4599797621303088,centre_cell_mask_coslat_area_weighted,tas,ssp245,2040-2059,median,anomaly,degC,ensemble of anomaly of Daily Near-Surface Air Temperature with reference period 1995-2014,50.0,"access-cm2,access-esm1-5,bcc-csm2-mr,canesm5,cmcc-esm2,cnrm-cm6-1,cnrm-esm2-1,ec-earth3,ec-earth3-veg-lr,fgoals-g3,gfdl-cm4,gfdl-esm4,giss-e2-1-g,hadgem3-gc31-ll,inm-cm4-8,inm-cm5-0,ipsl-cm6a-lr,kace-1-0-g,miroc6,miroc-es2l,mpi-esm1-2-hr,mpi-esm1-2-lr,mri-esm2-0,nesm3,noresm2-lm,noresm2-mm,ukesm1-0-ll",World Bank Climate Change Knowledge Portal (CMIP6-x0.25),,1995-2014,SSP2-4.5,Mean temperature
TCD,Chad,28.669929832406915,centre_cell_mask_coslat_area_weighted,tas,ssp245,2040-2059,median,climatology,degC,ensemble of Daily Near-Surface Air Temperature,50.0,"access-cm2,access-esm1-5,bcc-csm2-mr,canesm5,cmcc-esm2,cnrm-cm6-1,cnrm-esm2-1,ec-earth3,ec-earth3-veg-lr,fgoals-g3,gfdl-cm4,gfdl-esm4,giss-e2-1-g,hadgem3-gc31-ll,inm-cm4-8,inm-cm5-0,ipsl-cm6a-lr,kace-1-0-g,miroc6,miroc-es2l,mpi-esm1-2-hr,mpi-esm1-2-lr,mri-esm2-0,nesm3,noresm2-lm,noresm2-mm,ukesm1-0-ll",World Bank Climate Change Knowledge Portal (CMIP6-x0.25),,,SSP2-4.5,Mean temperature
TGO,Togo,303.3200595986246,centre_cell_mask_coslat_area_weighted,hd30,ssp245,2040-2059,median,climatology,days,annual climatology of ensemble of hd30: hot days with 30 degC and higher,50.0,"access-cm2,access-esm1-5,bcc-csm2-mr,canesm5,cmcc-esm2,cnrm-cm6-1,cnrm-esm2-1,ec-earth3,ec-earth3-veg-lr,fgoals-g3,gfdl-cm4,gfdl-esm4,giss-e2-1-g,hadgem3-gc31-ll,inm-cm4-8,inm-cm5-0,ipsl-cm6a-lr,kace-1-0-g,kiost-esm,miroc6,miroc-es2l,mpi-esm1-2-hr,mpi-esm1-2-lr,mri-esm2-0,nesm3,noresm2-lm,noresm2-mm,ukesm1-0-ll",World Bank Climate Change Knowledge Portal (CMIP6-x0.25),,,SSP2-4.5,Hot days above 30°C
TGO,Togo,1.2505113517378095,centre_cell_mask_coslat_area_weighted,tas,ssp245,2040-2059,median,anomaly,degC,ensemble of anomaly of Daily Near-Surface Air Temperature with reference period 1995-2014,50.0,"access-cm2,access-esm1-5,bcc-csm2-mr,canesm5,cmcc-esm2,cnrm-cm6-1,cnrm-esm2-1,ec-earth3,ec-earth3-veg-lr,fgoals-g3,gfdl-cm4,gfdl-esm4,giss-e2-1-g,hadgem3-gc31-ll,inm-cm4-8,inm-cm5-0,ipsl-cm6a-lr,kace-1-0-g,miroc6,miroc-es2l,mpi-esm1-2-hr,mpi-esm1-2-lr,mri-esm2-0,nesm3,noresm2-lm,noresm2-mm,ukesm1-0-ll",World Bank Climate Change Knowledge Portal (CMIP6-x0.25),,1995-2014,SSP2-4.5,Mean temperature
TGO,Togo,28.531364374769765,centre_cell_mask_coslat_area_weighted,tas,ssp245,2040-2059,median,climatology,degC,ensemble of Daily Near-Surface Air Temperature,50.0,"access-cm2,access-esm1-5,bcc-csm2-mr,canesm5,cmcc-esm2,cnrm-cm6-1,cnrm-esm2-1,ec-earth3,ec-earth3-veg-lr,fgoals-g3,gfdl-cm4,gfdl-esm4,giss-e2-1-g,hadgem3-gc31-ll,inm-cm4-8,inm-cm5-0,ipsl-cm6a-lr,kace-1-0-g,miroc6,miroc-es2l,mpi-esm1-2-hr,mpi-esm1-2-lr,mri-esm2-0,nesm3,noresm2-lm,noresm2-mm,ukesm1-0-ll",World Bank Climate Change Knowledge Portal (CMIP6-x0.25),,,SSP2-4.5,Mean temperature
THA,Thailand,290.28799880068016,centre_cell_mask_coslat_area_weighted,hd30,ssp245,2040-2059,median,climatology,days,annual climatology of ensemble of hd30: hot days with 30 degC and higher,50.0,"access-cm2,access-esm1-5,bcc-csm2-mr,canesm5,cmcc-esm2,cnrm-cm6-1,cnrm-esm2-1,ec-earth3,ec-earth3-veg-lr,fgoals-g3,gfdl-cm4,gfdl-esm4,giss-e2-1-g,hadgem3-gc31-ll,inm-cm4-8,inm-cm5-0,ipsl-cm6a-lr,kace-1-0-g,kiost-esm,miroc6,miroc-es2l,mpi-esm1-2-hr,mpi-esm1-2-lr,mri-esm2-0,nesm3,noresm2-lm,noresm2-mm,ukesm1-0-ll",World Bank Climate Change Knowledge Portal (CMIP6-x0.25),,,SSP2-4.5,Hot days above 30°C
THA,Thailand,1.2258847955914516,centre_cell_mask_coslat_area_weighted,tas,ssp245,2040-2059,median,anomaly,degC,ensemble of anomaly of Daily Near-Surface Air Temperature with reference period 1995-2014,50.0,"access-cm2,access-esm1-5,bcc-csm2-mr,canesm5,cmcc-esm2,cnrm-cm6-1,cnrm-esm2-1,ec-earth3,ec-earth3-veg-lr,fgoals-g3,gfdl-cm4,gfdl-esm4,giss-e2-1-g,hadgem3-gc31-ll,inm-cm4-8,inm-cm5-0,ipsl-cm6a-lr,kace-1-0-g,miroc6,miroc-es2l,mpi-esm1-2-hr,mpi-esm1-2-lr,mri-esm2-0,nesm3,noresm2-lm,noresm2-mm,ukesm1-0-ll",World Bank Climate Change Knowledge Portal (CMIP6-x0.25),,1995-2014,SSP2-4.5,Mean temperature
THA,Thailand,27.99115062506916,centre_cell_mask_coslat_area_weighted,tas,ssp245,2040-2059,median,climatology,degC,ensemble of Daily Near-Surface Air Temperature,50.0,"access-cm2,access-esm1-5,bcc-csm2-mr,canesm5,cmcc-esm2,cnrm-cm6-1,cnrm-esm2-1,ec-earth3,ec-earth3-veg-lr,fgoals-g3,gfdl-cm4,gfdl-esm4,giss-e2-1-g,hadgem3-gc31-ll,inm-cm4-8,inm-cm5-0,ipsl-cm6a-lr,kace-1-0-g,miroc6,miroc-es2l,mpi-esm1-2-hr,mpi-esm1-2-lr,mri-esm2-0,nesm3,noresm2-lm,noresm2-mm,ukesm1-0-ll",World Bank Climate Change Knowledge Portal (CMIP6-x0.25),,,SSP2-4.5,Mean temperature
TJK,Tajikistan,27.044216329109734,centre_cell_mask_coslat_area_weighted,hd30,ssp245,2040-2059,median,climatology,days,annual climatology of ensemble of hd30: hot days with 30 degC and higher,50.0,"access-cm2,access-esm1-5,bcc-csm2-mr,canesm5,cmcc-esm2,cnrm-cm6-1,cnrm-esm2-1,ec-earth3,ec-earth3-veg-lr,fgoals-g3,gfdl-cm4,gfdl-esm4,giss-e2-1-g,hadgem3-gc31-ll,inm-cm4-8,inm-cm5-0,ipsl-cm6a-lr,kace-1-0-g,kiost-esm,miroc6,miroc-es2l,mpi-esm1-2-hr,mpi-esm1-2-lr,mri-esm2-0,nesm3,noresm2-lm,noresm2-mm,ukesm1-0-ll",World Bank Climate Change Knowledge Portal (CMIP6-x0.25),,,SSP2-4.5,Hot days above 30°C
TJK,Tajikistan,1.8726563346193383,centre_cell_mask_coslat_area_weighted,tas,ssp245,2040-2059,median,anomaly,degC,ensemble of anomaly of Daily Near-Surface Air Temperature with reference period 1995-2014,50.0,"access-cm2,access-esm1-5,bcc-csm2-mr,canesm5,cmcc-esm2,cnrm-cm6-1,cnrm-esm2-1,ec-earth3,ec-earth3-veg-lr,fgoals-g3,gfdl-cm4,gfdl-esm4,giss-e2-1-g,hadgem3-gc31-ll,inm-cm4-8,inm-cm5-0,ipsl-cm6a-lr,kace-1-0-g,miroc6,miroc-es2l,mpi-esm1-2-hr,mpi-esm1-2-lr,mri-esm2-0,nesm3,noresm2-lm,noresm2-mm,ukesm1-0-ll",World Bank Climate Change Knowledge Portal (CMIP6-x0.25),,1995-2014,SSP2-4.5,Mean temperature
TJK,Tajikistan,1.6142966527823825,centre_cell_mask_coslat_area_weighted,tas,ssp245,2040-2059,median,climatology,degC,ensemble of Daily Near-Surface Air Temperature,50.0,"access-cm2,access-esm1-5,bcc-csm2-mr,canesm5,cmcc-esm2,cnrm-cm6-1,cnrm-esm2-1,ec-earth3,ec-earth3-veg-lr,fgoals-g3,gfdl-cm4,gfdl-esm4,giss-e2-1-g,hadgem3-gc31-ll,inm-cm4-8,inm-cm5-0,ipsl-cm6a-lr,kace-1-0-g,miroc6,miroc-es2l,mpi-esm1-2-hr,mpi-esm1-2-lr,mri-esm2-0,nesm3,noresm2-lm,noresm2-mm,ukesm1-0-ll",World Bank Climate Change Knowledge Portal (CMIP6-x0.25),,,SSP2-4.5,Mean temperature
TKL,Tokelau (N.Z.),8.950215451978062,fractional_overlap_equal_area,hd30,ssp245,2040-2059,median,climatology,days,annual climatology of ensemble of hd30: hot days with 30 degC and higher,50.0,"access-cm2,access-esm1-5,bcc-csm2-mr,canesm5,cmcc-esm2,cnrm-cm6-1,cnrm-esm2-1,ec-earth3,ec-earth3-veg-lr,fgoals-g3,gfdl-cm4,gfdl-esm4,giss-e2-1-g,hadgem3-gc31-ll,inm-cm4-8,inm-cm5-0,ipsl-cm6a-lr,kace-1-0-g,kiost-esm,miroc6,miroc-es2l,mpi-esm1-2-hr,mpi-esm1-2-lr,mri-esm2-0,nesm3,noresm2-lm,noresm2-mm,ukesm1-0-ll",World Bank Climate Change Knowledge Portal (CMIP6-x0.25),,,SSP2-4.5,Hot days above 30°C
TKL,Tokelau (N.Z.),0.9705539336638797,fractional_overlap_equal_area,tas,ssp245,2040-2059,median,anomaly,degC,ensemble of anomaly of Daily Near-Surface Air Temperature with reference period 1995-2014,50.0,"access-cm2,access-esm1-5,bcc-csm2-mr,canesm5,cmcc-esm2,cnrm-cm6-1,cnrm-esm2-1,ec-earth3,ec-earth3-veg-lr,fgoals-g3,gfdl-cm4,gfdl-esm4,giss-e2-1-g,hadgem3-gc31-ll,inm-cm4-8,inm-cm5-0,ipsl-cm6a-lr,kace-1-0-g,miroc6,miroc-es2l,mpi-esm1-2-hr,mpi-esm1-2-lr,mri-esm2-0,nesm3,noresm2-lm,noresm2-mm,ukesm1-0-ll",World Bank Climate Change Knowledge Portal (CMIP6-x0.25),,1995-2014,SSP2-4.5,Mean temperature
TKL,Tokelau (N.Z.),28.25292945452441,fractional_overlap_equal_area,tas,ssp245,2040-2059,median,climatology,degC,ensemble of Daily Near-Surface Air Temperature,50.0,"access-cm2,access-esm1-5,bcc-csm2-mr,canesm5,cmcc-esm2,cnrm-cm6-1,cnrm-esm2-1,ec-earth3,ec-earth3-veg-lr,fgoals-g3,gfdl-cm4,gfdl-esm4,giss-e2-1-g,hadgem3-gc31-ll,inm-cm4-8,inm-cm5-0,ipsl-cm6a-lr,kace-1-0-g,miroc6,miroc-es2l,mpi-esm1-2-hr,mpi-esm1-2-lr,mri-esm2-0,nesm3,noresm2-lm,noresm2-mm,ukesm1-0-ll",World Bank Climate Change Knowledge Portal (CMIP6-x0.25),,,SSP2-4.5,Mean temperature
TKM,Turkmenistan,144.5996709622953,centre_cell_mask_coslat_area_weighted,hd30,ssp245,2040-2059,median,climatology,days,annual climatology of ensemble of hd30: hot days with 30 degC and higher,50.0,"access-cm2,access-esm1-5,bcc-csm2-mr,canesm5,cmcc-esm2,cnrm-cm6-1,cnrm-esm2-1,ec-earth3,ec-earth3-veg-lr,fgoals-g3,gfdl-cm4,gfdl-esm4,giss-e2-1-g,hadgem3-gc31-ll,inm-cm4-8,inm-cm5-0,ipsl-cm6a-lr,kace-1-0-g,kiost-esm,miroc6,miroc-es2l,mpi-esm1-2-hr,mpi-esm1-2-lr,mri-esm2-0,nesm3,noresm2-lm,noresm2-mm,ukesm1-0-ll",World Bank Climate Change Knowledge Portal (CMIP6-x0.25),,,SSP2-4.5,Hot days above 30°C
TKM,Turkmenistan,1.7320615005121585,centre_cell_mask_coslat_area_weighted,tas,ssp245,2040-2059,median,anomaly,degC,ensemble of anomaly of Daily Near-Surface Air Temperature with reference period 1995-2014,50.0,"access-cm2,access-esm1-5,bcc-csm2-mr,canesm5,cmcc-esm2,cnrm-cm6-1,cnrm-esm2-1,ec-earth3,ec-earth3-veg-lr,fgoals-g3,gfdl-cm4,gfdl-esm4,giss-e2-1-g,hadgem3-gc31-ll,inm-cm4-8,inm-cm5-0,ipsl-cm6a-lr,kace-1-0-g,miroc6,miroc-es2l,mpi-esm1-2-hr,mpi-esm1-2-lr,mri-esm2-0,nesm3,noresm2-lm,noresm2-mm,ukesm1-0-ll",World Bank Climate Change Knowledge Portal (CMIP6-x0.25),,1995-2014,SSP2-4.5,Mean temperature
TKM,Turkmenistan,18.250859761570936,centre_cell_mask_coslat_area_weighted,tas,ssp245,2040-2059,median,climatology,degC,ensemble of Daily Near-Surface Air Temperature,50.0,"access-cm2,access-esm1-5,bcc-csm2-mr,canesm5,cmcc-esm2,cnrm-cm6-1,cnrm-esm2-1,ec-earth3,ec-earth3-veg-lr,fgoals-g3,gfdl-cm4,gfdl-esm4,giss-e2-1-g,hadgem3-gc31-ll,inm-cm4-8,inm-cm5-0,ipsl-cm6a-lr,kace-1-0-g,miroc6,miroc-es2l,mpi-esm1-2-hr,mpi-esm1-2-lr,mri-esm2-0,nesm3,noresm2-lm,noresm2-mm,ukesm1-0-ll",World Bank Climate Change Knowledge Portal (CMIP6-x0.25),,,SSP2-4.5,Mean temperature
TLS,Timor-Leste,78.81148850531339,centre_cell_mask_coslat_area_weighted,hd30,ssp245,2040-2059,median,climatology,days,annual climatology of ensemble of hd30: hot days with 30 degC and higher,50.0,"access-cm2,access-esm1-5,bcc-csm2-mr,canesm5,cmcc-esm2,cnrm-cm6-1,cnrm-esm2-1,ec-earth3,ec-earth3-veg-lr,fgoals-g3,gfdl-cm4,gfdl-esm4,giss-e2-1-g,hadgem3-gc31-ll,inm-cm4-8,inm-cm5-0,ipsl-cm6a-lr,kace-1-0-g,kiost-esm,miroc6,miroc-es2l,mpi-esm1-2-hr,mpi-esm1-2-lr,mri-esm2-0,nesm3,noresm2-lm,noresm2-mm,ukesm1-0-ll",World Bank Climate Change Knowledge Portal (CMIP6-x0.25),,,SSP2-4.5,Hot days above 30°C
TLS,Timor-Leste,1.0887250379963938,centre_cell_mask_coslat_area_weighted,tas,ssp245,2040-2059,median,anomaly,degC,ensemble of anomaly of Daily Near-Surface Air Temperature with reference period 1995-2014,50.0,"access-cm2,access-esm1-5,bcc-csm2-mr,canesm5,cmcc-esm2,cnrm-cm6-1,cnrm-esm2-1,ec-earth3,ec-earth3-veg-lr,fgoals-g3,gfdl-cm4,gfdl-esm4,giss-e2-1-g,hadgem3-gc31-ll,inm-cm4-8,inm-cm5-0,ipsl-cm6a-lr,kace-1-0-g,miroc6,miroc-es2l,mpi-esm1-2-hr,mpi-esm1-2-lr,mri-esm2-0,nesm3,noresm2-lm,noresm2-mm,ukesm1-0-ll",World Bank Climate Change Knowledge Portal (CMIP6-x0.25),,1995-2014,SSP2-4.5,Mean temperature
TLS,Timor-Leste,25.796617301103783,centre_cell_mask_coslat_area_weighted,tas,ssp245,2040-2059,median,climatology,degC,ensemble of Daily Near-Surface Air Temperature,50.0,"access-cm2,access-esm1-5,bcc-csm2-mr,canesm5,cmcc-esm2,cnrm-cm6-1,cnrm-esm2-1,ec-earth3,ec-earth3-veg-lr,fgoals-g3,gfdl-cm4,gfdl-esm4,giss-e2-1-g,hadgem3-gc31-ll,inm-cm4-8,inm-cm5-0,ipsl-cm6a-lr,kace-1-0-g,miroc6,miroc-es2l,mpi-esm1-2-hr,mpi-esm1-2-lr,mri-esm2-0,nesm3,noresm2-lm,noresm2-mm,ukesm1-0-ll",World Bank Climate Change Knowledge Portal (CMIP6-x0.25),,,SSP2-4.5,Mean temperature
TON,Tonga,0.11072740542132277,fractional_overlap_equal_area,hd30,ssp245,2040-2059,median,climatology,days,annual climatology of ensemble of hd30: hot days with 30 degC and higher,50.0,"access-cm2,access-esm1-5,bcc-csm2-mr,canesm5,cmcc-esm2,cnrm-cm6-1,cnrm-esm2-1,ec-earth3,ec-earth3-veg-lr,fgoals-g3,gfdl-cm4,gfdl-esm4,giss-e2-1-g,hadgem3-gc31-ll,inm-cm4-8,inm-cm5-0,ipsl-cm6a-lr,kace-1-0-g,kiost-esm,miroc6,miroc-es2l,mpi-esm1-2-hr,mpi-esm1-2-lr,mri-esm2-0,nesm3,noresm2-lm,noresm2-mm,ukesm1-0-ll",World Bank Climate Change Knowledge Portal (CMIP6-x0.25),,,SSP2-4.5,Hot days above 30°C
TON,Tonga,0.8110473427095287,fractional_overlap_equal_area,tas,ssp245,2040-2059,median,anomaly,degC,ensemble of anomaly of Daily Near-Surface Air Temperature with reference period 1995-2014,50.0,"access-cm2,access-esm1-5,bcc-csm2-mr,canesm5,cmcc-esm2,cnrm-cm6-1,cnrm-esm2-1,ec-earth3,ec-earth3-veg-lr,fgoals-g3,gfdl-cm4,gfdl-esm4,giss-e2-1-g,hadgem3-gc31-ll,inm-cm4-8,inm-cm5-0,ipsl-cm6a-lr,kace-1-0-g,miroc6,miroc-es2l,mpi-esm1-2-hr,mpi-esm1-2-lr,mri-esm2-0,nesm3,noresm2-lm,noresm2-mm,ukesm1-0-ll",World Bank Climate Change Knowledge Portal (CMIP6-x0.25),,1995-2014,SSP2-4.5,Mean temperature
TON,Tonga,25.62693717994991,fractional_overlap_equal_area,tas,ssp245,2040-2059,median,climatology,degC,ensemble of Daily Near-Surface Air Temperature,50.0,"access-cm2,access-esm1-5,bcc-csm2-mr,canesm5,cmcc-esm2,cnrm-cm6-1,cnrm-esm2-1,ec-earth3,ec-earth3-veg-lr,fgoals-g3,gfdl-cm4,gfdl-esm4,giss-e2-1-g,hadgem3-gc31-ll,inm-cm4-8,inm-cm5-0,ipsl-cm6a-lr,kace-1-0-g,miroc6,miroc-es2l,mpi-esm1-2-hr,mpi-esm1-2-lr,mri-esm2-0,nesm3,noresm2-lm,noresm2-mm,ukesm1-0-ll",World Bank Climate Change Knowledge Portal (CMIP6-x0.25),,,SSP2-4.5,Mean temperature
TTO,Trinidad and Tobago,110.79828533192546,centre_cell_mask_coslat_area_weighted,hd30,ssp245,2040-2059,median,climatology,days,annual climatology of ensemble of hd30: hot days with 30 degC and higher,50.0,"access-cm2,access-esm1-5,bcc-csm2-mr,canesm5,cmcc-esm2,cnrm-cm6-1,cnrm-esm2-1,ec-earth3,ec-earth3-veg-lr,fgoals-g3,gfdl-cm4,gfdl-esm4,giss-e2-1-g,hadgem3-gc31-ll,inm-cm4-8,inm-cm5-0,ipsl-cm6a-lr,kace-1-0-g,kiost-esm,miroc6,miroc-es2l,mpi-esm1-2-hr,mpi-esm1-2-lr,mri-esm2-0,nesm3,noresm2-lm,noresm2-mm,ukesm1-0-ll",World Bank Climate Change Knowledge Portal (CMIP6-x0.25),,,SSP2-4.5,Hot days above 30°C
TTO,Trinidad and Tobago,1.08435639923817,centre_cell_mask_coslat_area_weighted,tas,ssp245,2040-2059,median,anomaly,degC,ensemble of anomaly of Daily Near-Surface Air Temperature with reference period 1995-2014,50.0,"access-cm2,access-esm1-5,bcc-csm2-mr,canesm5,cmcc-esm2,cnrm-cm6-1,cnrm-esm2-1,ec-earth3,ec-earth3-veg-lr,fgoals-g3,gfdl-cm4,gfdl-esm4,giss-e2-1-g,hadgem3-gc31-ll,inm-cm4-8,inm-cm5-0,ipsl-cm6a-lr,kace-1-0-g,miroc6,miroc-es2l,mpi-esm1-2-hr,mpi-esm1-2-lr,mri-esm2-0,nesm3,noresm2-lm,noresm2-mm,ukesm1-0-ll",World Bank Climate Change Knowledge Portal (CMIP6-x0.25),,1995-2014,SSP2-4.5,Mean temperature
TTO,Trinidad and Tobago,27.420158139413484,centre_cell_mask_coslat_area_weighted,tas,ssp245,2040-2059,median,climatology,degC,ensemble of Daily Near-Surface Air Temperature,50.0,"access-cm2,access-esm1-5,bcc-csm2-mr,canesm5,cmcc-esm2,cnrm-cm6-1,cnrm-esm2-1,ec-earth3,ec-earth3-veg-lr,fgoals-g3,gfdl-cm4,gfdl-esm4,giss-e2-1-g,hadgem3-gc31-ll,inm-cm4-8,inm-cm5-0,ipsl-cm6a-lr,kace-1-0-g,miroc6,miroc-es2l,mpi-esm1-2-hr,mpi-esm1-2-lr,mri-esm2-0,nesm3,noresm2-lm,noresm2-mm,ukesm1-0-ll",World Bank Climate Change Knowledge Portal (CMIP6-x0.25),,,SSP2-4.5,Mean temperature
TUN,Tunisia,143.69564983633703,centre_cell_mask_coslat_area_weighted,hd30,ssp245,2040-2059,median,climatology,days,annual climatology of ensemble of hd30: hot days with 30 degC and higher,50.0,"access-cm2,access-esm1-5,bcc-csm2-mr,canesm5,cmcc-esm2,cnrm-cm6-1,cnrm-esm2-1,ec-earth3,ec-earth3-veg-lr,fgoals-g3,gfdl-cm4,gfdl-esm4,giss-e2-1-g,hadgem3-gc31-ll,inm-cm4-8,inm-cm5-0,ipsl-cm6a-lr,kace-1-0-g,kiost-esm,miroc6,miroc-es2l,mpi-esm1-2-hr,mpi-esm1-2-lr,mri-esm2-0,nesm3,noresm2-lm,noresm2-mm,ukesm1-0-ll",World Bank Climate Change Knowledge Portal (CMIP6-x0.25),,,SSP2-4.5,Hot days above 30°C
TUN,Tunisia,1.6281772132693066,centre_cell_mask_coslat_area_weighted,tas,ssp245,2040-2059,median,anomaly,degC,ensemble of anomaly of Daily Near-Surface Air Temperature with reference period 1995-2014,50.0,"access-cm2,access-esm1-5,bcc-csm2-mr,canesm5,cmcc-esm2,cnrm-cm6-1,cnrm-esm2-1,ec-earth3,ec-earth3-veg-lr,fgoals-g3,gfdl-cm4,gfdl-esm4,giss-e2-1-g,hadgem3-gc31-ll,inm-cm4-8,inm-cm5-0,ipsl-cm6a-lr,kace-1-0-g,miroc6,miroc-es2l,mpi-esm1-2-hr,mpi-esm1-2-lr,mri-esm2-0,nesm3,noresm2-lm,noresm2-mm,ukesm1-0-ll",World Bank Climate Change Knowledge Portal (CMIP6-x0.25),,1995-2014,SSP2-4.5,Mean temperature
TUN,Tunisia,21.79198288209195,centre_cell_mask_coslat_area_weighted,tas,ssp245,2040-2059,median,climatology,degC,ensemble of Daily Near-Surface Air Temperature,50.0,"access-cm2,access-esm1-5,bcc-csm2-mr,canesm5,cmcc-esm2,cnrm-cm6-1,cnrm-esm2-1,ec-earth3,ec-earth3-veg-lr,fgoals-g3,gfdl-cm4,gfdl-esm4,giss-e2-1-g,hadgem3-gc31-ll,inm-cm4-8,inm-cm5-0,ipsl-cm6a-lr,kace-1-0-g,miroc6,miroc-es2l,mpi-esm1-2-hr,mpi-esm1-2-lr,mri-esm2-0,nesm3,noresm2-lm,noresm2-mm,ukesm1-0-ll",World Bank Climate Change Knowledge Portal (CMIP6-x0.25),,,SSP2-4.5,Mean temperature
TUR,Turkey,63.07173170104478,centre_cell_mask_coslat_area_weighted,hd30,ssp245,2040-2059,median,climatology,days,annual climatology of ensemble of hd30: hot days with 30 degC and higher,50.0,"access-cm2,access-esm1-5,bcc-csm2-mr,canesm5,cmcc-esm2,cnrm-cm6-1,cnrm-esm2-1,ec-earth3,ec-earth3-veg-lr,fgoals-g3,gfdl-cm4,gfdl-esm4,giss-e2-1-g,hadgem3-gc31-ll,inm-cm4-8,inm-cm5-0,ipsl-cm6a-lr,kace-1-0-g,kiost-esm,miroc6,miroc-es2l,mpi-esm1-2-hr,mpi-esm1-2-lr,mri-esm2-0,nesm3,noresm2-lm,noresm2-mm,ukesm1-0-ll",World Bank Climate Change Knowledge Portal (CMIP6-x0.25),,,SSP2-4.5,Hot days above 30°C
TUR,Turkey,1.7234027339838354,centre_cell_mask_coslat_area_weighted,tas,ssp245,2040-2059,median,anomaly,degC,ensemble of anomaly of Daily Near-Surface Air Temperature with reference period 1995-2014,50.0,"access-cm2,access-esm1-5,bcc-csm2-mr,canesm5,cmcc-esm2,cnrm-cm6-1,cnrm-esm2-1,ec-earth3,ec-earth3-veg-lr,fgoals-g3,gfdl-cm4,gfdl-esm4,giss-e2-1-g,hadgem3-gc31-ll,inm-cm4-8,inm-cm5-0,ipsl-cm6a-lr,kace-1-0-g,miroc6,miroc-es2l,mpi-esm1-2-hr,mpi-esm1-2-lr,mri-esm2-0,nesm3,noresm2-lm,noresm2-mm,ukesm1-0-ll",World Bank Climate Change Knowledge Portal (CMIP6-x0.25),,1995-2014,SSP2-4.5,Mean temperature
TUR,Turkey,13.422231480793538,centre_cell_mask_coslat_area_weighted,tas,ssp245,2040-2059,median,climatology,degC,ensemble of Daily Near-Surface Air Temperature,50.0,"access-cm2,access-esm1-5,bcc-csm2-mr,canesm5,cmcc-esm2,cnrm-cm6-1,cnrm-esm2-1,ec-earth3,ec-earth3-veg-lr,fgoals-g3,gfdl-cm4,gfdl-esm4,giss-e2-1-g,hadgem3-gc31-ll,inm-cm4-8,inm-cm5-0,ipsl-cm6a-lr,kace-1-0-g,miroc6,miroc-es2l,mpi-esm1-2-hr,mpi-esm1-2-lr,mri-esm2-0,nesm3,noresm2-lm,noresm2-mm,ukesm1-0-ll",World Bank Climate Change Knowledge Portal (CMIP6-x0.25),,,SSP2-4.5,Mean temperature
TUV,Tuvalu,16.154211887241207,fractional_overlap_equal_area,hd30,ssp245,2040-2059,median,climatology,days,annual climatology of ensemble of hd30: hot days with 30 degC and higher,50.0,"access-cm2,access-esm1-5,bcc-csm2-mr,canesm5,cmcc-esm2,cnrm-cm6-1,cnrm-esm2-1,ec-earth3,ec-earth3-veg-lr,fgoals-g3,gfdl-cm4,gfdl-esm4,giss-e2-1-g,hadgem3-gc31-ll,inm-cm4-8,inm-cm5-0,ipsl-cm6a-lr,kace-1-0-g,kiost-esm,miroc6,miroc-es2l,mpi-esm1-2-hr,mpi-esm1-2-lr,mri-esm2-0,nesm3,noresm2-lm,noresm2-mm,ukesm1-0-ll",World Bank Climate Change Knowledge Portal (CMIP6-x0.25),,,SSP2-4.5,Hot days above 30°C
TUV,Tuvalu,0.9572414613127148,fractional_overlap_equal_area,tas,ssp245,2040-2059,median,anomaly,degC,ensemble of anomaly of Daily Near-Surface Air Temperature with reference period 1995-2014,50.0,"access-cm2,access-esm1-5,bcc-csm2-mr,canesm5,cmcc-esm2,cnrm-cm6-1,cnrm-esm2-1,ec-earth3,ec-earth3-veg-lr,fgoals-g3,gfdl-cm4,gfdl-esm4,giss-e2-1-g,hadgem3-gc31-ll,inm-cm4-8,inm-cm5-0,ipsl-cm6a-lr,kace-1-0-g,miroc6,miroc-es2l,mpi-esm1-2-hr,mpi-esm1-2-lr,mri-esm2-0,nesm3,noresm2-lm,noresm2-mm,ukesm1-0-ll",World Bank Climate Change Knowledge Portal (CMIP6-x0.25),,1995-2014,SSP2-4.5,Mean temperature
TUV,Tuvalu,28.312685518787138,fractional_overlap_equal_area,tas,ssp245,2040-2059,median,climatology,degC,ensemble of Daily Near-Surface Air Temperature,50.0,"access-cm2,access-esm1-5,bcc-csm2-mr,canesm5,cmcc-esm2,cnrm-cm6-1,cnrm-esm2-1,ec-earth3,ec-earth3-veg-lr,fgoals-g3,gfdl-cm4,gfdl-esm4,giss-e2-1-g,hadgem3-gc31-ll,inm-cm4-8,inm-cm5-0,ipsl-cm6a-lr,kace-1-0-g,miroc6,miroc-es2l,mpi-esm1-2-hr,mpi-esm1-2-lr,mri-esm2-0,nesm3,noresm2-lm,noresm2-mm,ukesm1-0-ll",World Bank Climate Change Knowledge Portal (CMIP6-x0.25),,,SSP2-4.5,Mean temperature
TWN,China,53.24636804113087,centre_cell_mask_coslat_area_weighted,hd30,ssp245,2040-2059,median,climatology,days,annual climatology of ensemble of hd30: hot days with 30 degC and higher,50.0,"access-cm2,access-esm1-5,bcc-csm2-mr,canesm5,cmcc-esm2,cnrm-cm6-1,cnrm-esm2-1,ec-earth3,ec-earth3-veg-lr,fgoals-g3,gfdl-cm4,gfdl-esm4,giss-e2-1-g,hadgem3-gc31-ll,inm-cm4-8,inm-cm5-0,ipsl-cm6a-lr,kace-1-0-g,kiost-esm,miroc6,miroc-es2l,mpi-esm1-2-hr,mpi-esm1-2-lr,mri-esm2-0,nesm3,noresm2-lm,noresm2-mm,ukesm1-0-ll",World Bank Climate Change Knowledge Portal (CMIP6-x0.25),,,SSP2-4.5,Hot days above 30°C
TWN,China,1.2413939157406977,centre_cell_mask_coslat_area_weighted,tas,ssp245,2040-2059,median,anomaly,degC,ensemble of anomaly of Daily Near-Surface Air Temperature with reference period 1995-2014,50.0,"access-cm2,access-esm1-5,bcc-csm2-mr,canesm5,cmcc-esm2,cnrm-cm6-1,cnrm-esm2-1,ec-earth3,ec-earth3-veg-lr,fgoals-g3,gfdl-cm4,gfdl-esm4,giss-e2-1-g,hadgem3-gc31-ll,inm-cm4-8,inm-cm5-0,ipsl-cm6a-lr,kace-1-0-g,miroc6,miroc-es2l,mpi-esm1-2-hr,mpi-esm1-2-lr,mri-esm2-0,nesm3,noresm2-lm,noresm2-mm,ukesm1-0-ll",World Bank Climate Change Knowledge Portal (CMIP6-x0.25),,1995-2014,SSP2-4.5,Mean temperature
TWN,China,21.68984224736712,centre_cell_mask_coslat_area_weighted,tas,ssp245,2040-2059,median,climatology,degC,ensemble of Daily Near-Surface Air Temperature,50.0,"access-cm2,access-esm1-5,bcc-csm2-mr,canesm5,cmcc-esm2,cnrm-cm6-1,cnrm-esm2-1,ec-earth3,ec-earth3-veg-lr,fgoals-g3,gfdl-cm4,gfdl-esm4,giss-e2-1-g,hadgem3-gc31-ll,inm-cm4-8,inm-cm5-0,ipsl-cm6a-lr,kace-1-0-g,miroc6,miroc-es2l,mpi-esm1-2-hr,mpi-esm1-2-lr,mri-esm2-0,nesm3,noresm2-lm,noresm2-mm,ukesm1-0-ll",World Bank Climate Change Knowledge Portal (CMIP6-x0.25),,,SSP2-4.5,Mean temperature
TZA,Tanzania,138.35735379354813,centre_cell_mask_coslat_area_weighted,hd30,ssp245,2040-2059,median,climatology,days,annual climatology of ensemble of hd30: hot days with 30 degC and higher,50.0,"access-cm2,access-esm1-5,bcc-csm2-mr,canesm5,cmcc-esm2,cnrm-cm6-1,cnrm-esm2-1,ec-earth3,ec-earth3-veg-lr,fgoals-g3,gfdl-cm4,gfdl-esm4,giss-e2-1-g,hadgem3-gc31-ll,inm-cm4-8,inm-cm5-0,ipsl-cm6a-lr,kace-1-0-g,kiost-esm,miroc6,miroc-es2l,mpi-esm1-2-hr,mpi-esm1-2-lr,mri-esm2-0,nesm3,noresm2-lm,noresm2-mm,ukesm1-0-ll",World Bank Climate Change Knowledge Portal (CMIP6-x0.25),,,SSP2-4.5,Hot days above 30°C
TZA,Tanzania,1.3269035899672739,centre_cell_mask_coslat_area_weighted,tas,ssp245,2040-2059,median,anomaly,degC,ensemble of anomaly of Daily Near-Surface Air Temperature with reference period 1995-2014,50.0,"access-cm2,access-esm1-5,bcc-csm2-mr,canesm5,cmcc-esm2,cnrm-cm6-1,cnrm-esm2-1,ec-earth3,ec-earth3-veg-lr,fgoals-g3,gfdl-cm4,gfdl-esm4,giss-e2-1-g,hadgem3-gc31-ll,inm-cm4-8,inm-cm5-0,ipsl-cm6a-lr,kace-1-0-g,miroc6,miroc-es2l,mpi-esm1-2-hr,mpi-esm1-2-lr,mri-esm2-0,nesm3,noresm2-lm,noresm2-mm,ukesm1-0-ll",World Bank Climate Change Knowledge Portal (CMIP6-x0.25),,1995-2014,SSP2-4.5,Mean temperature
TZA,Tanzania,24.330657488013323,centre_cell_mask_coslat_area_weighted,tas,ssp245,2040-2059,median,climatology,degC,ensemble of Daily Near-Surface Air Temperature,50.0,"access-cm2,access-esm1-5,bcc-csm2-mr,canesm5,cmcc-esm2,cnrm-cm6-1,cnrm-esm2-1,ec-earth3,ec-earth3-veg-lr,fgoals-g3,gfdl-cm4,gfdl-esm4,giss-e2-1-g,hadgem3-gc31-ll,inm-cm4-8,inm-cm5-0,ipsl-cm6a-lr,kace-1-0-g,miroc6,miroc-es2l,mpi-esm1-2-hr,mpi-esm1-2-lr,mri-esm2-0,nesm3,noresm2-lm,noresm2-mm,ukesm1-0-ll",World Bank Climate Change Knowledge Portal (CMIP6-x0.25),,,SSP2-4.5,Mean temperature
UGA,Uganda,114.55376476642,centre_cell_mask_coslat_area_weighted,hd30,ssp245,2040-2059,median,climatology,days,annual climatology of ensemble of hd30: hot days with 30 degC and higher,50.0,"access-cm2,access-esm1-5,bcc-csm2-mr,canesm5,cmcc-esm2,cnrm-cm6-1,cnrm-esm2-1,ec-earth3,ec-earth3-veg-lr,fgoals-g3,gfdl-cm4,gfdl-esm4,giss-e2-1-g,hadgem3-gc31-ll,inm-cm4-8,inm-cm5-0,ipsl-cm6a-lr,kace-1-0-g,kiost-esm,miroc6,miroc-es2l,mpi-esm1-2-hr,mpi-esm1-2-lr,mri-esm2-0,nesm3,noresm2-lm,noresm2-mm,ukesm1-0-ll",World Bank Climate Change Knowledge Portal (CMIP6-x0.25),,,SSP2-4.5,Hot days above 30°C
UGA,Uganda,1.2614852364794253,centre_cell_mask_coslat_area_weighted,tas,ssp245,2040-2059,median,anomaly,degC,ensemble of anomaly of Daily Near-Surface Air Temperature with reference period 1995-2014,50.0,"access-cm2,access-esm1-5,bcc-csm2-mr,canesm5,cmcc-esm2,cnrm-cm6-1,cnrm-esm2-1,ec-earth3,ec-earth3-veg-lr,fgoals-g3,gfdl-cm4,gfdl-esm4,giss-e2-1-g,hadgem3-gc31-ll,inm-cm4-8,inm-cm5-0,ipsl-cm6a-lr,kace-1-0-g,miroc6,miroc-es2l,mpi-esm1-2-hr,mpi-esm1-2-lr,mri-esm2-0,nesm3,noresm2-lm,noresm2-mm,ukesm1-0-ll",World Bank Climate Change Knowledge Portal (CMIP6-x0.25),,1995-2014,SSP2-4.5,Mean temperature
UGA,Uganda,24.454755172931947,centre_cell_mask_coslat_area_weighted,tas,ssp245,2040-2059,median,climatology,degC,ensemble of Daily Near-Surface Air Temperature,50.0,"access-cm2,access-esm1-5,bcc-csm2-mr,canesm5,cmcc-esm2,cnrm-cm6-1,cnrm-esm2-1,ec-earth3,ec-earth3-veg-lr,fgoals-g3,gfdl-cm4,gfdl-esm4,giss-e2-1-g,hadgem3-gc31-ll,inm-cm4-8,inm-cm5-0,ipsl-cm6a-lr,kace-1-0-g,miroc6,miroc-es2l,mpi-esm1-2-hr,mpi-esm1-2-lr,mri-esm2-0,nesm3,noresm2-lm,noresm2-mm,ukesm1-0-ll",World Bank Climate Change Knowledge Portal (CMIP6-x0.25),,,SSP2-4.5,Mean temperature
UKR,Ukraine,31.005844756542217,centre_cell_mask_coslat_area_weighted,hd30,ssp245,2040-2059,median,climatology,days,annual climatology of ensemble of hd30: hot days with 30 degC and higher,50.0,"access-cm2,access-esm1-5,bcc-csm2-mr,canesm5,cmcc-esm2,cnrm-cm6-1,cnrm-esm2-1,ec-earth3,ec-earth3-veg-lr,fgoals-g3,gfdl-cm4,gfdl-esm4,giss-e2-1-g,hadgem3-gc31-ll,inm-cm4-8,inm-cm5-0,ipsl-cm6a-lr,kace-1-0-g,kiost-esm,miroc6,miroc-es2l,mpi-esm1-2-hr,mpi-esm1-2-lr,mri-esm2-0,nesm3,noresm2-lm,noresm2-mm,ukesm1-0-ll",World Bank Climate Change Knowledge Portal (CMIP6-x0.25),,,SSP2-4.5,Hot days above 30°C
UKR,Ukraine,1.7726115317392628,centre_cell_mask_coslat_area_weighted,tas,ssp245,2040-2059,median,anomaly,degC,ensemble of anomaly of Daily Near-Surface Air Temperature with reference period 1995-2014,50.0,"access-cm2,access-esm1-5,bcc-csm2-mr,canesm5,cmcc-esm2,cnrm-cm6-1,cnrm-esm2-1,ec-earth3,ec-earth3-veg-lr,fgoals-g3,gfdl-cm4,gfdl-esm4,giss-e2-1-g,hadgem3-gc31-ll,inm-cm4-8,inm-cm5-0,ipsl-cm6a-lr,kace-1-0-g,miroc6,miroc-es2l,mpi-esm1-2-hr,mpi-esm1-2-lr,mri-esm2-0,nesm3,noresm2-lm,noresm2-mm,ukesm1-0-ll",World Bank Climate Change Knowledge Portal (CMIP6-x0.25),,1995-2014,SSP2-4.5,Mean temperature
UKR,Ukraine,10.765110528972317,centre_cell_mask_coslat_area_weighted,tas,ssp245,2040-2059,median,climatology,degC,ensemble of Daily Near-Surface Air Temperature,50.0,"access-cm2,access-esm1-5,bcc-csm2-mr,canesm5,cmcc-esm2,cnrm-cm6-1,cnrm-esm2-1,ec-earth3,ec-earth3-veg-lr,fgoals-g3,gfdl-cm4,gfdl-esm4,giss-e2-1-g,hadgem3-gc31-ll,inm-cm4-8,inm-cm5-0,ipsl-cm6a-lr,kace-1-0-g,miroc6,miroc-es2l,mpi-esm1-2-hr,mpi-esm1-2-lr,mri-esm2-0,nesm3,noresm2-lm,noresm2-mm,ukesm1-0-ll",World Bank Climate Change Knowledge Portal (CMIP6-x0.25),,,SSP2-4.5,Mean temperature
UMI,U.S. Minor Outlying Islands,1.9735029266777626,fractional_overlap_equal_area,hd30,ssp245,2040-2059,median,climatology,days,annual climatology of ensemble of hd30: hot days with 30 degC and higher,50.0,"access-cm2,access-esm1-5,bcc-csm2-mr,canesm5,cmcc-esm2,cnrm-cm6-1,cnrm-esm2-1,ec-earth3,ec-earth3-veg-lr,fgoals-g3,gfdl-cm4,gfdl-esm4,giss-e2-1-g,hadgem3-gc31-ll,inm-cm4-8,inm-cm5-0,ipsl-cm6a-lr,kace-1-0-g,kiost-esm,miroc6,miroc-es2l,mpi-esm1-2-hr,mpi-esm1-2-lr,mri-esm2-0,nesm3,noresm2-lm,noresm2-mm,ukesm1-0-ll",World Bank Climate Change Knowledge Portal (CMIP6-x0.25),,,SSP2-4.5,Hot days above 30°C
UMI,U.S. Minor Outlying Islands,1.1424029339508033,fractional_overlap_equal_area,tas,ssp245,2040-2059,median,anomaly,degC,ensemble of anomaly of Daily Near-Surface Air Temperature with reference period 1995-2014,50.0,"access-cm2,access-esm1-5,bcc-csm2-mr,canesm5,cmcc-esm2,cnrm-cm6-1,cnrm-esm2-1,ec-earth3,ec-earth3-veg-lr,fgoals-g3,gfdl-cm4,gfdl-esm4,giss-e2-1-g,hadgem3-gc31-ll,inm-cm4-8,inm-cm5-0,ipsl-cm6a-lr,kace-1-0-g,miroc6,miroc-es2l,mpi-esm1-2-hr,mpi-esm1-2-lr,mri-esm2-0,nesm3,noresm2-lm,noresm2-mm,ukesm1-0-ll",World Bank Climate Change Knowledge Portal (CMIP6-x0.25),,1995-2014,SSP2-4.5,Mean temperature
UMI,U.S. Minor Outlying Islands,26.412309518172897,fractional_overlap_equal_area,tas,ssp245,2040-2059,median,climatology,degC,ensemble of Daily Near-Surface Air Temperature,50.0,"access-cm2,access-esm1-5,bcc-csm2-mr,canesm5,cmcc-esm2,cnrm-cm6-1,cnrm-esm2-1,ec-earth3,ec-earth3-veg-lr,fgoals-g3,gfdl-cm4,gfdl-esm4,giss-e2-1-g,hadgem3-gc31-ll,inm-cm4-8,inm-cm5-0,ipsl-cm6a-lr,kace-1-0-g,miroc6,miroc-es2l,mpi-esm1-2-hr,mpi-esm1-2-lr,mri-esm2-0,nesm3,noresm2-lm,noresm2-mm,ukesm1-0-ll",World Bank Climate Change Knowledge Portal (CMIP6-x0.25),,,SSP2-4.5,Mean temperature
URY,Uruguay,53.804420023042944,centre_cell_mask_coslat_area_weighted,hd30,ssp245,2040-2059,median,climatology,days,annual climatology of ensemble of hd30: hot days with 30 degC and higher,50.0,"access-cm2,access-esm1-5,bcc-csm2-mr,canesm5,cmcc-esm2,cnrm-cm6-1,cnrm-esm2-1,ec-earth3,ec-earth3-veg-lr,fgoals-g3,gfdl-cm4,gfdl-esm4,giss-e2-1-g,hadgem3-gc31-ll,inm-cm4-8,inm-cm5-0,ipsl-cm6a-lr,kace-1-0-g,kiost-esm,miroc6,miroc-es2l,mpi-esm1-2-hr,mpi-esm1-2-lr,mri-esm2-0,nesm3,noresm2-lm,noresm2-mm,ukesm1-0-ll",World Bank Climate Change Knowledge Portal (CMIP6-x0.25),,,SSP2-4.5,Hot days above 30°C
URY,Uruguay,0.988407948486746,centre_cell_mask_coslat_area_weighted,tas,ssp245,2040-2059,median,anomaly,degC,ensemble of anomaly of Daily Near-Surface Air Temperature with reference period 1995-2014,50.0,"access-cm2,access-esm1-5,bcc-csm2-mr,canesm5,cmcc-esm2,cnrm-cm6-1,cnrm-esm2-1,ec-earth3,ec-earth3-veg-lr,fgoals-g3,gfdl-cm4,gfdl-esm4,giss-e2-1-g,hadgem3-gc31-ll,inm-cm4-8,inm-cm5-0,ipsl-cm6a-lr,kace-1-0-g,miroc6,miroc-es2l,mpi-esm1-2-hr,mpi-esm1-2-lr,mri-esm2-0,nesm3,noresm2-lm,noresm2-mm,ukesm1-0-ll",World Bank Climate Change Knowledge Portal (CMIP6-x0.25),,1995-2014,SSP2-4.5,Mean temperature
URY,Uruguay,18.776835693035565,centre_cell_mask_coslat_area_weighted,tas,ssp245,2040-2059,median,climatology,degC,ensemble of Daily Near-Surface Air Temperature,50.0,"access-cm2,access-esm1-5,bcc-csm2-mr,canesm5,cmcc-esm2,cnrm-cm6-1,cnrm-esm2-1,ec-earth3,ec-earth3-veg-lr,fgoals-g3,gfdl-cm4,gfdl-esm4,giss-e2-1-g,hadgem3-gc31-ll,inm-cm4-8,inm-cm5-0,ipsl-cm6a-lr,kace-1-0-g,miroc6,miroc-es2l,mpi-esm1-2-hr,mpi-esm1-2-lr,mri-esm2-0,nesm3,noresm2-lm,noresm2-mm,ukesm1-0-ll",World Bank Climate Change Knowledge Portal (CMIP6-x0.25),,,SSP2-4.5,Mean temperature
USA,United States of America,72.38099969406174,centre_cell_mask_coslat_area_weighted,hd30,ssp245,2040-2059,median,climatology,days,annual climatology of ensemble of hd30: hot days with 30 degC and higher,50.0,"access-cm2,access-esm1-5,bcc-csm2-mr,canesm5,cmcc-esm2,cnrm-cm6-1,cnrm-esm2-1,ec-earth3,ec-earth3-veg-lr,fgoals-g3,gfdl-cm4,gfdl-esm4,giss-e2-1-g,hadgem3-gc31-ll,inm-cm4-8,inm-cm5-0,ipsl-cm6a-lr,kace-1-0-g,kiost-esm,miroc6,miroc-es2l,mpi-esm1-2-hr,mpi-esm1-2-lr,mri-esm2-0,nesm3,noresm2-lm,noresm2-mm,ukesm1-0-ll",World Bank Climate Change Knowledge Portal (CMIP6-x0.25),,,SSP2-4.5,Hot days above 30°C
USA,United States of America,1.9302980091217716,centre_cell_mask_coslat_area_weighted,tas,ssp245,2040-2059,median,anomaly,degC,ensemble of anomaly of Daily Near-Surface Air Temperature with reference period 1995-2014,50.0,"access-cm2,access-esm1-5,bcc-csm2-mr,canesm5,cmcc-esm2,cnrm-cm6-1,cnrm-esm2-1,ec-earth3,ec-earth3-veg-lr,fgoals-g3,gfdl-cm4,gfdl-esm4,giss-e2-1-g,hadgem3-gc31-ll,inm-cm4-8,inm-cm5-0,ipsl-cm6a-lr,kace-1-0-g,miroc6,miroc-es2l,mpi-esm1-2-hr,mpi-esm1-2-lr,mri-esm2-0,nesm3,noresm2-lm,noresm2-mm,ukesm1-0-ll",World Bank Climate Change Knowledge Portal (CMIP6-x0.25),,1995-2014,SSP2-4.5,Mean temperature
USA,United States of America,12.117316031647714,centre_cell_mask_coslat_area_weighted,tas,ssp245,2040-2059,median,climatology,degC,ensemble of Daily Near-Surface Air Temperature,50.0,"access-cm2,access-esm1-5,bcc-csm2-mr,canesm5,cmcc-esm2,cnrm-cm6-1,cnrm-esm2-1,ec-earth3,ec-earth3-veg-lr,fgoals-g3,gfdl-cm4,gfdl-esm4,giss-e2-1-g,hadgem3-gc31-ll,inm-cm4-8,inm-cm5-0,ipsl-cm6a-lr,kace-1-0-g,miroc6,miroc-es2l,mpi-esm1-2-hr,mpi-esm1-2-lr,mri-esm2-0,nesm3,noresm2-lm,noresm2-mm,ukesm1-0-ll",World Bank Climate Change Knowledge Portal (CMIP6-x0.25),,,SSP2-4.5,Mean temperature
UZB,Uzbekistan,116.3784931803937,centre_cell_mask_coslat_area_weighted,hd30,ssp245,2040-2059,median,climatology,days,annual climatology of ensemble of hd30: hot days with 30 degC and higher,50.0,"access-cm2,access-esm1-5,bcc-csm2-mr,canesm5,cmcc-esm2,cnrm-cm6-1,cnrm-esm2-1,ec-earth3,ec-earth3-veg-lr,fgoals-g3,gfdl-cm4,gfdl-esm4,giss-e2-1-g,hadgem3-gc31-ll,inm-cm4-8,inm-cm5-0,ipsl-cm6a-lr,kace-1-0-g,kiost-esm,miroc6,miroc-es2l,mpi-esm1-2-hr,mpi-esm1-2-lr,mri-esm2-0,nesm3,noresm2-lm,noresm2-mm,ukesm1-0-ll",World Bank Climate Change Knowledge Portal (CMIP6-x0.25),,,SSP2-4.5,Hot days above 30°C
UZB,Uzbekistan,1.7234684118255266,centre_cell_mask_coslat_area_weighted,tas,ssp245,2040-2059,median,anomaly,degC,ensemble of anomaly of Daily Near-Surface Air Temperature with reference period 1995-2014,50.0,"access-cm2,access-esm1-5,bcc-csm2-mr,canesm5,cmcc-esm2,cnrm-cm6-1,cnrm-esm2-1,ec-earth3,ec-earth3-veg-lr,fgoals-g3,gfdl-cm4,gfdl-esm4,giss-e2-1-g,hadgem3-gc31-ll,inm-cm4-8,inm-cm5-0,ipsl-cm6a-lr,kace-1-0-g,miroc6,miroc-es2l,mpi-esm1-2-hr,mpi-esm1-2-lr,mri-esm2-0,nesm3,noresm2-lm,noresm2-mm,ukesm1-0-ll",World Bank Climate Change Knowledge Portal (CMIP6-x0.25),,1995-2014,SSP2-4.5,Mean temperature
UZB,Uzbekistan,15.07452090478329,centre_cell_mask_coslat_area_weighted,tas,ssp245,2040-2059,median,climatology,degC,ensemble of Daily Near-Surface Air Temperature,50.0,"access-cm2,access-esm1-5,bcc-csm2-mr,canesm5,cmcc-esm2,cnrm-cm6-1,cnrm-esm2-1,ec-earth3,ec-earth3-veg-lr,fgoals-g3,gfdl-cm4,gfdl-esm4,giss-e2-1-g,hadgem3-gc31-ll,inm-cm4-8,inm-cm5-0,ipsl-cm6a-lr,kace-1-0-g,miroc6,miroc-es2l,mpi-esm1-2-hr,mpi-esm1-2-lr,mri-esm2-0,nesm3,noresm2-lm,noresm2-mm,ukesm1-0-ll",World Bank Climate Change Knowledge Portal (CMIP6-x0.25),,,SSP2-4.5,Mean temperature
VAT,Vatican City,77.05000305175781,fractional_overlap_equal_area,hd30,ssp245,2040-2059,median,climatology,days,annual climatology of ensemble of hd30: hot days with 30 degC and higher,50.0,"access-cm2,access-esm1-5,bcc-csm2-mr,canesm5,cmcc-esm2,cnrm-cm6-1,cnrm-esm2-1,ec-earth3,ec-earth3-veg-lr,fgoals-g3,gfdl-cm4,gfdl-esm4,giss-e2-1-g,hadgem3-gc31-ll,inm-cm4-8,inm-cm5-0,ipsl-cm6a-lr,kace-1-0-g,kiost-esm,miroc6,miroc-es2l,mpi-esm1-2-hr,mpi-esm1-2-lr,mri-esm2-0,nesm3,noresm2-lm,noresm2-mm,ukesm1-0-ll",World Bank Climate Change Knowledge Portal (CMIP6-x0.25),,,SSP2-4.5,Hot days above 30°C
VAT,Vatican City,1.6380000114440918,fractional_overlap_equal_area,tas,ssp245,2040-2059,median,anomaly,degC,ensemble of anomaly of Daily Near-Surface Air Temperature with reference period 1995-2014,50.0,"access-cm2,access-esm1-5,bcc-csm2-mr,canesm5,cmcc-esm2,cnrm-cm6-1,cnrm-esm2-1,ec-earth3,ec-earth3-veg-lr,fgoals-g3,gfdl-cm4,gfdl-esm4,giss-e2-1-g,hadgem3-gc31-ll,inm-cm4-8,inm-cm5-0,ipsl-cm6a-lr,kace-1-0-g,miroc6,miroc-es2l,mpi-esm1-2-hr,mpi-esm1-2-lr,mri-esm2-0,nesm3,noresm2-lm,noresm2-mm,ukesm1-0-ll",World Bank Climate Change Knowledge Portal (CMIP6-x0.25),,1995-2014,SSP2-4.5,Mean temperature
VAT,Vatican City,17.218000411987305,fractional_overlap_equal_area,tas,ssp245,2040-2059,median,climatology,degC,ensemble of Daily Near-Surface Air Temperature,50.0,"access-cm2,access-esm1-5,bcc-csm2-mr,canesm5,cmcc-esm2,cnrm-cm6-1,cnrm-esm2-1,ec-earth3,ec-earth3-veg-lr,fgoals-g3,gfdl-cm4,gfdl-esm4,giss-e2-1-g,hadgem3-gc31-ll,inm-cm4-8,inm-cm5-0,ipsl-cm6a-lr,kace-1-0-g,miroc6,miroc-es2l,mpi-esm1-2-hr,mpi-esm1-2-lr,mri-esm2-0,nesm3,noresm2-lm,noresm2-mm,ukesm1-0-ll",World Bank Climate Change Knowledge Portal (CMIP6-x0.25),,,SSP2-4.5,Mean temperature
VCT,Saint Vincent and the Grenadines,0.30000001192092896,centre_cell_mask_coslat_area_weighted,hd30,ssp245,2040-2059,median,climatology,days,annual climatology of ensemble of hd30: hot days with 30 degC and higher,50.0,"access-cm2,access-esm1-5,bcc-csm2-mr,canesm5,cmcc-esm2,cnrm-cm6-1,cnrm-esm2-1,ec-earth3,ec-earth3-veg-lr,fgoals-g3,gfdl-cm4,gfdl-esm4,giss-e2-1-g,hadgem3-gc31-ll,inm-cm4-8,inm-cm5-0,ipsl-cm6a-lr,kace-1-0-g,kiost-esm,miroc6,miroc-es2l,mpi-esm1-2-hr,mpi-esm1-2-lr,mri-esm2-0,nesm3,noresm2-lm,noresm2-mm,ukesm1-0-ll",World Bank Climate Change Knowledge Portal (CMIP6-x0.25),,,SSP2-4.5,Hot days above 30°C
VCT,Saint Vincent and the Grenadines,1.024999976158142,centre_cell_mask_coslat_area_weighted,tas,ssp245,2040-2059,median,anomaly,degC,ensemble of anomaly of Daily Near-Surface Air Temperature with reference period 1995-2014,50.0,"access-cm2,access-esm1-5,bcc-csm2-mr,canesm5,cmcc-esm2,cnrm-cm6-1,cnrm-esm2-1,ec-earth3,ec-earth3-veg-lr,fgoals-g3,gfdl-cm4,gfdl-esm4,giss-e2-1-g,hadgem3-gc31-ll,inm-cm4-8,inm-cm5-0,ipsl-cm6a-lr,kace-1-0-g,miroc6,miroc-es2l,mpi-esm1-2-hr,mpi-esm1-2-lr,mri-esm2-0,nesm3,noresm2-lm,noresm2-mm,ukesm1-0-ll",World Bank Climate Change Knowledge Portal (CMIP6-x0.25),,1995-2014,SSP2-4.5,Mean temperature
VCT,Saint Vincent and the Grenadines,27.343000411987305,centre_cell_mask_coslat_area_weighted,tas,ssp245,2040-2059,median,climatology,degC,ensemble of Daily Near-Surface Air Temperature,50.0,"access-cm2,access-esm1-5,bcc-csm2-mr,canesm5,cmcc-esm2,cnrm-cm6-1,cnrm-esm2-1,ec-earth3,ec-earth3-veg-lr,fgoals-g3,gfdl-cm4,gfdl-esm4,giss-e2-1-g,hadgem3-gc31-ll,inm-cm4-8,inm-cm5-0,ipsl-cm6a-lr,kace-1-0-g,miroc6,miroc-es2l,mpi-esm1-2-hr,mpi-esm1-2-lr,mri-esm2-0,nesm3,noresm2-lm,noresm2-mm,ukesm1-0-ll",World Bank Climate Change Knowledge Portal (CMIP6-x0.25),,,SSP2-4.5,Mean temperature
VEN,R. B. de Venezuela,260.13171965278855,centre_cell_mask_coslat_area_weighted,hd30,ssp245,2040-2059,median,climatology,days,annual climatology of ensemble of hd30: hot days with 30 degC and higher,50.0,"access-cm2,access-esm1-5,bcc-csm2-mr,canesm5,cmcc-esm2,cnrm-cm6-1,cnrm-esm2-1,ec-earth3,ec-earth3-veg-lr,fgoals-g3,gfdl-cm4,gfdl-esm4,giss-e2-1-g,hadgem3-gc31-ll,inm-cm4-8,inm-cm5-0,ipsl-cm6a-lr,kace-1-0-g,kiost-esm,miroc6,miroc-es2l,mpi-esm1-2-hr,mpi-esm1-2-lr,mri-esm2-0,nesm3,noresm2-lm,noresm2-mm,ukesm1-0-ll",World Bank Climate Change Knowledge Portal (CMIP6-x0.25),,,SSP2-4.5,Hot days above 30°C
VEN,R. B. de Venezuela,1.4351167669271157,centre_cell_mask_coslat_area_weighted,tas,ssp245,2040-2059,median,anomaly,degC,ensemble of anomaly of Daily Near-Surface Air Temperature with reference period 1995-2014,50.0,"access-cm2,access-esm1-5,bcc-csm2-mr,canesm5,cmcc-esm2,cnrm-cm6-1,cnrm-esm2-1,ec-earth3,ec-earth3-veg-lr,fgoals-g3,gfdl-cm4,gfdl-esm4,giss-e2-1-g,hadgem3-gc31-ll,inm-cm4-8,inm-cm5-0,ipsl-cm6a-lr,kace-1-0-g,miroc6,miroc-es2l,mpi-esm1-2-hr,mpi-esm1-2-lr,mri-esm2-0,nesm3,noresm2-lm,noresm2-mm,ukesm1-0-ll",World Bank Climate Change Knowledge Portal (CMIP6-x0.25),,1995-2014,SSP2-4.5,Mean temperature
VEN,R. B. de Venezuela,27.457479216462595,centre_cell_mask_coslat_area_weighted,tas,ssp245,2040-2059,median,climatology,degC,ensemble of Daily Near-Surface Air Temperature,50.0,"access-cm2,access-esm1-5,bcc-csm2-mr,canesm5,cmcc-esm2,cnrm-cm6-1,cnrm-esm2-1,ec-earth3,ec-earth3-veg-lr,fgoals-g3,gfdl-cm4,gfdl-esm4,giss-e2-1-g,hadgem3-gc31-ll,inm-cm4-8,inm-cm5-0,ipsl-cm6a-lr,kace-1-0-g,miroc6,miroc-es2l,mpi-esm1-2-hr,mpi-esm1-2-lr,mri-esm2-0,nesm3,noresm2-lm,noresm2-mm,ukesm1-0-ll",World Bank Climate Change Knowledge Portal (CMIP6-x0.25),,,SSP2-4.5,Mean temperature
VGB,British Virgin Islands (U.K.),1.5407621516123307,fractional_overlap_equal_area,hd30,ssp245,2040-2059,median,climatology,days,annual climatology of ensemble of hd30: hot days with 30 degC and higher,50.0,"access-cm2,access-esm1-5,bcc-csm2-mr,canesm5,cmcc-esm2,cnrm-cm6-1,cnrm-esm2-1,ec-earth3,ec-earth3-veg-lr,fgoals-g3,gfdl-cm4,gfdl-esm4,giss-e2-1-g,hadgem3-gc31-ll,inm-cm4-8,inm-cm5-0,ipsl-cm6a-lr,kace-1-0-g,kiost-esm,miroc6,miroc-es2l,mpi-esm1-2-hr,mpi-esm1-2-lr,mri-esm2-0,nesm3,noresm2-lm,noresm2-mm,ukesm1-0-ll",World Bank Climate Change Knowledge Portal (CMIP6-x0.25),,,SSP2-4.5,Hot days above 30°C
VGB,British Virgin Islands (U.K.),1.0821711977597983,fractional_overlap_equal_area,tas,ssp245,2040-2059,median,anomaly,degC,ensemble of anomaly of Daily Near-Surface Air Temperature with reference period 1995-2014,50.0,"access-cm2,access-esm1-5,bcc-csm2-mr,canesm5,cmcc-esm2,cnrm-cm6-1,cnrm-esm2-1,ec-earth3,ec-earth3-veg-lr,fgoals-g3,gfdl-cm4,gfdl-esm4,giss-e2-1-g,hadgem3-gc31-ll,inm-cm4-8,inm-cm5-0,ipsl-cm6a-lr,kace-1-0-g,miroc6,miroc-es2l,mpi-esm1-2-hr,mpi-esm1-2-lr,mri-esm2-0,nesm3,noresm2-lm,noresm2-mm,ukesm1-0-ll",World Bank Climate Change Knowledge Portal (CMIP6-x0.25),,1995-2014,SSP2-4.5,Mean temperature
VGB,British Virgin Islands (U.K.),27.213471469222323,fractional_overlap_equal_area,tas,ssp245,2040-2059,median,climatology,degC,ensemble of Daily Near-Surface Air Temperature,50.0,"access-cm2,access-esm1-5,bcc-csm2-mr,canesm5,cmcc-esm2,cnrm-cm6-1,cnrm-esm2-1,ec-earth3,ec-earth3-veg-lr,fgoals-g3,gfdl-cm4,gfdl-esm4,giss-e2-1-g,hadgem3-gc31-ll,inm-cm4-8,inm-cm5-0,ipsl-cm6a-lr,kace-1-0-g,miroc6,miroc-es2l,mpi-esm1-2-hr,mpi-esm1-2-lr,mri-esm2-0,nesm3,noresm2-lm,noresm2-mm,ukesm1-0-ll",World Bank Climate Change Knowledge Portal (CMIP6-x0.25),,,SSP2-4.5,Mean temperature
VIR,United States Virgin Islands (U.S.),3.049999952316284,centre_cell_mask_coslat_area_weighted,hd30,ssp245,2040-2059,median,climatology,days,annual climatology of ensemble of hd30: hot days with 30 degC and higher,50.0,"access-cm2,access-esm1-5,bcc-csm2-mr,canesm5,cmcc-esm2,cnrm-cm6-1,cnrm-esm2-1,ec-earth3,ec-earth3-veg-lr,fgoals-g3,gfdl-cm4,gfdl-esm4,giss-e2-1-g,hadgem3-gc31-ll,inm-cm4-8,inm-cm5-0,ipsl-cm6a-lr,kace-1-0-g,kiost-esm,miroc6,miroc-es2l,mpi-esm1-2-hr,mpi-esm1-2-lr,mri-esm2-0,nesm3,noresm2-lm,noresm2-mm,ukesm1-0-ll",World Bank Climate Change Knowledge Portal (CMIP6-x0.25),,,SSP2-4.5,Hot days above 30°C
VIR,United States Virgin Islands (U.S.),1.0820000171661377,centre_cell_mask_coslat_area_weighted,tas,ssp245,2040-2059,median,anomaly,degC,ensemble of anomaly of Daily Near-Surface Air Temperature with reference period 1995-2014,50.0,"access-cm2,access-esm1-5,bcc-csm2-mr,canesm5,cmcc-esm2,cnrm-cm6-1,cnrm-esm2-1,ec-earth3,ec-earth3-veg-lr,fgoals-g3,gfdl-cm4,gfdl-esm4,giss-e2-1-g,hadgem3-gc31-ll,inm-cm4-8,inm-cm5-0,ipsl-cm6a-lr,kace-1-0-g,miroc6,miroc-es2l,mpi-esm1-2-hr,mpi-esm1-2-lr,mri-esm2-0,nesm3,noresm2-lm,noresm2-mm,ukesm1-0-ll",World Bank Climate Change Knowledge Portal (CMIP6-x0.25),,1995-2014,SSP2-4.5,Mean temperature
VIR,United States Virgin Islands (U.S.),27.37299919128418,centre_cell_mask_coslat_area_weighted,tas,ssp245,2040-2059,median,climatology,degC,ensemble of Daily Near-Surface Air Temperature,50.0,"access-cm2,access-esm1-5,bcc-csm2-mr,canesm5,cmcc-esm2,cnrm-cm6-1,cnrm-esm2-1,ec-earth3,ec-earth3-veg-lr,fgoals-g3,gfdl-cm4,gfdl-esm4,giss-e2-1-g,hadgem3-gc31-ll,inm-cm4-8,inm-cm5-0,ipsl-cm6a-lr,kace-1-0-g,miroc6,miroc-es2l,mpi-esm1-2-hr,mpi-esm1-2-lr,mri-esm2-0,nesm3,noresm2-lm,noresm2-mm,ukesm1-0-ll",World Bank Climate Change Knowledge Portal (CMIP6-x0.25),,,SSP2-4.5,Mean temperature
VNM,Vietnam,176.70886563801304,centre_cell_mask_coslat_area_weighted,hd30,ssp245,2040-2059,median,climatology,days,annual climatology of ensemble of hd30: hot days with 30 degC and higher,50.0,"access-cm2,access-esm1-5,bcc-csm2-mr,canesm5,cmcc-esm2,cnrm-cm6-1,cnrm-esm2-1,ec-earth3,ec-earth3-veg-lr,fgoals-g3,gfdl-cm4,gfdl-esm4,giss-e2-1-g,hadgem3-gc31-ll,inm-cm4-8,inm-cm5-0,ipsl-cm6a-lr,kace-1-0-g,kiost-esm,miroc6,miroc-es2l,mpi-esm1-2-hr,mpi-esm1-2-lr,mri-esm2-0,nesm3,noresm2-lm,noresm2-mm,ukesm1-0-ll",World Bank Climate Change Knowledge Portal (CMIP6-x0.25),,,SSP2-4.5,Hot days above 30°C
VNM,Vietnam,1.257251142940527,centre_cell_mask_coslat_area_weighted,tas,ssp245,2040-2059,median,anomaly,degC,ensemble of anomaly of Daily Near-Surface Air Temperature with reference period 1995-2014,50.0,"access-cm2,access-esm1-5,bcc-csm2-mr,canesm5,cmcc-esm2,cnrm-cm6-1,cnrm-esm2-1,ec-earth3,ec-earth3-veg-lr,fgoals-g3,gfdl-cm4,gfdl-esm4,giss-e2-1-g,hadgem3-gc31-ll,inm-cm4-8,inm-cm5-0,ipsl-cm6a-lr,kace-1-0-g,miroc6,miroc-es2l,mpi-esm1-2-hr,mpi-esm1-2-lr,mri-esm2-0,nesm3,noresm2-lm,noresm2-mm,ukesm1-0-ll",World Bank Climate Change Knowledge Portal (CMIP6-x0.25),,1995-2014,SSP2-4.5,Mean temperature
VNM,Vietnam,25.392745064481236,centre_cell_mask_coslat_area_weighted,tas,ssp245,2040-2059,median,climatology,degC,ensemble of Daily Near-Surface Air Temperature,50.0,"access-cm2,access-esm1-5,bcc-csm2-mr,canesm5,cmcc-esm2,cnrm-cm6-1,cnrm-esm2-1,ec-earth3,ec-earth3-veg-lr,fgoals-g3,gfdl-cm4,gfdl-esm4,giss-e2-1-g,hadgem3-gc31-ll,inm-cm4-8,inm-cm5-0,ipsl-cm6a-lr,kace-1-0-g,miroc6,miroc-es2l,mpi-esm1-2-hr,mpi-esm1-2-lr,mri-esm2-0,nesm3,noresm2-lm,noresm2-mm,ukesm1-0-ll",World Bank Climate Change Knowledge Portal (CMIP6-x0.25),,,SSP2-4.5,Mean temperature
VUT,Vanuatu,4.152726513998863,centre_cell_mask_coslat_area_weighted,hd30,ssp245,2040-2059,median,climatology,days,annual climatology of ensemble of hd30: hot days with 30 degC and higher,50.0,"access-cm2,access-esm1-5,bcc-csm2-mr,canesm5,cmcc-esm2,cnrm-cm6-1,cnrm-esm2-1,ec-earth3,ec-earth3-veg-lr,fgoals-g3,gfdl-cm4,gfdl-esm4,giss-e2-1-g,hadgem3-gc31-ll,inm-cm4-8,inm-cm5-0,ipsl-cm6a-lr,kace-1-0-g,kiost-esm,miroc6,miroc-es2l,mpi-esm1-2-hr,mpi-esm1-2-lr,mri-esm2-0,nesm3,noresm2-lm,noresm2-mm,ukesm1-0-ll",World Bank Climate Change Knowledge Portal (CMIP6-x0.25),,,SSP2-4.5,Hot days above 30°C
VUT,Vanuatu,0.9180051775290603,centre_cell_mask_coslat_area_weighted,tas,ssp245,2040-2059,median,anomaly,degC,ensemble of anomaly of Daily Near-Surface Air Temperature with reference period 1995-2014,50.0,"access-cm2,access-esm1-5,bcc-csm2-mr,canesm5,cmcc-esm2,cnrm-cm6-1,cnrm-esm2-1,ec-earth3,ec-earth3-veg-lr,fgoals-g3,gfdl-cm4,gfdl-esm4,giss-e2-1-g,hadgem3-gc31-ll,inm-cm4-8,inm-cm5-0,ipsl-cm6a-lr,kace-1-0-g,miroc6,miroc-es2l,mpi-esm1-2-hr,mpi-esm1-2-lr,mri-esm2-0,nesm3,noresm2-lm,noresm2-mm,ukesm1-0-ll",World Bank Climate Change Knowledge Portal (CMIP6-x0.25),,1995-2014,SSP2-4.5,Mean temperature
VUT,Vanuatu,26.113895045855514,centre_cell_mask_coslat_area_weighted,tas,ssp245,2040-2059,median,climatology,degC,ensemble of Daily Near-Surface Air Temperature,50.0,"access-cm2,access-esm1-5,bcc-csm2-mr,canesm5,cmcc-esm2,cnrm-cm6-1,cnrm-esm2-1,ec-earth3,ec-earth3-veg-lr,fgoals-g3,gfdl-cm4,gfdl-esm4,giss-e2-1-g,hadgem3-gc31-ll,inm-cm4-8,inm-cm5-0,ipsl-cm6a-lr,kace-1-0-g,miroc6,miroc-es2l,mpi-esm1-2-hr,mpi-esm1-2-lr,mri-esm2-0,nesm3,noresm2-lm,noresm2-mm,ukesm1-0-ll",World Bank Climate Change Knowledge Portal (CMIP6-x0.25),,,SSP2-4.5,Mean temperature
WLF,Wallis and Futuna (Fr.),2.7778322954679715,fractional_overlap_equal_area,hd30,ssp245,2040-2059,median,climatology,days,annual climatology of ensemble of hd30: hot days with 30 degC and higher,50.0,"access-cm2,access-esm1-5,bcc-csm2-mr,canesm5,cmcc-esm2,cnrm-cm6-1,cnrm-esm2-1,ec-earth3,ec-earth3-veg-lr,fgoals-g3,gfdl-cm4,gfdl-esm4,giss-e2-1-g,hadgem3-gc31-ll,inm-cm4-8,inm-cm5-0,ipsl-cm6a-lr,kace-1-0-g,kiost-esm,miroc6,miroc-es2l,mpi-esm1-2-hr,mpi-esm1-2-lr,mri-esm2-0,nesm3,noresm2-lm,noresm2-mm,ukesm1-0-ll",World Bank Climate Change Knowledge Portal (CMIP6-x0.25),,,SSP2-4.5,Hot days above 30°C
WLF,Wallis and Futuna (Fr.),0.9557067920413972,fractional_overlap_equal_area,tas,ssp245,2040-2059,median,anomaly,degC,ensemble of anomaly of Daily Near-Surface Air Temperature with reference period 1995-2014,50.0,"access-cm2,access-esm1-5,bcc-csm2-mr,canesm5,cmcc-esm2,cnrm-cm6-1,cnrm-esm2-1,ec-earth3,ec-earth3-veg-lr,fgoals-g3,gfdl-cm4,gfdl-esm4,giss-e2-1-g,hadgem3-gc31-ll,inm-cm4-8,inm-cm5-0,ipsl-cm6a-lr,kace-1-0-g,miroc6,miroc-es2l,mpi-esm1-2-hr,mpi-esm1-2-lr,mri-esm2-0,nesm3,noresm2-lm,noresm2-mm,ukesm1-0-ll",World Bank Climate Change Knowledge Portal (CMIP6-x0.25),,1995-2014,SSP2-4.5,Mean temperature
WLF,Wallis and Futuna (Fr.),27.784336353384123,fractional_overlap_equal_area,tas,ssp245,2040-2059,median,climatology,degC,ensemble of Daily Near-Surface Air Temperature,50.0,"access-cm2,access-esm1-5,bcc-csm2-mr,canesm5,cmcc-esm2,cnrm-cm6-1,cnrm-esm2-1,ec-earth3,ec-earth3-veg-lr,fgoals-g3,gfdl-cm4,gfdl-esm4,giss-e2-1-g,hadgem3-gc31-ll,inm-cm4-8,inm-cm5-0,ipsl-cm6a-lr,kace-1-0-g,miroc6,miroc-es2l,mpi-esm1-2-hr,mpi-esm1-2-lr,mri-esm2-0,nesm3,noresm2-lm,noresm2-mm,ukesm1-0-ll",World Bank Climate Change Knowledge Portal (CMIP6-x0.25),,,SSP2-4.5,Mean temperature
WSM,Samoa,0.10821732784225878,centre_cell_mask_coslat_area_weighted,hd30,ssp245,2040-2059,median,climatology,days,annual climatology of ensemble of hd30: hot days with 30 degC and higher,50.0,"access-cm2,access-esm1-5,bcc-csm2-mr,canesm5,cmcc-esm2,cnrm-cm6-1,cnrm-esm2-1,ec-earth3,ec-earth3-veg-lr,fgoals-g3,gfdl-cm4,gfdl-esm4,giss-e2-1-g,hadgem3-gc31-ll,inm-cm4-8,inm-cm5-0,ipsl-cm6a-lr,kace-1-0-g,kiost-esm,miroc6,miroc-es2l,mpi-esm1-2-hr,mpi-esm1-2-lr,mri-esm2-0,nesm3,noresm2-lm,noresm2-mm,ukesm1-0-ll",World Bank Climate Change Knowledge Portal (CMIP6-x0.25),,,SSP2-4.5,Hot days above 30°C
WSM,Samoa,0.9740053323318436,centre_cell_mask_coslat_area_weighted,tas,ssp245,2040-2059,median,anomaly,degC,ensemble of anomaly of Daily Near-Surface Air Temperature with reference period 1995-2014,50.0,"access-cm2,access-esm1-5,bcc-csm2-mr,canesm5,cmcc-esm2,cnrm-cm6-1,cnrm-esm2-1,ec-earth3,ec-earth3-veg-lr,fgoals-g3,gfdl-cm4,gfdl-esm4,giss-e2-1-g,hadgem3-gc31-ll,inm-cm4-8,inm-cm5-0,ipsl-cm6a-lr,kace-1-0-g,miroc6,miroc-es2l,mpi-esm1-2-hr,mpi-esm1-2-lr,mri-esm2-0,nesm3,noresm2-lm,noresm2-mm,ukesm1-0-ll",World Bank Climate Change Knowledge Portal (CMIP6-x0.25),,1995-2014,SSP2-4.5,Mean temperature
WSM,Samoa,26.570436447574394,centre_cell_mask_coslat_area_weighted,tas,ssp245,2040-2059,median,climatology,degC,ensemble of Daily Near-Surface Air Temperature,50.0,"access-cm2,access-esm1-5,bcc-csm2-mr,canesm5,cmcc-esm2,cnrm-cm6-1,cnrm-esm2-1,ec-earth3,ec-earth3-veg-lr,fgoals-g3,gfdl-cm4,gfdl-esm4,giss-e2-1-g,hadgem3-gc31-ll,inm-cm4-8,inm-cm5-0,ipsl-cm6a-lr,kace-1-0-g,miroc6,miroc-es2l,mpi-esm1-2-hr,mpi-esm1-2-lr,mri-esm2-0,nesm3,noresm2-lm,noresm2-mm,ukesm1-0-ll",World Bank Climate Change Knowledge Portal (CMIP6-x0.25),,,SSP2-4.5,Mean temperature
YEM,Republic of Yemen,244.0435243442072,centre_cell_mask_coslat_area_weighted,hd30,ssp245,2040-2059,median,climatology,days,annual climatology of ensemble of hd30: hot days with 30 degC and higher,50.0,"access-cm2,access-esm1-5,bcc-csm2-mr,canesm5,cmcc-esm2,cnrm-cm6-1,cnrm-esm2-1,ec-earth3,ec-earth3-veg-lr,fgoals-g3,gfdl-cm4,gfdl-esm4,giss-e2-1-g,hadgem3-gc31-ll,inm-cm4-8,inm-cm5-0,ipsl-cm6a-lr,kace-1-0-g,kiost-esm,miroc6,miroc-es2l,mpi-esm1-2-hr,mpi-esm1-2-lr,mri-esm2-0,nesm3,noresm2-lm,noresm2-mm,ukesm1-0-ll",World Bank Climate Change Knowledge Portal (CMIP6-x0.25),,,SSP2-4.5,Hot days above 30°C
YEM,Republic of Yemen,1.515568992475969,centre_cell_mask_coslat_area_weighted,tas,ssp245,2040-2059,median,anomaly,degC,ensemble of anomaly of Daily Near-Surface Air Temperature with reference period 1995-2014,50.0,"access-cm2,access-esm1-5,bcc-csm2-mr,canesm5,cmcc-esm2,cnrm-cm6-1,cnrm-esm2-1,ec-earth3,ec-earth3-veg-lr,fgoals-g3,gfdl-cm4,gfdl-esm4,giss-e2-1-g,hadgem3-gc31-ll,inm-cm4-8,inm-cm5-0,ipsl-cm6a-lr,kace-1-0-g,miroc6,miroc-es2l,mpi-esm1-2-hr,mpi-esm1-2-lr,mri-esm2-0,nesm3,noresm2-lm,noresm2-mm,ukesm1-0-ll",World Bank Climate Change Knowledge Portal (CMIP6-x0.25),,1995-2014,SSP2-4.5,Mean temperature
YEM,Republic of Yemen,26.87078561770068,centre_cell_mask_coslat_area_weighted,tas,ssp245,2040-2059,median,climatology,degC,ensemble of Daily Near-Surface Air Temperature,50.0,"access-cm2,access-esm1-5,bcc-csm2-mr,canesm5,cmcc-esm2,cnrm-cm6-1,cnrm-esm2-1,ec-earth3,ec-earth3-veg-lr,fgoals-g3,gfdl-cm4,gfdl-esm4,giss-e2-1-g,hadgem3-gc31-ll,inm-cm4-8,inm-cm5-0,ipsl-cm6a-lr,kace-1-0-g,miroc6,miroc-es2l,mpi-esm1-2-hr,mpi-esm1-2-lr,mri-esm2-0,nesm3,noresm2-lm,noresm2-mm,ukesm1-0-ll",World Bank Climate Change Knowledge Portal (CMIP6-x0.25),,,SSP2-4.5,Mean temperature
ZAF,South Africa,108.30007759954326,centre_cell_mask_coslat_area_weighted,hd30,ssp245,2040-2059,median,climatology,days,annual climatology of ensemble of hd30: hot days with 30 degC and higher,50.0,"access-cm2,access-esm1-5,bcc-csm2-mr,canesm5,cmcc-esm2,cnrm-cm6-1,cnrm-esm2-1,ec-earth3,ec-earth3-veg-lr,fgoals-g3,gfdl-cm4,gfdl-esm4,giss-e2-1-g,hadgem3-gc31-ll,inm-cm4-8,inm-cm5-0,ipsl-cm6a-lr,kace-1-0-g,kiost-esm,miroc6,miroc-es2l,mpi-esm1-2-hr,mpi-esm1-2-lr,mri-esm2-0,nesm3,noresm2-lm,noresm2-mm,ukesm1-0-ll",World Bank Climate Change Knowledge Portal (CMIP6-x0.25),,,SSP2-4.5,Hot days above 30°C
ZAF,South Africa,1.47196858145468,centre_cell_mask_coslat_area_weighted,tas,ssp245,2040-2059,median,anomaly,degC,ensemble of anomaly of Daily Near-Surface Air Temperature with reference period 1995-2014,50.0,"access-cm2,access-esm1-5,bcc-csm2-mr,canesm5,cmcc-esm2,cnrm-cm6-1,cnrm-esm2-1,ec-earth3,ec-earth3-veg-lr,fgoals-g3,gfdl-cm4,gfdl-esm4,giss-e2-1-g,hadgem3-gc31-ll,inm-cm4-8,inm-cm5-0,ipsl-cm6a-lr,kace-1-0-g,miroc6,miroc-es2l,mpi-esm1-2-hr,mpi-esm1-2-lr,mri-esm2-0,nesm3,noresm2-lm,noresm2-mm,ukesm1-0-ll",World Bank Climate Change Knowledge Portal (CMIP6-x0.25),,1995-2014,SSP2-4.5,Mean temperature
ZAF,South Africa,19.879363619202653,centre_cell_mask_coslat_area_weighted,tas,ssp245,2040-2059,median,climatology,degC,ensemble of Daily Near-Surface Air Temperature,50.0,"access-cm2,access-esm1-5,bcc-csm2-mr,canesm5,cmcc-esm2,cnrm-cm6-1,cnrm-esm2-1,ec-earth3,ec-earth3-veg-lr,fgoals-g3,gfdl-cm4,gfdl-esm4,giss-e2-1-g,hadgem3-gc31-ll,inm-cm4-8,inm-cm5-0,ipsl-cm6a-lr,kace-1-0-g,miroc6,miroc-es2l,mpi-esm1-2-hr,mpi-esm1-2-lr,mri-esm2-0,nesm3,noresm2-lm,noresm2-mm,ukesm1-0-ll",World Bank Climate Change Knowledge Portal (CMIP6-x0.25),,,SSP2-4.5,Mean temperature
ZMB,Zambia,137.48032074889787,centre_cell_mask_coslat_area_weighted,hd30,ssp245,2040-2059,median,climatology,days,annual climatology of ensemble of hd30: hot days with 30 degC and higher,50.0,"access-cm2,access-esm1-5,bcc-csm2-mr,canesm5,cmcc-esm2,cnrm-cm6-1,cnrm-esm2-1,ec-earth3,ec-earth3-veg-lr,fgoals-g3,gfdl-cm4,gfdl-esm4,giss-e2-1-g,hadgem3-gc31-ll,inm-cm4-8,inm-cm5-0,ipsl-cm6a-lr,kace-1-0-g,kiost-esm,miroc6,miroc-es2l,mpi-esm1-2-hr,mpi-esm1-2-lr,mri-esm2-0,nesm3,noresm2-lm,noresm2-mm,ukesm1-0-ll",World Bank Climate Change Knowledge Portal (CMIP6-x0.25),,,SSP2-4.5,Hot days above 30°C
ZMB,Zambia,1.4898961650306322,centre_cell_mask_coslat_area_weighted,tas,ssp245,2040-2059,median,anomaly,degC,ensemble of anomaly of Daily Near-Surface Air Temperature with reference period 1995-2014,50.0,"access-cm2,access-esm1-5,bcc-csm2-mr,canesm5,cmcc-esm2,cnrm-cm6-1,cnrm-esm2-1,ec-earth3,ec-earth3-veg-lr,fgoals-g3,gfdl-cm4,gfdl-esm4,giss-e2-1-g,hadgem3-gc31-ll,inm-cm4-8,inm-cm5-0,ipsl-cm6a-lr,kace-1-0-g,miroc6,miroc-es2l,mpi-esm1-2-hr,mpi-esm1-2-lr,mri-esm2-0,nesm3,noresm2-lm,noresm2-mm,ukesm1-0-ll",World Bank Climate Change Knowledge Portal (CMIP6-x0.25),,1995-2014,SSP2-4.5,Mean temperature
ZMB,Zambia,23.893249908234587,centre_cell_mask_coslat_area_weighted,tas,ssp245,2040-2059,median,climatology,degC,ensemble of Daily Near-Surface Air Temperature,50.0,"access-cm2,access-esm1-5,bcc-csm2-mr,canesm5,cmcc-esm2,cnrm-cm6-1,cnrm-esm2-1,ec-earth3,ec-earth3-veg-lr,fgoals-g3,gfdl-cm4,gfdl-esm4,giss-e2-1-g,hadgem3-gc31-ll,inm-cm4-8,inm-cm5-0,ipsl-cm6a-lr,kace-1-0-g,miroc6,miroc-es2l,mpi-esm1-2-hr,mpi-esm1-2-lr,mri-esm2-0,nesm3,noresm2-lm,noresm2-mm,ukesm1-0-ll",World Bank Climate Change Knowledge Portal (CMIP6-x0.25),,,SSP2-4.5,Mean temperature
ZWE,Zimbabwe,153.00876361555405,centre_cell_mask_coslat_area_weighted,hd30,ssp245,2040-2059,median,climatology,days,annual climatology of ensemble of hd30: hot days with 30 degC and higher,50.0,"access-cm2,access-esm1-5,bcc-csm2-mr,canesm5,cmcc-esm2,cnrm-cm6-1,cnrm-esm2-1,ec-earth3,ec-earth3-veg-lr,fgoals-g3,gfdl-cm4,gfdl-esm4,giss-e2-1-g,hadgem3-gc31-ll,inm-cm4-8,inm-cm5-0,ipsl-cm6a-lr,kace-1-0-g,kiost-esm,miroc6,miroc-es2l,mpi-esm1-2-hr,mpi-esm1-2-lr,mri-esm2-0,nesm3,noresm2-lm,noresm2-mm,ukesm1-0-ll",World Bank Climate Change Knowledge Portal (CMIP6-x0.25),,,SSP2-4.5,Hot days above 30°C
ZWE,Zimbabwe,1.4921875520302363,centre_cell_mask_coslat_area_weighted,tas,ssp245,2040-2059,median,anomaly,degC,ensemble of anomaly of Daily Near-Surface Air Temperature with reference period 1995-2014,50.0,"access-cm2,access-esm1-5,bcc-csm2-mr,canesm5,cmcc-esm2,cnrm-cm6-1,cnrm-esm2-1,ec-earth3,ec-earth3-veg-lr,fgoals-g3,gfdl-cm4,gfdl-esm4,giss-e2-1-g,hadgem3-gc31-ll,inm-cm4-8,inm-cm5-0,ipsl-cm6a-lr,kace-1-0-g,miroc6,miroc-es2l,mpi-esm1-2-hr,mpi-esm1-2-lr,mri-esm2-0,nesm3,noresm2-lm,noresm2-mm,ukesm1-0-ll",World Bank Climate Change Knowledge Portal (CMIP6-x0.25),,1995-2014,SSP2-4.5,Mean temperature
ZWE,Zimbabwe,23.235387134314298,centre_cell_mask_coslat_area_weighted,tas,ssp245,2040-2059,median,climatology,degC,ensemble of Daily Near-Surface Air Temperature,50.0,"access-cm2,access-esm1-5,bcc-csm2-mr,canesm5,cmcc-esm2,cnrm-cm6-1,cnrm-esm2-1,ec-earth3,ec-earth3-veg-lr,fgoals-g3,gfdl-cm4,gfdl-esm4,giss-e2-1-g,hadgem3-gc31-ll,inm-cm4-8,inm-cm5-0,ipsl-cm6a-lr,kace-1-0-g,miroc6,miroc-es2l,mpi-esm1-2-hr,mpi-esm1-2-lr,mri-esm2-0,nesm3,noresm2-lm,noresm2-mm,ukesm1-0-ll",World Bank Climate Change Knowledge Portal (CMIP6-x0.25),,,SSP2-4.5,Mean temperature
